~o
<STREAMINFO> 1 39
<VECSIZE> 39<NULLD><MFCC_D_A_0><DIAGC>
~h "A"
<BEGINHMM>
<NUMSTATES> 5
<STATE> 2
<MEAN> 39
 -5.572371e-01 -3.977252e+00 -4.284982e+00 -3.704330e+00 -1.029670e+01 -1.566782e+00 -1.042916e+01 -9.727918e+00 -6.306024e-01 -4.268444e+00 -2.232760e-01 -4.791498e+00 7.985802e+01 4.200653e-01 -2.115372e-01 3.414513e-01 4.033440e-01 -6.950425e-01 -6.221398e-01 -4.880080e-01 1.487415e-01 1.535140e-01 -3.678490e-01 -3.440892e-01 -2.500153e-01 5.095912e-01 -3.291397e-01 3.110359e-01 2.754348e-01 2.926554e-01 3.018689e-01 -1.306015e-02 2.972030e-01 2.087443e-01 -1.926659e-01 -2.000470e-01 -7.997425e-02 2.340325e-01 -5.539128e-01
<VARIANCE> 39
 1.972323e+01 2.926798e+01 3.251844e+01 6.760120e+01 6.230213e+01 7.515543e+01 9.324068e+01 6.588304e+01 5.071196e+01 4.255986e+01 6.516039e+01 1.139635e+02 2.864701e+01 2.753977e+00 2.534363e+00 2.576011e+00 3.733810e+00 5.537197e+00 4.413869e+00 4.200034e+00 4.194127e+00 4.020613e+00 3.441765e+00 3.422827e+00 3.587849e+00 4.013255e+00 4.513797e-01 3.886080e-01 4.458728e-01 4.878592e-01 7.291813e-01 6.214035e-01 7.029092e-01 7.400090e-01 6.478472e-01 6.089519e-01 6.568072e-01 6.310132e-01 4.423563e-01
<GCONST> 1.323093e+02
<STATE> 3
<MEAN> 39
 -3.809705e-01 -3.416686e+00 -3.158738e+00 -2.032016e+00 -1.082496e+01 -2.737872e+00 -1.067599e+01 -9.276377e+00 -8.691113e-01 -5.216969e+00 -7.762170e-01 -3.979066e+00 7.963250e+01 -9.992403e-02 4.351743e-01 8.180031e-01 8.717334e-01 -1.811737e-01 -6.245157e-01 7.951582e-03 3.158579e-01 -2.538623e-01 -7.268382e-01 -3.387212e-01 2.469696e-01 -4.262840e-01 -3.354402e-01 3.070237e-01 2.191018e-01 1.521698e-01 3.513981e-01 1.025931e-01 3.236545e-01 8.869460e-02 -2.045222e-01 -1.305865e-01 2.077569e-03 1.902553e-01 -5.009980e-01
<VARIANCE> 39
 1.562220e+01 2.672355e+01 3.642896e+01 7.340898e+01 7.503391e+01 8.598045e+01 9.913673e+01 6.780135e+01 5.443848e+01 4.698493e+01 6.404677e+01 1.018907e+02 2.997743e+01 1.919590e+00 2.258391e+00 2.283179e+00 3.192760e+00 5.825393e+00 3.956668e+00 3.576934e+00 3.824063e+00 3.710061e+00 3.242762e+00 3.253824e+00 3.004388e+00 3.534493e+00 3.904144e-01 3.648186e-01 4.392173e-01 4.897345e-01 7.135245e-01 6.129256e-01 7.105123e-01 7.248775e-01 6.708414e-01 6.119261e-01 6.121476e-01 5.649258e-01 3.866542e-01
<GCONST> 1.305769e+02
<STATE> 4
<MEAN> 39
 -9.728265e-01 -1.985152e+00 -1.348194e+00 6.804943e-03 -1.026949e+01 -3.466559e+00 -1.012485e+01 -8.768157e+00 -1.709063e+00 -6.550388e+00 -1.097790e+00 -2.813474e+00 7.791496e+01 -6.503548e-01 8.425239e-01 1.098064e+00 9.603027e-01 3.324838e-01 -4.273302e-01 4.726518e-01 3.646779e-01 -4.762316e-01 -7.965794e-01 -2.714013e-01 4.677964e-01 -1.127233e+00 -3.387497e-01 1.330591e-01 4.255964e-02 -5.866712e-02 2.861504e-01 1.729086e-01 2.507087e-01 3.171058e-02 -6.499353e-02 4.348683e-02 4.579134e-02 6.606412e-02 -3.002886e-01
<VARIANCE> 39
 1.941486e+01 2.794248e+01 4.179554e+01 7.972053e+01 1.023603e+02 9.617142e+01 9.727412e+01 6.538816e+01 6.000513e+01 4.917977e+01 6.180250e+01 8.694005e+01 5.052564e+01 2.716753e+00 2.148635e+00 2.456699e+00 3.066284e+00 6.138087e+00 3.576359e+00 3.644744e+00 3.799952e+00 3.587382e+00 3.479086e+00 3.367128e+00 2.890067e+00 3.935667e+00 4.464081e-01 3.990732e-01 4.862982e-01 5.477121e-01 8.465950e-01 6.554556e-01 6.780542e-01 7.215979e-01 7.169891e-01 6.000754e-01 5.850258e-01 5.321471e-01 4.530078e-01
<GCONST> 1.330551e+02
<TRANSP> 5
 0.000000e+00 1.000000e+00 0.000000e+00 0.000000e+00 0.000000e+00
 0.000000e+00 4.100948e-01 5.899052e-01 0.000000e+00 0.000000e+00
 0.000000e+00 0.000000e+00 3.524529e-01 6.475471e-01 0.000000e+00
 0.000000e+00 0.000000e+00 0.000000e+00 3.145379e-01 6.854621e-01
 0.000000e+00 0.000000e+00 0.000000e+00 0.000000e+00 0.000000e+00
<ENDHMM>
~h "E"
<BEGINHMM>
<NUMSTATES> 5
<STATE> 2
<MEAN> 39
 -2.180708e+00 -5.196876e+00 -2.215529e+00 1.424319e+00 -1.373574e+01 -8.097725e+00 -1.226387e+01 -6.424091e+00 6.813412e-01 -4.895897e+00 -2.994134e+00 -5.666470e+00 8.157160e+01 3.629223e-01 -3.164364e-01 -5.177860e-01 -4.288709e-01 -2.020621e-01 3.478325e-01 1.792187e-01 1.071922e-01 6.825831e-02 6.327140e-02 -4.721046e-02 -2.162926e-01 3.065581e-01 -2.726780e-01 3.009658e-01 2.271981e-01 6.142117e-02 4.337259e-01 2.419761e-01 2.360172e-01 -3.739284e-02 -2.652467e-01 -1.394531e-01 4.407971e-02 1.563841e-01 -4.278009e-01
<VARIANCE> 39
 1.199186e+01 2.118620e+01 4.248590e+01 4.316658e+01 8.888220e+01 6.127566e+01 7.116684e+01 6.991497e+01 6.040084e+01 5.132733e+01 6.413797e+01 8.248380e+01 1.560297e+01 1.359446e+00 1.591686e+00 1.892818e+00 1.967725e+00 3.702074e+00 2.865918e+00 2.774012e+00 2.962764e+00 2.672560e+00 2.573107e+00 2.439661e+00 2.299731e+00 2.018409e+00 3.820900e-01 2.366447e-01 2.965970e-01 3.041543e-01 5.298485e-01 5.110555e-01 5.989779e-01 5.851808e-01 4.930788e-01 4.636350e-01 4.474186e-01 4.022922e-01 2.389542e-01
<GCONST> 1.203287e+02
<STATE> 3
<MEAN> 39
 -1.798788e+00 -4.436322e+00 -1.929199e+00 1.587997e+00 -1.241294e+01 -7.214728e+00 -1.115096e+01 -7.106154e+00 -7.919216e-02 -5.036890e+00 -2.557338e+00 -4.625498e+00 8.085760e+01 5.615630e-02 4.754787e-01 6.102936e-02 -1.179676e-01 5.430765e-01 5.975633e-01 3.793054e-01 -2.040831e-01 -4.942828e-01 -3.117729e-01 1.343526e-01 1.510996e-01 -5.635642e-01 -2.298889e-01 3.261184e-01 2.819553e-01 1.518800e-01 3.658262e-01 1.139294e-01 1.382248e-01 -2.756275e-02 -2.046987e-01 -1.765387e-01 2.145435e-02 1.375240e-01 -4.144264e-01
<VARIANCE> 39
 1.300340e+01 2.051402e+01 4.342462e+01 4.538207e+01 9.765961e+01 7.270122e+01 7.720794e+01 6.949574e+01 6.259873e+01 5.479148e+01 6.481738e+01 8.412297e+01 2.210504e+01 1.001689e+00 1.473679e+00 1.858340e+00 2.331833e+00 3.376960e+00 2.713384e+00 2.420795e+00 2.720056e+00 2.526654e+00 2.544034e+00 2.233828e+00 2.266995e+00 1.792894e+00 3.000846e-01 2.275674e-01 2.963149e-01 3.144750e-01 5.165292e-01 4.715604e-01 5.443068e-01 5.572014e-01 4.866945e-01 4.968866e-01 4.559848e-01 4.079378e-01 2.341621e-01
<GCONST> 1.199518e+02
<STATE> 4
<MEAN> 39
 -1.934233e+00 -2.618129e+00 -8.209692e-01 2.294765e+00 -1.000731e+01 -5.759295e+00 -1.003508e+01 -7.873206e+00 -1.510251e+00 -5.914753e+00 -1.987516e+00 -3.388061e+00 7.850575e+01 -4.184495e-01 9.950458e-01 5.041165e-01 1.347511e-01 1.037280e+00 6.883279e-01 5.888530e-01 -1.699027e-01 -6.728361e-01 -5.717508e-01 1.949794e-01 4.228233e-01 -1.306329e+00 -2.967619e-01 1.573959e-01 1.660205e-01 8.711462e-02 1.915205e-01 3.023979e-03 1.231177e-01 1.182905e-01 -1.809339e-02 -5.950258e-02 -1.760806e-02 8.476727e-02 -3.128573e-01
<VARIANCE> 39
 1.770374e+01 2.379550e+01 4.744932e+01 5.387409e+01 1.223347e+02 8.581511e+01 7.968766e+01 6.409170e+01 6.411798e+01 5.529617e+01 6.513676e+01 8.349886e+01 4.852040e+01 2.545254e+00 1.724325e+00 2.150807e+00 2.826972e+00 4.294123e+00 3.024275e+00 3.204399e+00 3.341895e+00 3.016687e+00 3.228163e+00 2.652260e+00 2.640863e+00 2.698555e+00 4.134211e-01 3.039352e-01 4.277565e-01 4.705845e-01 6.952233e-01 5.406394e-01 5.701401e-01 5.792552e-01 5.981296e-01 5.996513e-01 5.040438e-01 4.728155e-01 3.587194e-01
<GCONST> 1.282070e+02
<TRANSP> 5
 0.000000e+00 1.000000e+00 0.000000e+00 0.000000e+00 0.000000e+00
 0.000000e+00 5.575207e-01 4.424793e-01 0.000000e+00 0.000000e+00
 0.000000e+00 0.000000e+00 4.599142e-01 5.400859e-01 0.000000e+00
 0.000000e+00 0.000000e+00 0.000000e+00 4.002113e-01 5.997886e-01
 0.000000e+00 0.000000e+00 0.000000e+00 0.000000e+00 0.000000e+00
<ENDHMM>
~h "I"
<BEGINHMM>
<NUMSTATES> 5
<STATE> 2
<MEAN> 39
 -4.630926e+00 3.495860e-01 5.804192e+00 7.827751e+00 -9.937885e+00 -1.048551e+01 -1.165187e+01 -1.083442e+01 -3.004887e+00 -1.138955e+01 -3.397656e+00 -2.288913e+00 7.767776e+01 6.980463e-01 1.048551e-01 -1.321618e-01 5.133146e-02 -1.438545e-01 -1.809023e-01 -3.137292e-01 -4.252466e-01 -9.411000e-02 -4.655598e-01 2.388516e-02 -6.386931e-02 2.164910e-01 -3.979258e-01 7.991182e-02 -1.370765e-01 -2.952616e-01 4.651283e-01 5.183958e-01 3.828168e-01 3.343320e-01 -2.727033e-02 2.981054e-01 1.377179e-01 7.736063e-02 -4.392065e-01
<VARIANCE> 39
 2.442098e+01 2.150004e+01 4.184800e+01 4.029744e+01 1.014828e+02 5.931620e+01 6.830241e+01 4.729392e+01 7.419828e+01 4.851259e+01 4.887138e+01 4.310161e+01 2.565205e+01 4.406653e+00 2.631994e+00 3.292060e+00 3.247537e+00 8.264934e+00 5.480292e+00 5.140966e+00 5.015961e+00 4.704142e+00 4.771923e+00 3.448351e+00 2.639223e+00 4.025125e+00 6.691779e-01 4.944245e-01 5.976418e-01 5.530660e-01 1.195396e+00 9.121431e-01 9.104195e-01 8.172989e-01 9.440184e-01 8.622074e-01 6.034210e-01 4.666745e-01 6.137042e-01
<GCONST> 1.354519e+02
<STATE> 3
<MEAN> 39
 -4.071459e+00 5.306001e-01 5.190584e+00 7.301422e+00 -9.287004e+00 -9.965586e+00 -1.168168e+01 -1.097782e+01 -3.196880e+00 -1.146836e+01 -3.226885e+00 -2.400683e+00 7.752278e+01 3.371630e-03 3.803555e-01 -2.391511e-01 -4.301980e-01 8.400847e-01 7.455598e-01 3.328075e-01 1.867052e-01 -2.355566e-01 8.781022e-02 1.794173e-01 2.866173e-02 -5.533594e-01 -4.430553e-01 8.340959e-02 -4.207834e-02 -2.215297e-01 3.980269e-01 4.304955e-01 3.932349e-01 3.401130e-01 -3.858071e-02 2.510729e-01 7.877065e-02 7.871255e-02 -3.748595e-01
<VARIANCE> 39
 2.426939e+01 2.272795e+01 4.220127e+01 4.176223e+01 1.047958e+02 6.432640e+01 6.971981e+01 4.792287e+01 7.663631e+01 5.037012e+01 5.433765e+01 4.943641e+01 2.529243e+01 4.389779e+00 2.567330e+00 2.880737e+00 2.761610e+00 8.044144e+00 5.054162e+00 4.807813e+00 4.570322e+00 4.736063e+00 4.450536e+00 3.345728e+00 2.581146e+00 4.001217e+00 6.217743e-01 4.705092e-01 5.604815e-01 5.359318e-01 1.234047e+00 8.912143e-01 8.929256e-01 8.231720e-01 9.887124e-01 8.632275e-01 6.480384e-01 4.773787e-01 6.001858e-01
<GCONST> 1.351744e+02
<STATE> 4
<MEAN> 39
 -4.508874e+00 1.457083e+00 4.841046e+00 6.359212e+00 -6.879979e+00 -8.024087e+00 -1.071420e+01 -1.029641e+01 -3.775846e+00 -1.085040e+01 -2.962362e+00 -2.361342e+00 7.602791e+01 -6.817405e-01 4.892787e-01 -2.461986e-01 -6.657476e-01 1.317266e+00 1.283777e+00 9.347895e-01 6.522998e-01 -2.717005e-01 3.967917e-01 2.557299e-01 1.797041e-01 -1.073545e+00 -3.637822e-01 -7.897870e-02 -7.696603e-02 -1.224771e-01 2.954318e-02 1.363451e-01 2.596174e-01 2.173666e-01 5.747560e-02 1.448972e-01 4.516892e-02 8.984881e-02 -1.412595e-01
<VARIANCE> 39
 4.289367e+01 2.846030e+01 4.629654e+01 4.398933e+01 1.081987e+02 6.941860e+01 6.839114e+01 5.055458e+01 7.469377e+01 5.302460e+01 5.619899e+01 5.508877e+01 3.916399e+01 6.268207e+00 2.711425e+00 3.080530e+00 3.105931e+00 7.220173e+00 4.762260e+00 4.942303e+00 4.684295e+00 5.151130e+00 4.952513e+00 3.529483e+00 2.781550e+00 4.636626e+00 5.695700e-01 5.200770e-01 6.469455e-01 5.313606e-01 1.263394e+00 8.590531e-01 8.205131e-01 7.971262e-01 9.988336e-01 8.395847e-01 6.887965e-01 4.940372e-01 6.838025e-01
<GCONST> 1.380327e+02
<TRANSP> 5
 0.000000e+00 1.000000e+00 0.000000e+00 0.000000e+00 0.000000e+00
 0.000000e+00 3.665383e-01 6.334618e-01 0.000000e+00 0.000000e+00
 0.000000e+00 0.000000e+00 3.433361e-01 6.566640e-01 0.000000e+00
 0.000000e+00 0.000000e+00 0.000000e+00 3.173090e-01 6.826910e-01
 0.000000e+00 0.000000e+00 0.000000e+00 0.000000e+00 0.000000e+00
<ENDHMM>
~h "J"
<BEGINHMM>
<NUMSTATES> 5
<STATE> 2
<MEAN> 39
 -5.203547e+00 -9.462574e-01 5.948522e+00 9.219357e+00 -1.898187e+01 -1.381430e+01 -1.173446e+01 -8.704242e+00 -3.351650e+00 -1.332285e+01 7.846594e-03 -7.522764e-01 7.961849e+01 -1.699265e-01 5.178668e-01 4.159458e-01 4.834985e-01 3.740072e-01 1.349849e-01 4.761153e-01 -5.132878e-02 -4.954849e-01 -6.611613e-01 -1.416734e-01 -2.445032e-02 -5.640659e-01 1.648109e-02 9.802321e-02 -1.482026e-01 -1.600438e-01 5.669869e-01 3.559894e-01 1.593213e-02 7.111542e-02 9.245155e-03 2.648310e-01 -5.168575e-02 -1.136167e-01 -3.077141e-01
<VARIANCE> 39
 8.855898e+00 1.731474e+01 3.431123e+01 3.760030e+01 1.221281e+02 4.442164e+01 6.241565e+01 5.266055e+01 1.000815e+02 3.945996e+01 4.264716e+01 4.540033e+01 1.326303e+01 6.114453e-01 6.993373e-01 1.275529e+00 1.113709e+00 3.487004e+00 1.993279e+00 2.181031e+00 2.362885e+00 2.241735e+00 2.120473e+00 1.680011e+00 1.410686e+00 9.645599e-01 1.626291e-01 1.443100e-01 1.958744e-01 2.276695e-01 4.145160e-01 3.631603e-01 4.218124e-01 4.518041e-01 4.700010e-01 3.838254e-01 3.079250e-01 2.539073e-01 1.980220e-01
<GCONST> 1.081751e+02
<STATE> 3
<MEAN> 39
 -4.855837e+00 8.838471e-01 6.643204e+00 1.030631e+01 -1.289251e+01 -1.174757e+01 -1.005188e+01 -8.991949e+00 -3.983694e+00 -1.376273e+01 -1.532386e+00 -5.694946e-01 7.691608e+01 -1.824466e-01 7.889000e-01 -3.229648e-03 -9.357716e-02 2.347770e+00 1.312065e+00 5.360516e-01 5.403494e-01 -2.572050e-01 4.071775e-01 -3.918364e-01 -3.156464e-01 -1.777287e+00 -2.722458e-01 -8.576343e-03 -1.362906e-01 -3.049824e-01 4.297852e-01 4.025480e-01 2.028817e-01 2.181370e-01 1.075314e-01 4.581160e-01 2.907026e-02 -1.258992e-02 -3.949634e-01
<VARIANCE> 39
 1.386949e+01 2.023316e+01 3.960809e+01 3.727684e+01 1.141860e+02 5.760894e+01 7.343508e+01 4.986315e+01 9.537170e+01 4.107881e+01 4.664395e+01 4.988616e+01 3.230185e+01 2.346473e+00 1.386502e+00 2.110329e+00 2.148375e+00 5.184350e+00 3.434512e+00 3.567280e+00 3.442169e+00 3.738111e+00 3.668623e+00 2.666552e+00 1.900773e+00 3.465762e+00 4.410045e-01 2.886519e-01 4.008014e-01 3.622004e-01 7.131535e-01 5.072958e-01 6.550510e-01 5.212813e-01 6.736256e-01 5.369122e-01 4.330496e-01 3.352149e-01 5.341261e-01
<GCONST> 1.250162e+02
<STATE> 4
<MEAN> 39
 -5.388490e+00 2.594955e+00 6.501383e+00 9.505257e+00 -6.255178e+00 -7.735850e+00 -8.339893e+00 -7.350934e+00 -4.139973e+00 -1.168317e+01 -2.515419e+00 -1.188873e+00 7.186749e+01 -1.162170e+00 5.435122e-01 -3.078253e-01 -8.194462e-01 2.671161e+00 1.936936e+00 1.108239e+00 9.858243e-01 4.817592e-02 1.322855e+00 -1.690438e-01 -2.042549e-01 -2.454330e+00 -4.575606e-01 -3.051281e-01 -2.987731e-01 -3.722446e-01 -3.437232e-01 2.030639e-02 1.345710e-01 8.380538e-02 1.807220e-01 2.773978e-01 1.943624e-01 1.214891e-01 1.676403e-01
<VARIANCE> 39
 3.367352e+01 2.427777e+01 4.478431e+01 3.868904e+01 1.062731e+02 7.460532e+01 7.270712e+01 5.130276e+01 7.232594e+01 4.544174e+01 4.471790e+01 5.149348e+01 7.216341e+01 5.401655e+00 2.620833e+00 3.578581e+00 3.608224e+00 5.962775e+00 4.050414e+00 4.692423e+00 4.193154e+00 5.248054e+00 4.510449e+00 3.511040e+00 2.456685e+00 6.119046e+00 5.432889e-01 4.530694e-01 6.508909e-01 5.384431e-01 1.031969e+00 7.519007e-01 7.711809e-01 6.515485e-01 7.748774e-01 6.878266e-01 5.726739e-01 4.330381e-01 1.108876e+00
<GCONST> 1.363517e+02
<TRANSP> 5
 0.000000e+00 1.000000e+00 0.000000e+00 0.000000e+00 0.000000e+00
 0.000000e+00 7.496297e-01 2.503703e-01 0.000000e+00 0.000000e+00
 0.000000e+00 0.000000e+00 5.123519e-01 4.876481e-01 0.000000e+00
 0.000000e+00 0.000000e+00 0.000000e+00 4.052873e-01 5.947128e-01
 0.000000e+00 0.000000e+00 0.000000e+00 0.000000e+00 0.000000e+00
<ENDHMM>
~h "L"
<BEGINHMM>
<NUMSTATES> 5
<STATE> 2
<MEAN> 39
 1.836877e-01 1.133440e+00 -2.929948e+00 -1.506783e+01 -1.345643e+01 3.631787e+00 -6.654049e+00 -1.458204e+01 -4.652215e+00 -7.353676e+00 1.447145e+00 -4.093463e+00 7.915587e+01 1.498814e-01 6.746468e-01 3.100156e-01 -1.018368e+00 -2.386717e-01 4.175888e-01 7.013362e-01 -1.852271e-01 -5.243348e-01 -4.709376e-01 -2.507881e-01 3.307114e-01 -3.613282e-01 -8.515508e-02 1.038663e-01 1.284930e-01 3.824355e-01 2.022040e-01 -2.139136e-01 -9.132957e-02 1.530184e-01 3.505145e-02 -5.899094e-02 -1.511438e-01 -4.259935e-04 -2.016439e-01
<VARIANCE> 39
 1.093532e+01 3.524857e+01 4.297283e+01 6.045940e+01 3.756588e+01 7.043504e+01 9.330191e+01 4.692588e+01 5.847474e+01 4.236053e+01 6.276375e+01 1.413285e+02 1.723036e+01 3.527901e-01 1.015310e+00 1.137179e+00 2.611900e+00 1.916110e+00 2.440054e+00 2.196620e+00 2.214747e+00 2.411812e+00 1.859572e+00 2.376223e+00 1.981364e+00 7.354912e-01 9.343812e-02 1.605587e-01 1.851688e-01 2.958272e-01 3.558024e-01 3.678082e-01 3.354836e-01 3.547928e-01 3.956946e-01 3.202879e-01 4.102924e-01 3.722591e-01 1.147962e-01
<GCONST> 1.100651e+02
<STATE> 3
<MEAN> 39
 7.836237e-01 3.966891e+00 -6.897998e-01 -1.470887e+01 -1.282953e+01 3.202997e+00 -4.219594e+00 -1.414431e+01 -6.608131e+00 -8.824770e+00 -4.198938e-01 -1.234283e+00 7.693317e+01 -2.102874e-01 7.977496e-01 5.324743e-01 6.285083e-01 6.369895e-01 -2.089119e-01 2.994799e-01 3.669939e-01 -3.875501e-01 -4.510542e-01 -5.803381e-01 8.974531e-02 -8.951453e-01 -2.172656e-01 -2.373142e-02 -8.793596e-03 5.677966e-01 3.923564e-01 -7.190891e-02 -9.895052e-02 2.216209e-01 1.219214e-01 1.025199e-01 -1.892358e-02 -1.122260e-01 -2.058201e-01
<VARIANCE> 39
 1.094045e+01 2.862433e+01 4.747577e+01 5.255649e+01 4.183136e+01 8.068365e+01 9.539482e+01 5.180191e+01 6.222221e+01 4.161621e+01 6.111046e+01 1.028255e+02 2.005173e+01 9.818458e-01 1.331953e+00 1.450351e+00 4.195769e+00 3.143698e+00 2.360489e+00 2.351741e+00 2.653866e+00 2.604045e+00 2.315653e+00 2.482108e+00 2.193273e+00 1.079540e+00 2.196249e-01 2.160439e-01 2.456345e-01 4.724129e-01 4.521419e-01 4.622115e-01 4.004409e-01 4.550202e-01 4.671994e-01 3.791057e-01 4.248277e-01 3.400486e-01 2.199789e-01
<GCONST> 1.173064e+02
<STATE> 4
<MEAN> 39
 -4.985852e-01 6.335896e+00 9.171880e-01 -1.003023e+01 -9.081560e+00 2.146033e+00 -3.217522e+00 -1.208631e+01 -7.539148e+00 -9.691000e+00 -2.357595e+00 -6.640502e-01 7.360686e+01 -1.087041e+00 7.036252e-01 4.245355e-01 2.281474e+00 1.941001e+00 -1.344625e-01 2.138814e-01 1.169704e+00 8.898689e-02 -2.103158e-02 -5.575808e-01 -2.539447e-01 -1.722107e+00 -3.567625e-01 -2.143867e-01 -1.128392e-01 2.138259e-01 2.136434e-01 6.187693e-02 -1.047888e-02 1.950869e-01 3.042331e-01 2.482555e-01 1.281928e-01 -3.769998e-02 -1.796716e-01
<VARIANCE> 39
 2.502251e+01 2.938339e+01 4.449046e+01 5.898254e+01 5.910051e+01 8.065571e+01 8.522863e+01 5.761021e+01 6.574513e+01 4.039453e+01 5.726641e+01 7.296045e+01 3.560112e+01 3.900341e+00 2.437886e+00 2.607841e+00 5.275110e+00 4.814533e+00 3.858691e+00 3.383926e+00 3.616257e+00 4.081248e+00 3.250710e+00 3.313457e+00 2.683794e+00 3.867901e+00 4.926791e-01 4.000839e-01 3.628634e-01 9.255186e-01 7.494574e-01 5.945866e-01 4.892724e-01 6.268839e-01 7.866718e-01 5.033965e-01 5.160024e-01 4.139858e-01 5.571246e-01
<GCONST> 1.315762e+02
<TRANSP> 5
 0.000000e+00 1.000000e+00 0.000000e+00 0.000000e+00 0.000000e+00
 0.000000e+00 7.990850e-01 2.009149e-01 0.000000e+00 0.000000e+00
 0.000000e+00 0.000000e+00 6.985075e-01 3.014925e-01 0.000000e+00
 0.000000e+00 0.000000e+00 0.000000e+00 6.101435e-01 3.898564e-01
 0.000000e+00 0.000000e+00 0.000000e+00 0.000000e+00 0.000000e+00
<ENDHMM>
~h "M"
<BEGINHMM>
<NUMSTATES> 5
<STATE> 2
<MEAN> 39
 3.871871e+00 -1.401002e+00 3.505233e+00 2.400592e+00 -4.742520e+00 -1.103705e+00 -4.726839e+00 -1.089135e+01 -8.264576e+00 -1.656049e+01 -5.056476e+00 2.309029e+00 7.387257e+01 9.211983e-02 8.433530e-01 1.492446e+00 7.011482e-01 1.275374e+00 -1.731996e-01 4.460366e-01 6.521527e-01 -1.560273e+00 -1.467819e+00 -1.261269e-01 4.190122e-01 -1.340647e+00 -3.477692e-01 1.558406e-01 -1.237368e-01 5.031022e-03 -1.062409e-01 -1.482434e-01 -5.878240e-02 9.851773e-02 3.392870e-01 5.024742e-01 7.505699e-02 -1.801759e-01 2.293318e-02
<VARIANCE> 39
 9.503780e+00 1.711729e+01 5.497661e+01 4.147618e+01 6.020544e+01 7.098727e+01 8.206378e+01 7.354814e+01 9.027293e+01 6.869674e+01 8.156975e+01 9.765184e+01 1.615565e+01 1.157596e+00 1.190034e+00 2.864191e+00 2.448654e+00 3.003409e+00 2.958562e+00 2.180778e+00 2.586763e+00 4.054283e+00 6.764356e+00 2.881559e+00 3.442027e+00 8.674181e-01 1.697133e-01 1.922647e-01 6.501242e-01 3.922643e-01 5.864809e-01 6.340731e-01 4.108872e-01 4.299767e-01 6.763555e-01 1.038903e+00 4.963285e-01 6.168855e-01 1.977978e-01
<GCONST> 1.230421e+02
<STATE> 3
<MEAN> 39
 3.028091e+00 1.734937e+00 6.113903e+00 3.956265e+00 -2.465761e+00 -2.543466e+00 -4.074604e+00 -9.412199e+00 -1.131430e+01 -1.741207e+01 -5.256095e+00 2.081580e+00 7.058386e+01 -8.458724e-01 1.232109e+00 5.982642e-01 3.411629e-01 7.320083e-01 -1.477867e-01 3.498186e-01 8.699211e-01 -1.775979e-01 5.752985e-01 -1.115557e-02 -2.211281e-01 -1.335042e+00 -3.851677e-01 -5.249954e-02 -4.044309e-01 -2.183936e-01 -1.585882e-01 1.903081e-01 -4.927577e-02 6.668247e-02 5.582024e-01 7.109151e-01 6.452303e-02 -1.952436e-01 1.664311e-02
<VARIANCE> 39
 1.756384e+01 2.072558e+01 4.360574e+01 3.116031e+01 5.617288e+01 6.037298e+01 8.082059e+01 7.909462e+01 7.567074e+01 6.011481e+01 8.631434e+01 1.155994e+02 1.660431e+01 2.628438e+00 1.625983e+00 2.964644e+00 2.221869e+00 2.757531e+00 3.067124e+00 2.478868e+00 3.032634e+00 4.296876e+00 6.928905e+00 3.271102e+00 3.966056e+00 1.862813e+00 4.022374e-01 3.784116e-01 5.755049e-01 3.987745e-01 5.430111e-01 6.263548e-01 4.923327e-01 5.952020e-01 6.445146e-01 9.639637e-01 6.687287e-01 8.320560e-01 4.683204e-01
<GCONST> 1.287085e+02
<STATE> 4
<MEAN> 39
 -2.377696e-01 5.097404e+00 6.431742e+00 4.144648e+00 -1.133067e+00 -2.445453e+00 -3.614316e+00 -7.022438e+00 -1.045963e+01 -1.373573e+01 -5.376864e+00 2.454717e-01 6.706848e+01 -1.845035e+00 7.374760e-01 -5.432192e-01 -3.314129e-01 5.233073e-01 5.797272e-01 2.521264e-01 9.629014e-01 1.253801e+00 2.127603e+00 2.903451e-01 -6.393929e-01 -1.241826e+00 -1.581161e-01 -4.936224e-01 -4.942643e-01 -3.779691e-01 -2.450031e-01 2.197362e-01 -1.011528e-01 -1.644249e-01 3.876618e-01 3.201119e-01 2.341171e-01 3.924062e-02 3.897140e-01
<VARIANCE> 39
 4.508738e+01 2.526813e+01 4.387045e+01 3.076853e+01 5.196731e+01 4.571299e+01 6.478105e+01 7.279454e+01 6.042802e+01 6.545038e+01 6.910874e+01 9.670021e+01 3.345581e+01 4.892461e+00 3.219134e+00 4.690657e+00 3.571266e+00 3.999059e+00 4.160797e+00 3.651827e+00 4.978101e+00 5.115197e+00 6.309314e+00 4.574993e+00 5.966570e+00 5.822558e+00 1.038488e+00 6.157148e-01 7.135218e-01 5.441380e-01 7.704952e-01 7.267757e-01 6.480743e-01 9.027098e-01 7.443632e-01 1.156948e+00 8.478071e-01 1.027318e+00 1.037658e+00
<GCONST> 1.398252e+02
<TRANSP> 5
 0.000000e+00 1.000000e+00 0.000000e+00 0.000000e+00 0.000000e+00
 0.000000e+00 6.603908e-01 3.396091e-01 0.000000e+00 0.000000e+00
 0.000000e+00 0.000000e+00 6.230295e-01 3.769705e-01 0.000000e+00
 0.000000e+00 0.000000e+00 0.000000e+00 5.907598e-01 4.092402e-01
 0.000000e+00 0.000000e+00 0.000000e+00 0.000000e+00 0.000000e+00
<ENDHMM>
~h "N"
<BEGINHMM>
<NUMSTATES> 5
<STATE> 2
<MEAN> 39
 1.976724e+00 9.579631e-01 1.038945e+00 2.634899e+00 -5.433085e+00 -5.724843e+00 -8.168723e+00 -1.166214e+01 -6.990210e+00 -1.318221e+01 -6.287005e-01 -1.842378e+00 7.462824e+01 3.072884e-01 9.594892e-01 1.314623e+00 8.145529e-01 1.004871e+00 -5.990936e-01 2.065862e-01 1.709593e-01 -1.638203e+00 -7.770746e-01 4.961184e-01 5.608509e-01 -1.455134e+00 -2.283396e-01 2.255089e-02 -3.182140e-02 -1.925411e-02 -5.230301e-02 2.683585e-02 6.405842e-02 1.517434e-01 1.707624e-01 2.771074e-01 -1.566912e-01 -5.401414e-02 -5.597959e-02
<VARIANCE> 39
 1.028402e+01 2.241908e+01 6.212091e+01 5.116366e+01 6.874204e+01 5.980153e+01 7.609638e+01 6.960815e+01 8.110687e+01 4.966366e+01 5.911396e+01 1.816293e+02 2.336838e+01 9.683248e-01 1.423218e+00 3.578371e+00 2.977682e+00 2.557489e+00 3.806053e+00 2.779616e+00 4.196442e+00 4.403990e+00 4.918663e+00 3.643384e+00 3.498768e+00 9.623501e-01 2.070264e-01 2.794991e-01 7.422325e-01 5.567752e-01 4.785412e-01 8.286760e-01 5.107262e-01 6.633089e-01 9.551541e-01 7.308498e-01 6.718770e-01 7.005840e-01 2.152822e-01
<GCONST> 1.274239e+02
<STATE> 3
<MEAN> 39
 2.091171e+00 3.964704e+00 4.600224e+00 4.490573e+00 -2.897403e+00 -7.284787e+00 -7.178382e+00 -9.985284e+00 -1.036245e+01 -1.428442e+01 1.823306e-02 -1.680871e-01 7.079233e+01 -6.949546e-01 9.617338e-01 5.259334e-01 1.414077e-01 9.069762e-01 1.659444e-01 3.306307e-01 7.007968e-01 -3.670077e-01 2.834640e-01 -2.254500e-01 1.770930e-01 -1.416187e+00 -5.081024e-01 -2.964122e-01 -5.365085e-01 -3.770359e-01 -1.346092e-01 5.077578e-01 -3.879370e-02 1.054068e-01 6.661715e-01 5.451852e-01 -1.806584e-01 -1.682049e-01 2.012385e-01
<VARIANCE> 39
 1.400368e+01 2.495235e+01 4.949062e+01 3.918373e+01 7.361411e+01 5.452394e+01 6.812693e+01 7.605460e+01 6.382547e+01 4.795757e+01 5.889497e+01 1.522175e+02 2.332557e+01 2.548140e+00 2.908937e+00 4.559679e+00 3.632098e+00 3.308233e+00 6.301484e+00 3.376173e+00 4.646002e+00 6.416821e+00 5.272619e+00 3.913478e+00 4.265986e+00 2.601862e+00 3.965727e-01 6.177697e-01 7.874001e-01 6.329474e-01 6.945276e-01 1.093230e+00 6.900571e-01 9.189300e-01 9.558023e-01 8.972098e-01 8.042242e-01 8.332781e-01 5.476945e-01
<GCONST> 1.361340e+02
<STATE> 4
<MEAN> 39
 -6.142452e-01 5.759069e+00 4.807864e+00 3.864374e+00 -1.044393e+00 -5.339321e+00 -6.663830e+00 -7.743019e+00 -9.379208e+00 -1.260515e+01 -1.097745e+00 -2.544445e-01 6.807697e+01 -1.974076e+00 -1.057282e-01 -9.955233e-01 -9.270862e-01 5.415345e-01 1.505709e+00 1.642462e-01 8.380677e-01 1.301072e+00 1.626749e+00 -3.417578e-01 -2.411163e-01 -7.546260e-01 -3.029477e-01 -5.983413e-01 -5.789688e-01 -4.083598e-01 -3.609770e-01 2.440942e-01 -1.130564e-01 -1.430682e-01 5.083507e-01 4.349481e-01 1.775476e-01 -7.779806e-02 5.657279e-01
<VARIANCE> 39
 3.063232e+01 3.430724e+01 5.216102e+01 4.043190e+01 6.356081e+01 5.532586e+01 5.551849e+01 6.311198e+01 5.254911e+01 5.008742e+01 5.143900e+01 1.110621e+02 3.922449e+01 4.262737e+00 5.755205e+00 6.393172e+00 4.814641e+00 5.366080e+00 6.626950e+00 4.756137e+00 6.363158e+00 6.703730e+00 6.157635e+00 4.574298e+00 5.817703e+00 6.701254e+00 8.212740e-01 8.791463e-01 1.043944e+00 8.071040e-01 8.097022e-01 1.354033e+00 7.981002e-01 1.032662e+00 1.083346e+00 1.012862e+00 8.561174e-01 8.883407e-01 1.022589e+00
<GCONST> 1.445659e+02
<TRANSP> 5
 0.000000e+00 1.000000e+00 0.000000e+00 0.000000e+00 0.000000e+00
 0.000000e+00 6.920375e-01 3.079624e-01 0.000000e+00 0.000000e+00
 0.000000e+00 0.000000e+00 5.716264e-01 4.283736e-01 0.000000e+00
 0.000000e+00 0.000000e+00 0.000000e+00 4.876120e-01 5.123880e-01
 0.000000e+00 0.000000e+00 0.000000e+00 0.000000e+00 0.000000e+00
<ENDHMM>
~h "O"
<BEGINHMM>
<NUMSTATES> 5
<STATE> 2
<MEAN> 39
 1.494959e+00 -4.856148e-01 -5.794523e+00 -1.415901e+01 -1.613538e+01 4.673239e+00 -2.774830e+00 -1.076790e+01 -4.221509e+00 -8.276659e+00 -1.479792e+00 -2.940754e+00 7.941945e+01 3.244636e-01 -4.691225e-01 -3.241190e-01 -5.043560e-01 -3.114543e-01 3.425021e-01 3.092242e-01 -1.293948e-01 -1.068145e-01 -8.972030e-02 6.391987e-02 -1.715162e-01 4.432794e-01 -2.673168e-01 3.590112e-02 1.466797e-01 4.865371e-01 5.170229e-01 -1.818903e-01 -2.050801e-01 6.823684e-02 3.084210e-02 4.415875e-02 -6.553264e-04 2.743424e-02 -2.616855e-01
<VARIANCE> 39
 1.202784e+01 2.653904e+01 3.954286e+01 8.921021e+01 4.526839e+01 6.436946e+01 7.158881e+01 5.373704e+01 4.335956e+01 4.028234e+01 8.288667e+01 9.055556e+01 1.478393e+01 1.220309e+00 1.226734e+00 1.884770e+00 3.961397e+00 4.387158e+00 3.197333e+00 3.183162e+00 2.693504e+00 2.700510e+00 2.563185e+00 2.988904e+00 2.360715e+00 1.077156e+00 2.578001e-01 2.526746e-01 3.400662e-01 4.502876e-01 7.012250e-01 4.956811e-01 5.212709e-01 5.120739e-01 5.328529e-01 5.091106e-01 5.446950e-01 4.346830e-01 1.979095e-01
<GCONST> 1.207422e+02
<STATE> 3
<MEAN> 39
 1.790416e+00 -1.508281e+00 -6.067272e+00 -1.157359e+01 -1.454262e+01 3.764296e+00 -2.739982e+00 -1.142378e+01 -3.904792e+00 -7.704162e+00 -7.437352e-01 -2.286340e+00 7.994712e+01 -1.281384e-01 -4.376907e-02 2.163426e-01 9.979081e-01 8.862548e-01 -4.337163e-01 -7.061036e-01 -2.032893e-01 5.351942e-02 9.790953e-03 8.342242e-02 -1.194841e-01 -2.326765e-01 -1.490531e-01 2.133618e-01 2.998784e-01 4.895921e-01 3.762474e-01 -2.134869e-01 -2.471080e-01 7.420941e-02 7.987137e-03 -4.689782e-02 -8.212097e-02 2.680583e-02 -3.323721e-01
<VARIANCE> 39
 1.119126e+01 2.547904e+01 3.497598e+01 7.295483e+01 4.129278e+01 7.026221e+01 8.428423e+01 5.885819e+01 4.554564e+01 3.958379e+01 8.545586e+01 9.744492e+01 1.418340e+01 6.239168e-01 1.291544e+00 2.050232e+00 3.584944e+00 3.251576e+00 3.212575e+00 3.351717e+00 2.768709e+00 2.764219e+00 2.678436e+00 2.998980e+00 2.268698e+00 1.308823e+00 1.667278e-01 1.985429e-01 3.191208e-01 3.956911e-01 5.750687e-01 5.235270e-01 5.393003e-01 5.494612e-01 5.541265e-01 4.909083e-01 5.648663e-01 4.223247e-01 1.956082e-01
<GCONST> 1.191140e+02
<STATE> 4
<MEAN> 39
 1.359921e+00 -9.562345e-01 -4.559505e+00 -6.743494e+00 -1.129172e+01 1.520349e+00 -5.420458e+00 -1.205363e+01 -3.404861e+00 -7.540171e+00 -5.944801e-01 -1.988608e+00 7.857894e+01 -4.221364e-01 5.800981e-01 1.189112e+00 2.207786e+00 1.683674e+00 -8.438034e-01 -1.079755e+00 1.551293e-01 -7.334812e-02 -2.670978e-01 -2.364513e-01 3.034043e-02 -1.227387e+00 -1.997184e-01 1.625983e-01 2.803024e-01 2.030932e-01 1.604334e-01 -2.302011e-03 1.272207e-01 2.226705e-01 -1.018177e-01 -8.937576e-02 -9.860060e-02 6.151776e-02 -3.178133e-01
<VARIANCE> 39
 1.422611e+01 2.684805e+01 4.359515e+01 6.928432e+01 5.281998e+01 6.949875e+01 1.040838e+02 6.113194e+01 4.881957e+01 4.718081e+01 7.991012e+01 9.460757e+01 2.275675e+01 1.496590e+00 1.807401e+00 3.113189e+00 3.888030e+00 4.437489e+00 4.314095e+00 3.755782e+00 4.156355e+00 4.313250e+00 3.778189e+00 3.811810e+00 3.003237e+00 2.574399e+00 3.058729e-01 3.005326e-01 4.682434e-01 6.425936e-01 7.542421e-01 6.244072e-01 7.358162e-01 6.904443e-01 7.642257e-01 6.293349e-01 6.259956e-01 4.986378e-01 3.953817e-01
<GCONST> 1.299204e+02
<TRANSP> 5
 0.000000e+00 1.000000e+00 0.000000e+00 0.000000e+00 0.000000e+00
 0.000000e+00 7.377853e-01 2.622147e-01 0.000000e+00 0.000000e+00
 0.000000e+00 0.000000e+00 6.479168e-01 3.520831e-01 0.000000e+00
 0.000000e+00 0.000000e+00 0.000000e+00 5.734535e-01 4.265465e-01
 0.000000e+00 0.000000e+00 0.000000e+00 0.000000e+00 0.000000e+00
<ENDHMM>
~h "R"
<BEGINHMM>
<NUMSTATES> 5
<STATE> 2
<MEAN> 39
 -3.117075e-01 -2.914401e+00 -4.925667e+00 2.677591e+00 -8.283157e+00 -3.190002e+00 -9.435432e+00 -1.279506e+01 -4.439453e+00 -3.366354e+00 2.217351e+00 -3.366635e+00 7.782486e+01 -1.657855e-01 5.852139e-01 3.107160e-01 5.739506e-01 7.046553e-01 5.855041e-01 3.056035e-01 1.539792e-01 -9.988838e-01 5.531038e-02 -2.547332e-02 6.728125e-02 -9.934378e-01 -2.483526e-01 2.413010e-01 2.913947e-01 -2.324945e-01 2.002294e-01 1.036428e-01 8.073376e-02 2.244101e-01 1.012509e-01 -1.574029e-01 -1.818645e-01 4.399626e-04 -2.443233e-01
<VARIANCE> 39
 2.236344e+01 2.289396e+01 4.939097e+01 5.595002e+01 5.545417e+01 5.970908e+01 7.423803e+01 6.061237e+01 6.545594e+01 4.093521e+01 6.185805e+01 7.068055e+01 2.696563e+01 2.138605e+00 2.159981e+00 3.829021e+00 3.833747e+00 5.363019e+00 3.526521e+00 3.919447e+00 5.237905e+00 5.507946e+00 3.915573e+00 4.201845e+00 3.068029e+00 2.337085e+00 4.033510e-01 3.605118e-01 6.857793e-01 7.179350e-01 1.055317e+00 6.608115e-01 7.630824e-01 9.316239e-01 1.071233e+00 7.688453e-01 8.189507e-01 5.474799e-01 5.237303e-01
<GCONST> 1.336011e+02
<STATE> 3
<MEAN> 39
 -1.068481e+00 -1.266677e+00 -3.370171e+00 3.264257e+00 -6.543613e+00 -1.697535e+00 -8.764808e+00 -1.166983e+01 -6.276628e+00 -3.772079e+00 1.372027e+00 -3.268898e+00 7.557734e+01 -7.877043e-01 1.037209e+00 9.070013e-01 4.460508e-02 1.158585e+00 7.529564e-01 5.465941e-01 5.996515e-01 -4.772232e-01 -1.773961e-01 -4.528208e-01 9.291375e-02 -1.490179e+00 -3.792397e-01 4.926406e-02 1.681905e-01 -1.911354e-01 1.614784e-01 1.654384e-02 1.435726e-01 2.609942e-01 3.786130e-01 -2.877641e-02 -1.057035e-01 6.804781e-02 -2.533574e-01
<VARIANCE> 39
 3.196035e+01 2.864081e+01 4.817025e+01 5.076450e+01 6.146856e+01 5.646035e+01 7.607802e+01 5.690480e+01 5.838044e+01 3.992751e+01 6.029534e+01 6.953008e+01 3.848640e+01 3.257732e+00 2.587042e+00 4.239861e+00 3.592700e+00 5.709505e+00 3.640839e+00 4.333837e+00 5.026728e+00 5.234716e+00 3.393577e+00 3.892094e+00 2.945537e+00 4.099763e+00 5.672051e-01 5.056118e-01 7.786579e-01 7.155907e-01 1.125999e+00 6.974245e-01 8.311511e-01 9.011428e-01 9.912867e-01 7.074159e-01 8.116522e-01 5.737881e-01 7.940444e-01
<GCONST> 1.365527e+02
<STATE> 4
<MEAN> 39
 -3.136762e+00 9.301684e-01 -1.107095e+00 3.158315e+00 -3.784620e+00 -7.657421e-02 -7.320222e+00 -9.941550e+00 -6.496774e+00 -4.194953e+00 1.040414e-01 -2.848139e+00 7.222231e+01 -1.605625e+00 9.319034e-01 1.047964e+00 -1.532561e-01 1.473374e+00 7.172874e-01 8.792229e-01 1.094846e+00 3.647327e-01 -5.470897e-02 -4.616947e-01 3.287060e-01 -2.119328e+00 -3.260272e-01 -2.711084e-01 -1.503357e-01 -1.382346e-01 -5.766101e-02 -1.031301e-01 7.093603e-02 2.045855e-01 3.966262e-01 1.173613e-01 9.414686e-02 1.392115e-01 -4.380416e-02
<VARIANCE> 39
 4.960589e+01 3.473759e+01 4.608597e+01 4.531694e+01 6.611594e+01 5.496712e+01 7.710252e+01 6.041140e+01 4.960066e+01 4.061351e+01 5.796141e+01 6.659026e+01 6.819753e+01 4.658918e+00 3.235301e+00 4.123148e+00 3.720980e+00 5.884216e+00 3.744665e+00 4.691476e+00 4.638406e+00 5.002027e+00 3.332644e+00 3.759831e+00 2.954611e+00 7.042924e+00 7.452678e-01 6.346152e-01 8.422387e-01 7.017348e-01 1.165693e+00 7.158827e-01 8.678125e-01 9.155756e-01 8.337750e-01 6.703944e-01 7.868007e-01 5.940028e-01 1.257712e+00
<GCONST> 1.394977e+02
<TRANSP> 5
 0.000000e+00 1.000000e+00 0.000000e+00 0.000000e+00 0.000000e+00
 0.000000e+00 4.971564e-01 5.028437e-01 0.000000e+00 0.000000e+00
 0.000000e+00 0.000000e+00 4.434295e-01 5.565706e-01 0.000000e+00
 0.000000e+00 0.000000e+00 0.000000e+00 4.109960e-01 5.890040e-01
 0.000000e+00 0.000000e+00 0.000000e+00 0.000000e+00 0.000000e+00
<ENDHMM>
~h "S"
<BEGINHMM>
<NUMSTATES> 5
<STATE> 2
<MEAN> 39
 -1.981541e+01 -1.048956e+01 3.447516e+00 3.619635e+00 2.928062e+00 -1.076818e+00 -3.357310e+00 -4.272449e+00 -3.631873e+00 1.595968e+00 6.190298e-01 -4.136906e-01 7.886213e+01 -3.621860e+00 -1.729885e+00 -1.143309e-02 -4.783387e-01 1.576323e+00 2.911628e-01 1.236176e+00 8.376555e-01 3.912385e-01 1.311842e+00 8.428317e-01 7.592049e-01 2.347282e-01 5.316973e-01 2.388609e-01 -2.872041e-01 -1.920448e-01 -6.606476e-01 -9.873093e-02 -2.384322e-01 -2.160153e-01 7.908203e-02 -2.789411e-01 2.560268e-02 1.897317e-02 -1.712101e-01
<VARIANCE> 39
 1.226570e+02 4.579956e+01 6.013896e+01 2.962596e+01 8.207576e+01 3.438283e+01 8.017429e+01 4.455780e+01 3.831150e+01 4.263065e+01 5.079225e+01 3.829399e+01 1.218425e+01 1.012958e+01 5.181387e+00 4.743595e+00 2.761509e+00 8.430297e+00 3.883977e+00 5.153375e+00 3.885527e+00 3.808072e+00 4.183333e+00 4.790103e+00 2.716797e+00 1.581162e+00 1.958578e+00 1.082856e+00 7.352520e-01 4.553993e-01 1.238387e+00 6.166278e-01 8.570399e-01 6.723804e-01 7.324105e-01 6.935422e-01 9.247639e-01 5.124431e-01 2.437460e-01
<GCONST> 1.362061e+02
<STATE> 3
<MEAN> 39
 -2.569185e+01 -1.313029e+01 1.533995e+00 1.129319e+00 3.618606e+00 -7.586462e-01 -1.289929e+00 -3.672526e+00 -2.809777e+00 3.475218e+00 2.798787e+00 1.615675e+00 7.825317e+01 6.685320e-01 7.815349e-01 -4.605344e-01 -6.093780e-01 -4.009507e-01 2.782689e-01 1.186346e-01 -2.168487e-01 1.898184e-02 -8.623827e-02 1.274511e-01 1.762772e-01 -7.507741e-01 1.198195e+00 7.177576e-01 -1.349283e-03 6.002376e-02 -3.961132e-01 3.275701e-02 -2.459745e-01 -1.778751e-01 -1.173315e-01 -4.229632e-01 -2.533377e-01 -1.996439e-01 -3.550167e-01
<VARIANCE> 39
 6.078391e+01 3.844491e+01 5.532681e+01 2.914606e+01 6.003846e+01 3.003691e+01 7.275043e+01 3.530630e+01 4.146979e+01 3.422943e+01 3.104881e+01 2.847474e+01 9.834993e+00 1.516704e+01 7.334236e+00 3.592274e+00 2.418581e+00 4.219743e+00 3.068277e+00 3.824228e+00 3.220377e+00 3.263732e+00 3.918302e+00 3.380648e+00 2.817254e+00 2.061254e+00 1.066253e+00 9.336313e-01 6.571681e-01 4.608859e-01 8.516356e-01 5.935739e-01 6.874329e-01 5.773265e-01 5.954591e-01 5.989788e-01 6.084345e-01 4.532142e-01 4.462049e-01
<GCONST> 1.300360e+02
<STATE> 4
<MEAN> 39
 -1.786816e+01 -6.943791e+00 4.151819e-01 -2.954117e-01 1.217051e+00 3.929153e-01 -1.823210e+00 -5.258179e+00 -3.627047e+00 1.221567e+00 1.757229e+00 9.869846e-01 7.493903e+01 3.520257e+00 2.289170e+00 -3.962089e-01 -3.914183e-01 -1.431921e+00 3.372275e-01 -4.788339e-01 -3.977267e-01 -2.271949e-01 -1.246057e+00 -4.643231e-01 -4.257560e-01 -1.658426e+00 1.274366e-01 -1.788770e-01 -2.535004e-02 3.003944e-02 -2.683084e-01 -8.724104e-02 -1.325961e-01 5.850056e-02 7.512520e-02 -1.580322e-01 -3.847414e-02 -5.441162e-02 -1.435286e-02
<VARIANCE> 39
 1.442086e+02 6.072535e+01 5.770578e+01 3.260303e+01 6.547547e+01 3.899986e+01 7.761005e+01 4.271430e+01 5.643616e+01 5.226522e+01 3.529665e+01 3.710434e+01 2.682048e+01 8.623167e+00 4.708256e+00 4.672898e+00 3.221727e+00 6.150025e+00 4.363231e+00 5.473816e+00 4.694785e+00 4.253234e+00 4.490520e+00 3.437669e+00 3.440572e+00 5.864804e+00 1.909219e+00 1.297395e+00 7.862223e-01 5.434627e-01 9.080762e-01 7.032773e-01 7.905715e-01 7.467620e-01 7.724043e-01 8.135153e-01 6.577532e-01 5.638234e-01 9.104764e-01
<GCONST> 1.403738e+02
<TRANSP> 5
 0.000000e+00 1.000000e+00 0.000000e+00 0.000000e+00 0.000000e+00
 0.000000e+00 7.760270e-01 2.239730e-01 0.000000e+00 0.000000e+00
 0.000000e+00 0.000000e+00 7.058347e-01 2.941653e-01 0.000000e+00
 0.000000e+00 0.000000e+00 0.000000e+00 6.212764e-01 3.787236e-01
 0.000000e+00 0.000000e+00 0.000000e+00 0.000000e+00 0.000000e+00
<ENDHMM>
~h "U"
<BEGINHMM>
<NUMSTATES> 5
<STATE> 2
<MEAN> 39
 -9.168153e-01 3.877884e+00 5.853332e-01 -3.460289e+00 -9.304350e+00 4.395151e-01 -7.166037e+00 -1.317541e+01 -5.919452e+00 -1.087506e+01 -1.713065e+00 -8.076301e-01 7.463206e+01 4.909112e-01 3.994913e-01 3.691308e-01 1.313725e-01 3.223826e-02 -9.489159e-02 -1.321324e-01 -5.489089e-01 -4.275545e-01 -4.391560e-01 -5.764342e-02 -1.306118e-01 1.712785e-01 -6.307911e-01 -1.247655e-01 3.558304e-02 2.250742e-01 4.234252e-01 -3.301040e-02 1.226629e-01 5.025964e-01 2.987068e-01 3.276518e-01 -1.163722e-02 -2.382273e-02 -3.242182e-01
<VARIANCE> 39
 3.530137e+01 3.352792e+01 3.484666e+01 6.482587e+01 6.653039e+01 6.759534e+01 1.200575e+02 6.737951e+01 5.831819e+01 5.059499e+01 7.126891e+01 6.896310e+01 3.145758e+01 7.205675e+00 3.381346e+00 3.149279e+00 5.332623e+00 9.409791e+00 5.012160e+00 6.554689e+00 7.887346e+00 5.542427e+00 5.350218e+00 5.034613e+00 3.486029e+00 4.294864e+00 8.742120e-01 6.212580e-01 6.092283e-01 7.726247e-01 1.264607e+00 8.122061e-01 1.023997e+00 1.184376e+00 1.103679e+00 9.047114e-01 8.851148e-01 6.174446e-01 5.976880e-01
<GCONST> 1.430848e+02
<STATE> 3
<MEAN> 39
 -1.112535e+00 3.963275e+00 9.624239e-01 -2.653600e+00 -8.407520e+00 2.782133e-01 -7.214725e+00 -1.317569e+01 -6.119649e+00 -1.087960e+01 -1.826211e+00 -9.788688e-01 7.467146e+01 -7.253034e-01 1.589416e-01 3.876042e-01 6.333580e-01 9.314880e-01 -1.169912e-01 -4.710016e-02 4.589671e-01 1.702469e-01 2.772671e-01 -9.863599e-02 -2.425001e-01 -3.323236e-01 -6.511247e-01 -1.371623e-01 -1.345063e-02 1.304628e-01 3.083274e-01 -3.758137e-02 1.346608e-01 5.271037e-01 3.451536e-01 3.326455e-01 -1.841910e-02 -6.373723e-03 -2.577668e-01
<VARIANCE> 39
 3.706577e+01 3.234744e+01 3.606719e+01 6.346804e+01 7.144573e+01 7.001977e+01 1.275510e+02 6.782095e+01 5.873527e+01 4.857755e+01 7.246264e+01 7.168481e+01 3.218512e+01 7.287926e+00 3.189994e+00 3.079941e+00 4.913238e+00 9.323273e+00 5.070920e+00 6.210096e+00 7.755990e+00 5.551495e+00 5.006131e+00 4.742397e+00 3.278294e+00 4.723764e+00 8.399832e-01 6.024880e-01 6.314207e-01 7.831194e-01 1.337395e+00 8.351628e-01 1.070204e+00 1.188201e+00 1.121104e+00 8.891253e-01 9.060723e-01 6.332548e-01 5.306303e-01
<GCONST> 1.430567e+02
<STATE> 4
<MEAN> 39
 -3.076201e+00 4.015110e+00 1.743639e+00 -8.855050e-01 -5.985658e+00 1.779368e-01 -7.179191e+00 -1.153740e+01 -5.370664e+00 -9.868006e+00 -2.172233e+00 -1.482970e+00 7.364257e+01 -1.670661e+00 -2.808079e-02 3.537040e-01 7.177311e-01 1.226878e+00 -1.934533e-01 1.703502e-01 1.191718e+00 6.912247e-01 7.544784e-01 -1.128819e-01 -2.225955e-01 -7.176500e-01 -4.374591e-01 -1.671450e-01 -1.356839e-01 -1.212901e-01 -3.456107e-02 -4.319406e-02 1.670795e-01 2.861192e-01 2.165939e-01 1.885918e-01 4.250668e-02 1.005695e-01 -9.358302e-02
<VARIANCE> 39
 6.305978e+01 3.395668e+01 4.039828e+01 6.188761e+01 8.703036e+01 7.211058e+01 1.215548e+02 7.307156e+01 5.588050e+01 4.686485e+01 6.484068e+01 6.743164e+01 5.279313e+01 8.396044e+00 3.193366e+00 3.597444e+00 4.945282e+00 8.513596e+00 5.154223e+00 5.706169e+00 6.834325e+00 5.715006e+00 4.908430e+00 4.449801e+00 3.247997e+00 5.174276e+00 8.442948e-01 6.298758e-01 6.998766e-01 7.852979e-01 1.398901e+00 8.155785e-01 1.077348e+00 1.167732e+00 1.007959e+00 8.335990e-01 8.616688e-01 5.975845e-01 6.720223e-01
<GCONST> 1.443839e+02
<TRANSP> 5
 0.000000e+00 1.000000e+00 0.000000e+00 0.000000e+00 0.000000e+00
 0.000000e+00 3.737746e-01 6.262254e-01 0.000000e+00 0.000000e+00
 0.000000e+00 0.000000e+00 3.345237e-01 6.654763e-01 0.000000e+00
 0.000000e+00 0.000000e+00 0.000000e+00 2.947761e-01 7.052239e-01
 0.000000e+00 0.000000e+00 0.000000e+00 0.000000e+00 0.000000e+00
<ENDHMM>
~h "W"
<BEGINHMM>
<NUMSTATES> 5
<STATE> 2
<MEAN> 39
 3.349458e+00 5.324085e+00 -2.469356e+00 -1.069667e+01 -1.876918e+01 2.139386e+00 -3.334498e+00 -1.226033e+01 -4.240418e+00 -1.317675e+01 -2.873742e+00 8.368049e-01 7.541980e+01 -4.915282e-03 8.598624e-01 4.548114e-01 1.572866e-01 1.613016e-01 1.090004e-01 1.819030e-01 3.477046e-01 5.697875e-02 -7.939863e-01 -5.866131e-01 3.127482e-02 -7.720386e-01 -2.537606e-01 -1.269060e-01 9.144176e-02 5.011742e-01 5.623172e-01 -1.815077e-01 -2.786554e-01 3.648484e-03 7.489748e-02 2.937316e-01 7.697998e-02 -1.215708e-01 -3.812723e-02
<VARIANCE> 39
 9.863018e+00 3.174400e+01 3.262492e+01 6.456844e+01 5.102132e+01 6.712946e+01 1.017629e+02 5.342603e+01 7.656899e+01 3.880075e+01 9.322794e+01 6.866600e+01 1.700608e+01 7.971042e-01 1.305543e+00 1.177291e+00 3.103940e+00 4.797854e+00 2.728830e+00 3.202216e+00 2.942364e+00 3.419492e+00 3.062351e+00 3.441872e+00 2.216418e+00 8.184561e-01 1.489934e-01 2.194017e-01 2.797383e-01 3.493845e-01 5.555208e-01 5.908104e-01 4.931102e-01 5.947260e-01 6.783504e-01 5.728723e-01 6.815619e-01 4.641592e-01 1.581017e-01
<GCONST> 1.197144e+02
<STATE> 3
<MEAN> 39
 2.613574e+00 6.916655e+00 -6.677266e-01 -7.126316e+00 -1.519882e+01 1.917734e+00 -4.148296e+00 -1.129798e+01 -4.249890e+00 -1.407050e+01 -3.762719e+00 1.512697e+00 7.326707e+01 -8.933587e-01 2.369409e-01 5.883074e-01 1.648481e+00 2.238719e+00 -1.660751e-01 -5.422238e-01 2.809650e-01 -5.409804e-02 3.675805e-01 -7.065212e-03 -2.478725e-01 -8.309852e-01 -4.525573e-01 -2.610732e-01 1.184318e-01 3.914325e-01 5.065119e-01 -1.732892e-01 -9.082571e-02 1.723590e-01 1.124462e-01 4.590722e-01 1.296206e-01 -1.554137e-01 -3.443417e-02
<VARIANCE> 39
 1.552534e+01 3.788864e+01 3.464101e+01 6.243543e+01 6.483730e+01 7.163820e+01 1.117229e+02 5.796430e+01 8.935899e+01 4.364440e+01 8.971586e+01 6.500171e+01 2.980328e+01 2.501462e+00 2.323964e+00 2.165246e+00 3.713146e+00 6.374703e+00 4.506657e+00 4.216545e+00 4.916589e+00 4.937449e+00 4.282391e+00 4.764730e+00 2.853329e+00 2.383960e+00 3.496271e-01 3.699647e-01 4.896696e-01 5.651129e-01 9.006681e-01 8.237193e-01 7.922053e-01 8.963333e-01 1.024774e+00 7.527505e-01 8.107787e-01 5.690132e-01 3.768832e-01
<GCONST> 1.340713e+02
<STATE> 4
<MEAN> 39
 -1.988993e-01 6.625540e+00 1.065933e+00 -2.070334e+00 -8.511294e+00 1.365682e+00 -5.756388e+00 -1.009355e+01 -4.454184e+00 -1.195850e+01 -3.238879e+00 5.051463e-01 7.107748e+01 -2.041277e+00 -3.909063e-01 9.301825e-01 2.139962e+00 2.860581e+00 -5.425537e-01 -4.190040e-01 9.128463e-01 4.112737e-01 1.299624e+00 1.611172e-01 -6.276271e-01 -9.310421e-01 -4.341491e-01 -2.953885e-01 -1.258805e-02 -1.953851e-01 -2.158162e-01 -1.376864e-01 1.861207e-01 2.417177e-01 2.256288e-01 2.220948e-01 4.877484e-02 -1.479132e-02 8.044207e-02
<VARIANCE> 39
 3.933931e+01 4.321666e+01 3.906475e+01 7.277879e+01 8.438132e+01 6.726405e+01 1.144235e+02 6.732930e+01 7.836330e+01 4.794722e+01 7.405573e+01 6.740026e+01 5.818249e+01 5.488825e+00 3.411331e+00 4.080519e+00 4.439160e+00 7.052563e+00 6.992855e+00 5.517045e+00 5.998873e+00 6.314911e+00 5.197947e+00 5.687759e+00 3.476406e+00 4.902420e+00 5.788805e-01 6.062114e-01 7.620447e-01 8.569405e-01 1.290833e+00 9.454861e-01 1.051372e+00 1.159360e+00 1.138750e+00 8.828160e-01 9.134114e-01 6.525230e-01 7.446322e-01
<GCONST> 1.448785e+02
<TRANSP> 5
 0.000000e+00 1.000000e+00 0.000000e+00 0.000000e+00 0.000000e+00
 0.000000e+00 7.076268e-01 2.923732e-01 0.000000e+00 0.000000e+00
 0.000000e+00 0.000000e+00 5.534082e-01 4.465918e-01 0.000000e+00
 0.000000e+00 0.000000e+00 0.000000e+00 4.676272e-01 5.323728e-01
 0.000000e+00 0.000000e+00 0.000000e+00 0.000000e+00 0.000000e+00
<ENDHMM>
~h "Z"
<BEGINHMM>
<NUMSTATES> 5
<STATE> 2
<MEAN> 39
 -7.035032e+00 -2.891477e+00 2.891857e+00 3.686065e+00 -1.447895e+00 -3.495251e+00 -7.847911e+00 -1.054530e+01 -9.211069e+00 -4.268918e+00 -1.309861e+00 -2.075013e+00 7.823516e+01 -1.709675e+00 -2.954712e-01 1.119206e+00 4.009736e-01 2.042967e+00 -6.069822e-02 3.768227e-01 4.093365e-01 -9.369533e-01 3.774467e-01 -2.448487e-01 1.743774e-01 4.216167e-01 6.307751e-03 1.049880e-01 -4.570610e-02 -1.215645e-01 -2.022352e-01 1.010856e-01 9.220760e-02 6.585199e-02 2.214603e-01 -1.653478e-01 -4.159946e-02 5.501509e-03 -8.325008e-02
<VARIANCE> 39
 7.105827e+01 2.781762e+01 6.600948e+01 3.792707e+01 1.431373e+02 5.712141e+01 8.612797e+01 6.591228e+01 5.888209e+01 5.780575e+01 4.677812e+01 4.929705e+01 2.110729e+01 7.823378e+00 2.350834e+00 4.864044e+00 3.013962e+00 8.522663e+00 4.268556e+00 4.870199e+00 4.837080e+00 5.167917e+00 4.713664e+00 3.963765e+00 2.487076e+00 2.112191e+00 1.623024e+00 4.028302e-01 8.687149e-01 4.635300e-01 1.417254e+00 7.672149e-01 8.528854e-01 8.619903e-01 8.738641e-01 7.668837e-01 6.473882e-01 4.734324e-01 2.106781e-01
<GCONST> 1.375512e+02
<STATE> 3
<MEAN> 39
 -1.093834e+01 -3.161066e+00 4.991942e+00 4.125616e+00 2.125113e+00 -3.300820e+00 -6.284155e+00 -9.461240e+00 -1.063403e+01 -4.439287e+00 -2.131491e+00 -1.773708e+00 7.894427e+01 -1.104219e-01 3.115408e-01 2.880086e-02 -1.512676e-01 1.871335e-01 1.425751e-01 3.207273e-01 1.498324e-01 -9.300252e-02 -1.914743e-01 -1.133123e-01 1.110660e-02 -1.143226e-01 6.630133e-01 2.178744e-01 -3.565392e-01 -1.831602e-01 -6.391717e-01 4.133616e-02 -9.198807e-02 -1.003160e-01 2.487978e-01 -1.965691e-01 4.315247e-02 -7.081984e-02 -1.863841e-01
<VARIANCE> 39
 7.472583e+01 2.840208e+01 6.065243e+01 3.453469e+01 1.216268e+02 4.958714e+01 7.514893e+01 5.820057e+01 4.952180e+01 5.928324e+01 4.360957e+01 4.568836e+01 8.786386e+00 1.208719e+01 2.772663e+00 5.726015e+00 3.029725e+00 9.177804e+00 3.667152e+00 4.174560e+00 4.052773e+00 4.158146e+00 4.287791e+00 3.216769e+00 2.152669e+00 1.241622e+00 1.647863e+00 4.976661e-01 8.293533e-01 5.041049e-01 1.000090e+00 7.438734e-01 7.493987e-01 7.822149e-01 7.349003e-01 7.691821e-01 5.900927e-01 4.334419e-01 2.062311e-01
<GCONST> 1.341572e+02
<STATE> 4
<MEAN> 39
 -7.249392e+00 -9.256237e-01 2.753101e+00 2.546568e+00 -7.782073e-01 -3.165371e+00 -5.559180e+00 -9.831702e+00 -1.002088e+01 -6.040408e+00 -2.244671e+00 -2.043998e+00 7.764686e+01 1.820359e+00 8.284137e-01 -8.380507e-01 -6.589696e-01 -1.546965e+00 2.478497e-01 -3.961914e-02 -1.040191e-01 5.758242e-01 -6.666871e-01 -9.718494e-03 -1.965275e-01 -6.305849e-01 1.880703e-01 -1.131759e-02 -4.777648e-03 -3.910286e-02 -2.130920e-01 7.017489e-02 -7.466532e-02 4.033067e-02 1.844666e-01 -1.121186e-01 -1.332182e-02 -1.791039e-02 -7.928915e-02
<VARIANCE> 39
 8.920387e+01 3.265000e+01 7.343102e+01 3.974087e+01 1.197154e+02 5.170831e+01 8.371883e+01 6.382431e+01 5.515156e+01 6.238601e+01 4.705522e+01 4.805645e+01 1.325036e+01 7.873459e+00 3.054701e+00 4.920193e+00 2.967138e+00 7.124492e+00 4.260534e+00 4.283885e+00 4.185606e+00 4.066436e+00 4.891047e+00 3.486562e+00 2.412207e+00 1.648851e+00 1.701143e+00 5.430726e-01 9.327610e-01 5.056076e-01 1.125341e+00 7.645719e-01 7.538264e-01 8.226814e-01 7.331599e-01 8.397313e-01 6.214322e-01 4.713073e-01 2.934793e-01
<GCONST> 1.367805e+02
<TRANSP> 5
 0.000000e+00 1.000000e+00 0.000000e+00 0.000000e+00 0.000000e+00
 0.000000e+00 6.723137e-01 3.276863e-01 0.000000e+00 0.000000e+00
 0.000000e+00 0.000000e+00 6.994260e-01 3.005740e-01 0.000000e+00
 0.000000e+00 0.000000e+00 0.000000e+00 7.004418e-01 2.995582e-01
 0.000000e+00 0.000000e+00 0.000000e+00 0.000000e+00 0.000000e+00
<ENDHMM>
~h "a"
<BEGINHMM>
<NUMSTATES> 5
<STATE> 2
<MEAN> 39
 -1.608801e+00 -1.855777e+00 -2.968177e+00 -1.824440e+00 -7.716588e+00 -1.637720e+00 -1.013606e+01 -9.335161e+00 -1.740718e+00 -3.765682e+00 6.213971e-01 -2.724994e+00 7.741048e+01 8.591396e-01 -2.858963e-01 2.599078e-01 2.387326e-01 -9.311414e-01 -6.302096e-01 -9.172472e-01 -3.208962e-01 1.804886e-01 -1.906530e-01 -8.198898e-02 -5.216008e-01 1.199759e+00 -3.958070e-01 2.486751e-01 2.866532e-01 2.880466e-01 2.947032e-01 -9.447704e-04 2.878666e-01 2.213676e-01 -1.036368e-01 -2.125653e-01 -1.238191e-01 1.410862e-01 -5.608131e-01
<VARIANCE> 39
 3.349277e+01 2.968158e+01 3.472477e+01 5.230922e+01 6.357696e+01 6.807276e+01 9.114154e+01 6.369850e+01 4.841352e+01 4.309250e+01 5.907462e+01 8.576762e+01 4.721786e+01 5.084761e+00 3.377918e+00 3.618796e+00 4.497509e+00 6.845934e+00 5.083248e+00 5.254155e+00 4.722092e+00 4.671013e+00 4.173092e+00 4.095336e+00 4.407127e+00 6.808780e+00 8.201741e-01 6.056761e-01 6.465291e-01 6.766667e-01 1.131516e+00 8.304172e-01 9.286906e-01 8.911299e-01 8.288947e-01 7.341661e-01 7.737922e-01 7.501243e-01 9.025918e-01
<GCONST> 1.404058e+02
<STATE> 3
<MEAN> 39
 -8.492432e-01 -2.203609e+00 -2.539061e+00 -1.326448e+00 -8.945495e+00 -2.649209e+00 -1.133171e+01 -9.609027e+00 -1.546933e+00 -4.306920e+00 3.798841e-01 -3.416536e+00 7.878605e+01 1.091996e-01 2.445369e-01 6.542533e-01 6.859729e-01 -2.794737e-01 -5.153642e-01 -2.924063e-01 4.799761e-03 -6.587866e-02 -5.253327e-01 -2.469087e-01 -1.034956e-01 1.314133e-01 -5.250458e-01 3.420937e-01 2.594756e-01 2.250448e-01 4.906874e-01 1.317906e-01 4.652032e-01 2.293193e-01 -1.671887e-01 -1.652282e-01 -1.025360e-01 2.402285e-01 -6.735488e-01
<VARIANCE> 39
 2.108931e+01 2.615108e+01 3.451628e+01 5.799594e+01 6.202546e+01 7.451607e+01 9.490086e+01 6.163187e+01 5.076691e+01 4.720027e+01 6.117079e+01 9.110345e+01 2.828855e+01 3.972304e+00 3.202620e+00 3.172756e+00 4.069726e+00 7.565673e+00 4.703277e+00 4.933189e+00 4.445020e+00 4.396948e+00 3.799805e+00 3.925376e+00 3.802324e+00 5.552924e+00 7.003502e-01 5.317976e-01 5.966260e-01 6.147080e-01 9.928440e-01 7.887735e-01 8.833467e-01 8.345264e-01 8.178946e-01 7.408668e-01 7.334144e-01 7.140536e-01 6.572624e-01
<GCONST> 1.373409e+02
<STATE> 4
<MEAN> 39
 -1.285317e+00 -1.281230e+00 -1.357270e+00 3.899401e-02 -8.663801e+00 -3.224494e+00 -1.119468e+01 -9.456827e+00 -2.037210e+00 -5.386113e+00 -1.188242e-01 -3.166908e+00 7.804842e+01 -7.045822e-01 8.305328e-01 1.029720e+00 9.620408e-01 5.838923e-01 -2.236505e-01 5.058894e-01 3.077890e-01 -3.436162e-01 -7.034709e-01 -3.954229e-01 2.934896e-01 -8.965929e-01 -5.251076e-01 1.980484e-01 1.093751e-01 2.576938e-02 4.355584e-01 2.012833e-01 4.289701e-01 2.025431e-01 -8.050027e-02 3.148542e-03 -2.877112e-02 1.720996e-01 -4.890394e-01
<VARIANCE> 39
 2.461515e+01 2.790747e+01 3.797123e+01 6.307404e+01 7.505311e+01 8.007848e+01 9.295016e+01 5.817862e+01 5.510940e+01 5.137494e+01 6.102992e+01 8.536318e+01 3.546098e+01 4.887642e+00 3.071494e+00 3.218222e+00 3.709681e+00 7.716707e+00 4.442850e+00 4.993640e+00 4.504149e+00 4.156043e+00 3.829108e+00 3.825793e+00 3.443353e+00 5.135305e+00 6.682006e-01 5.433552e-01 6.078464e-01 6.354215e-01 1.002605e+00 7.528561e-01 8.158408e-01 7.911839e-01 8.541964e-01 7.434464e-01 7.125123e-01 6.440066e-01 6.897020e-01
<GCONST> 1.378926e+02
<TRANSP> 5
 0.000000e+00 1.000000e+00 0.000000e+00 0.000000e+00 0.000000e+00
 0.000000e+00 2.633805e-01 7.366195e-01 0.000000e+00 0.000000e+00
 0.000000e+00 0.000000e+00 2.691384e-01 7.308616e-01 0.000000e+00
 0.000000e+00 0.000000e+00 0.000000e+00 2.753258e-01 7.246742e-01
 0.000000e+00 0.000000e+00 0.000000e+00 0.000000e+00 0.000000e+00
<ENDHMM>
~h "b"
<BEGINHMM>
<NUMSTATES> 5
<STATE> 2
<MEAN> 39
 3.939359e+00 7.425439e+00 2.798707e+00 1.121678e+00 -5.269635e+00 1.170572e+00 -2.913058e+00 -7.229000e+00 -6.879320e+00 -1.119201e+01 -5.897083e+00 -3.368842e+00 6.544917e+01 2.775348e-01 1.128158e+00 8.090135e-01 3.305236e-01 7.178148e-01 1.595941e-01 7.877199e-01 9.127265e-01 -2.888637e-01 -4.213125e-01 -1.087729e+00 -2.405301e-01 -1.232752e+00 -4.108144e-01 -3.915882e-01 -3.010440e-01 -2.764161e-01 -3.550299e-01 -2.067374e-01 -2.782675e-01 -2.489181e-01 2.042077e-01 2.327061e-01 2.923776e-01 8.577010e-02 7.659031e-01
<VARIANCE> 39
 2.138176e+01 4.692902e+01 4.101243e+01 5.669625e+01 5.701035e+01 3.812525e+01 6.134401e+01 5.313475e+01 4.587861e+01 3.466263e+01 6.607077e+01 5.324821e+01 6.100626e+01 3.196954e+00 5.340389e+00 5.067041e+00 5.650241e+00 7.628883e+00 3.427912e+00 4.327812e+00 5.786820e+00 3.788986e+00 4.439184e+00 5.977505e+00 3.220675e+00 1.075261e+01 4.771059e-01 1.000734e+00 9.539341e-01 9.744281e-01 1.315220e+00 5.981186e-01 7.708527e-01 1.078718e+00 6.165476e-01 7.890477e-01 1.181932e+00 6.597776e-01 1.720295e+00
<GCONST> 1.409300e+02
<STATE> 3
<MEAN> 39
 2.837869e+00 8.102751e+00 2.776824e+00 1.078261e-01 -5.852717e+00 7.451761e-01 -2.105408e+00 -6.668769e+00 -6.362501e+00 -1.120188e+01 -6.845901e+00 -2.887499e+00 6.672169e+01 -4.762667e-01 -4.987030e-01 -6.624951e-01 -1.076037e+00 -9.313112e-01 -1.500507e-01 -2.132593e-01 -5.896511e-01 2.561423e-01 2.445673e-01 5.196447e-01 3.316362e-01 1.441839e+00 -9.618831e-02 -4.478024e-01 -3.435289e-01 -3.165276e-01 -4.279779e-01 -5.673168e-02 -3.048117e-01 -4.415395e-01 1.687048e-01 1.640994e-01 4.609519e-01 1.322476e-01 6.567504e-01
<VARIANCE> 39
 2.340948e+01 3.904592e+01 3.455734e+01 5.727611e+01 6.488456e+01 3.438440e+01 5.411158e+01 4.963936e+01 4.835478e+01 3.784822e+01 6.196841e+01 4.865839e+01 5.697344e+01 2.853430e+00 5.979004e+00 4.687868e+00 6.542731e+00 8.847945e+00 3.141703e+00 4.259206e+00 6.251358e+00 3.323636e+00 4.617812e+00 6.933707e+00 3.564009e+00 9.201697e+00 6.631953e-01 1.081930e+00 9.046629e-01 1.233803e+00 1.734294e+00 6.387152e-01 8.341305e-01 1.082838e+00 6.882004e-01 9.287594e-01 1.249764e+00 7.470615e-01 1.843395e+00
<GCONST> 1.421563e+02
<STATE> 4
<MEAN> 39
 1.706059e+00 5.454160e+00 -1.297881e-01 -4.031495e+00 -9.938810e+00 3.833432e-01 -3.185263e+00 -1.016118e+01 -5.183341e+00 -1.039452e+01 -3.768919e+00 -1.080176e+00 7.249474e+01 -3.069054e-01 -1.130236e+00 -9.469066e-01 -1.146096e+00 -1.223784e+00 -1.514257e-01 -7.224185e-01 -1.264084e+00 5.157297e-01 4.604454e-01 1.222711e+00 3.882673e-01 1.962827e+00 -5.422736e-03 4.018014e-03 1.707133e-01 3.521170e-01 2.548540e-01 -5.744526e-02 -1.089102e-01 1.195601e-01 7.188089e-02 4.074417e-02 -8.223537e-02 -1.557563e-01 -1.988197e-01
<VARIANCE> 39
 1.914442e+01 4.525960e+01 3.919064e+01 7.000494e+01 7.809084e+01 4.460852e+01 8.132932e+01 5.893738e+01 5.323040e+01 4.842627e+01 8.295742e+01 6.038513e+01 5.011745e+01 2.405811e+00 4.144604e+00 3.473120e+00 6.622535e+00 9.175037e+00 3.793631e+00 5.021743e+00 5.341219e+00 4.428110e+00 4.886423e+00 5.972195e+00 4.001853e+00 5.338106e+00 5.795729e-01 8.390973e-01 7.457553e-01 1.319937e+00 1.949100e+00 7.133909e-01 8.475744e-01 1.169214e+00 7.866706e-01 9.879776e-01 1.365787e+00 8.064880e-01 1.217896e+00
<GCONST> 1.431007e+02
<TRANSP> 5
 0.000000e+00 1.000000e+00 0.000000e+00 0.000000e+00 0.000000e+00
 0.000000e+00 6.934169e-01 3.065831e-01 0.000000e+00 0.000000e+00
 0.000000e+00 0.000000e+00 6.447684e-01 3.552315e-01 0.000000e+00
 0.000000e+00 0.000000e+00 0.000000e+00 5.915651e-01 4.084349e-01
 0.000000e+00 0.000000e+00 0.000000e+00 0.000000e+00 0.000000e+00
<ENDHMM>
~h "d"
<BEGINHMM>
<NUMSTATES> 5
<STATE> 2
<MEAN> 39
 -5.917685e-01 5.335751e+00 4.068898e+00 9.027665e-01 -3.063832e+00 1.669768e-01 -9.555195e+00 -1.181970e+01 -6.196980e+00 -5.557998e+00 8.380511e-01 -4.281958e+00 7.025909e+01 1.891368e-01 4.425939e-01 4.702262e-01 2.208591e-01 5.266978e-01 2.353554e-01 1.930841e-01 -2.819949e-01 -9.487616e-02 9.526807e-02 -9.239633e-02 -1.351305e-01 -4.618719e-01 -1.447626e-01 -3.183956e-01 -2.484045e-01 -1.572027e-01 -3.102034e-01 -1.273482e-01 7.094876e-02 6.322297e-03 1.443271e-01 -4.253440e-02 -5.929898e-02 1.217512e-01 4.185749e-01
<VARIANCE> 39
 2.201215e+01 5.191438e+01 4.804432e+01 5.744156e+01 6.448366e+01 6.628439e+01 7.953144e+01 5.143407e+01 3.994638e+01 3.443491e+01 5.980381e+01 8.296452e+01 8.331032e+01 2.914548e+00 6.775299e+00 4.079307e+00 4.601633e+00 6.827573e+00 4.337255e+00 4.530092e+00 5.738713e+00 4.005349e+00 3.429315e+00 4.324020e+00 2.589443e+00 1.219980e+01 5.643126e-01 1.187322e+00 6.656841e-01 7.935250e-01 1.105817e+00 8.079620e-01 9.251514e-01 1.172515e+00 7.044562e-01 6.375431e-01 8.629225e-01 4.912629e-01 2.264739e+00
<GCONST> 1.416642e+02
<STATE> 3
<MEAN> 39
 -9.376507e-01 4.513607e+00 3.575503e+00 2.457987e-01 -3.538280e+00 1.096141e-02 -8.948621e+00 -1.306599e+01 -5.922321e+00 -5.542191e+00 5.580484e-01 -4.110085e+00 7.189767e+01 -8.792070e-02 -6.443098e-01 -5.252137e-01 -5.138501e-01 -6.908896e-01 -1.060557e-01 1.804711e-01 -4.638648e-01 3.488870e-01 8.589021e-02 8.791457e-02 1.680611e-01 1.010161e+00 -1.930945e-02 -2.511145e-01 -2.919521e-01 -1.912339e-01 -3.594510e-01 -9.093705e-02 1.205722e-02 6.518558e-02 1.462380e-01 -3.947699e-02 2.203019e-02 8.604680e-02 3.494227e-01
<VARIANCE> 39
 2.003710e+01 4.549062e+01 4.583150e+01 5.327909e+01 6.284489e+01 6.145051e+01 8.130075e+01 5.458968e+01 4.097749e+01 3.356744e+01 6.349495e+01 8.359631e+01 7.081280e+01 2.771167e+00 6.228286e+00 4.144052e+00 4.795171e+00 7.509455e+00 4.389112e+00 4.859880e+00 6.535839e+00 4.482730e+00 3.557771e+00 5.272494e+00 2.531400e+00 1.126305e+01 6.103368e-01 1.200810e+00 6.672966e-01 8.292606e-01 1.244558e+00 8.530283e-01 9.878083e-01 1.297271e+00 8.123186e-01 6.864749e-01 1.027709e+00 4.996234e-01 2.258085e+00
<GCONST> 1.425560e+02
<STATE> 4
<MEAN> 39
 -9.688879e-01 2.227653e+00 1.053678e+00 -1.779014e+00 -6.720206e+00 -7.226321e-01 -8.132961e+00 -1.446225e+01 -4.524635e+00 -5.530742e+00 1.018411e+00 -3.244229e+00 7.556617e+01 6.847695e-02 -8.479735e-01 -9.622824e-01 -7.086948e-01 -1.176761e+00 -1.516521e-01 2.752891e-01 -1.411829e-02 6.059523e-01 -5.516493e-02 -1.208067e-02 2.352546e-01 1.192074e+00 1.599415e-02 5.816957e-02 3.646475e-03 9.091535e-02 6.037541e-02 3.606466e-02 1.498732e-02 2.812456e-01 -3.940488e-03 -9.316679e-02 -1.360740e-01 -8.622767e-03 -1.548295e-01
<VARIANCE> 39
 1.709648e+01 3.931787e+01 4.467247e+01 5.546501e+01 6.804706e+01 6.537438e+01 1.008647e+02 6.263626e+01 5.350719e+01 3.849641e+01 7.336487e+01 8.524161e+01 5.720204e+01 2.303559e+00 4.227658e+00 2.976368e+00 4.033683e+00 5.963585e+00 3.938464e+00 4.609709e+00 5.772729e+00 4.585879e+00 3.686742e+00 4.881598e+00 2.530495e+00 6.944899e+00 4.823996e-01 8.357378e-01 6.205286e-01 7.371674e-01 1.320420e+00 8.063205e-01 9.470062e-01 1.176554e+00 8.802609e-01 6.795395e-01 1.002415e+00 4.836155e-01 1.632284e+00
<GCONST> 1.397834e+02
<TRANSP> 5
 0.000000e+00 1.000000e+00 0.000000e+00 0.000000e+00 0.000000e+00
 0.000000e+00 6.587706e-01 3.412294e-01 0.000000e+00 0.000000e+00
 0.000000e+00 0.000000e+00 6.117347e-01 3.882653e-01 0.000000e+00
 0.000000e+00 0.000000e+00 0.000000e+00 5.589141e-01 4.410860e-01
 0.000000e+00 0.000000e+00 0.000000e+00 0.000000e+00 0.000000e+00
<ENDHMM>
~h "e"
<BEGINHMM>
<NUMSTATES> 5
<STATE> 2
<MEAN> 39
 -2.434833e+00 -2.267721e+00 1.341928e+00 4.531437e+00 -1.184303e+01 -8.616511e+00 -1.229399e+01 -8.219493e+00 -5.614645e-01 -6.442906e+00 -1.920134e+00 -3.073763e+00 7.940860e+01 6.116132e-01 -2.923470e-01 -5.159825e-01 -2.255284e-01 -5.122769e-01 1.600153e-01 -2.209145e-01 -2.283243e-01 2.229201e-01 1.371437e-01 1.161181e-01 -1.887071e-01 4.984878e-01 -3.377629e-01 2.663220e-01 1.539037e-01 -2.931052e-02 5.756629e-01 3.991986e-01 3.886815e-01 1.058607e-01 -2.427154e-01 -6.986229e-02 4.132923e-02 1.271019e-01 -5.499386e-01
<VARIANCE> 39
 1.545734e+01 1.990173e+01 4.297617e+01 4.019238e+01 8.500907e+01 6.208498e+01 7.613206e+01 5.902928e+01 6.344255e+01 5.019909e+01 5.656961e+01 5.784122e+01 2.261546e+01 2.792495e+00 2.246181e+00 2.800732e+00 2.564780e+00 6.085582e+00 4.018169e+00 4.144742e+00 3.674532e+00 4.037350e+00 3.787688e+00 3.063709e+00 2.989210e+00 3.354677e+00 5.780885e-01 4.014212e-01 4.781962e-01 4.138462e-01 8.418454e-01 6.489201e-01 7.416888e-01 7.037689e-01 7.680252e-01 6.557236e-01 5.732463e-01 5.225865e-01 4.316961e-01
<GCONST> 1.299335e+02
<STATE> 3
<MEAN> 39
 -2.033580e+00 -2.351633e+00 7.430305e-01 4.131402e+00 -1.151166e+01 -7.699107e+00 -1.196424e+01 -8.431726e+00 -6.836030e-01 -6.255986e+00 -1.764374e+00 -3.197722e+00 7.936049e+01 1.148084e-01 2.900049e-01 -1.037843e-01 -1.725192e-01 5.489056e-01 7.081178e-01 3.525548e-01 -1.337248e-01 -3.150337e-01 -5.782993e-02 1.332028e-01 6.198463e-02 -4.386028e-01 -3.472807e-01 3.196315e-01 2.627687e-01 5.328128e-02 5.676445e-01 2.729467e-01 3.358530e-01 1.138119e-01 -2.510162e-01 -1.269151e-01 -1.812596e-02 1.399835e-01 -5.629928e-01
<VARIANCE> 39
 1.401116e+01 2.000224e+01 4.369527e+01 4.450993e+01 8.725358e+01 7.017402e+01 7.929155e+01 6.030579e+01 6.395432e+01 5.334900e+01 6.092662e+01 6.682806e+01 2.659218e+01 1.914269e+00 2.063608e+00 2.597765e+00 2.532898e+00 5.582453e+00 3.409776e+00 3.277295e+00 3.248946e+00 3.678800e+00 3.304291e+00 2.741050e+00 2.699551e+00 3.118791e+00 4.771558e-01 3.523449e-01 4.319080e-01 4.170426e-01 8.095508e-01 6.369509e-01 7.059279e-01 6.811123e-01 7.521020e-01 6.904001e-01 5.803903e-01 5.420912e-01 4.248650e-01
<GCONST> 1.284523e+02
<STATE> 4
<MEAN> 39
 -2.127703e+00 -1.354458e+00 1.027340e+00 4.108526e+00 -9.451413e+00 -6.076057e+00 -1.088647e+01 -8.625913e+00 -1.703773e+00 -6.532366e+00 -1.592324e+00 -2.783354e+00 7.768452e+01 -3.918614e-01 7.719254e-01 3.320665e-01 -3.181838e-02 1.242661e+00 9.382099e-01 7.626313e-01 3.964024e-02 -5.928949e-01 -2.694288e-01 7.523622e-02 2.968895e-01 -1.274127e+00 -3.568650e-01 1.635235e-01 1.857478e-01 5.130885e-02 2.885569e-01 8.188276e-02 2.231178e-01 1.601369e-01 -6.644538e-02 -6.481072e-02 -4.365675e-02 9.990953e-02 -3.986008e-01
<VARIANCE> 39
 1.924629e+01 2.395162e+01 4.835678e+01 5.054964e+01 1.015900e+02 7.893905e+01 7.944952e+01 5.882631e+01 6.333457e+01 5.477112e+01 6.268963e+01 7.100142e+01 4.595000e+01 3.165393e+00 2.100956e+00 2.673934e+00 2.812204e+00 5.397386e+00 3.366704e+00 3.604720e+00 3.575851e+00 3.766912e+00 3.603490e+00 2.945564e+00 2.836423e+00 3.793928e+00 4.864907e-01 4.122549e-01 5.231319e-01 5.065460e-01 9.183309e-01 6.446698e-01 6.460454e-01 6.578836e-01 7.844250e-01 7.404489e-01 5.883762e-01 5.466628e-01 5.405132e-01
<GCONST> 1.322570e+02
<TRANSP> 5
 0.000000e+00 1.000000e+00 0.000000e+00 0.000000e+00 0.000000e+00
 0.000000e+00 3.151714e-01 6.848286e-01 0.000000e+00 0.000000e+00
 0.000000e+00 0.000000e+00 3.122010e-01 6.877990e-01 0.000000e+00
 0.000000e+00 0.000000e+00 0.000000e+00 3.058619e-01 6.941382e-01
 0.000000e+00 0.000000e+00 0.000000e+00 0.000000e+00 0.000000e+00
<ENDHMM>
~h "f"
<BEGINHMM>
<NUMSTATES> 5
<STATE> 2
<MEAN> 39
 -1.615623e+01 -2.463256e-01 -5.836853e+00 9.967117e-01 -1.135833e+00 3.184309e+00 -1.571367e+00 -3.607985e+00 -2.412840e+00 -1.855862e+00 3.392864e-01 -3.858467e-01 7.093069e+01 -1.616714e+00 -4.742437e-01 -7.058061e-01 -2.061794e-02 3.830750e-01 7.413716e-02 5.069610e-01 3.476298e-01 3.873669e-01 4.710645e-01 3.726074e-01 4.085064e-01 -1.324353e-01 7.850638e-01 -1.222677e-02 1.062891e-01 -3.496121e-01 -4.382468e-01 -1.726591e-01 -1.751453e-01 -2.393351e-01 -5.953261e-02 -2.083008e-01 -5.528475e-02 -6.780275e-02 2.719219e-01
<VARIANCE> 39
 9.490643e+01 3.499576e+01 2.859963e+01 4.551275e+01 3.516602e+01 2.595006e+01 3.145785e+01 2.725020e+01 3.089154e+01 2.893393e+01 3.391857e+01 3.504145e+01 3.464643e+01 1.558266e+01 4.410071e+00 3.335209e+00 5.713696e+00 5.600454e+00 3.605890e+00 3.465102e+00 3.534112e+00 3.646158e+00 3.539830e+00 3.809660e+00 2.970050e+00 3.925446e+00 2.125862e+00 9.320582e-01 6.470176e-01 9.518830e-01 8.571420e-01 7.106237e-01 6.057335e-01 6.221816e-01 7.202084e-01 5.961633e-01 7.144287e-01 5.185581e-01 4.902456e-01
<GCONST> 1.331635e+02
<STATE> 3
<MEAN> 39
 -1.560089e+01 -1.328847e+00 -7.200257e+00 -1.158664e+00 -2.059404e+00 2.608665e+00 -9.225016e-01 -3.823065e+00 -1.902899e+00 -1.535155e+00 7.574990e-01 2.522433e-01 7.199268e+01 2.247811e+00 3.264787e-01 1.799594e-01 -1.266016e+00 -1.076759e+00 -5.286403e-03 1.207483e-01 -3.105830e-01 -2.183216e-01 -4.004284e-01 -2.115079e-01 -1.884516e-01 6.379821e-01 8.224313e-01 2.474759e-01 2.688376e-01 -2.820250e-01 -4.031822e-01 -3.886420e-03 -1.219917e-01 -1.826991e-01 -1.506691e-01 -2.671674e-01 -1.475162e-01 -1.654342e-01 1.214045e-01
<VARIANCE> 39
 9.372292e+01 3.436649e+01 2.710995e+01 4.477773e+01 3.832144e+01 2.455225e+01 2.947422e+01 2.524836e+01 2.935168e+01 2.567764e+01 2.778438e+01 2.638269e+01 2.505232e+01 1.566778e+01 4.673626e+00 3.645746e+00 5.758334e+00 5.679439e+00 3.444219e+00 2.958351e+00 3.123730e+00 3.691562e+00 3.529236e+00 3.710797e+00 3.365365e+00 3.089962e+00 2.112767e+00 9.689182e-01 7.020338e-01 8.890347e-01 9.100570e-01 6.774861e-01 5.618647e-01 5.827767e-01 6.826252e-01 6.322556e-01 6.608869e-01 5.764839e-01 4.694425e-01
<GCONST> 1.315970e+02
<STATE> 4
<MEAN> 39
 -5.583300e+00 1.007884e+00 -5.410539e+00 -6.075651e+00 -6.837875e+00 2.480588e+00 -1.033300e+00 -5.261776e+00 -3.266457e+00 -3.768427e+00 -6.920956e-01 -1.173593e+00 7.400096e+01 3.371154e+00 6.198468e-01 6.146746e-01 -1.770188e+00 -2.091295e+00 -8.982906e-02 -2.473799e-01 -8.026820e-01 -4.814845e-01 -9.961048e-01 -4.767476e-01 -4.802736e-01 8.887347e-01 -5.334281e-01 -2.678178e-01 -1.357884e-01 2.424579e-01 1.178592e-01 -7.247808e-02 -1.040106e-01 -8.345260e-02 1.004768e-01 5.438482e-02 9.901085e-02 1.065492e-01 -4.501701e-02
<VARIANCE> 39
 1.006497e+02 3.996517e+01 2.923066e+01 6.951643e+01 6.882598e+01 3.344734e+01 3.742357e+01 3.655997e+01 3.658625e+01 3.665218e+01 4.521356e+01 4.100521e+01 2.341034e+01 8.310661e+00 4.579721e+00 3.450550e+00 6.190435e+00 7.368783e+00 4.648027e+00 3.622470e+00 3.817197e+00 4.098945e+00 4.128322e+00 4.795815e+00 4.207366e+00 3.169907e+00 1.807802e+00 8.973952e-01 6.368690e-01 1.012377e+00 1.317040e+00 6.348074e-01 5.338897e-01 6.299511e-01 7.190248e-01 7.354372e-01 6.878971e-01 6.472175e-01 4.700561e-01
<GCONST> 1.368589e+02
<TRANSP> 5
 0.000000e+00 1.000000e+00 0.000000e+00 0.000000e+00 0.000000e+00
 0.000000e+00 7.300267e-01 2.699733e-01 0.000000e+00 0.000000e+00
 0.000000e+00 0.000000e+00 6.644400e-01 3.355600e-01 0.000000e+00
 0.000000e+00 0.000000e+00 0.000000e+00 5.939598e-01 4.060403e-01
 0.000000e+00 0.000000e+00 0.000000e+00 0.000000e+00 0.000000e+00
<ENDHMM>
~h "g"
<BEGINHMM>
<NUMSTATES> 5
<STATE> 2
<MEAN> 39
 1.029921e+00 6.293133e+00 1.331474e+00 2.524759e-01 -6.539547e+00 -1.620182e+00 -7.795173e+00 -8.690293e+00 -3.795001e+00 -1.402161e+01 -3.226790e+00 1.917113e+00 7.003518e+01 2.165154e-01 4.939516e-01 7.179843e-02 -1.990607e-01 3.331252e-01 3.361532e-01 -1.019207e-01 2.068338e-02 -2.978439e-02 -4.904851e-01 -1.287458e-01 3.078125e-01 -2.204219e-01 -1.161786e-01 -2.482939e-01 -1.185846e-01 -9.928107e-02 -1.754266e-01 -7.962506e-02 1.338718e-02 -1.030355e-01 8.103453e-02 2.349631e-01 7.193008e-02 -9.932773e-02 3.049847e-01
<VARIANCE> 39
 2.243406e+01 6.040791e+01 4.284582e+01 8.151183e+01 7.420183e+01 8.300422e+01 8.944044e+01 6.688786e+01 7.719186e+01 5.960501e+01 6.579609e+01 1.019934e+02 6.248429e+01 2.226434e+00 4.503646e+00 3.618495e+00 5.176076e+00 6.807537e+00 7.440568e+00 5.154219e+00 6.670047e+00 5.586789e+00 5.495667e+00 5.306376e+00 3.767904e+00 7.497249e+00 3.747471e-01 6.880197e-01 6.713507e-01 8.669394e-01 1.105355e+00 1.419696e+00 9.450740e-01 1.293791e+00 1.002712e+00 9.452778e-01 1.021539e+00 7.238547e-01 1.131834e+00
<GCONST> 1.455055e+02
<STATE> 3
<MEAN> 39
 7.539268e-01 5.662091e+00 6.093190e-01 -9.553297e-01 -6.665755e+00 -1.223076e+00 -8.475903e+00 -9.605868e+00 -3.400596e+00 -1.397471e+01 -2.857143e+00 2.237099e+00 7.176804e+01 -2.748504e-02 -5.141622e-01 -3.933087e-01 -4.346129e-01 -3.213449e-01 -3.280895e-02 -1.826629e-01 -4.500223e-01 3.040009e-01 3.683543e-01 2.681320e-01 2.263330e-02 8.160083e-01 -3.490314e-02 -2.500804e-01 -8.943762e-02 -1.256100e-02 -1.440762e-01 -1.007475e-01 4.444762e-02 -2.226897e-02 5.764140e-02 2.615717e-01 9.479568e-02 -1.529910e-01 2.018524e-01
<VARIANCE> 39
 1.854012e+01 5.984971e+01 4.043400e+01 7.842627e+01 7.385322e+01 8.444041e+01 9.312898e+01 6.677233e+01 7.402766e+01 5.643765e+01 6.660249e+01 1.052739e+02 4.814737e+01 1.879768e+00 4.301266e+00 3.022819e+00 4.805648e+00 7.219610e+00 7.240614e+00 5.141183e+00 6.704049e+00 5.435308e+00 4.822019e+00 5.176493e+00 3.611650e+00 6.064424e+00 4.008932e-01 6.706972e-01 5.906616e-01 8.464926e-01 1.290655e+00 1.456762e+00 9.393612e-01 1.240949e+00 1.007182e+00 8.649767e-01 9.626263e-01 6.998733e-01 1.060838e+00
<GCONST> 1.438550e+02
<STATE> 4
<MEAN> 39
 5.494378e-01 2.883989e+00 -7.443293e-01 -1.929818e+00 -8.154801e+00 -2.079818e+00 -9.137850e+00 -1.097042e+01 -2.298264e+00 -1.176062e+01 -1.556311e+00 1.670929e+00 7.494571e+01 5.473763e-03 -9.305667e-01 -4.879545e-01 -2.500988e-01 -3.531053e-01 -1.623254e-01 2.287245e-02 -1.982468e-01 2.965438e-01 9.406297e-01 3.716118e-01 -4.678276e-01 8.946604e-01 -5.572907e-02 -5.359718e-03 2.884459e-02 9.468082e-02 1.184151e-01 7.349261e-02 1.014433e-01 1.620126e-01 -6.893321e-02 7.827103e-02 -5.978419e-02 -1.677800e-01 -1.007193e-01
<VARIANCE> 39
 1.601052e+01 5.953053e+01 3.932879e+01 7.362749e+01 7.516264e+01 7.590730e+01 1.017119e+02 7.421728e+01 7.365089e+01 5.733715e+01 6.686893e+01 1.124851e+02 4.215158e+01 1.518915e+00 3.172417e+00 2.463528e+00 4.270629e+00 6.357763e+00 5.805149e+00 4.771970e+00 5.184321e+00 4.722548e+00 4.037273e+00 4.678350e+00 3.332995e+00 3.892086e+00 3.186782e-01 5.727249e-01 4.612355e-01 6.646250e-01 1.287471e+00 1.143195e+00 8.400803e-01 1.007351e+00 9.160944e-01 7.426757e-01 8.504740e-01 6.433346e-01 7.870200e-01
<GCONST> 1.390063e+02
<TRANSP> 5
 0.000000e+00 1.000000e+00 0.000000e+00 0.000000e+00 0.000000e+00
 0.000000e+00 6.550369e-01 3.449631e-01 0.000000e+00 0.000000e+00
 0.000000e+00 0.000000e+00 6.146923e-01 3.853076e-01 0.000000e+00
 0.000000e+00 0.000000e+00 0.000000e+00 5.676388e-01 4.323612e-01
 0.000000e+00 0.000000e+00 0.000000e+00 0.000000e+00 0.000000e+00
<ENDHMM>
~h "h"
<BEGINHMM>
<NUMSTATES> 5
<STATE> 2
<MEAN> 39
 -2.425558e+00 7.744310e-01 -1.865018e+00 -5.021777e+00 -4.735201e+00 5.770527e+00 -2.742228e+00 -5.333774e+00 -2.118170e+00 -5.163529e+00 -1.322833e-01 -5.087687e-01 7.451973e+01 5.101697e-01 -1.034841e-01 -1.277402e-01 -6.246628e-01 2.361097e-02 7.016937e-01 5.289762e-01 1.904536e-01 -6.709304e-02 -2.477414e-01 -1.500708e-01 -2.068123e-01 7.379695e-01 -1.141727e-01 1.151705e-03 1.367032e-02 1.118679e-01 1.417088e-04 -2.098476e-01 -1.053020e-01 -5.864892e-02 -5.556035e-02 -4.182854e-03 -7.745801e-03 -2.405554e-02 -5.536948e-02
<VARIANCE> 39
 2.643563e+01 5.976639e+01 3.053034e+01 6.842820e+01 8.442638e+01 6.627570e+01 7.677401e+01 6.755013e+01 5.454602e+01 7.352496e+01 6.346682e+01 7.720028e+01 5.413211e+01 2.493431e+00 2.495816e+00 1.751095e+00 2.252753e+00 5.030013e+00 4.001223e+00 3.446893e+00 3.267092e+00 2.792418e+00 3.480223e+00 2.812111e+00 2.737977e+00 4.270394e+00 4.040222e-01 3.494956e-01 3.343521e-01 3.847770e-01 7.694309e-01 6.022756e-01 5.512676e-01 5.700095e-01 4.985863e-01 6.457956e-01 4.897243e-01 4.995349e-01 4.174200e-01
<GCONST> 1.296964e+02
<STATE> 3
<MEAN> 39
 -9.909521e-01 3.540203e-01 -2.664169e+00 -6.944993e+00 -5.912466e+00 6.295298e+00 -1.641566e+00 -6.163621e+00 -2.653606e+00 -6.335109e+00 -1.000135e+00 -1.546562e+00 7.682317e+01 2.862405e-01 -2.686180e-01 -2.675739e-01 -3.044248e-01 -2.242039e-01 6.824818e-02 1.026791e-01 -8.245696e-02 -9.363031e-02 -9.365255e-02 -1.454999e-01 -1.789948e-01 4.196464e-01 -4.526556e-02 -4.961935e-02 -4.083921e-02 8.267954e-02 -4.233057e-02 -1.356965e-01 -1.015756e-01 -5.860164e-02 4.158127e-03 6.184042e-02 2.005783e-02 1.178422e-02 -3.513403e-02
<VARIANCE> 39
 2.145079e+01 7.012936e+01 3.252440e+01 5.942381e+01 8.060075e+01 5.868478e+01 7.075234e+01 5.947472e+01 6.424980e+01 7.395000e+01 7.314212e+01 9.052696e+01 2.576940e+01 1.213084e+00 1.713220e+00 1.587816e+00 1.763351e+00 4.301719e+00 2.763339e+00 2.693707e+00 2.338052e+00 2.417223e+00 2.995474e+00 2.340230e+00 2.207174e+00 1.540431e+00 2.357748e-01 2.627322e-01 2.599174e-01 2.907243e-01 6.264489e-01 4.508520e-01 4.095593e-01 3.988848e-01 4.228611e-01 5.275292e-01 4.007350e-01 4.133525e-01 2.302076e-01
<GCONST> 1.208031e+02
<STATE> 4
<MEAN> 39
 3.563218e-01 -2.678920e+00 -6.511369e+00 -9.735584e+00 -7.928541e+00 4.789040e+00 -3.117187e+00 -8.681126e+00 -3.809774e+00 -6.379579e+00 -2.989281e+00 -4.599313e+00 7.874723e+01 1.566048e-01 -2.359291e-01 -2.610148e-01 1.091875e-01 -1.592323e-01 -2.951070e-01 -1.264384e-01 -1.377535e-01 4.957468e-02 1.050542e-01 -1.349401e-02 -8.806158e-02 1.528216e-01 -3.303654e-02 6.219689e-02 7.594410e-02 1.549605e-01 6.144604e-02 -6.963544e-02 -4.264636e-02 -1.293641e-03 -2.239438e-03 -2.930341e-03 2.052427e-02 3.165808e-02 -9.698255e-02
<VARIANCE> 39
 1.647649e+01 6.439017e+01 4.680077e+01 7.427081e+01 6.970644e+01 5.198632e+01 6.535581e+01 4.874921e+01 7.075203e+01 7.482216e+01 6.697106e+01 1.199859e+02 2.065549e+01 5.999717e-01 1.220430e+00 1.449187e+00 2.253668e+00 2.941576e+00 2.152869e+00 2.301853e+00 1.975872e+00 2.147604e+00 2.569770e+00 2.144757e+00 1.858331e+00 8.757709e-01 1.053410e-01 1.880716e-01 2.310157e-01 3.304160e-01 4.540534e-01 3.489172e-01 3.480121e-01 3.212586e-01 3.740063e-01 4.408647e-01 3.518895e-01 3.415371e-01 1.349317e-01
<GCONST> 1.143922e+02
<TRANSP> 5
 0.000000e+00 1.000000e+00 0.000000e+00 0.000000e+00 0.000000e+00
 0.000000e+00 6.715649e-01 3.284351e-01 0.000000e+00 0.000000e+00
 0.000000e+00 0.000000e+00 7.596398e-01 2.403602e-01 0.000000e+00
 0.000000e+00 0.000000e+00 0.000000e+00 9.020270e-01 9.797306e-02
 0.000000e+00 0.000000e+00 0.000000e+00 0.000000e+00 0.000000e+00
<ENDHMM>
~h "i"
<BEGINHMM>
<NUMSTATES> 5
<STATE> 2
<MEAN> 39
 -5.131317e+00 1.257187e+00 5.553248e+00 7.324899e+00 -7.741061e+00 -8.981366e+00 -1.145605e+01 -9.304272e+00 -3.300555e+00 -9.677441e+00 -2.982988e+00 -2.061646e+00 7.599677e+01 1.150042e+00 1.397831e-01 3.318684e-01 4.876192e-01 -2.306310e-01 -2.512568e-01 -4.366050e-01 -7.131671e-01 -2.635440e-01 -5.716525e-01 -6.865443e-02 -1.139489e-01 2.755862e-01 -4.758738e-01 9.632486e-03 -1.695377e-01 -2.790215e-01 3.682193e-01 4.784816e-01 4.478079e-01 2.702429e-01 4.266876e-02 2.224255e-01 1.317773e-01 1.229402e-01 -3.925022e-01
<VARIANCE> 39
 3.419749e+01 2.233333e+01 4.340569e+01 4.180333e+01 9.054090e+01 6.111453e+01 7.138911e+01 4.933678e+01 6.120664e+01 4.738325e+01 4.998137e+01 4.014431e+01 3.337307e+01 6.373029e+00 2.742327e+00 3.829689e+00 3.885599e+00 7.722945e+00 5.949301e+00 6.227112e+00 5.673513e+00 4.565705e+00 5.031608e+00 3.943351e+00 2.923532e+00 5.087171e+00 9.677552e-01 4.949155e-01 6.595299e-01 6.328933e-01 1.222750e+00 9.621764e-01 1.038244e+00 9.196198e-01 8.979384e-01 8.583237e-01 6.901862e-01 5.028247e-01 7.014186e-01
<GCONST> 1.386808e+02
<STATE> 3
<MEAN> 39
 -4.117133e+00 1.279063e+00 5.627461e+00 7.524544e+00 -7.615806e+00 -8.624477e+00 -1.151028e+01 -9.960558e+00 -3.537802e+00 -1.014565e+01 -2.894121e+00 -2.061070e+00 7.611114e+01 2.350207e-01 2.078185e-01 8.770947e-02 -3.949964e-02 5.429267e-01 6.047761e-01 3.423158e-01 -1.204414e-01 -2.096555e-01 -9.579882e-02 1.085177e-01 6.387259e-02 -4.133245e-01 -5.903203e-01 2.799004e-03 -1.577681e-01 -2.956008e-01 3.572856e-01 4.223903e-01 4.574772e-01 3.697990e-01 6.234037e-02 2.725960e-01 9.858251e-02 1.101636e-01 -3.582066e-01
<VARIANCE> 39
 2.786066e+01 2.311593e+01 4.551257e+01 4.186340e+01 9.363385e+01 6.610591e+01 7.040008e+01 4.843363e+01 6.447810e+01 4.867632e+01 5.593859e+01 4.513317e+01 2.789693e+01 5.821380e+00 2.652357e+00 3.327591e+00 3.354219e+00 7.885314e+00 5.417277e+00 5.633110e+00 5.281504e+00 4.609322e+00 4.756088e+00 3.816278e+00 2.720678e+00 4.794116e+00 8.158691e-01 4.912248e-01 6.185030e-01 5.849501e-01 1.236323e+00 9.256205e-01 9.500198e-01 8.901973e-01 9.327287e-01 8.561416e-01 7.306278e-01 5.004757e-01 6.793394e-01
<GCONST> 1.374869e+02
<STATE> 4
<MEAN> 39
 -4.477409e+00 1.741260e+00 5.680939e+00 7.109417e+00 -5.896371e+00 -6.937630e+00 -1.037014e+01 -9.531232e+00 -3.825418e+00 -9.878961e+00 -2.725235e+00 -1.912387e+00 7.486075e+01 -6.069310e-01 2.202070e-01 -9.947047e-02 -4.101095e-01 9.808801e-01 1.081494e+00 9.332590e-01 4.197889e-01 -1.047209e-01 3.027535e-01 2.161810e-01 1.928056e-01 -9.047661e-01 -4.677533e-01 -9.111817e-02 -1.916367e-01 -2.283484e-01 6.359824e-02 1.511227e-01 2.694415e-01 2.749443e-01 1.080068e-01 2.199720e-01 6.541862e-02 8.425780e-02 -1.452480e-01
<VARIANCE> 39
 4.234354e+01 2.818474e+01 5.079024e+01 4.425146e+01 9.954433e+01 7.136076e+01 7.067609e+01 5.289907e+01 6.404176e+01 5.203021e+01 5.773770e+01 4.987657e+01 4.193106e+01 6.547237e+00 2.751908e+00 3.344660e+00 3.430459e+00 7.167903e+00 4.766568e+00 4.991492e+00 4.893130e+00 4.896894e+00 4.871880e+00 3.814830e+00 2.661813e+00 4.977479e+00 6.853572e-01 5.267860e-01 6.495428e-01 5.653206e-01 1.259892e+00 8.760794e-01 8.528119e-01 8.493655e-01 9.199184e-01 8.281885e-01 7.389083e-01 5.036679e-01 7.283325e-01
<GCONST> 1.387185e+02
<TRANSP> 5
 0.000000e+00 1.000000e+00 0.000000e+00 0.000000e+00 0.000000e+00
 0.000000e+00 2.808926e-01 7.191073e-01 0.000000e+00 0.000000e+00
 0.000000e+00 0.000000e+00 2.758020e-01 7.241980e-01 0.000000e+00
 0.000000e+00 0.000000e+00 0.000000e+00 2.669632e-01 7.330368e-01
 0.000000e+00 0.000000e+00 0.000000e+00 0.000000e+00 0.000000e+00
<ENDHMM>
~h "j"
<BEGINHMM>
<NUMSTATES> 5
<STATE> 2
<MEAN> 39
 -4.390144e+00 2.909136e-01 5.960671e+00 1.011411e+01 -1.532876e+01 -1.234471e+01 -1.060917e+01 -8.036668e+00 -3.058916e+00 -1.265800e+01 -1.488787e+00 -2.811253e-01 7.771399e+01 -1.226748e-01 5.692148e-01 4.739111e-01 4.708833e-01 4.704455e-01 2.208206e-01 4.825018e-01 1.532275e-01 -4.054578e-01 -4.650684e-01 -4.377657e-02 5.321809e-02 -7.234991e-01 -6.335124e-02 9.258969e-02 -1.640876e-01 -2.543998e-01 6.791381e-01 4.848303e-01 1.333925e-01 8.504364e-02 -1.460976e-02 2.962469e-01 -5.747895e-02 -1.138951e-01 -3.832654e-01
<VARIANCE> 39
 9.596236e+00 2.002487e+01 3.671601e+01 3.529435e+01 1.089036e+02 5.341885e+01 7.839637e+01 5.363392e+01 8.801488e+01 4.436718e+01 5.445808e+01 4.205361e+01 2.438583e+01 8.923892e-01 1.063983e+00 1.858626e+00 1.530558e+00 4.515142e+00 2.849313e+00 2.866774e+00 2.672233e+00 2.561984e+00 2.617734e+00 2.199930e+00 1.640329e+00 1.522312e+00 2.386898e-01 2.038132e-01 2.910460e-01 2.798519e-01 5.357037e-01 4.494136e-01 5.582351e-01 4.975905e-01 5.605632e-01 4.629110e-01 4.167641e-01 3.012278e-01 2.434154e-01
<GCONST> 1.164333e+02
<STATE> 3
<MEAN> 39
 -4.176183e+00 1.640247e+00 6.377577e+00 1.033150e+01 -1.083452e+01 -9.720961e+00 -9.186182e+00 -7.563411e+00 -3.586496e+00 -1.238547e+01 -2.167662e+00 -5.254112e-01 7.500932e+01 -2.748433e-01 7.011859e-01 1.114489e-01 -1.807841e-01 2.155041e+00 1.354814e+00 6.468804e-01 4.669769e-01 -2.480749e-01 3.982371e-01 -1.888843e-01 -2.210373e-01 -1.796325e+00 -2.811813e-01 -6.320210e-02 -1.708903e-01 -3.425905e-01 3.731979e-01 3.559439e-01 1.943880e-01 1.429563e-01 1.079751e-01 3.765588e-01 1.721418e-02 -2.148148e-02 -3.254300e-01
<VARIANCE> 39
 1.494170e+01 2.324709e+01 4.128944e+01 3.552812e+01 1.077005e+02 6.615849e+01 9.017773e+01 5.204177e+01 8.464260e+01 4.660480e+01 5.255989e+01 4.467424e+01 4.860016e+01 2.523388e+00 1.771560e+00 2.723466e+00 2.373350e+00 5.153723e+00 3.663299e+00 3.799535e+00 3.508862e+00 3.495170e+00 3.670959e+00 2.883932e+00 2.029378e+00 3.506498e+00 4.159230e-01 3.239360e-01 4.776664e-01 3.845989e-01 8.343012e-01 5.909399e-01 6.874610e-01 5.381047e-01 6.691320e-01 5.659031e-01 4.996090e-01 3.518453e-01 5.509644e-01
<GCONST> 1.278279e+02
<STATE> 4
<MEAN> 39
 -4.896253e+00 2.679494e+00 6.230952e+00 9.241730e+00 -5.356100e+00 -5.903838e+00 -7.485249e+00 -6.225371e+00 -3.639006e+00 -1.052150e+01 -2.473970e+00 -1.043330e+00 7.032312e+01 -1.084703e+00 3.740640e-01 -2.802783e-01 -9.093537e-01 2.243087e+00 1.666409e+00 9.787447e-01 6.719561e-01 4.396125e-02 1.088166e+00 2.410841e-02 -9.654342e-02 -2.241851e+00 -3.899047e-01 -2.719073e-01 -2.792419e-01 -3.495357e-01 -3.096804e-01 -3.347126e-02 9.154908e-02 2.496597e-02 1.503598e-01 2.332557e-01 1.189256e-01 1.089986e-01 1.624628e-01
<VARIANCE> 39
 3.325546e+01 2.708683e+01 4.323096e+01 3.738094e+01 1.033294e+02 7.758466e+01 8.840778e+01 5.315078e+01 6.683160e+01 4.788109e+01 4.594785e+01 4.632935e+01 9.146921e+01 4.855350e+00 2.802137e+00 4.151619e+00 3.471789e+00 5.604428e+00 4.126952e+00 4.651999e+00 4.068489e+00 4.699625e+00 4.384910e+00 3.467783e+00 2.463037e+00 5.554926e+00 5.123657e-01 4.596026e-01 6.420721e-01 5.115748e-01 1.033157e+00 7.691327e-01 7.766531e-01 6.318490e-01 7.038108e-01 6.670246e-01 5.738789e-01 4.229966e-01 1.016559e+00
<GCONST> 1.361517e+02
<TRANSP> 5
 0.000000e+00 1.000000e+00 0.000000e+00 0.000000e+00 0.000000e+00
 0.000000e+00 6.389155e-01 3.610845e-01 0.000000e+00 0.000000e+00
 0.000000e+00 0.000000e+00 4.520754e-01 5.479246e-01 0.000000e+00
 0.000000e+00 0.000000e+00 0.000000e+00 3.654052e-01 6.345948e-01
 0.000000e+00 0.000000e+00 0.000000e+00 0.000000e+00 0.000000e+00
<ENDHMM>
~h "k"
<BEGINHMM>
<NUMSTATES> 5
<STATE> 2
<MEAN> 39
 -9.842899e+00 2.028630e+00 -1.817550e+00 1.743211e-01 7.270331e-01 3.347371e+00 -3.815126e+00 -3.408975e+00 -1.108534e+00 -5.095358e+00 -6.178710e-01 2.424071e+00 6.051233e+01 -1.066385e+00 -7.214163e-01 -1.403489e+00 -1.099222e+00 5.711302e-01 9.450096e-01 2.758746e-01 7.618430e-01 6.268088e-01 9.618573e-01 3.835236e-01 1.050489e-01 -6.479926e-01 3.060741e-01 -2.413331e-01 -2.371301e-01 -4.557450e-01 -6.847234e-01 -3.806757e-01 -3.975367e-01 -3.123023e-01 -3.343880e-02 -1.106384e-01 1.521145e-01 -1.195434e-01 1.405833e+00
<VARIANCE> 39
 4.963843e+01 4.658928e+01 5.178796e+01 6.904044e+01 4.985801e+01 5.357941e+01 6.200900e+01 4.546404e+01 4.391022e+01 5.842392e+01 3.942842e+01 5.122082e+01 9.063520e+01 5.242768e+00 4.545919e+00 6.567900e+00 7.846627e+00 7.319243e+00 5.575341e+00 6.430019e+00 4.774653e+00 4.713720e+00 6.076972e+00 4.234756e+00 3.691804e+00 1.917647e+01 6.764261e-01 8.852749e-01 1.466822e+00 1.389957e+00 9.559906e-01 9.313320e-01 1.005236e+00 8.968737e-01 8.555918e-01 1.048494e+00 7.733083e-01 6.942953e-01 2.246541e+00
<GCONST> 1.467704e+02
<STATE> 3
<MEAN> 39
 -1.095800e+01 -1.398471e-01 -6.074470e+00 -4.118490e+00 -2.024417e-01 4.575596e+00 -4.455070e+00 -2.794141e+00 1.912825e-01 -3.551256e+00 8.317980e-01 2.605850e+00 6.386288e+01 2.829490e-01 -5.611381e-01 -1.263055e+00 -1.626514e+00 -7.695949e-01 8.449577e-02 -7.525514e-01 -2.063936e-01 2.348725e-01 1.510197e-01 5.252038e-01 -6.716993e-02 2.511596e+00 6.897500e-01 2.837846e-01 6.262349e-01 2.732106e-01 -5.025310e-01 -5.400797e-01 -3.078127e-01 -4.652866e-01 -3.200790e-01 -4.934405e-01 -1.391367e-01 -1.408781e-01 7.928022e-01
<VARIANCE> 39
 3.030991e+01 4.677100e+01 5.959914e+01 8.849207e+01 5.565816e+01 5.555359e+01 5.976524e+01 4.101623e+01 3.758371e+01 4.535363e+01 3.665216e+01 4.077679e+01 9.347618e+01 5.963690e+00 4.998738e+00 9.028854e+00 9.441984e+00 6.671202e+00 6.300436e+00 6.053750e+00 5.184849e+00 5.139415e+00 6.522947e+00 4.484438e+00 3.584302e+00 1.306804e+01 6.491550e-01 9.095306e-01 1.793090e+00 1.954124e+00 1.203311e+00 1.117580e+00 1.084002e+00 8.890479e-01 9.907916e-01 9.694796e-01 8.843978e-01 7.277750e-01 2.848459e+00
<GCONST> 1.480709e+02
<STATE> 4
<MEAN> 39
 -8.536942e+00 8.379012e-03 -6.996914e+00 -6.558177e+00 -2.443615e+00 3.837778e+00 -6.678331e+00 -4.395161e+00 -4.215801e-01 -4.841332e+00 1.539464e+00 2.037299e+00 7.064921e+01 1.873693e+00 4.270377e-01 1.088991e+00 5.987325e-02 -1.312412e+00 -1.222850e+00 -9.792067e-01 -1.137644e+00 -6.735197e-01 -1.037072e+00 -2.878526e-01 -4.804450e-01 2.516921e+00 3.842420e-01 1.640230e-01 7.010886e-01 5.858558e-01 -2.579827e-01 -4.178244e-01 8.713917e-02 -2.293378e-01 -2.229861e-01 -2.397850e-01 -2.812793e-01 -1.340460e-01 -3.483545e-01
<VARIANCE> 39
 3.868367e+01 5.125963e+01 5.718812e+01 8.074429e+01 6.386816e+01 6.638237e+01 6.654373e+01 4.767720e+01 4.286713e+01 5.219170e+01 4.132160e+01 4.679479e+01 5.090546e+01 5.136156e+00 4.180098e+00 7.646339e+00 8.735483e+00 6.058481e+00 6.475939e+00 5.560348e+00 4.978010e+00 5.574601e+00 5.555393e+00 4.763759e+00 3.906765e+00 6.891875e+00 7.506025e-01 9.688441e-01 1.692065e+00 1.717715e+00 1.252684e+00 1.294102e+00 1.076914e+00 9.332975e-01 1.071139e+00 1.086214e+00 9.201146e-01 7.414465e-01 1.491559e+00
<GCONST> 1.472829e+02
<TRANSP> 5
 0.000000e+00 1.000000e+00 0.000000e+00 0.000000e+00 0.000000e+00
 0.000000e+00 4.836905e-01 5.163095e-01 0.000000e+00 0.000000e+00
 0.000000e+00 0.000000e+00 4.850311e-01 5.149689e-01 0.000000e+00
 0.000000e+00 0.000000e+00 0.000000e+00 5.082720e-01 4.917280e-01
 0.000000e+00 0.000000e+00 0.000000e+00 0.000000e+00 0.000000e+00
<ENDHMM>
~h "l"
<BEGINHMM>
<NUMSTATES> 5
<STATE> 2
<MEAN> 39
 6.818724e-02 3.588430e+00 -2.415428e-01 -1.332134e+01 -1.127929e+01 3.316926e+00 -6.568572e+00 -1.295572e+01 -7.577975e+00 -9.245455e+00 -1.066766e-01 -3.243631e+00 7.668616e+01 5.622330e-01 4.446180e-01 2.652143e-01 -1.115360e+00 -5.734468e-01 4.367165e-01 3.452637e-01 -4.708071e-01 -4.544338e-01 -4.642697e-01 6.048266e-02 6.007420e-02 2.140914e-02 -2.203022e-01 -1.275097e-01 -8.625837e-02 3.575436e-01 1.174061e-01 -1.562205e-01 -8.058886e-03 1.609465e-01 2.190157e-01 1.360433e-01 -3.993911e-02 3.510328e-02 -6.833392e-02
<VARIANCE> 39
 1.356449e+01 3.230455e+01 4.864476e+01 6.579391e+01 5.016421e+01 7.462563e+01 9.431458e+01 5.212800e+01 6.592812e+01 4.500853e+01 7.069188e+01 9.812132e+01 2.236024e+01 1.701874e+00 2.145302e+00 2.337935e+00 3.531873e+00 3.602146e+00 3.203282e+00 3.248975e+00 3.268796e+00 4.050046e+00 3.437743e+00 3.534910e+00 2.725771e+00 1.862019e+00 2.576500e-01 3.859730e-01 4.623805e-01 4.710985e-01 5.548390e-01 5.130177e-01 5.073417e-01 5.518066e-01 7.195539e-01 7.055095e-01 6.779880e-01 4.849161e-01 2.556477e-01
<GCONST> 1.267254e+02
<STATE> 3
<MEAN> 39
 8.638020e-01 4.423731e+00 3.165016e-01 -1.381153e+01 -1.236945e+01 3.248155e+00 -4.869704e+00 -1.355518e+01 -7.242596e+00 -9.798717e+00 -6.465482e-01 -2.094942e+00 7.641273e+01 8.194444e-02 -1.173586e-01 -1.407890e-01 1.856987e-01 -2.450424e-01 -5.349118e-02 1.308974e-01 -8.721419e-02 2.638517e-01 1.343142e-01 -2.811056e-02 6.397269e-04 6.601106e-02 -1.630217e-01 -1.460555e-01 -9.103197e-02 4.132935e-01 1.840437e-01 -1.088772e-01 -7.638750e-02 1.561301e-01 1.961425e-01 1.607686e-01 -4.581087e-02 -5.460132e-02 -3.887600e-02
<VARIANCE> 39
 1.015591e+01 2.846357e+01 4.664850e+01 5.384415e+01 4.706096e+01 7.933343e+01 1.079086e+02 5.203159e+01 7.048143e+01 4.579472e+01 7.619315e+01 9.505015e+01 1.668783e+01 7.838234e-01 2.149420e+00 2.264842e+00 2.987387e+00 3.309688e+00 2.360527e+00 2.732382e+00 3.072577e+00 3.631133e+00 3.094760e+00 3.318512e+00 2.465052e+00 1.657693e+00 1.835625e-01 3.279244e-01 3.595549e-01 4.367143e-01 5.430897e-01 4.574890e-01 4.872998e-01 5.470092e-01 6.781107e-01 5.687221e-01 6.247306e-01 4.436541e-01 2.613423e-01
<GCONST> 1.225021e+02
<STATE> 4
<MEAN> 39
 7.632928e-01 3.612100e+00 -2.310509e-01 -1.089825e+01 -1.204336e+01 2.426284e+00 -4.145028e+00 -1.323172e+01 -5.644718e+00 -8.584171e+00 -9.616423e-01 -1.479545e+00 7.650422e+01 -2.542237e-01 -3.964600e-01 -2.285675e-01 1.373595e+00 4.543672e-01 -2.696168e-01 -1.410716e-01 3.538792e-01 6.253334e-01 4.274526e-01 -2.073160e-01 -2.092006e-01 -2.190640e-01 -1.434870e-01 -6.509724e-03 9.122752e-02 3.216630e-01 2.687003e-01 -6.884699e-02 -5.132426e-02 2.119213e-01 4.693173e-02 -2.025564e-02 -9.832025e-02 -3.261226e-02 -2.208088e-01
<VARIANCE> 39
 1.298650e+01 3.565115e+01 4.397078e+01 5.247909e+01 5.473335e+01 7.992195e+01 1.143332e+02 5.698835e+01 7.255096e+01 5.112914e+01 8.155994e+01 9.868829e+01 2.382799e+01 1.175822e+00 2.316709e+00 2.218535e+00 3.359119e+00 4.396025e+00 3.030294e+00 3.208550e+00 3.683111e+00 4.154839e+00 3.186946e+00 3.642345e+00 2.710722e+00 2.712533e+00 1.943245e-01 3.706352e-01 3.689925e-01 4.495149e-01 6.317678e-01 4.813417e-01 5.039310e-01 6.120539e-01 7.428825e-01 6.178896e-01 6.537333e-01 5.057409e-01 3.265544e-01
<GCONST> 1.272492e+02
<TRANSP> 5
 0.000000e+00 1.000000e+00 0.000000e+00 0.000000e+00 0.000000e+00
 0.000000e+00 7.399526e-01 2.600474e-01 0.000000e+00 0.000000e+00
 0.000000e+00 0.000000e+00 7.131777e-01 2.868224e-01 0.000000e+00
 0.000000e+00 0.000000e+00 0.000000e+00 6.361819e-01 3.638181e-01
 0.000000e+00 0.000000e+00 0.000000e+00 0.000000e+00 0.000000e+00
<ENDHMM>
~h "m"
<BEGINHMM>
<NUMSTATES> 5
<STATE> 2
<MEAN> 39
 3.557058e+00 2.300712e-01 1.452339e+00 3.876321e-01 -6.207564e+00 -4.776279e-01 -3.249814e+00 -9.088758e+00 -6.811087e+00 -1.577146e+01 -6.866340e+00 9.220763e-01 7.342642e+01 5.752424e-01 1.382933e-01 3.913122e-01 -1.308905e-01 1.903116e-01 1.328726e-01 4.842577e-01 3.092465e-01 -4.914569e-01 -1.075067e+00 -4.998322e-01 1.795254e-01 -2.419270e-01 -3.031948e-01 -3.700935e-02 -2.350340e-01 -1.276108e-01 -3.075877e-01 -7.123385e-02 -1.140706e-01 -5.013572e-02 3.648699e-01 4.858441e-01 1.678513e-01 -1.117695e-01 2.296421e-01
<VARIANCE> 39
 1.424327e+01 2.271296e+01 5.067220e+01 5.016259e+01 7.955144e+01 5.561160e+01 7.248426e+01 6.331238e+01 8.753960e+01 6.083544e+01 6.559011e+01 8.708286e+01 2.235029e+01 2.089550e+00 1.506340e+00 4.562575e+00 3.578913e+00 6.700827e+00 3.509298e+00 2.953652e+00 3.652880e+00 6.094785e+00 8.150307e+00 3.077455e+00 3.124064e+00 2.453249e+00 2.844692e-01 2.667816e-01 8.723323e-01 6.028009e-01 1.130389e+00 6.848416e-01 5.625262e-01 6.379102e-01 1.036621e+00 1.389146e+00 5.490518e-01 6.175381e-01 3.013659e-01
<GCONST> 1.325842e+02
<STATE> 3
<MEAN> 39
 3.950375e+00 8.114402e-01 7.296263e-01 -1.288441e+00 -7.771406e+00 -7.613420e-01 -2.322882e+00 -8.458922e+00 -5.860255e+00 -1.543588e+01 -7.357218e+00 9.158034e-01 7.392313e+01 -1.097525e-01 7.704824e-02 -6.899408e-01 -8.084599e-01 -8.499680e-01 2.125210e-01 1.576057e-01 -1.407022e-01 6.758669e-01 7.559471e-01 8.420912e-02 -6.312717e-02 4.305702e-01 -2.287592e-01 -4.965662e-02 -2.051542e-01 -7.372519e-02 -9.015720e-02 1.109786e-01 -1.110037e-01 -1.338271e-01 2.471832e-01 4.163055e-01 1.736938e-01 -9.111973e-02 1.141960e-01
<VARIANCE> 39
 9.876770e+00 2.145423e+01 5.229561e+01 5.677409e+01 8.267809e+01 6.277485e+01 7.285848e+01 6.037861e+01 9.229456e+01 5.066270e+01 6.416772e+01 9.167599e+01 1.731010e+01 1.222227e+00 1.498799e+00 3.797648e+00 3.391804e+00 5.871831e+00 3.758745e+00 2.849267e+00 3.234353e+00 4.984073e+00 5.999300e+00 2.689604e+00 2.769066e+00 1.732741e+00 2.596050e-01 2.378537e-01 6.848493e-01 6.387064e-01 1.184882e+00 6.683894e-01 5.806435e-01 5.913978e-01 1.006583e+00 1.153048e+00 5.135689e-01 5.643578e-01 2.660636e-01
<GCONST> 1.290587e+02
<STATE> 4
<MEAN> 39
 3.131318e+00 1.093203e+00 -1.524311e+00 -3.834533e+00 -9.946614e+00 3.939260e-01 -2.177705e+00 -9.175143e+00 -3.834654e+00 -1.218688e+01 -6.303169e+00 4.532177e-01 7.514954e+01 -6.457601e-01 -4.620252e-02 -7.516312e-01 -5.868670e-01 -3.688998e-01 6.085182e-01 -1.639063e-01 -3.992474e-01 8.094516e-01 1.286463e+00 5.313838e-01 -3.934740e-01 3.974277e-01 -2.421789e-01 -1.364570e-02 1.948301e-01 2.951358e-01 3.799231e-01 -3.549666e-02 -1.811962e-01 7.293884e-02 -5.807194e-02 -8.484185e-03 1.182991e-01 -1.248711e-01 -1.366785e-01
<VARIANCE> 39
 1.487516e+01 2.710846e+01 5.401638e+01 6.145998e+01 7.656018e+01 7.665934e+01 8.281535e+01 6.014405e+01 7.895668e+01 4.928918e+01 6.918967e+01 9.826191e+01 2.668735e+01 2.295151e+00 1.871092e+00 3.192217e+00 3.684852e+00 5.788687e+00 4.160814e+00 3.599389e+00 3.838161e+00 4.994465e+00 4.710220e+00 3.087244e+00 3.267715e+00 1.981494e+00 2.747821e-01 2.822500e-01 6.474211e-01 6.677654e-01 9.316058e-01 8.131196e-01 6.337259e-01 6.487809e-01 8.617189e-01 9.004685e-01 5.576453e-01 5.769448e-01 2.457581e-01
<GCONST> 1.318804e+02
<TRANSP> 5
 0.000000e+00 1.000000e+00 0.000000e+00 0.000000e+00 0.000000e+00
 0.000000e+00 7.372606e-01 2.627394e-01 0.000000e+00 0.000000e+00
 0.000000e+00 0.000000e+00 6.744187e-01 3.255813e-01 0.000000e+00
 0.000000e+00 0.000000e+00 0.000000e+00 5.841337e-01 4.158663e-01
 0.000000e+00 0.000000e+00 0.000000e+00 0.000000e+00 0.000000e+00
<ENDHMM>
~h "n"
<BEGINHMM>
<NUMSTATES> 5
<STATE> 2
<MEAN> 39
 1.176049e+00 6.944360e-01 1.330581e+00 5.098341e-01 -5.594830e+00 -3.335013e+00 -8.938034e+00 -1.275277e+01 -6.135622e+00 -1.135945e+01 -7.855353e-01 -1.789590e+00 7.513857e+01 4.779282e-01 2.090252e-01 6.114122e-01 2.214155e-01 4.481781e-01 5.307986e-02 1.791816e-02 -3.641459e-01 -8.271723e-01 -6.440687e-01 1.760895e-01 3.242858e-01 -2.980783e-01 -1.980719e-01 -2.974744e-02 -1.444470e-01 -1.147973e-01 -2.175989e-01 2.678437e-02 1.018869e-01 9.143586e-02 2.039162e-01 1.944259e-01 -1.186944e-01 -3.240721e-02 8.591784e-02
<VARIANCE> 39
 1.257614e+01 2.114333e+01 6.602008e+01 6.148824e+01 6.760272e+01 6.358096e+01 9.498848e+01 6.635615e+01 7.001211e+01 4.964069e+01 5.868710e+01 1.410969e+02 2.991173e+01 1.594290e+00 1.697270e+00 5.380138e+00 5.310025e+00 4.454215e+00 4.325490e+00 3.215244e+00 5.069245e+00 6.084844e+00 5.381548e+00 3.141559e+00 3.732073e+00 3.237749e+00 2.790340e-01 2.883388e-01 1.026752e+00 9.994320e-01 7.041669e-01 7.891338e-01 5.537710e-01 8.775472e-01 1.182184e+00 9.607998e-01 6.047682e-01 7.178357e-01 4.234936e-01
<GCONST> 1.351102e+02
<STATE> 3
<MEAN> 39
 1.675523e+00 1.153664e+00 1.832837e+00 1.144433e-02 -5.473283e+00 -2.931706e+00 -8.274393e+00 -1.315614e+01 -7.030482e+00 -1.197678e+01 -1.052688e+00 -1.097831e+00 7.500475e+01 -4.744624e-02 1.102878e-01 -3.005476e-01 -4.871974e-01 -3.255794e-01 2.863176e-01 3.040631e-01 -1.938374e-02 2.587308e-01 1.900256e-01 -2.716228e-01 -5.004187e-02 1.452779e-01 -1.852765e-01 -3.597794e-02 -2.772398e-01 -1.580721e-01 -1.891595e-01 1.020241e-01 9.563975e-02 1.131749e-01 3.352279e-01 2.710505e-01 -1.419184e-01 -1.340529e-01 9.235066e-02
<VARIANCE> 39
 1.030322e+01 1.875948e+01 6.561224e+01 6.321167e+01 6.333166e+01 6.610303e+01 9.961209e+01 6.671187e+01 6.705167e+01 4.569438e+01 6.038749e+01 1.403992e+02 2.030069e+01 1.083033e+00 1.727733e+00 5.501936e+00 5.279648e+00 4.313825e+00 4.365217e+00 3.056166e+00 4.409668e+00 6.448230e+00 4.858750e+00 3.141992e+00 3.385914e+00 2.799928e+00 2.519006e-01 2.871030e-01 9.380139e-01 9.750092e-01 7.068840e-01 8.178811e-01 5.589712e-01 8.501272e-01 1.127741e+00 9.086962e-01 5.960827e-01 6.747620e-01 4.081101e-01
<GCONST> 1.330764e+02
<STATE> 4
<MEAN> 39
 1.225379e+00 1.459201e+00 1.220117e-01 -1.902866e+00 -6.920009e+00 -1.708531e+00 -6.830901e+00 -1.263319e+01 -5.011105e+00 -1.067998e+01 -2.227505e+00 -1.432271e+00 7.575555e+01 -3.881849e-01 7.587159e-02 -6.958336e-01 -5.486783e-01 -5.011557e-01 5.001956e-01 4.505996e-01 2.726175e-01 7.792075e-01 6.455461e-01 -4.733126e-01 -3.360328e-01 1.027291e-01 -1.649029e-01 -3.008746e-02 2.209817e-02 1.276845e-01 9.225214e-02 2.288864e-02 -1.008886e-02 1.412346e-01 1.816024e-02 6.770355e-02 2.278039e-02 -1.585640e-02 -1.142521e-01
<VARIANCE> 39
 1.254355e+01 2.320330e+01 6.454369e+01 6.460786e+01 6.479395e+01 7.580817e+01 1.136710e+02 6.235743e+01 6.966113e+01 4.427149e+01 6.452507e+01 1.268854e+02 2.844296e+01 1.550088e+00 2.024080e+00 4.039215e+00 4.024473e+00 4.298505e+00 4.177461e+00 3.106544e+00 3.994364e+00 5.150839e+00 4.125793e+00 3.044158e+00 3.135612e+00 2.790750e+00 2.917644e-01 3.683077e-01 8.328071e-01 7.751850e-01 7.290660e-01 8.456260e-01 5.838432e-01 7.377613e-01 1.083072e+00 8.028176e-01 6.098632e-01 6.234967e-01 3.940523e-01
<GCONST> 1.330890e+02
<TRANSP> 5
 0.000000e+00 1.000000e+00 0.000000e+00 0.000000e+00 0.000000e+00
 0.000000e+00 6.733607e-01 3.266393e-01 0.000000e+00 0.000000e+00
 0.000000e+00 0.000000e+00 6.482092e-01 3.517908e-01 0.000000e+00
 0.000000e+00 0.000000e+00 0.000000e+00 5.933908e-01 4.066092e-01
 0.000000e+00 0.000000e+00 0.000000e+00 0.000000e+00 0.000000e+00
<ENDHMM>
~h "o"
<BEGINHMM>
<NUMSTATES> 5
<STATE> 2
<MEAN> 39
 3.190761e-01 1.619656e+00 -3.919292e+00 -8.590448e+00 -1.188289e+01 2.988645e+00 -5.681921e+00 -1.042876e+01 -4.872095e+00 -8.084550e+00 6.527673e-01 -4.716627e-01 7.691833e+01 1.292223e+00 -9.519834e-02 2.098001e-01 -3.929047e-01 -1.206513e+00 -2.432549e-02 -3.182957e-01 -8.073385e-01 -5.152698e-01 -5.256095e-01 2.415434e-01 -2.566339e-01 1.019632e+00 -4.496304e-01 -1.090466e-01 1.696372e-01 5.727562e-01 5.647317e-01 -1.586065e-01 1.093280e-02 2.301560e-01 1.539434e-01 1.709373e-01 -1.145376e-01 1.592260e-03 -4.982371e-01
<VARIANCE> 39
 2.468693e+01 3.266084e+01 4.176640e+01 6.545612e+01 5.366746e+01 6.564313e+01 8.541531e+01 5.759125e+01 4.844712e+01 4.363509e+01 7.830225e+01 7.993744e+01 3.067184e+01 3.929482e+00 2.756941e+00 3.611892e+00 6.208685e+00 7.012205e+00 4.939540e+00 5.057813e+00 4.763836e+00 4.607748e+00 4.383147e+00 4.931465e+00 4.168666e+00 3.700161e+00 6.359605e-01 5.345523e-01 6.846721e-01 8.267239e-01 1.108978e+00 7.799874e-01 7.536988e-01 8.257095e-01 8.589902e-01 8.527477e-01 8.727708e-01 6.712212e-01 5.095963e-01
<GCONST> 1.385419e+02
<STATE> 3
<MEAN> 39
 1.501469e+00 6.564419e-01 -3.941686e+00 -8.453857e+00 -1.295821e+01 2.516513e+00 -6.362623e+00 -1.162387e+01 -5.332478e+00 -8.346424e+00 8.744777e-01 -1.168263e+00 7.829439e+01 2.935441e-01 -1.937567e-01 3.663704e-01 8.653841e-01 2.283546e-01 -3.807321e-01 -4.188029e-01 -2.312238e-01 -4.021597e-02 -6.690408e-02 -1.122346e-01 -1.920888e-01 4.257833e-02 -4.473145e-01 8.022056e-02 2.093456e-01 5.876622e-01 6.836478e-01 -1.607778e-01 1.694757e-02 3.138067e-01 1.544169e-01 1.040257e-01 -2.137742e-01 2.373470e-02 -5.555016e-01
<VARIANCE> 39
 1.399546e+01 3.108318e+01 3.523685e+01 7.062753e+01 4.383047e+01 6.597405e+01 9.829332e+01 5.518725e+01 5.355793e+01 4.268003e+01 8.800375e+01 9.389217e+01 1.904662e+01 2.233698e+00 2.368913e+00 2.990013e+00 5.022168e+00 6.227540e+00 4.029974e+00 4.302197e+00 4.241605e+00 4.039929e+00 4.227438e+00 4.568890e+00 3.423942e+00 3.267653e+00 4.166179e-01 4.552144e-01 5.622815e-01 6.659553e-01 9.752920e-01 7.556700e-01 7.999004e-01 7.752634e-01 8.452386e-01 8.231032e-01 9.085881e-01 6.832204e-01 3.966066e-01
<GCONST> 1.339230e+02
<STATE> 4
<MEAN> 39
 1.344575e+00 4.022774e-01 -3.211699e+00 -5.490099e+00 -1.126225e+01 1.101381e+00 -7.582136e+00 -1.172263e+01 -4.964058e+00 -8.224110e+00 1.538789e-02 -1.788449e+00 7.757397e+01 -3.281458e-01 2.212147e-01 9.727651e-01 1.958603e+00 1.375196e+00 -6.905699e-01 -3.497694e-01 3.216203e-01 8.633158e-02 -1.274500e-01 -5.739685e-01 -1.162959e-01 -1.037203e+00 -3.242833e-01 1.340416e-01 2.198076e-01 2.326193e-01 3.486795e-01 -3.036836e-02 1.549384e-01 2.301499e-01 5.799206e-05 -1.944553e-02 -1.071760e-01 3.760781e-02 -4.036516e-01
<VARIANCE> 39
 1.561420e+01 3.131787e+01 4.065042e+01 8.118156e+01 5.319987e+01 6.766128e+01 1.066739e+02 5.531096e+01 5.602377e+01 4.455252e+01 8.187703e+01 9.261003e+01 2.513630e+01 2.275351e+00 2.508691e+00 3.359339e+00 4.404908e+00 6.034213e+00 4.107127e+00 4.240967e+00 4.444834e+00 4.364388e+00 4.261606e+00 4.500015e+00 3.433403e+00 3.844110e+00 3.697045e-01 4.414400e-01 5.891041e-01 7.279111e-01 1.020866e+00 6.825971e-01 8.502335e-01 7.575687e-01 8.698476e-01 8.328112e-01 8.268567e-01 6.063920e-01 5.026540e-01
<GCONST> 1.352521e+02
<TRANSP> 5
 0.000000e+00 1.000000e+00 0.000000e+00 0.000000e+00 0.000000e+00
 0.000000e+00 4.071324e-01 5.928676e-01 0.000000e+00 0.000000e+00
 0.000000e+00 0.000000e+00 4.447720e-01 5.552280e-01 0.000000e+00
 0.000000e+00 0.000000e+00 0.000000e+00 4.803255e-01 5.196745e-01
 0.000000e+00 0.000000e+00 0.000000e+00 0.000000e+00 0.000000e+00
<ENDHMM>
~h "p"
<BEGINHMM>
<NUMSTATES> 5
<STATE> 2
<MEAN> 39
 -6.644849e+00 3.115868e+00 2.024453e+00 2.429903e+00 -2.657223e-01 2.439086e+00 -1.699367e+00 -3.102412e+00 -3.270418e+00 -3.943220e+00 -1.578477e+00 -8.337067e-01 5.828201e+01 -1.335977e+00 -3.731578e-01 -9.278737e-02 4.074754e-01 1.094267e+00 3.151689e-01 7.055185e-01 9.052991e-01 3.580103e-01 9.122360e-01 2.779058e-01 3.165600e-01 -1.394210e+00 1.148450e-01 -4.188366e-01 -4.702903e-01 -5.059499e-01 -6.522860e-01 -2.809477e-01 -3.703144e-01 -3.963459e-01 1.336828e-02 3.596861e-02 1.747124e-01 3.481549e-02 1.600529e+00
<VARIANCE> 39
 6.383786e+01 3.002581e+01 2.855449e+01 4.256775e+01 3.993436e+01 3.102991e+01 4.048729e+01 3.887691e+01 3.615267e+01 3.877320e+01 4.164917e+01 3.260589e+01 9.416580e+01 7.109911e+00 3.915489e+00 4.376640e+00 4.995256e+00 6.132258e+00 3.436468e+00 4.456387e+00 4.817597e+00 4.320805e+00 4.239122e+00 3.814852e+00 2.781014e+00 2.327978e+01 1.392080e+00 7.193575e-01 7.710941e-01 8.017170e-01 8.985755e-01 5.797517e-01 7.220830e-01 9.050047e-01 8.946183e-01 8.306875e-01 7.488419e-01 5.441722e-01 2.884481e+00
<GCONST> 1.390770e+02
<STATE> 3
<MEAN> 39
 -9.420801e+00 5.317430e-01 -1.788057e-01 1.344361e+00 -6.046295e-03 2.206381e+00 -1.449197e+00 -2.407247e+00 -2.269191e+00 -1.490771e+00 -1.166412e-01 4.157453e-01 6.186323e+01 5.775560e-01 -9.000955e-01 -1.167847e+00 -1.305878e+00 -1.174461e+00 -2.556687e-01 -5.335522e-01 -5.830085e-01 -2.610753e-01 3.170401e-01 3.726021e-01 1.390107e-01 3.328565e+00 8.955024e-01 1.251774e-01 -1.393699e-01 -5.092838e-01 -8.196149e-01 -1.101101e-01 -3.800392e-01 -5.073426e-01 -2.381923e-01 -4.157063e-01 -1.080081e-01 -1.965100e-01 9.635370e-01
<VARIANCE> 39
 4.166323e+01 3.052361e+01 2.914813e+01 3.387686e+01 3.479608e+01 2.535541e+01 3.216080e+01 3.195029e+01 2.909325e+01 2.959648e+01 2.987840e+01 2.319865e+01 1.153384e+02 1.141346e+01 4.783874e+00 4.021327e+00 5.601082e+00 7.479862e+00 3.703020e+00 4.868305e+00 5.561167e+00 4.911612e+00 5.027117e+00 4.348763e+00 3.722559e+00 1.642684e+01 1.446334e+00 1.061585e+00 8.767318e-01 9.851936e-01 1.042430e+00 7.561250e-01 9.473059e-01 1.016461e+00 9.996619e-01 8.846768e-01 9.067696e-01 7.756407e-01 3.715560e+00
<GCONST> 1.408536e+02
<STATE> 4
<MEAN> 39
 -4.804615e+00 -6.647924e-01 -2.983700e+00 -3.469506e+00 -5.284201e+00 1.393530e+00 -3.793308e+00 -5.177883e+00 -3.947226e+00 -2.348106e+00 1.282845e-01 -1.306772e-01 7.189845e+01 2.673567e+00 -4.401341e-02 -8.907620e-01 -1.969087e+00 -2.662810e+00 -2.142688e-01 -1.053724e+00 -1.430904e+00 -6.691547e-01 -8.012175e-01 -1.010358e-01 -5.827726e-01 3.396726e+00 6.099391e-02 2.348411e-01 2.278104e-01 2.751437e-01 2.316486e-02 1.597587e-03 -2.403210e-02 -4.833542e-02 1.504827e-01 -1.903910e-01 -1.104125e-01 -1.394013e-01 -6.793326e-01
<VARIANCE> 39
 6.026518e+01 3.364179e+01 2.697633e+01 4.905805e+01 6.590737e+01 3.145038e+01 4.642677e+01 3.777602e+01 3.178933e+01 3.027258e+01 4.291216e+01 3.432217e+01 6.069107e+01 7.025427e+00 5.566677e+00 3.838634e+00 5.732199e+00 6.966951e+00 4.499576e+00 5.972363e+00 5.261488e+00 5.121666e+00 4.594820e+00 5.280661e+00 5.556431e+00 8.114508e+00 1.924204e+00 1.007739e+00 6.563426e-01 1.255731e+00 1.712110e+00 7.810327e-01 9.161980e-01 1.036502e+00 1.028741e+00 8.775125e-01 9.894261e-01 8.341722e-01 1.776372e+00
<GCONST> 1.431254e+02
<TRANSP> 5
 0.000000e+00 1.000000e+00 0.000000e+00 0.000000e+00 0.000000e+00
 0.000000e+00 6.271968e-01 3.728032e-01 0.000000e+00 0.000000e+00
 0.000000e+00 0.000000e+00 5.528862e-01 4.471138e-01 0.000000e+00
 0.000000e+00 0.000000e+00 0.000000e+00 5.292832e-01 4.707167e-01
 0.000000e+00 0.000000e+00 0.000000e+00 0.000000e+00 0.000000e+00
<ENDHMM>
~h "r"
<BEGINHMM>
<NUMSTATES> 5
<STATE> 2
<MEAN> 39
 4.753559e-01 -1.750334e+00 -6.049875e+00 1.611087e+00 -8.848457e+00 -3.115882e+00 -7.797343e+00 -1.252021e+01 -3.833243e+00 -3.768720e+00 1.756148e+00 -2.091984e+00 7.770268e+01 9.240919e-01 -1.635564e-01 -9.149588e-01 6.212325e-01 -5.777862e-01 2.240904e-01 8.629073e-02 -3.861513e-01 -3.003213e-01 -1.159216e-01 2.769598e-01 -3.086913e-02 -4.172517e-02 -2.148641e-01 7.868674e-02 1.612154e-01 -1.202693e-01 -4.035553e-02 1.526046e-01 4.201648e-02 2.653620e-01 1.420590e-01 -2.068420e-01 -1.473912e-01 -7.379135e-03 -1.739082e-01
<VARIANCE> 39
 2.361359e+01 2.563342e+01 4.945375e+01 5.265911e+01 6.780444e+01 6.742520e+01 8.112242e+01 5.669620e+01 6.551717e+01 4.529207e+01 5.603468e+01 6.333376e+01 2.233074e+01 2.310818e+00 1.837994e+00 3.304537e+00 3.615695e+00 6.376463e+00 4.149629e+00 4.115783e+00 4.872522e+00 6.250473e+00 4.389612e+00 4.094995e+00 3.094550e+00 2.575325e+00 3.836686e-01 3.242514e-01 6.091960e-01 7.060333e-01 1.260996e+00 7.164699e-01 7.165377e-01 9.125706e-01 1.187577e+00 8.496308e-01 7.757849e-01 5.517571e-01 4.555664e-01
<GCONST> 1.340031e+02
<STATE> 3
<MEAN> 39
 1.882675e+00 -1.997101e+00 -7.678345e+00 2.490498e+00 -1.034762e+01 -2.331037e+00 -7.576285e+00 -1.267250e+01 -4.001186e+00 -4.479856e+00 1.804536e+00 -2.253778e+00 7.748380e+01 4.061812e-01 2.790590e-02 -2.634368e-01 7.341441e-02 -6.796423e-01 5.212988e-01 7.945546e-02 1.711134e-01 7.562467e-02 -4.621912e-01 -1.522499e-01 -1.086143e-01 -1.475748e-01 -2.954167e-01 1.250731e-01 4.012734e-01 -2.736664e-01 1.066912e-01 8.440413e-02 3.819433e-02 2.644007e-01 1.103589e-01 -1.173109e-01 -2.088012e-01 -2.189634e-02 -9.309853e-02
<VARIANCE> 39
 2.309962e+01 2.854694e+01 5.361104e+01 4.718448e+01 8.008453e+01 7.171730e+01 8.755811e+01 5.897366e+01 7.334492e+01 4.790918e+01 5.933878e+01 6.633823e+01 1.890901e+01 1.892046e+00 1.905453e+00 3.641856e+00 3.524871e+00 7.349139e+00 3.695836e+00 4.203607e+00 4.722991e+00 6.136158e+00 4.328899e+00 4.106960e+00 3.090553e+00 2.137523e+00 3.137757e-01 2.837394e-01 6.179683e-01 5.818048e-01 1.445564e+00 7.204159e-01 7.085339e-01 8.762802e-01 1.181204e+00 8.280433e-01 7.895340e-01 5.443798e-01 3.676300e-01
<GCONST> 1.335518e+02
<STATE> 4
<MEAN> 39
 2.177813e+00 -1.585724e+00 -7.159599e+00 1.937871e+00 -1.163122e+01 -1.129611e+00 -7.320243e+00 -1.171080e+01 -3.703749e+00 -5.631248e+00 7.171786e-01 -2.488418e+00 7.715875e+01 -2.175030e-01 3.559237e-01 7.448009e-01 -4.500567e-01 -1.206747e-01 5.795687e-01 1.646837e-01 6.345825e-01 1.293251e-01 -5.546369e-01 -5.987063e-01 -8.893795e-02 -4.095676e-01 -3.198662e-01 1.321374e-01 3.889930e-01 -1.357856e-01 3.991300e-01 -4.468290e-02 6.097632e-02 1.843287e-01 -6.186821e-03 2.324446e-02 -1.290701e-01 3.822336e-02 -1.976780e-01
<VARIANCE> 39
 2.659219e+01 3.502629e+01 5.559056e+01 4.902204e+01 7.978646e+01 7.207984e+01 1.012789e+02 6.374276e+01 7.636700e+01 5.130539e+01 6.722364e+01 7.104846e+01 2.483276e+01 2.111303e+00 2.110877e+00 3.694240e+00 3.179362e+00 8.120624e+00 3.644837e+00 4.299973e+00 4.532279e+00 5.153504e+00 4.054922e+00 4.011213e+00 2.958966e+00 3.000895e+00 3.161990e-01 3.138114e-01 6.109644e-01 5.563281e-01 1.311346e+00 6.898422e-01 7.435713e-01 8.137195e-01 1.050127e+00 7.609258e-01 7.593352e-01 5.554478e-01 3.842641e-01
<GCONST> 1.347027e+02
<TRANSP> 5
 0.000000e+00 1.000000e+00 0.000000e+00 0.000000e+00 0.000000e+00
 0.000000e+00 5.069623e-01 4.930377e-01 0.000000e+00 0.000000e+00
 0.000000e+00 0.000000e+00 5.072303e-01 4.927697e-01 0.000000e+00
 0.000000e+00 0.000000e+00 0.000000e+00 4.817728e-01 5.182272e-01
 0.000000e+00 0.000000e+00 0.000000e+00 0.000000e+00 0.000000e+00
<ENDHMM>
~h "s"
<BEGINHMM>
<NUMSTATES> 5
<STATE> 2
<MEAN> 39
 -2.902119e+01 6.397318e+00 -2.330653e+00 -4.198031e+00 4.473202e+00 6.143771e-01 -4.132958e+00 -2.471033e+00 2.172641e+00 -5.120697e-01 8.112214e-01 -7.367683e-01 7.469056e+01 -2.584630e+00 -3.060095e-03 -7.805221e-01 -5.131862e-01 3.629993e-01 1.069819e-01 5.717471e-01 6.849033e-01 6.361788e-01 5.575477e-01 2.962348e-01 5.218824e-01 -3.227513e-01 9.655713e-01 -2.573135e-01 4.232014e-02 1.158685e-01 -4.516669e-01 -1.041581e-01 -1.979101e-01 -2.875135e-01 -2.728025e-01 -1.541327e-01 -2.454412e-02 -3.766784e-02 -1.232497e-01
<VARIANCE> 39
 8.676189e+01 2.554883e+01 5.508179e+01 3.801327e+01 3.247045e+01 4.214965e+01 3.620984e+01 4.081451e+01 3.289949e+01 2.533226e+01 2.313087e+01 2.271917e+01 1.935361e+01 1.289736e+01 2.536144e+00 3.481429e+00 3.511514e+00 3.802239e+00 2.970630e+00 4.020384e+00 3.938961e+00 3.524171e+00 2.512688e+00 2.496947e+00 2.350820e+00 1.444514e+00 1.322402e+00 4.824596e-01 7.135547e-01 5.495257e-01 6.804180e-01 6.029882e-01 6.607676e-01 6.644591e-01 6.246721e-01 4.948458e-01 4.549021e-01 3.917935e-01 2.181814e-01
<GCONST> 1.254760e+02
<STATE> 3
<MEAN> 39
 -3.001628e+01 4.294814e+00 -3.110572e+00 -4.911685e+00 3.041033e+00 1.038889e+00 -4.035105e+00 -2.695345e+00 2.011559e+00 5.825295e-01 1.271648e+00 5.425682e-01 7.269402e+01 2.335683e+00 -5.759702e-01 4.368086e-01 3.087031e-01 -6.480635e-01 9.726199e-02 -1.172520e-01 -5.560135e-01 -6.955196e-01 -1.652580e-01 -1.232338e-01 8.811538e-02 -9.456876e-01 1.045269e+00 -4.562499e-02 2.302204e-01 1.176915e-01 -1.992046e-01 -4.105955e-02 -9.259552e-02 -2.423441e-01 -2.657425e-01 -2.752581e-01 -9.459971e-02 -1.446625e-01 -1.902395e-01
<VARIANCE> 39
 5.156071e+01 2.722071e+01 5.079253e+01 3.804492e+01 4.294878e+01 4.442873e+01 3.576352e+01 4.514235e+01 3.168490e+01 2.516824e+01 2.031532e+01 1.673120e+01 2.828524e+01 9.986140e+00 2.276844e+00 3.362876e+00 3.085548e+00 2.822132e+00 2.596365e+00 3.305725e+00 3.690779e+00 3.337687e+00 2.916079e+00 2.151507e+00 2.143451e+00 3.492940e+00 1.041530e+00 4.513377e-01 6.680740e-01 5.930489e-01 5.816308e-01 5.489283e-01 6.795880e-01 7.475662e-01 6.145784e-01 5.707186e-01 4.424202e-01 4.252583e-01 5.748407e-01
<GCONST> 1.255235e+02
<STATE> 4
<MEAN> 39
 -2.046498e+01 2.417463e+00 -1.034853e+00 -3.272113e+00 1.038058e+00 1.289026e+00 -3.954340e+00 -4.485182e+00 -7.207930e-01 -6.763723e-01 4.959415e-01 5.277896e-01 6.776208e+01 4.139589e+00 -5.659001e-01 4.267953e-01 4.279052e-01 -1.012971e+00 -1.846342e-01 -1.393984e-01 -7.469000e-01 -1.063662e+00 -8.383580e-01 -2.208891e-01 -1.919954e-01 -1.650719e+00 -3.700706e-02 1.938510e-03 -1.931839e-01 -9.406722e-02 -1.463032e-01 -8.241582e-02 -5.893985e-02 2.659633e-02 7.700617e-02 -7.624701e-02 1.717642e-02 -6.959960e-02 2.184822e-01
<VARIANCE> 39
 9.860986e+01 2.865868e+01 4.665007e+01 3.273404e+01 4.876619e+01 4.864929e+01 4.460024e+01 5.239654e+01 4.018409e+01 3.593928e+01 2.693202e+01 2.653611e+01 9.924536e+01 6.360407e+00 3.004318e+00 4.183514e+00 3.873598e+00 4.546950e+00 3.719487e+00 5.115349e+00 6.206711e+00 4.187678e+00 3.954521e+00 2.798226e+00 3.004019e+00 8.938326e+00 1.392245e+00 5.368650e-01 6.593034e-01 6.133887e-01 7.250400e-01 6.615764e-01 7.584198e-01 8.968503e-01 7.590959e-01 7.249668e-01 5.096258e-01 4.862647e-01 1.185540e+00
<GCONST> 1.359370e+02
<TRANSP> 5
 0.000000e+00 1.000000e+00 0.000000e+00 0.000000e+00 0.000000e+00
 0.000000e+00 8.448243e-01 1.551756e-01 0.000000e+00 0.000000e+00
 0.000000e+00 0.000000e+00 6.539503e-01 3.460497e-01 0.000000e+00
 0.000000e+00 0.000000e+00 0.000000e+00 5.546091e-01 4.453909e-01
 0.000000e+00 0.000000e+00 0.000000e+00 0.000000e+00 0.000000e+00
<ENDHMM>
~h "t"
<BEGINHMM>
<NUMSTATES> 5
<STATE> 2
<MEAN> 39
 -1.044190e+01 2.415730e+00 3.098972e+00 1.376540e+00 5.775080e-01 1.406871e+00 -5.078105e+00 -4.554178e+00 -2.690237e+00 -1.922760e+00 4.015375e-01 -1.364455e+00 6.210781e+01 -8.159550e-01 -7.334509e-01 -2.303365e-01 -1.878100e-01 2.947031e-01 3.639759e-01 5.390311e-01 6.538425e-01 5.531028e-01 5.876555e-01 4.480398e-02 3.399616e-01 -7.731577e-01 2.691571e-01 -3.352806e-01 -3.512520e-01 -3.277272e-01 -5.824917e-01 -2.750341e-01 -3.312505e-01 -3.332964e-01 -3.433589e-03 -9.039953e-02 1.027500e-02 -4.316477e-02 1.285516e+00
<VARIANCE> 39
 5.486824e+01 3.509330e+01 3.715795e+01 3.892381e+01 3.641517e+01 4.574275e+01 5.349482e+01 4.443349e+01 3.653234e+01 3.249322e+01 3.539483e+01 4.547493e+01 1.187504e+02 6.948693e+00 5.104340e+00 4.143009e+00 4.940635e+00 5.804178e+00 4.028939e+00 6.090348e+00 5.845899e+00 4.008218e+00 3.533925e+00 2.894243e+00 3.722765e+00 2.529053e+01 9.259987e-01 1.094229e+00 7.073771e-01 8.444664e-01 8.074696e-01 6.679882e-01 1.064755e+00 1.072924e+00 8.433837e-01 6.624801e-01 5.732957e-01 7.184410e-01 3.563202e+00
<GCONST> 1.413343e+02
<STATE> 3
<MEAN> 39
 -1.194204e+01 -8.503525e-01 1.004217e+00 -7.459438e-01 -9.354858e-01 1.146037e+00 -5.405169e+00 -4.255428e+00 -1.403784e+00 -5.704060e-01 7.249368e-01 -4.599017e-01 6.695261e+01 7.830986e-01 -6.533862e-01 -7.340781e-01 -1.017075e+00 -1.160859e+00 -4.190719e-01 -8.983867e-01 -9.380403e-01 -9.613268e-02 3.740472e-02 1.760424e-02 -2.135904e-01 3.010013e+00 7.065897e-01 3.159062e-01 -6.301697e-03 -5.340740e-02 -4.193880e-01 -1.933527e-01 -2.830757e-01 -5.235521e-01 -2.911235e-01 -3.522769e-01 -4.838639e-02 -2.371823e-01 5.228527e-01
<VARIANCE> 39
 4.313731e+01 3.913800e+01 3.439293e+01 3.529168e+01 3.915026e+01 4.450943e+01 4.782125e+01 4.317757e+01 3.280494e+01 2.652913e+01 2.851969e+01 3.480195e+01 1.181723e+02 9.334263e+00 5.289918e+00 3.478096e+00 4.606763e+00 5.069766e+00 4.353084e+00 7.217684e+00 7.431751e+00 4.824095e+00 4.123905e+00 3.396458e+00 4.905839e+00 1.744032e+01 1.245746e+00 1.223687e+00 7.273285e-01 9.474828e-01 9.389425e-01 8.392470e-01 1.439768e+00 1.272491e+00 9.392495e-01 7.643725e-01 6.917990e-01 9.124645e-01 3.980336e+00
<GCONST> 1.431661e+02
<STATE> 4
<MEAN> 39
 -8.493246e+00 -7.131820e-01 -3.473863e-01 -2.925396e+00 -3.931492e+00 -2.431698e-01 -8.197051e+00 -7.763494e+00 -2.597309e+00 -1.293126e+00 6.091642e-01 -1.709537e+00 7.448394e+01 2.453141e+00 3.569387e-01 -4.018077e-01 -7.256235e-01 -1.742298e+00 -5.660120e-01 -9.842796e-01 -1.817841e+00 -7.447432e-01 -8.578955e-01 -1.029917e-01 -7.372737e-01 2.502351e+00 2.452008e-01 2.058082e-01 1.418284e-01 2.861931e-01 -8.815732e-02 5.089158e-02 2.782023e-01 7.982716e-02 -3.370018e-02 -2.928690e-01 -6.725552e-02 -2.222435e-02 -7.563291e-01
<VARIANCE> 39
 5.426194e+01 3.144446e+01 2.995346e+01 3.376104e+01 4.726393e+01 5.373317e+01 6.052666e+01 5.291932e+01 3.868293e+01 2.830787e+01 3.360958e+01 4.830840e+01 5.185572e+01 6.276984e+00 5.006404e+00 2.894057e+00 4.853703e+00 4.961395e+00 4.661531e+00 7.964648e+00 6.287691e+00 5.163142e+00 4.309862e+00 4.169862e+00 5.219735e+00 8.898564e+00 1.500619e+00 9.135079e-01 5.608326e-01 7.201621e-01 9.583945e-01 8.419943e-01 1.352310e+00 1.338440e+00 9.287639e-01 7.258250e-01 7.131784e-01 8.617544e-01 1.832715e+00
<GCONST> 1.413148e+02
<TRANSP> 5
 0.000000e+00 1.000000e+00 0.000000e+00 0.000000e+00 0.000000e+00
 0.000000e+00 6.455014e-01 3.544986e-01 0.000000e+00 0.000000e+00
 0.000000e+00 0.000000e+00 5.122432e-01 4.877568e-01 0.000000e+00
 0.000000e+00 0.000000e+00 0.000000e+00 4.283932e-01 5.716068e-01
 0.000000e+00 0.000000e+00 0.000000e+00 0.000000e+00 0.000000e+00
<ENDHMM>
~h "u"
<BEGINHMM>
<NUMSTATES> 5
<STATE> 2
<MEAN> 39
 -4.045171e+00 3.625862e+00 1.583981e+00 -9.096261e-01 -5.564683e+00 1.368804e-01 -8.744301e+00 -1.182982e+01 -5.195932e+00 -8.975877e+00 -1.457639e+00 -8.923017e-01 7.415088e+01 1.512835e+00 4.338538e-01 6.817141e-01 5.652556e-01 -3.528498e-01 -3.310310e-01 -6.798707e-01 -1.185089e+00 -8.509875e-01 -7.430384e-01 2.992507e-03 -3.102541e-01 5.332189e-01 -5.948055e-01 -1.124803e-01 9.159627e-05 1.309777e-01 1.699537e-01 -9.896298e-02 2.058917e-01 4.265166e-01 3.053506e-01 2.190295e-01 -1.455558e-03 1.853692e-02 -2.624411e-01
<VARIANCE> 39
 6.772823e+01 3.064197e+01 4.443774e+01 5.532479e+01 6.403792e+01 7.099594e+01 1.069395e+02 6.173311e+01 5.586641e+01 5.328917e+01 5.792839e+01 5.695684e+01 3.209996e+01 1.237626e+01 3.303480e+00 3.832714e+00 6.110466e+00 8.224814e+00 5.929772e+00 7.625727e+00 8.446661e+00 6.679462e+00 5.842010e+00 4.542768e+00 3.874972e+00 3.889309e+00 1.315617e+00 6.175304e-01 7.204725e-01 8.462654e-01 1.225905e+00 9.598700e-01 1.131565e+00 1.250955e+00 1.162226e+00 9.730873e-01 8.485953e-01 6.293695e-01 5.753470e-01
<GCONST> 1.454666e+02
<STATE> 3
<MEAN> 39
 -2.509245e+00 3.691579e+00 2.026309e+00 -2.764199e-01 -6.441749e+00 -4.804909e-01 -9.531487e+00 -1.330494e+01 -5.981159e+00 -9.748446e+00 -1.155775e+00 -1.155436e+00 7.502972e+01 1.210871e-01 1.028342e-01 5.287490e-01 7.678401e-01 1.310822e-01 -4.008436e-01 -2.454161e-01 -1.343220e-01 -5.736777e-02 -9.629796e-02 -8.540818e-02 -2.646722e-01 1.271089e-01 -8.939528e-01 -1.463966e-01 -6.892233e-02 5.004006e-02 3.293431e-01 -2.399864e-02 3.586894e-01 7.183067e-01 4.544933e-01 3.549021e-01 -8.234255e-02 4.652915e-02 -3.106920e-01
<VARIANCE> 39
 4.596701e+01 2.852638e+01 4.184926e+01 5.729247e+01 6.349627e+01 7.421337e+01 1.211252e+02 5.861665e+01 5.718235e+01 5.047629e+01 6.261848e+01 6.248864e+01 2.526734e+01 1.173547e+01 3.386443e+00 3.489427e+00 5.656737e+00 9.071085e+00 6.160967e+00 7.423264e+00 8.539967e+00 6.535565e+00 5.773475e+00 4.611496e+00 3.475371e+00 3.749456e+00 1.152279e+00 5.903202e-01 6.830767e-01 8.313991e-01 1.249070e+00 9.554996e-01 1.208599e+00 1.254645e+00 1.181308e+00 9.537607e-01 8.806326e-01 6.776730e-01 4.933925e-01
<GCONST> 1.445361e+02
<STATE> 4
<MEAN> 39
 -3.642478e+00 3.511224e+00 2.730768e+00 1.267841e+00 -5.571426e+00 -1.090027e+00 -9.472617e+00 -1.239840e+01 -5.205917e+00 -9.275281e+00 -1.606078e+00 -1.599536e+00 7.492179e+01 -1.284865e+00 -5.698638e-02 4.788239e-01 8.153316e-01 7.662048e-01 -3.957127e-01 3.638183e-01 1.104967e+00 6.326878e-01 4.529411e-01 -2.930920e-01 -2.099892e-01 -3.819921e-01 -7.000617e-01 -1.286187e-01 -1.304629e-01 -1.400755e-01 2.003263e-01 4.319721e-02 3.587718e-01 5.370374e-01 2.745823e-01 2.507671e-01 -2.318927e-02 1.089168e-01 -2.521827e-01
<VARIANCE> 39
 6.392818e+01 3.119375e+01 4.489764e+01 6.299955e+01 7.663091e+01 7.788750e+01 1.237742e+02 6.429828e+01 5.970723e+01 4.979402e+01 6.011792e+01 6.059410e+01 3.383973e+01 1.038566e+01 3.557257e+00 3.796915e+00 5.623413e+00 8.369299e+00 5.924931e+00 6.347686e+00 7.095224e+00 6.003584e+00 5.384264e+00 4.461525e+00 3.211323e+00 4.246312e+00 1.072336e+00 6.123314e-01 7.098169e-01 8.198184e-01 1.337473e+00 9.254309e-01 1.213393e+00 1.202983e+00 1.110178e+00 9.160987e-01 8.650997e-01 6.391513e-01 5.166196e-01
<GCONST> 1.449777e+02
<TRANSP> 5
 0.000000e+00 1.000000e+00 0.000000e+00 0.000000e+00 0.000000e+00
 0.000000e+00 2.757600e-01 7.242400e-01 0.000000e+00 0.000000e+00
 0.000000e+00 0.000000e+00 2.854908e-01 7.145092e-01 0.000000e+00
 0.000000e+00 0.000000e+00 0.000000e+00 2.783968e-01 7.216032e-01
 0.000000e+00 0.000000e+00 0.000000e+00 0.000000e+00 0.000000e+00
<ENDHMM>
~h "v"
<BEGINHMM>
<NUMSTATES> 5
<STATE> 2
<MEAN> 39
 1.241881e+00 3.912143e+00 -2.719287e+00 -6.832278e+00 -1.359036e+01 2.114639e+00 -3.060551e+00 -1.041400e+01 -5.482267e+00 -9.465503e+00 -3.561120e+00 -2.623408e+00 7.457995e+01 5.265416e-01 2.115698e-01 -1.324490e-01 -5.880924e-01 -7.612388e-01 2.171885e-01 4.132988e-01 -1.379445e-03 -7.450727e-02 -2.787931e-01 -1.966254e-01 3.913937e-02 1.678476e-02 -1.737515e-01 -1.655435e-01 1.971591e-02 7.895090e-02 9.147574e-02 -1.398469e-01 -1.176934e-01 -8.743882e-03 1.667513e-01 1.367206e-01 1.136011e-01 3.010142e-02 9.931505e-02
<VARIANCE> 39
 1.812889e+01 4.258125e+01 2.581502e+01 8.147691e+01 6.668658e+01 4.324306e+01 7.509226e+01 4.666115e+01 5.756945e+01 3.754872e+01 7.352435e+01 6.930141e+01 2.930921e+01 2.150854e+00 2.927731e+00 1.629367e+00 4.362484e+00 5.102224e+00 3.145731e+00 3.276081e+00 3.176062e+00 3.471544e+00 2.897945e+00 4.067602e+00 2.620067e+00 2.843139e+00 3.993138e-01 4.995410e-01 2.994935e-01 7.972112e-01 9.406018e-01 5.722882e-01 5.838434e-01 5.959567e-01 6.030342e-01 5.359162e-01 7.676173e-01 4.972663e-01 4.217542e-01
<GCONST> 1.286622e+02
<STATE> 3
<MEAN> 39
 2.024527e+00 3.729621e+00 -3.024560e+00 -8.042589e+00 -1.509701e+01 1.940627e+00 -2.181793e+00 -1.065294e+01 -4.778910e+00 -9.600087e+00 -3.692998e+00 -2.230608e+00 7.512017e+01 2.062596e-01 -3.952644e-01 -1.899357e-01 -4.017757e-01 -3.442280e-01 -6.155658e-02 -3.390697e-02 -2.126092e-01 2.562985e-01 1.276661e-01 3.137143e-01 1.454950e-01 4.248093e-01 -1.481438e-01 -1.583396e-01 9.287642e-03 1.828893e-01 2.239101e-01 -9.379844e-02 -2.011520e-01 -3.756409e-02 9.724380e-02 1.273318e-01 1.164731e-01 -4.418600e-03 8.764889e-02
<VARIANCE> 39
 1.532377e+01 4.040321e+01 2.567736e+01 7.837418e+01 5.897920e+01 4.621594e+01 7.557696e+01 4.832977e+01 6.708054e+01 3.762907e+01 8.209743e+01 7.128889e+01 2.135015e+01 1.375014e+00 2.738405e+00 1.480071e+00 4.112210e+00 4.715928e+00 2.742326e+00 3.263781e+00 2.995455e+00 3.077271e+00 2.741473e+00 4.087106e+00 2.643288e+00 2.236522e+00 3.062546e-01 4.351679e-01 2.646550e-01 7.904595e-01 9.048424e-01 5.257492e-01 5.521713e-01 5.482148e-01 5.877464e-01 4.997820e-01 7.792085e-01 4.885690e-01 3.657592e-01
<GCONST> 1.259704e+02
<STATE> 4
<MEAN> 39
 2.177967e+00 1.830284e+00 -3.606658e+00 -8.095289e+00 -1.452509e+01 1.461689e+00 -2.852883e+00 -1.142843e+01 -3.906977e+00 -8.708227e+00 -2.043363e+00 -1.283400e+00 7.669199e+01 -1.237231e-01 -6.945860e-01 -1.511498e-01 3.159602e-01 4.560317e-01 -2.726412e-01 -6.869716e-01 -2.882902e-01 3.519109e-01 3.787441e-01 5.451140e-01 6.241358e-02 5.278673e-01 -1.856358e-01 6.350045e-02 1.425273e-01 4.053813e-01 3.278803e-01 -1.198628e-01 -1.745636e-01 1.083345e-01 2.502679e-02 2.168588e-02 -1.010996e-01 -9.090515e-02 -1.396700e-01
<VARIANCE> 39
 1.451583e+01 4.351048e+01 2.959991e+01 6.995543e+01 5.416356e+01 5.792550e+01 9.822063e+01 5.772652e+01 6.950809e+01 4.260432e+01 9.624934e+01 8.783003e+01 2.307388e+01 1.136474e+00 2.300181e+00 1.540704e+00 4.153420e+00 4.626932e+00 3.081012e+00 3.874741e+00 3.280519e+00 3.578151e+00 3.094623e+00 4.310667e+00 2.885585e+00 1.913597e+00 2.577562e-01 4.325934e-01 3.101704e-01 6.860859e-01 8.267184e-01 5.692474e-01 6.399094e-01 6.322441e-01 6.534901e-01 5.680218e-01 8.931997e-01 5.592328e-01 3.719459e-01
<GCONST> 1.281467e+02
<TRANSP> 5
 0.000000e+00 1.000000e+00 0.000000e+00 0.000000e+00 0.000000e+00
 0.000000e+00 6.930642e-01 3.069358e-01 0.000000e+00 0.000000e+00
 0.000000e+00 0.000000e+00 6.755378e-01 3.244622e-01 0.000000e+00
 0.000000e+00 0.000000e+00 0.000000e+00 6.026120e-01 3.973881e-01
 0.000000e+00 0.000000e+00 0.000000e+00 0.000000e+00 0.000000e+00
<ENDHMM>
~h "w"
<BEGINHMM>
<NUMSTATES> 5
<STATE> 2
<MEAN> 39
 3.095952e+00 3.570881e+00 -3.445974e+00 -8.684322e+00 -1.613842e+01 3.007780e+00 -4.148569e+00 -1.181997e+01 -5.471735e+00 -1.123155e+01 -1.979578e+00 6.748822e-01 7.637238e+01 -4.925226e-02 1.078089e+00 6.652823e-01 1.682984e-01 9.599026e-02 1.668090e-01 -9.641929e-03 8.272393e-02 -7.400966e-02 -9.725841e-01 -2.938789e-01 2.181507e-01 -7.646886e-01 -3.637108e-01 -9.377965e-02 1.904197e-01 5.437458e-01 7.167001e-01 -2.360038e-01 -2.468473e-01 6.297792e-02 1.493122e-01 2.843979e-01 -1.149708e-02 -1.569347e-01 -8.740950e-02
<VARIANCE> 39
 1.114213e+01 3.945753e+01 3.168968e+01 5.380920e+01 4.537399e+01 6.591953e+01 1.048911e+02 5.148384e+01 6.799696e+01 4.751546e+01 9.788835e+01 7.887854e+01 1.662921e+01 1.021348e+00 1.544601e+00 1.497217e+00 3.368835e+00 5.028574e+00 3.043796e+00 3.783855e+00 3.049757e+00 3.542810e+00 3.290483e+00 3.601733e+00 2.456623e+00 8.816009e-01 2.078627e-01 2.732831e-01 3.034744e-01 3.675483e-01 6.413900e-01 6.573088e-01 6.229062e-01 6.218286e-01 6.989852e-01 6.341860e-01 7.288157e-01 5.196155e-01 2.068238e-01
<GCONST> 1.231698e+02
<STATE> 3
<MEAN> 39
 2.542401e+00 5.345383e+00 -1.727309e+00 -6.634388e+00 -1.415655e+01 2.866556e+00 -4.878909e+00 -1.159991e+01 -5.238814e+00 -1.258725e+01 -2.400151e+00 1.196122e+00 7.478415e+01 -8.659009e-01 6.650049e-01 9.687602e-01 1.460210e+00 1.884234e+00 -2.580134e-01 -6.173543e-01 8.801837e-02 1.116982e-01 -3.525182e-02 -8.062623e-02 -1.112825e-01 -8.608020e-01 -5.055281e-01 -2.266909e-01 1.481411e-01 4.624043e-01 6.366758e-01 -2.170329e-01 -5.393075e-02 2.260802e-01 1.794436e-01 4.760938e-01 1.572203e-02 -1.877385e-01 -8.441125e-02
<VARIANCE> 39
 1.496730e+01 3.797970e+01 3.176906e+01 5.459641e+01 5.464490e+01 7.411946e+01 1.159105e+02 4.981709e+01 7.744992e+01 4.727493e+01 1.004127e+02 7.051566e+01 2.094724e+01 2.400820e+00 2.484031e+00 2.049953e+00 3.694833e+00 5.956882e+00 4.130881e+00 4.285088e+00 4.275053e+00 4.663209e+00 4.491071e+00 4.490858e+00 2.998183e+00 2.002405e+00 4.119108e-01 3.588582e-01 4.361482e-01 4.931877e-01 8.641770e-01 8.284785e-01 8.775998e-01 8.022258e-01 9.489366e-01 7.411938e-01 8.358573e-01 5.650885e-01 3.595029e-01
<GCONST> 1.325582e+02
<STATE> 4
<MEAN> 39
 3.735437e-01 5.912266e+00 3.319233e-01 -2.585083e+00 -9.101133e+00 2.056480e+00 -6.539929e+00 -1.114943e+01 -4.887412e+00 -1.157506e+01 -2.293886e+00 6.041316e-01 7.313925e+01 -1.932548e+00 2.286573e-01 1.359295e+00 2.192734e+00 2.764943e+00 -7.200838e-01 -5.041764e-01 7.977684e-01 5.191832e-01 8.859460e-01 -1.152580e-01 -5.120533e-01 -1.084809e+00 -5.314649e-01 -2.958518e-01 -1.498104e-02 -4.505464e-02 -1.183765e-02 -1.429769e-01 2.688334e-01 3.607981e-01 2.119635e-01 3.241170e-01 1.089983e-02 -7.197538e-02 -4.858196e-03
<VARIANCE> 39
 3.294994e+01 3.832255e+01 3.789930e+01 6.721654e+01 7.570363e+01 7.333481e+01 1.159905e+02 5.235892e+01 7.318822e+01 4.983273e+01 8.285966e+01 6.571462e+01 3.441460e+01 5.627696e+00 3.539287e+00 3.443189e+00 3.926527e+00 6.437360e+00 6.547925e+00 5.657506e+00 5.854012e+00 6.021892e+00 5.330010e+00 5.537580e+00 3.598028e+00 4.323109e+00 6.280475e-01 5.508776e-01 6.851602e-01 7.609680e-01 1.244131e+00 8.959028e-01 1.043977e+00 9.890165e-01 1.109133e+00 8.822713e-01 8.583423e-01 6.044632e-01 6.397994e-01
<GCONST> 1.424025e+02
<TRANSP> 5
 0.000000e+00 1.000000e+00 0.000000e+00 0.000000e+00 0.000000e+00
 0.000000e+00 5.412251e-01 4.587749e-01 0.000000e+00 0.000000e+00
 0.000000e+00 0.000000e+00 4.577511e-01 5.422488e-01 0.000000e+00
 0.000000e+00 0.000000e+00 0.000000e+00 4.032401e-01 5.967599e-01
 0.000000e+00 0.000000e+00 0.000000e+00 0.000000e+00 0.000000e+00
<ENDHMM>
~h "x"
<BEGINHMM>
<NUMSTATES> 5
<STATE> 2
<MEAN> 39
 -1.072264e+01 -3.597941e+00 -8.374846e+00 -6.446612e+00 1.228457e+00 8.569154e+00 -3.982937e+00 -4.118748e+00 7.176306e-01 -6.219118e-01 2.978132e+00 2.548841e+00 7.213822e+01 -9.463761e-01 -5.899901e-01 -1.227343e+00 -1.442913e+00 1.507635e-01 1.196409e+00 5.665365e-01 4.339215e-01 5.102637e-01 4.929004e-01 7.672187e-01 6.049927e-01 -3.242540e-01 3.656302e-01 1.090314e-01 3.272375e-01 1.700485e-01 -4.402499e-01 -5.210694e-01 -1.670872e-01 -1.394439e-01 -2.158035e-01 -2.743116e-01 -2.486074e-01 -1.558253e-01 1.735019e-01
<VARIANCE> 39
 4.511459e+01 3.159193e+01 4.133698e+01 6.784149e+01 4.826411e+01 6.010536e+01 6.652355e+01 4.337874e+01 3.848634e+01 5.453273e+01 4.724173e+01 5.375744e+01 2.795480e+01 4.797554e+00 2.699340e+00 5.655785e+00 4.743005e+00 5.051339e+00 6.735631e+00 3.894910e+00 3.614076e+00 4.106031e+00 4.681205e+00 5.253834e+00 3.294465e+00 2.319865e+00 6.795026e-01 5.431246e-01 1.001516e+00 7.438601e-01 9.111085e-01 9.990140e-01 6.472560e-01 6.341566e-01 6.764760e-01 8.250884e-01 8.421884e-01 5.608947e-01 2.747444e-01
<GCONST> 1.354080e+02
<STATE> 3
<MEAN> 39
 -1.077173e+01 -4.356855e+00 -9.576102e+00 -9.007481e+00 -3.186264e-01 9.315110e+00 -3.350538e+00 -3.989223e+00 2.596006e-01 -8.093514e-01 3.266360e+00 3.110426e+00 7.234501e+01 7.066108e-01 1.950110e-01 4.342471e-01 -1.561146e-01 -5.138085e-01 -3.694907e-01 1.226555e-01 1.793800e-02 -3.670692e-01 -2.609226e-01 -3.848077e-01 -2.531133e-01 1.460863e-01 4.935004e-01 2.357348e-01 4.179510e-01 3.226530e-01 -2.094367e-01 -4.044951e-01 -1.441237e-01 -1.487624e-01 -2.272009e-01 -2.150940e-01 -3.034539e-01 -2.633863e-01 1.682075e-01
<VARIANCE> 39
 4.539013e+01 3.521915e+01 4.299279e+01 5.846281e+01 5.372319e+01 6.103122e+01 6.744413e+01 4.089687e+01 4.441607e+01 5.203471e+01 4.944706e+01 5.468062e+01 1.921319e+01 5.253726e+00 2.613953e+00 4.901915e+00 3.757564e+00 3.679832e+00 4.713655e+00 3.090645e+00 3.014594e+00 4.253872e+00 4.442466e+00 4.568795e+00 3.607767e+00 1.404019e+00 6.594586e-01 5.273843e-01 1.030371e+00 6.637794e-01 7.515149e-01 8.285029e-01 5.557685e-01 5.783566e-01 7.916338e-01 8.286719e-01 7.959086e-01 5.921502e-01 2.380172e-01
<GCONST> 1.325496e+02
<STATE> 4
<MEAN> 39
 -6.248555e+00 -3.270891e+00 -7.158582e+00 -8.520146e+00 -2.969089e+00 6.445621e+00 -4.101749e+00 -4.506124e+00 -2.102560e+00 -2.185093e+00 7.374221e-01 1.565343e-01 7.384551e+01 1.732586e+00 6.390790e-01 9.386910e-01 3.837278e-01 -9.724091e-01 -1.242784e+00 -2.426464e-01 -3.611117e-01 -6.847728e-01 -5.894826e-01 -9.484447e-01 -8.475689e-01 5.725151e-01 9.196331e-02 1.641756e-02 -2.610915e-02 4.527318e-02 -1.663198e-01 -1.253074e-01 -1.111819e-01 -1.472387e-01 -2.284294e-03 -8.996423e-02 7.661592e-03 -1.006345e-02 7.431421e-02
<VARIANCE> 39
 6.251269e+01 4.673891e+01 4.763416e+01 5.776838e+01 6.665220e+01 6.907432e+01 7.449398e+01 4.497215e+01 5.789253e+01 5.870860e+01 5.057047e+01 8.316401e+01 2.644075e+01 4.147264e+00 3.071345e+00 4.939470e+00 3.500798e+00 4.330028e+00 4.223591e+00 3.163460e+00 3.199120e+00 5.068760e+00 4.799580e+00 3.966954e+00 3.701419e+00 1.644411e+00 7.255538e-01 5.951527e-01 9.024781e-01 6.004201e-01 7.839180e-01 6.936566e-01 5.279513e-01 5.945554e-01 8.991015e-01 8.358451e-01 7.018351e-01 6.484689e-01 3.249854e-01
<GCONST> 1.354529e+02
<TRANSP> 5
 0.000000e+00 1.000000e+00 0.000000e+00 0.000000e+00 0.000000e+00
 0.000000e+00 7.032412e-01 2.967588e-01 0.000000e+00 0.000000e+00
 0.000000e+00 0.000000e+00 7.068166e-01 2.931834e-01 0.000000e+00
 0.000000e+00 0.000000e+00 0.000000e+00 6.919746e-01 3.080254e-01
 0.000000e+00 0.000000e+00 0.000000e+00 0.000000e+00 0.000000e+00
<ENDHMM>
~h "z"
<BEGINHMM>
<NUMSTATES> 5
<STATE> 2
<MEAN> 39
 -1.282952e+01 1.021660e+01 2.085575e+00 -3.763837e+00 2.073506e+00 -9.537482e-01 -1.135999e+01 -1.264183e+01 -7.992333e+00 -6.162071e+00 3.509586e-01 -5.002483e+00 7.781938e+01 -2.031696e+00 1.990280e+00 2.965276e-01 1.885063e-01 1.827549e+00 5.377089e-01 8.235933e-01 3.790987e-01 -7.071169e-01 -8.569098e-02 -4.403953e-01 2.511457e-01 -5.277617e-01 4.283217e-01 -2.956095e-01 -8.476938e-02 2.396960e-01 -4.203452e-01 -5.307654e-02 1.222714e-01 1.232756e-01 1.582141e-01 -8.886707e-02 -1.401305e-01 8.149464e-02 -1.722878e-01
<VARIANCE> 39
 7.434123e+01 5.286739e+01 4.432198e+01 4.987098e+01 7.297264e+01 7.436379e+01 6.356085e+01 4.048974e+01 4.146163e+01 3.210577e+01 4.446615e+01 7.694767e+01 9.733877e+00 8.682171e+00 5.324672e+00 2.353479e+00 3.720963e+00 5.894882e+00 3.977639e+00 4.757218e+00 4.485721e+00 3.836337e+00 2.729668e+00 3.234928e+00 2.156343e+00 1.287179e+00 1.570993e+00 9.194658e-01 3.618122e-01 5.552503e-01 8.490571e-01 6.170492e-01 8.500493e-01 7.921637e-01 6.085458e-01 5.081716e-01 5.666666e-01 4.203464e-01 2.274321e-01
<GCONST> 1.321081e+02
<STATE> 3
<MEAN> 39
 -1.477750e+01 1.352948e+01 2.892554e+00 -1.542024e+00 4.593492e+00 1.237419e+00 -8.144994e+00 -1.110148e+01 -8.855228e+00 -6.615310e+00 -8.031103e-01 -2.954005e+00 7.518745e+01 1.094618e+00 -7.728443e-02 6.825373e-02 5.126531e-01 -4.094306e-01 2.514242e-01 5.472845e-01 2.776626e-01 -1.027702e-01 -1.282887e-01 -3.202445e-01 2.258972e-01 -1.082806e+00 7.899349e-01 -5.920543e-01 -4.741852e-02 -4.704081e-03 -5.645553e-01 -1.463084e-01 -8.337940e-02 -2.940677e-02 1.961805e-01 -4.076633e-02 3.686561e-02 -2.422046e-02 -4.315564e-02
<VARIANCE> 39
 5.638925e+01 3.555708e+01 4.954062e+01 4.900046e+01 5.520338e+01 6.844179e+01 4.868472e+01 3.823354e+01 4.200172e+01 3.319915e+01 4.101893e+01 5.865536e+01 2.338152e+01 1.023541e+01 6.269232e+00 2.500281e+00 3.844817e+00 5.863756e+00 3.342161e+00 3.755788e+00 3.986539e+00 3.298511e+00 2.429551e+00 2.876431e+00 1.795233e+00 3.173743e+00 1.379520e+00 8.010505e-01 4.374255e-01 6.996020e-01 6.827149e-01 6.389778e-01 7.320068e-01 8.523306e-01 6.238387e-01 4.855815e-01 5.404469e-01 3.544773e-01 6.580502e-01
<GCONST> 1.323526e+02
<STATE> 4
<MEAN> 39
 -8.504068e+00 1.114254e+01 3.161038e+00 -1.374018e-01 1.595335e+00 1.733577e+00 -6.629760e+00 -1.049891e+01 -8.393495e+00 -7.000676e+00 -1.292292e+00 -2.085811e+00 7.190527e+01 2.404367e+00 -1.394949e+00 -4.916820e-02 2.389452e-01 -1.555683e+00 -1.896524e-01 2.968808e-01 2.324063e-01 4.582253e-01 -2.393907e-01 -2.304293e-01 1.225728e-01 -7.361632e-01 -7.202172e-02 -2.907684e-01 -1.222001e-01 -1.738147e-01 -2.190913e-01 -1.531237e-01 -1.126280e-01 -2.534081e-02 2.189668e-01 -6.072894e-03 2.198325e-02 -2.565257e-02 4.277883e-01
<VARIANCE> 39
 5.223357e+01 5.286718e+01 4.798968e+01 5.280925e+01 7.267227e+01 5.704375e+01 5.489264e+01 4.029086e+01 4.082224e+01 3.476427e+01 4.458490e+01 5.725753e+01 4.436397e+01 4.391999e+00 5.448084e+00 3.125292e+00 4.134105e+00 4.467701e+00 3.874375e+00 3.988621e+00 4.878678e+00 3.548780e+00 2.720263e+00 3.283109e+00 1.866925e+00 6.953322e+00 1.139878e+00 9.345982e-01 4.755289e-01 7.066035e-01 8.197685e-01 6.099601e-01 6.514699e-01 8.888515e-01 6.292794e-01 5.233066e-01 6.156601e-01 3.680672e-01 1.043142e+00
<GCONST> 1.351181e+02
<TRANSP> 5
 0.000000e+00 1.000000e+00 0.000000e+00 0.000000e+00 0.000000e+00
 0.000000e+00 7.727484e-01 2.272516e-01 0.000000e+00 0.000000e+00
 0.000000e+00 0.000000e+00 6.724597e-01 3.275402e-01 0.000000e+00
 0.000000e+00 0.000000e+00 0.000000e+00 6.015123e-01 3.984878e-01
 0.000000e+00 0.000000e+00 0.000000e+00 0.000000e+00 0.000000e+00
<ENDHMM>
~h "Aa"
<BEGINHMM>
<NUMSTATES> 5
<STATE> 2
<MEAN> 39
 4.912949e-01 -8.135906e+00 -9.522936e+00 -8.785871e+00 -8.328778e+00 3.151251e+00 -5.301173e+00 -7.978501e+00 -1.622325e+00 -3.014038e+00 -3.432526e+00 -7.370988e+00 8.235078e+01 2.119624e-01 -6.958370e-01 -4.768099e-01 -1.423481e-01 5.907838e-02 3.717221e-01 3.195214e-01 2.005037e-01 -6.047267e-03 5.940953e-02 -4.610627e-01 -2.896227e-01 4.197909e-01 -1.649686e-01 2.993227e-01 2.272833e-01 2.106724e-01 6.466110e-02 -1.468392e-01 -5.652358e-02 -7.824264e-03 -8.119590e-02 -9.013596e-02 7.391881e-02 1.814350e-01 -2.746499e-01
<VARIANCE> 39
 1.221924e+01 2.462869e+01 2.121622e+01 6.325151e+01 3.563143e+01 5.103281e+01 6.849921e+01 4.969089e+01 5.744676e+01 4.079235e+01 6.567254e+01 1.133750e+02 1.135267e+01 8.192620e-01 1.637960e+00 1.315171e+00 1.832415e+00 2.141935e+00 2.277498e+00 2.106382e+00 2.128477e+00 2.203110e+00 2.016896e+00 2.085658e+00 2.039570e+00 1.086558e+00 2.191800e-01 1.891427e-01 2.235121e-01 2.674769e-01 4.312287e-01 3.669450e-01 3.429129e-01 3.645099e-01 4.036578e-01 3.408230e-01 3.609798e-01 3.711667e-01 1.703464e-01
<GCONST> 1.109229e+02
<STATE> 3
<MEAN> 39
 1.005128e+00 -7.975105e+00 -9.546155e+00 -6.727431e+00 -8.591592e+00 2.282191e+00 -4.232642e+00 -7.521044e+00 -8.009979e-01 -2.872223e+00 -4.195416e+00 -5.854828e+00 8.237004e+01 8.426074e-03 4.690281e-01 3.699126e-01 4.510932e-01 -4.892868e-01 -4.927508e-01 -1.764468e-01 -2.120440e-02 1.143847e-02 -2.817615e-01 4.687076e-03 2.290204e-01 -2.366546e-01 -3.317001e-02 2.951336e-01 2.771928e-01 1.554628e-01 -7.846535e-02 -1.816662e-01 -1.444136e-01 -7.554478e-02 -8.837291e-02 -1.527115e-01 1.466045e-01 1.470933e-01 -1.916104e-01
<VARIANCE> 39
 1.195037e+01 2.426186e+01 2.131055e+01 5.799880e+01 4.271959e+01 5.577252e+01 7.225222e+01 6.038643e+01 5.636633e+01 4.878332e+01 6.492720e+01 9.568409e+01 1.006779e+01 3.524756e-01 1.105699e+00 1.158371e+00 1.667575e+00 2.136872e+00 2.040607e+00 1.931870e+00 2.095353e+00 1.910621e+00 1.669674e+00 1.772853e+00 1.632777e+00 4.392477e-01 6.897875e-02 1.171971e-01 1.647678e-01 2.168539e-01 3.407698e-01 2.722851e-01 2.865934e-01 3.464144e-01 3.433955e-01 2.980441e-01 2.908613e-01 2.781785e-01 7.091987e-02
<GCONST> 1.032966e+02
<STATE> 4
<MEAN> 39
 9.288397e-01 -5.281257e+00 -7.075596e+00 -4.097970e+00 -1.054459e+01 -5.073545e-01 -5.330048e+00 -7.765924e+00 -4.756815e-01 -4.155046e+00 -3.462276e+00 -4.266745e+00 8.103589e+01 -4.956643e-02 1.293195e+00 1.338071e+00 1.022761e+00 -5.003179e-01 -9.659302e-01 -5.859488e-01 -2.898391e-01 -5.064461e-01 -9.396319e-01 4.681146e-01 7.288932e-01 -8.754125e-01 -4.704568e-02 1.795644e-01 2.664808e-01 1.868891e-01 2.941124e-01 -2.851362e-03 -5.913236e-02 -7.221034e-02 -2.405447e-01 -2.210345e-01 6.051220e-02 1.111299e-01 -2.271701e-01
<VARIANCE> 39
 1.438219e+01 2.580669e+01 2.940505e+01 5.994980e+01 5.873159e+01 7.412755e+01 8.640120e+01 7.148025e+01 6.010765e+01 5.102011e+01 6.876496e+01 8.550810e+01 1.392348e+01 5.840006e-01 1.058472e+00 1.877747e+00 2.417587e+00 3.238957e+00 2.397486e+00 2.399402e+00 2.892086e+00 3.042653e+00 2.811150e+00 2.449514e+00 2.226346e+00 7.754834e-01 1.235400e-01 1.540031e-01 2.697265e-01 3.052721e-01 4.896443e-01 4.090933e-01 4.376812e-01 5.166170e-01 4.925523e-01 4.175034e-01 4.253455e-01 3.743071e-01 1.191234e-01
<GCONST> 1.150237e+02
<TRANSP> 5
 0.000000e+00 1.000000e+00 0.000000e+00 0.000000e+00 0.000000e+00
 0.000000e+00 8.232309e-01 1.767691e-01 0.000000e+00 0.000000e+00
 0.000000e+00 0.000000e+00 7.278681e-01 2.721318e-01 0.000000e+00
 0.000000e+00 0.000000e+00 0.000000e+00 5.965805e-01 4.034196e-01
 0.000000e+00 0.000000e+00 0.000000e+00 0.000000e+00 0.000000e+00
<ENDHMM>
~h "Ea"
<BEGINHMM>
<NUMSTATES> 5
<STATE> 2
<MEAN> 39
 -1.243371e+00 -7.798486e+00 -5.223975e+00 -8.429735e-01 -1.169659e+01 -5.646369e+00 -1.035452e+01 -4.106441e+00 1.500455e+00 -2.750432e+00 -4.155668e+00 -6.670985e+00 8.298927e+01 3.608024e-01 -1.109666e+00 -1.374210e+00 -9.114838e-01 2.854153e-01 6.777113e-01 5.774221e-01 8.146926e-01 3.210535e-01 2.940078e-01 -6.075791e-01 -5.890180e-01 7.357274e-01 -1.918084e-01 2.536267e-01 2.883221e-01 1.634463e-01 2.961993e-01 1.776234e-01 1.480159e-01 -1.920805e-01 -2.774434e-01 -1.252469e-01 4.336147e-02 1.895290e-01 -3.706432e-01
<VARIANCE> 39
 1.064644e+01 2.155047e+01 3.784450e+01 3.326112e+01 7.376102e+01 5.475800e+01 6.643780e+01 6.686752e+01 5.917863e+01 6.123420e+01 6.438166e+01 6.654014e+01 9.244461e+00 9.565237e-01 1.427883e+00 2.074791e+00 1.670744e+00 3.299069e+00 2.580880e+00 2.699865e+00 3.422171e+00 2.782069e+00 2.785743e+00 2.504412e+00 2.199867e+00 1.141250e+00 2.315930e-01 1.855555e-01 2.641485e-01 2.401581e-01 6.494458e-01 4.894563e-01 5.664780e-01 6.312001e-01 4.989166e-01 4.153101e-01 4.529066e-01 4.033893e-01 2.179054e-01
<GCONST> 1.166647e+02
<STATE> 3
<MEAN> 39
 -7.308869e-01 -9.441850e+00 -7.594534e+00 -2.749955e+00 -1.013949e+01 -3.748245e+00 -8.607362e+00 -3.231835e+00 7.114189e-01 -2.512915e+00 -5.746305e+00 -7.333302e+00 8.354025e+01 1.082534e-01 -6.408051e-03 -2.314978e-01 -1.881347e-01 9.234788e-02 3.501582e-01 2.089617e-01 -7.571021e-02 -2.091739e-01 -8.099584e-02 -2.621478e-02 6.530330e-02 -4.347067e-02 -5.248909e-02 3.132174e-01 3.286739e-01 2.036820e-01 -1.285641e-01 -1.303325e-01 -1.397115e-01 -2.176439e-01 -1.325555e-01 -1.403555e-01 1.866390e-01 1.744117e-01 -1.999706e-01
<VARIANCE> 39
 9.521723e+00 2.023698e+01 2.839830e+01 3.958406e+01 6.966656e+01 5.543949e+01 6.347812e+01 6.362417e+01 5.614230e+01 7.410254e+01 6.424149e+01 7.240359e+01 7.405556e+00 3.635619e-01 1.080935e+00 1.456813e+00 1.495476e+00 2.174166e+00 2.138778e+00 1.814045e+00 2.307220e+00 1.730313e+00 1.746036e+00 1.731167e+00 1.517104e+00 3.546984e-01 7.050544e-02 1.018871e-01 1.583395e-01 1.754626e-01 3.771095e-01 2.925403e-01 3.079165e-01 3.864338e-01 3.297239e-01 3.126447e-01 2.946796e-01 2.574454e-01 6.586078e-02
<GCONST> 1.027306e+02
<STATE> 4
<MEAN> 39
 -4.195137e-01 -7.504993e+00 -6.447441e+00 -1.911611e+00 -1.049541e+01 -4.048331e+00 -8.355036e+00 -4.750135e+00 1.215534e-01 -2.855882e+00 -4.403754e+00 -5.448134e+00 8.256824e+01 4.471962e-02 9.693716e-01 7.875129e-01 4.491511e-01 -3.643308e-01 -1.165070e-01 -2.653148e-01 -6.480699e-01 -6.309844e-01 -6.679142e-01 5.765616e-01 5.867071e-01 -6.528966e-01 -4.527869e-02 2.751102e-01 3.214062e-01 1.804580e-01 1.228187e-01 -6.958365e-02 -6.289002e-02 -9.285630e-02 -1.898770e-01 -2.312944e-01 6.819333e-02 1.185240e-01 -2.351615e-01
<VARIANCE> 39
 1.276339e+01 1.993599e+01 3.285072e+01 5.093822e+01 7.847614e+01 7.169760e+01 7.226022e+01 6.446082e+01 5.343687e+01 6.583893e+01 6.214723e+01 7.607848e+01 9.777079e+00 5.333350e-01 9.778723e-01 1.658786e+00 1.988712e+00 2.348856e+00 2.402727e+00 2.318016e+00 2.573118e+00 2.253358e+00 2.630464e+00 2.173270e+00 1.795269e+00 6.350360e-01 1.020765e-01 1.169750e-01 2.298854e-01 2.475700e-01 5.067000e-01 3.585587e-01 3.809481e-01 4.427790e-01 3.867567e-01 3.605667e-01 3.415421e-01 3.199012e-01 9.356518e-02
<GCONST> 1.100408e+02
<TRANSP> 5
 0.000000e+00 1.000000e+00 0.000000e+00 0.000000e+00 0.000000e+00
 0.000000e+00 7.010565e-01 2.989435e-01 0.000000e+00 0.000000e+00
 0.000000e+00 0.000000e+00 7.545488e-01 2.454512e-01 0.000000e+00
 0.000000e+00 0.000000e+00 0.000000e+00 6.796319e-01 3.203681e-01
 0.000000e+00 0.000000e+00 0.000000e+00 0.000000e+00 0.000000e+00
<ENDHMM>
~h "Ee"
<BEGINHMM>
<NUMSTATES> 5
<STATE> 2
<MEAN> 39
 -5.201873e+00 -9.527075e-01 6.442012e+00 9.072992e+00 -1.941709e+01 -1.317909e+01 -9.482243e+00 -1.088246e+01 -2.694903e+00 -1.150662e+01 -1.649959e+00 -7.759104e-01 8.031644e+01 3.009830e-02 -2.124623e-01 -2.828673e-01 -1.224653e-01 -6.907595e-01 -2.369507e-01 -1.824259e-02 1.672890e-01 2.368092e-01 3.154603e-02 2.608959e-01 3.596067e-02 3.466898e-01 -1.953165e-02 6.103588e-02 -8.794706e-02 -8.400905e-02 3.547670e-01 1.925615e-01 -1.475688e-02 1.324419e-01 -2.907127e-02 1.047379e-01 -1.988479e-02 -7.069954e-02 -1.792563e-01
<VARIANCE> 39
 8.741439e+00 2.038238e+01 4.523336e+01 3.548927e+01 1.558374e+02 4.312878e+01 7.083292e+01 3.953125e+01 8.465157e+01 2.447373e+01 5.310985e+01 3.590716e+01 1.113340e+01 6.073601e-01 7.405897e-01 1.095941e+00 1.055085e+00 3.315265e+00 1.819023e+00 1.843529e+00 2.031540e+00 1.846592e+00 1.501432e+00 1.567306e+00 1.115504e+00 7.276033e-01 1.456202e-01 1.467558e-01 2.051513e-01 2.110995e-01 4.951847e-01 3.507596e-01 3.359473e-01 3.932206e-01 3.506944e-01 3.190124e-01 2.845970e-01 2.090707e-01 1.378489e-01
<GCONST> 1.045613e+02
<STATE> 3
<MEAN> 39
 -4.630975e+00 -1.685512e+00 4.921029e+00 8.481796e+00 -1.821111e+01 -1.328022e+01 -1.016978e+01 -9.130945e+00 -2.054668e+00 -1.094188e+01 -1.507582e+00 -8.583442e-01 8.078966e+01 2.060666e-01 -4.329072e-03 -5.438933e-01 -2.201183e-01 5.777434e-01 2.335829e-01 -4.188015e-01 4.192528e-01 1.302696e-01 2.436100e-01 2.379654e-02 -2.519838e-01 -1.735049e-01 1.579633e-02 1.036361e-01 9.820646e-03 -3.883682e-02 3.766483e-01 2.162854e-01 -6.300792e-03 -1.729272e-02 -5.437213e-02 9.475295e-02 -6.016716e-02 -6.709035e-02 -2.295964e-01
<VARIANCE> 39
 8.055445e+00 2.178259e+01 4.307535e+01 3.683304e+01 1.383767e+02 4.586834e+01 7.419885e+01 5.245787e+01 9.062431e+01 2.776728e+01 6.047321e+01 4.086584e+01 1.121291e+01 3.957484e-01 6.947599e-01 1.100111e+00 1.103151e+00 2.363225e+00 1.598080e+00 1.813503e+00 1.939467e+00 1.728489e+00 1.573576e+00 1.543913e+00 1.123366e+00 6.526702e-01 1.018359e-01 1.253614e-01 1.862722e-01 1.946952e-01 3.759933e-01 3.039474e-01 3.634875e-01 3.626179e-01 3.347915e-01 2.745370e-01 2.588952e-01 2.061936e-01 1.679723e-01
<GCONST> 1.029357e+02
<STATE> 4
<MEAN> 39
 -3.644243e+00 -1.515284e+00 3.110231e+00 7.677971e+00 -1.484213e+01 -1.198830e+01 -1.196203e+01 -7.901469e+00 -1.705448e+00 -9.759286e+00 -1.803822e+00 -1.869564e+00 7.982302e+01 2.057814e-01 4.435567e-01 -3.767030e-01 -3.763205e-01 1.826473e+00 1.033357e+00 -2.101575e-01 1.910393e-01 -9.454060e-02 5.950994e-01 -1.033290e-01 -4.169247e-01 -1.060802e+00 -1.852636e-01 1.115813e-01 1.440756e-01 -5.754662e-02 3.091340e-01 2.854641e-01 3.328122e-01 -7.080813e-02 -1.001746e-01 6.396291e-02 -8.206369e-03 5.392228e-02 -3.570034e-01
<VARIANCE> 39
 9.652552e+00 2.538174e+01 4.184759e+01 3.985659e+01 1.281241e+02 5.272359e+01 7.691720e+01 6.131917e+01 8.234324e+01 3.729927e+01 6.171702e+01 4.610659e+01 1.664008e+01 1.248141e+00 1.385600e+00 1.883405e+00 1.947588e+00 4.389626e+00 2.844603e+00 3.250436e+00 3.128141e+00 3.078488e+00 2.404281e+00 2.518590e+00 1.822274e+00 2.672803e+00 2.982109e-01 2.325518e-01 3.166577e-01 3.191406e-01 5.575152e-01 4.066413e-01 5.793148e-01 5.117981e-01 5.042014e-01 4.160060e-01 3.683136e-01 3.218905e-01 3.937221e-01
<GCONST> 1.195830e+02
<TRANSP> 5
 0.000000e+00 1.000000e+00 0.000000e+00 0.000000e+00 0.000000e+00
 0.000000e+00 8.633059e-01 1.366941e-01 0.000000e+00 0.000000e+00
 0.000000e+00 0.000000e+00 7.143990e-01 2.856009e-01 0.000000e+00
 0.000000e+00 0.000000e+00 0.000000e+00 5.716546e-01 4.283454e-01
 0.000000e+00 0.000000e+00 0.000000e+00 0.000000e+00 0.000000e+00
<ENDHMM>
~h "Ie"
<BEGINHMM>
<NUMSTATES> 5
<STATE> 2
<MEAN> 39
 -7.684608e+00 1.210991e+00 1.125930e+01 9.120581e+00 -1.440406e+01 -1.127589e+01 -7.319735e+00 -1.242132e+01 -5.235431e+00 -1.215541e+01 -3.468513e+00 -1.225540e+00 7.849216e+01 9.342781e-01 -5.501454e-01 -7.560228e-01 -1.799349e-01 -1.669259e+00 -8.970277e-01 -5.915127e-01 -3.428667e-01 6.403809e-01 -2.041878e-01 4.302803e-01 4.647263e-02 1.064559e+00 -1.641261e-01 -1.567944e-01 -5.695686e-01 -3.260105e-01 3.002289e-01 3.286299e-01 -3.966619e-02 4.823931e-01 2.831025e-01 4.343419e-01 1.808426e-01 1.068276e-02 -1.705129e-01
<VARIANCE> 39
 1.817992e+01 2.413778e+01 4.446387e+01 3.573818e+01 1.138131e+02 4.953269e+01 6.376198e+01 3.938752e+01 8.850604e+01 3.336265e+01 3.730457e+01 3.498566e+01 1.764916e+01 2.572953e+00 2.111261e+00 4.266442e+00 2.660433e+00 5.009251e+00 3.594023e+00 3.230420e+00 5.959586e+00 4.318138e+00 4.417949e+00 2.738917e+00 2.221040e+00 1.060784e+00 4.428689e-01 3.924890e-01 6.135678e-01 4.087111e-01 7.135872e-01 5.798961e-01 5.197349e-01 9.472137e-01 7.734887e-01 6.569518e-01 5.035555e-01 4.043238e-01 2.022316e-01
<GCONST> 1.258252e+02
<STATE> 3
<MEAN> 39
 -5.999233e+00 -7.880604e-01 6.885670e+00 7.205705e+00 -1.804016e+01 -1.279803e+01 -9.263170e+00 -1.080318e+01 -2.699547e+00 -1.113450e+01 -1.816620e+00 -1.544707e+00 8.065081e+01 7.418718e-01 -7.175448e-01 -1.717597e+00 -7.384880e-01 -2.928806e-01 1.138103e-01 -7.557597e-01 9.446744e-01 9.278225e-01 7.555356e-01 4.498756e-01 -1.942679e-01 5.131521e-01 -8.339760e-02 7.883415e-02 -8.432846e-02 -1.461736e-01 6.320622e-01 4.681733e-01 7.716432e-02 1.818311e-01 -1.292805e-01 1.807407e-01 -1.051810e-01 -8.596303e-02 -3.052141e-01
<VARIANCE> 39
 1.260154e+01 2.270675e+01 5.043363e+01 3.415319e+01 1.235363e+02 4.847359e+01 6.362329e+01 4.946452e+01 9.424826e+01 3.595394e+01 4.367344e+01 4.328605e+01 1.264420e+01 8.221160e-01 1.234265e+00 2.427531e+00 1.843275e+00 4.637051e+00 3.276384e+00 2.340799e+00 4.448107e+00 3.529484e+00 3.113101e+00 2.787038e+00 2.174675e+00 9.209440e-01 2.276675e-01 2.768229e-01 5.535662e-01 3.299539e-01 5.512269e-01 5.361984e-01 5.018396e-01 9.309930e-01 7.913859e-01 6.957470e-01 5.210647e-01 4.339926e-01 1.566411e-01
<GCONST> 1.200586e+02
<STATE> 4
<MEAN> 39
 -4.003575e+00 -2.687393e+00 1.725718e+00 4.630114e+00 -1.683668e+01 -1.120955e+01 -1.164401e+01 -7.375528e+00 -8.600643e-01 -8.732611e+00 -1.534852e+00 -3.182717e+00 8.114313e+01 5.571636e-01 -1.605532e-01 -1.220413e+00 -8.448072e-01 1.558591e+00 1.377511e+00 -2.994125e-01 5.618516e-01 5.633425e-02 7.227407e-01 -7.017184e-02 -4.186966e-01 -4.907842e-01 -1.888033e-01 2.953422e-01 3.816841e-01 6.904016e-02 5.367545e-01 3.007967e-01 3.497376e-01 -2.620450e-01 -3.888841e-01 -2.027473e-01 -7.311232e-02 1.111819e-01 -4.562457e-01
<VARIANCE> 39
 1.365598e+01 2.061693e+01 4.386356e+01 3.481665e+01 1.285349e+02 5.423904e+01 5.893015e+01 5.566847e+01 7.878394e+01 4.547035e+01 4.947036e+01 5.869718e+01 1.350232e+01 1.484807e+00 1.801574e+00 3.412453e+00 2.611624e+00 4.937740e+00 3.685340e+00 3.270038e+00 4.498297e+00 4.950556e+00 3.836456e+00 3.554648e+00 3.143697e+00 2.047858e+00 2.692519e-01 2.843492e-01 5.625573e-01 3.884567e-01 6.291387e-01 6.236256e-01 5.603477e-01 8.485361e-01 8.783711e-01 8.729765e-01 6.190138e-01 5.606765e-01 2.727186e-01
<GCONST> 1.267974e+02
<TRANSP> 5
 0.000000e+00 1.000000e+00 0.000000e+00 0.000000e+00 0.000000e+00
 0.000000e+00 5.948535e-01 4.051465e-01 0.000000e+00 0.000000e+00
 0.000000e+00 0.000000e+00 6.199433e-01 3.800567e-01 0.000000e+00
 0.000000e+00 0.000000e+00 0.000000e+00 6.388154e-01 3.611846e-01
 0.000000e+00 0.000000e+00 0.000000e+00 0.000000e+00 0.000000e+00
<ENDHMM>
~h "Ii"
<BEGINHMM>
<NUMSTATES> 5
<STATE> 2
<MEAN> 39
 -8.134845e+00 4.505908e+00 1.493746e+01 1.038782e+01 -1.187379e+01 -9.634419e+00 -2.660624e+00 -1.401849e+01 -8.266520e+00 -1.269641e+01 -5.817655e+00 -6.380644e-01 7.564500e+01 2.282302e-01 6.735897e-02 3.555287e-01 3.660113e-01 -8.979766e-01 -5.868176e-01 2.158353e-01 -8.131005e-01 -1.286389e-01 -5.597167e-01 -1.736151e-01 7.968364e-02 4.401042e-01 -4.860672e-02 -1.006544e-01 -3.998717e-01 -1.444310e-01 2.318547e-01 1.340704e-01 -1.319411e-01 2.898463e-01 1.952457e-01 1.848059e-01 1.554416e-01 1.144146e-03 -1.639511e-01
<VARIANCE> 39
 1.622479e+01 2.343708e+01 3.718459e+01 4.420073e+01 9.904787e+01 4.451142e+01 5.952421e+01 4.459167e+01 6.701099e+01 4.123067e+01 3.122899e+01 3.314315e+01 2.032503e+01 2.347848e+00 1.912081e+00 3.218037e+00 2.371715e+00 4.994204e+00 3.299598e+00 2.947474e+00 4.530101e+00 3.252725e+00 3.157568e+00 2.122789e+00 1.744124e+00 2.181020e+00 3.635483e-01 3.905848e-01 4.708211e-01 3.999907e-01 8.261586e-01 5.940386e-01 4.837754e-01 7.067949e-01 5.964654e-01 5.225456e-01 3.700503e-01 3.300965e-01 3.984937e-01
<GCONST> 1.229272e+02
<STATE> 3
<MEAN> 39
 -7.522268e+00 3.788106e+00 1.313998e+01 1.066426e+01 -1.354321e+01 -1.126743e+01 -3.796432e+00 -1.457533e+01 -7.094670e+00 -1.397084e+01 -5.321098e+00 -8.674191e-01 7.653355e+01 4.176853e-01 -5.804237e-02 -8.636608e-01 7.963942e-02 5.769047e-01 -3.223302e-02 -4.960184e-01 5.470191e-01 4.145368e-01 9.258886e-02 2.274055e-01 -1.417367e-01 -4.332601e-01 -2.281945e-03 2.675015e-02 -2.190442e-01 -1.714444e-01 4.792418e-01 3.443210e-01 -5.477667e-02 3.375683e-01 7.545116e-02 3.075331e-01 6.581036e-02 -6.209122e-02 -3.642773e-01
<VARIANCE> 39
 1.297942e+01 2.214046e+01 4.149342e+01 4.422863e+01 1.158920e+02 4.349496e+01 6.174319e+01 4.215930e+01 7.759412e+01 4.240501e+01 3.518297e+01 3.841671e+01 1.864061e+01 1.571653e+00 1.576320e+00 2.217741e+00 1.936135e+00 5.343256e+00 3.284066e+00 2.825799e+00 3.586289e+00 2.872971e+00 2.918627e+00 1.856050e+00 1.571324e+00 3.064909e+00 3.185228e-01 3.397114e-01 3.960608e-01 3.669502e-01 7.941455e-01 6.317119e-01 5.733275e-01 6.008115e-01 5.960405e-01 5.236446e-01 3.635488e-01 3.135249e-01 5.492212e-01
<GCONST> 1.214944e+02
<STATE> 4
<MEAN> 39
 -5.785679e+00 3.530144e+00 9.347063e+00 1.038942e+01 -1.001768e+01 -1.051047e+01 -6.492031e+00 -1.163403e+01 -5.100568e+00 -1.298961e+01 -4.451098e+00 -1.843880e+00 7.417317e+01 3.938337e-01 1.476499e-01 -1.197669e+00 -5.256681e-01 1.900473e+00 1.318780e+00 -2.961475e-01 1.244258e+00 4.365543e-01 1.109042e+00 3.107240e-01 -2.971947e-01 -1.698173e+00 -2.209536e-01 -4.032543e-02 -2.484012e-02 -2.843333e-01 4.461132e-02 3.489150e-01 2.559496e-01 1.994536e-02 -7.461184e-02 2.403322e-01 2.647122e-02 4.358860e-02 -1.175045e-01
<VARIANCE> 39
 2.509307e+01 2.587123e+01 4.572090e+01 4.401586e+01 1.322207e+02 5.153268e+01 6.490193e+01 4.769661e+01 7.136358e+01 4.918378e+01 3.807315e+01 4.106939e+01 4.438168e+01 3.628945e+00 2.474310e+00 2.800540e+00 2.839404e+00 6.116831e+00 4.632168e+00 4.111363e+00 3.903468e+00 4.256018e+00 3.752284e+00 2.626495e+00 1.960584e+00 6.009954e+00 4.429785e-01 5.489448e-01 5.726736e-01 4.640437e-01 1.196897e+00 8.312832e-01 7.862819e-01 7.142481e-01 7.829095e-01 6.241401e-01 4.695136e-01 3.972551e-01 1.307743e+00
<GCONST> 1.330782e+02
<TRANSP> 5
 0.000000e+00 1.000000e+00 0.000000e+00 0.000000e+00 0.000000e+00
 0.000000e+00 7.867626e-01 2.132374e-01 0.000000e+00 0.000000e+00
 0.000000e+00 0.000000e+00 6.976146e-01 3.023854e-01 0.000000e+00
 0.000000e+00 0.000000e+00 0.000000e+00 6.294541e-01 3.705459e-01
 0.000000e+00 0.000000e+00 0.000000e+00 0.000000e+00 0.000000e+00
<ENDHMM>
~h "Oo"
<BEGINHMM>
<NUMSTATES> 5
<STATE> 2
<MEAN> 39
 2.391618e+00 3.231954e+00 -3.324464e+00 -1.320862e+01 -1.917943e+01 2.432025e+00 -1.522266e+00 -9.987021e+00 -3.132981e+00 -9.639403e+00 -3.671123e+00 -1.908362e+00 7.744649e+01 5.150182e-01 -1.600468e-01 -2.930020e-01 -1.144126e+00 -1.200870e+00 4.313006e-01 6.550645e-01 1.139863e-01 6.710947e-02 -2.747917e-01 -1.114730e-01 -1.275799e-01 4.038045e-01 -2.806113e-01 -1.471853e-01 8.112769e-02 4.075849e-01 5.808906e-01 -4.270440e-02 -1.513939e-01 9.562397e-02 -5.438231e-02 7.641017e-02 9.043457e-02 4.002396e-02 -1.924057e-01
<VARIANCE> 39
 1.239468e+01 2.917045e+01 4.283404e+01 7.417785e+01 5.773872e+01 6.941193e+01 7.082945e+01 5.763852e+01 5.596028e+01 3.618910e+01 7.697016e+01 7.211658e+01 1.654518e+01 1.481898e+00 1.401815e+00 1.942317e+00 3.996256e+00 6.149632e+00 3.298450e+00 3.214890e+00 3.170881e+00 3.330863e+00 2.667563e+00 3.052063e+00 2.321292e+00 1.029060e+00 2.721445e-01 2.688352e-01 3.521464e-01 4.412817e-01 7.029667e-01 5.170662e-01 5.829548e-01 6.258041e-01 6.201988e-01 5.052022e-01 5.178939e-01 4.007063e-01 2.184493e-01
<GCONST> 1.228146e+02
<STATE> 3
<MEAN> 39
 2.789734e+00 1.861131e+00 -4.244565e+00 -1.372157e+01 -1.889212e+01 2.874488e+00 -4.737039e-01 -1.002817e+01 -3.397443e+00 -9.815880e+00 -3.531649e+00 -1.823225e+00 7.821458e+01 -1.566706e-01 -3.047871e-01 -1.020359e-01 5.166613e-01 8.209483e-01 5.995038e-02 -4.794320e-01 -2.587188e-01 -2.184658e-01 4.989357e-02 4.432985e-01 6.828471e-02 3.619581e-03 -2.014935e-01 4.490133e-02 1.549766e-01 4.916750e-01 4.926034e-01 -1.371142e-01 -3.337419e-01 -4.498740e-02 2.001926e-02 1.022645e-01 6.429547e-02 -2.201781e-03 -2.022083e-01
<VARIANCE> 39
 1.024209e+01 3.247266e+01 3.665084e+01 6.807273e+01 4.841196e+01 7.593091e+01 7.426686e+01 6.462963e+01 5.736677e+01 3.634761e+01 9.065600e+01 8.426360e+01 1.403171e+01 5.764879e-01 1.138704e+00 1.332441e+00 3.214715e+00 4.214030e+00 3.000225e+00 3.532883e+00 2.926407e+00 2.978569e+00 2.640059e+00 3.062406e+00 2.176896e+00 9.939557e-01 1.213050e-01 1.960052e-01 2.730188e-01 3.052438e-01 5.394019e-01 5.182524e-01 5.112097e-01 5.824159e-01 5.735824e-01 5.010264e-01 5.737367e-01 4.223149e-01 1.862262e-01
<GCONST> 1.180217e+02
<STATE> 4
<MEAN> 39
 1.676084e+00 1.010142e+00 -3.863931e+00 -8.871135e+00 -1.351023e+01 1.716763e+00 -3.983431e+00 -1.187462e+01 -3.953878e+00 -9.036937e+00 -1.449926e+00 -1.064309e+00 7.769069e+01 -8.078355e-01 9.508462e-02 7.460676e-01 2.235568e+00 2.092372e+00 -5.799199e-01 -1.427132e+00 -6.872067e-02 1.361321e-01 3.034090e-01 2.233665e-01 -5.723909e-02 -9.396626e-01 -2.724806e-01 6.465016e-02 2.561991e-01 2.840719e-01 9.379297e-02 -1.357499e-01 9.040962e-02 3.030805e-01 1.305923e-01 4.890776e-02 -2.055640e-01 -8.041840e-02 -3.201300e-01
<VARIANCE> 39
 1.320122e+01 3.956386e+01 3.561493e+01 7.034822e+01 6.070482e+01 7.733032e+01 1.083715e+02 6.680383e+01 5.693387e+01 4.180389e+01 9.581133e+01 9.796687e+01 2.331706e+01 1.377056e+00 1.948807e+00 2.550799e+00 3.693318e+00 5.168797e+00 5.667856e+00 4.195778e+00 4.838519e+00 4.597838e+00 3.933469e+00 4.458585e+00 3.410465e+00 3.230849e+00 2.503128e-01 4.047883e-01 4.371365e-01 5.141225e-01 8.641768e-01 7.398493e-01 9.464651e-01 8.332058e-01 8.607750e-01 7.683172e-01 8.208436e-01 6.227264e-01 4.291071e-01
<GCONST> 1.331843e+02
<TRANSP> 5
 0.000000e+00 1.000000e+00 0.000000e+00 0.000000e+00 0.000000e+00
 0.000000e+00 7.535254e-01 2.464745e-01 0.000000e+00 0.000000e+00
 0.000000e+00 0.000000e+00 7.383815e-01 2.616185e-01 0.000000e+00
 0.000000e+00 0.000000e+00 0.000000e+00 6.925530e-01 3.074470e-01
 0.000000e+00 0.000000e+00 0.000000e+00 0.000000e+00 0.000000e+00
<ENDHMM>
~h "Uo"
<BEGINHMM>
<NUMSTATES> 5
<STATE> 2
<MEAN> 39
 2.755893e+00 4.328758e+00 -2.555540e+00 -9.869688e+00 -1.830406e+01 1.724716e+00 -2.737306e+00 -1.176155e+01 -3.689684e+00 -1.106164e+01 -3.819624e+00 -1.009154e+00 7.594168e+01 2.662325e-01 -9.339654e-01 -6.822053e-01 -8.355903e-01 -5.431433e-01 5.227044e-01 -9.913295e-02 -1.338388e-02 5.839933e-02 4.038198e-01 6.319460e-01 -6.277116e-02 8.147203e-01 -3.451402e-01 -3.394361e-01 2.611416e-02 4.002898e-01 6.740525e-01 -1.235874e-01 -3.081237e-01 3.776855e-02 3.912601e-02 3.601810e-01 1.931820e-01 -7.777543e-02 4.174396e-02
<VARIANCE> 39
 1.028282e+01 4.338889e+01 3.796241e+01 6.158723e+01 6.423075e+01 7.932568e+01 9.894151e+01 5.298763e+01 6.136655e+01 3.854938e+01 8.660915e+01 7.736604e+01 1.976472e+01 1.564996e+00 3.067963e+00 1.753749e+00 3.399235e+00 7.739757e+00 4.153807e+00 3.926030e+00 3.307325e+00 3.975825e+00 4.252401e+00 5.065342e+00 3.091420e+00 8.846440e-01 2.627401e-01 5.303339e-01 3.942844e-01 3.868712e-01 8.453361e-01 8.085740e-01 6.686805e-01 6.432092e-01 8.283900e-01 7.484174e-01 9.029757e-01 5.593320e-01 1.918177e-01
<GCONST> 1.291550e+02
<STATE> 3
<MEAN> 39
 2.062914e+00 -9.315718e-01 -4.661149e+00 -9.775945e+00 -1.583786e+01 2.645066e+00 -5.006014e+00 -1.160705e+01 -3.454054e+00 -7.843614e+00 -7.532923e-01 -1.695947e+00 7.926811e+01 -4.484539e-01 -1.167408e+00 -2.355878e-01 7.475586e-01 1.313641e+00 -4.125606e-01 -1.244071e+00 3.663397e-02 2.465048e-01 1.091155e+00 6.580459e-01 -4.724433e-01 6.056719e-01 -1.988260e-01 2.952228e-01 3.518474e-01 4.537639e-01 3.286513e-01 -3.525246e-01 -1.570285e-01 1.330174e-01 1.032760e-01 -2.967088e-02 -2.375236e-01 -8.675253e-02 -3.105960e-01
<VARIANCE> 39
 1.042479e+01 4.349248e+01 2.670941e+01 4.955575e+01 5.281459e+01 8.449100e+01 1.164569e+02 6.507213e+01 4.941029e+01 4.136821e+01 9.128949e+01 1.183573e+02 1.625328e+01 6.211669e-01 2.554408e+00 1.958670e+00 3.117269e+00 4.253640e+00 5.294392e+00 3.654123e+00 3.404570e+00 3.748585e+00 3.695429e+00 5.591489e+00 3.567866e+00 1.169489e+00 1.426848e-01 4.777613e-01 3.083212e-01 2.983108e-01 8.063294e-01 7.690629e-01 7.394398e-01 6.741510e-01 7.164633e-01 7.535089e-01 9.731163e-01 6.858630e-01 2.545106e-01
<GCONST> 1.270666e+02
<STATE> 4
<MEAN> 39
 3.804698e-01 -3.083462e+00 -4.173146e+00 -5.961995e+00 -1.168672e+01 -1.758111e-01 -9.451231e+00 -1.101574e+01 -2.266112e+00 -5.228800e+00 8.587992e-02 -3.317526e+00 8.019218e+01 -8.822820e-01 3.304558e-01 1.010211e+00 1.802047e+00 1.676762e+00 -1.232717e+00 -1.057302e+00 5.324479e-01 2.872463e-01 4.528591e-01 -2.503757e-01 -3.544502e-01 -7.082841e-01 -2.357256e-01 4.814379e-01 3.687204e-01 1.628498e-01 6.360102e-02 5.149519e-02 4.472746e-01 2.362487e-01 -1.138792e-01 -3.208067e-01 -2.585051e-01 1.747528e-01 -6.207458e-01
<VARIANCE> 39
 1.308296e+01 3.249454e+01 2.292351e+01 4.987425e+01 5.536906e+01 8.888199e+01 1.132570e+02 7.401090e+01 4.278681e+01 3.821323e+01 7.837122e+01 1.193739e+02 1.621767e+01 1.379462e+00 3.408446e+00 2.396497e+00 2.479140e+00 4.460496e+00 5.449573e+00 4.426403e+00 4.455605e+00 4.253696e+00 3.741579e+00 5.157217e+00 4.116614e+00 3.429453e+00 2.813630e-01 4.179301e-01 3.722692e-01 3.739788e-01 7.606971e-01 8.344854e-01 8.294252e-01 7.711768e-01 7.397774e-01 6.651865e-01 8.716336e-01 6.995341e-01 4.519771e-01
<GCONST> 1.311817e+02
<TRANSP> 5
 0.000000e+00 1.000000e+00 0.000000e+00 0.000000e+00 0.000000e+00
 0.000000e+00 7.351640e-01 2.648360e-01 0.000000e+00 0.000000e+00
 0.000000e+00 0.000000e+00 6.497706e-01 3.502295e-01 0.000000e+00
 0.000000e+00 0.000000e+00 0.000000e+00 6.028005e-01 3.971995e-01
 0.000000e+00 0.000000e+00 0.000000e+00 0.000000e+00 0.000000e+00
<ENDHMM>
~h "Uu"
<BEGINHMM>
<NUMSTATES> 5
<STATE> 2
<MEAN> 39
 1.405574e+00 9.621500e+00 2.367188e+00 -4.806884e+00 -1.121394e+01 -2.580087e+00 -1.724233e+00 -1.152458e+01 -3.695524e+00 -1.271215e+01 -7.049654e+00 -3.949387e-01 7.096907e+01 5.441310e-01 6.207412e-01 1.536787e-01 -6.553726e-01 -7.560015e-01 2.797965e-01 4.006686e-01 -6.877864e-01 -1.243659e-01 -9.887708e-01 -3.782885e-01 1.942449e-01 1.039972e-01 -4.657331e-01 -2.598316e-01 -3.827350e-02 2.706586e-01 3.936734e-01 1.659997e-01 -1.086571e-01 2.049839e-01 9.033053e-02 2.838413e-01 2.111775e-01 1.924214e-02 -1.038780e-01
<VARIANCE> 39
 2.579031e+01 3.912182e+01 4.432273e+01 5.889036e+01 6.816882e+01 7.060688e+01 9.680220e+01 5.330959e+01 6.741146e+01 6.290994e+01 5.456194e+01 4.889893e+01 2.737020e+01 5.344017e+00 3.866617e+00 3.196499e+00 5.071114e+00 8.905995e+00 5.920743e+00 5.277022e+00 5.856818e+00 6.074151e+00 5.933356e+00 4.632373e+00 3.261018e+00 3.081748e+00 5.896086e-01 6.608900e-01 6.228904e-01 8.928394e-01 1.314270e+00 9.793451e-01 1.066949e+00 1.133608e+00 1.242986e+00 1.050843e+00 7.942746e-01 6.065254e-01 6.186445e-01
<GCONST> 1.416454e+02
<STATE> 3
<MEAN> 39
 1.055086e+00 9.380707e+00 2.202717e+00 -5.608827e+00 -1.159089e+01 -9.719372e-01 -1.586565e+00 -1.281855e+01 -4.371518e+00 -1.439679e+01 -6.991952e+00 2.048415e-01 7.154146e+01 -8.054170e-01 -3.319324e-01 3.101896e-03 6.462496e-01 1.005496e+00 7.478759e-01 -3.513547e-01 -6.934544e-02 -1.651021e-01 1.916962e-01 4.774296e-01 1.101969e-01 -8.439633e-02 -5.324540e-01 -3.515049e-01 -9.289822e-03 4.152314e-01 5.070369e-01 -5.329350e-02 -2.484898e-01 3.343503e-01 1.751079e-01 5.399585e-01 2.652745e-01 -9.896298e-02 -6.266853e-02
<VARIANCE> 39
 2.395728e+01 3.748395e+01 4.486148e+01 5.504375e+01 6.184449e+01 8.070699e+01 1.111626e+02 5.392147e+01 7.049038e+01 6.105186e+01 6.315938e+01 5.284441e+01 2.649355e+01 4.922052e+00 3.875053e+00 3.136459e+00 5.364032e+00 8.926360e+00 6.426332e+00 5.600924e+00 6.795695e+00 6.482039e+00 6.685760e+00 4.875073e+00 3.598153e+00 3.476707e+00 5.142981e-01 6.314640e-01 6.457534e-01 8.113286e-01 1.134795e+00 1.180059e+00 1.135915e+00 1.315631e+00 1.381974e+00 1.049158e+00 8.889223e-01 7.014391e-01 7.062513e-01
<GCONST> 1.430736e+02
<STATE> 4
<MEAN> 39
 -2.378133e+00 7.161460e+00 2.329233e+00 -2.294061e+00 -7.223676e+00 7.863315e-01 -4.150093e+00 -1.247328e+01 -4.932568e+00 -1.251460e+01 -4.716507e+00 -1.086943e-01 7.160497e+01 -2.114377e+00 -1.125330e+00 1.626529e-01 1.515359e+00 2.046313e+00 2.459634e-01 -8.665943e-01 9.640460e-01 5.462789e-01 1.584418e+00 9.466468e-01 -3.009578e-01 -2.850481e-01 -3.431503e-01 -2.513345e-01 -3.927082e-02 -1.153435e-01 -1.004263e-01 -3.037031e-01 6.004160e-02 3.628425e-01 3.015388e-01 2.614487e-01 2.569512e-02 -5.596229e-02 -1.127213e-02
<VARIANCE> 39
 5.358398e+01 4.089056e+01 4.851722e+01 6.411858e+01 8.345991e+01 7.997349e+01 1.188498e+02 6.127841e+01 6.569446e+01 5.842551e+01 5.992077e+01 5.707157e+01 4.458449e+01 7.050843e+00 4.670192e+00 4.731184e+00 5.249924e+00 7.583127e+00 7.568045e+00 6.090484e+00 8.107020e+00 7.124522e+00 6.328794e+00 5.102080e+00 3.962307e+00 5.563529e+00 7.184266e-01 8.176551e-01 8.592017e-01 1.033317e+00 1.414902e+00 1.327001e+00 1.368508e+00 1.545092e+00 1.333950e+00 1.078373e+00 9.379388e-01 8.319764e-01 1.234754e+00
<GCONST> 1.495406e+02
<TRANSP> 5
 0.000000e+00 1.000000e+00 0.000000e+00 0.000000e+00 0.000000e+00
 0.000000e+00 6.432961e-01 3.567039e-01 0.000000e+00 0.000000e+00
 0.000000e+00 0.000000e+00 6.010154e-01 3.989846e-01 0.000000e+00
 0.000000e+00 0.000000e+00 0.000000e+00 5.632133e-01 4.367867e-01
 0.000000e+00 0.000000e+00 0.000000e+00 0.000000e+00 0.000000e+00
<ENDHMM>
~h "aA"
<BEGINHMM>
<NUMSTATES> 5
<STATE> 2
<MEAN> 39
 4.337897e-01 -8.937109e+00 -9.814602e+00 -8.159187e+00 -7.466195e+00 3.163908e+00 -5.806164e+00 -7.325628e+00 -1.443420e+00 -2.864086e+00 -3.447136e+00 -7.751751e+00 8.249419e+01 1.690474e-01 -6.992172e-01 -4.563638e-01 -1.945204e-01 2.985537e-01 3.407109e-01 2.189254e-01 2.404425e-01 -6.123722e-02 1.243921e-01 -4.278778e-01 -3.448015e-01 4.232946e-01 -1.712422e-01 2.721750e-01 2.048146e-01 2.102921e-01 6.875652e-02 -1.540989e-01 -7.225113e-02 1.048859e-02 -4.931311e-02 -4.975027e-02 9.251930e-02 1.660964e-01 -2.618701e-01
<VARIANCE> 39
 1.248917e+01 2.368920e+01 2.180917e+01 5.901351e+01 3.632819e+01 4.793880e+01 6.391758e+01 4.971710e+01 5.457404e+01 4.376225e+01 6.507355e+01 1.099171e+02 1.198322e+01 8.593839e-01 1.450714e+00 1.158952e+00 1.621232e+00 1.996391e+00 1.963197e+00 1.944275e+00 2.001677e+00 1.849395e+00 1.819223e+00 1.820894e+00 1.796921e+00 1.098225e+00 2.226066e-01 1.729458e-01 2.030870e-01 2.605710e-01 4.221086e-01 3.238109e-01 3.317100e-01 3.645183e-01 3.673582e-01 3.134013e-01 3.194329e-01 3.542365e-01 1.876273e-01
<GCONST> 1.089462e+02
<STATE> 3
<MEAN> 39
 7.441487e-01 -8.999041e+00 -1.015107e+01 -6.780466e+00 -6.867239e+00 2.528606e+00 -5.231026e+00 -6.707251e+00 -1.089487e+00 -2.209008e+00 -4.139586e+00 -6.914015e+00 8.261475e+01 -8.480287e-02 4.305588e-01 2.987325e-01 4.132841e-01 -1.501384e-01 -4.090951e-01 -3.427077e-01 8.436337e-02 3.756957e-02 -3.289641e-02 4.679255e-02 9.213765e-02 -2.278940e-01 -8.923622e-02 3.370968e-01 2.951815e-01 1.957072e-01 -4.097636e-02 -1.488171e-01 -1.175340e-01 -7.149465e-02 -4.616986e-02 -1.073395e-01 1.221427e-01 1.496675e-01 -2.609687e-01
<VARIANCE> 39
 1.139324e+01 2.274946e+01 2.084276e+01 5.167898e+01 3.624669e+01 4.613807e+01 6.406641e+01 5.542913e+01 5.047604e+01 5.078112e+01 6.295751e+01 9.621739e+01 1.013081e+01 3.784249e-01 1.301049e+00 1.156088e+00 1.506330e+00 2.051367e+00 1.859010e+00 1.930707e+00 2.103235e+00 1.693142e+00 1.573960e+00 1.574831e+00 1.509691e+00 6.783223e-01 1.025539e-01 1.364615e-01 1.774548e-01 2.070479e-01 3.632964e-01 2.728489e-01 3.232960e-01 3.637208e-01 3.186340e-01 2.946862e-01 2.750652e-01 2.695661e-01 1.511337e-01
<GCONST> 1.038500e+02
<STATE> 4
<MEAN> 39
 3.918986e-01 -6.071567e+00 -8.050273e+00 -4.171630e+00 -7.921198e+00 3.729880e-02 -6.862595e+00 -6.723166e+00 -7.114527e-01 -2.516239e+00 -3.393175e+00 -5.535012e+00 8.109777e+01 -4.243324e-01 1.575577e+00 1.470117e+00 1.205563e+00 4.546535e-02 -7.459517e-01 -5.501878e-01 -2.038133e-01 -3.383829e-01 -5.368223e-01 3.768190e-01 6.651045e-01 -1.331526e+00 -2.797532e-01 2.050629e-01 3.533828e-01 2.157401e-01 3.419738e-01 1.035550e-01 1.703105e-01 -2.595081e-02 -1.708218e-01 -1.410171e-01 5.223814e-03 1.288072e-01 -4.603286e-01
<VARIANCE> 39
 1.337493e+01 2.607331e+01 2.769790e+01 4.807168e+01 5.234103e+01 5.951970e+01 7.439960e+01 6.533196e+01 5.465660e+01 5.107344e+01 6.485530e+01 9.008527e+01 1.673195e+01 1.318785e+00 1.738512e+00 2.205561e+00 2.512122e+00 3.861234e+00 2.695802e+00 2.966297e+00 3.414415e+00 2.783714e+00 2.783496e+00 2.414712e+00 2.344416e+00 2.497768e+00 3.235983e-01 2.740077e-01 3.392150e-01 3.237774e-01 6.059536e-01 4.865957e-01 5.871347e-01 6.424071e-01 5.182155e-01 4.275775e-01 4.307891e-01 3.980335e-01 3.590459e-01
<GCONST> 1.214569e+02
<TRANSP> 5
 0.000000e+00 1.000000e+00 0.000000e+00 0.000000e+00 0.000000e+00
 0.000000e+00 8.234119e-01 1.765881e-01 0.000000e+00 0.000000e+00
 0.000000e+00 0.000000e+00 7.333192e-01 2.666808e-01 0.000000e+00
 0.000000e+00 0.000000e+00 0.000000e+00 6.456577e-01 3.543423e-01
 0.000000e+00 0.000000e+00 0.000000e+00 0.000000e+00 0.000000e+00
<ENDHMM>
~h "aa"
<BEGINHMM>
<NUMSTATES> 5
<STATE> 2
<MEAN> 39
 1.031949e+00 -5.007267e+00 -6.325254e+00 -3.308258e+00 -7.374049e+00 2.833700e+00 -6.007415e+00 -7.482158e+00 -4.146879e-01 -3.635248e+00 -3.087386e+00 -7.129810e+00 7.746226e+01 6.381670e-02 6.536715e-02 2.495931e-01 5.728272e-01 5.863668e-01 2.877366e-01 3.766521e-01 1.814613e-01 -3.365871e-01 -1.238000e-01 -4.302765e-01 -7.419214e-02 -6.293325e-01 -1.960478e-01 2.687393e-01 2.590216e-01 2.390739e-01 2.768630e-01 -5.217168e-02 4.405875e-02 8.630329e-02 -1.883669e-01 -1.400444e-01 5.585756e-02 2.424298e-01 -4.287451e-01
<VARIANCE> 39
 9.169613e+00 1.924384e+01 1.886634e+01 3.969464e+01 4.023494e+01 6.572797e+01 7.785748e+01 7.475700e+01 5.201788e+01 3.644660e+01 6.139649e+01 1.286158e+02 2.773699e+01 8.338289e-01 1.347464e+00 1.695205e+00 1.958528e+00 2.549662e+00 2.400603e+00 2.366433e+00 2.605597e+00 2.612946e+00 2.324221e+00 2.076488e+00 2.483907e+00 1.775646e+00 2.121377e-01 2.097460e-01 3.006361e-01 3.021501e-01 4.003133e-01 4.468278e-01 4.329994e-01 4.978632e-01 5.008385e-01 4.629469e-01 4.083677e-01 4.691906e-01 1.933577e-01
<GCONST> 1.153046e+02
<STATE> 3
<MEAN> 39
 4.816475e-01 -2.705639e+00 -3.160345e+00 8.180250e-01 -3.405041e+00 3.671560e+00 -4.530470e+00 -7.060297e+00 -1.978359e+00 -4.835864e+00 -3.574119e+00 -4.425654e+00 7.304225e+01 -6.664671e-01 7.497929e-01 1.062877e+00 1.136487e+00 1.159553e+00 4.368093e-02 2.981877e-01 6.528319e-01 -4.343342e-01 -4.028559e-01 1.422060e-02 5.221664e-01 -2.006564e+00 -3.758727e-01 1.239993e-01 6.143525e-02 -5.361417e-02 5.550083e-03 -1.655335e-01 -2.190301e-03 1.054584e-01 5.730349e-02 6.408373e-02 1.832672e-01 1.816651e-01 -3.495149e-01
<VARIANCE> 39
 1.245108e+01 2.094011e+01 3.076607e+01 4.943179e+01 7.491465e+01 8.060840e+01 8.350423e+01 7.144571e+01 5.301082e+01 3.866200e+01 6.879164e+01 1.145109e+02 7.548055e+01 1.609694e+00 1.296831e+00 2.246250e+00 2.626644e+00 3.646049e+00 3.028270e+00 2.678643e+00 3.206421e+00 3.212796e+00 2.954981e+00 2.452889e+00 2.599372e+00 3.443667e+00 2.724187e-01 2.872234e-01 4.635674e-01 5.178739e-01 6.711437e-01 5.505533e-01 4.915023e-01 5.933450e-01 6.143462e-01 5.990244e-01 4.778438e-01 5.169939e-01 3.460339e-01
<GCONST> 1.256296e+02
<STATE> 4
<MEAN> 39
 -2.266115e+00 -1.024191e+00 -7.317469e-01 3.228378e+00 -7.636225e-01 3.315585e+00 -4.168941e+00 -5.362885e+00 -2.406220e+00 -5.266786e+00 -2.687407e+00 -2.598990e+00 6.750099e+01 -1.563176e+00 6.783360e-01 6.787812e-01 4.281501e-01 3.556565e-01 -5.881044e-01 1.458096e-01 7.456641e-01 -1.119870e-02 9.730285e-02 4.824024e-01 8.232490e-01 -2.381271e+00 -2.408180e-01 -5.633019e-02 -1.660920e-01 -3.146572e-01 -3.158822e-01 -2.010813e-01 -1.103298e-02 -6.568445e-02 9.960434e-02 1.453541e-01 7.570080e-02 1.098098e-02 2.097690e-02
<VARIANCE> 39
 2.450970e+01 2.315117e+01 3.843678e+01 5.229545e+01 1.036613e+02 8.053675e+01 7.868522e+01 5.994787e+01 4.569817e+01 3.634793e+01 5.861984e+01 8.919831e+01 1.376825e+02 2.668828e+00 1.638455e+00 2.664445e+00 3.580840e+00 4.456781e+00 3.578950e+00 2.971531e+00 3.782734e+00 3.717282e+00 3.616335e+00 3.290814e+00 3.703523e+00 4.159808e+00 4.093197e-01 3.535014e-01 5.378274e-01 6.189613e-01 8.666718e-01 5.935209e-01 5.343611e-01 5.872546e-01 6.185881e-01 5.855156e-01 4.937679e-01 5.008294e-01 6.822761e-01
<GCONST> 1.318075e+02
<TRANSP> 5
 0.000000e+00 1.000000e+00 0.000000e+00 0.000000e+00 0.000000e+00
 0.000000e+00 7.778966e-01 2.221033e-01 0.000000e+00 0.000000e+00
 0.000000e+00 0.000000e+00 5.190689e-01 4.809311e-01 0.000000e+00
 0.000000e+00 0.000000e+00 0.000000e+00 4.227351e-01 5.772648e-01
 0.000000e+00 0.000000e+00 0.000000e+00 0.000000e+00 0.000000e+00
<ENDHMM>
~h "dZ"
<BEGINHMM>
<NUMSTATES> 5
<STATE> 2
<MEAN> 39
 -8.096626e+00 -4.156022e+00 6.393996e+00 5.115585e+00 -2.370987e-01 -1.614460e+00 -9.823174e+00 -8.055064e+00 -3.264601e+00 -9.544678e-01 -1.327484e+00 -4.208705e+00 7.789229e+01 -1.166579e+00 7.608086e-02 1.149284e+00 2.422002e-01 9.715539e-01 -2.675498e-01 3.667691e-01 -3.928973e-01 -8.197242e-01 2.123663e-01 3.210125e-02 -1.117964e-02 2.338186e-01 2.325504e-01 1.903291e-01 -1.592201e-01 -1.465342e-01 -1.101436e-01 3.462948e-02 1.097958e-01 1.657579e-02 -9.962581e-02 -1.428558e-01 1.530581e-02 1.148877e-02 -1.218931e-01
<VARIANCE> 39
 8.544891e+01 3.038229e+01 9.823264e+01 4.049191e+01 1.028871e+02 4.902171e+01 9.193859e+01 5.394093e+01 4.358434e+01 3.473603e+01 5.022757e+01 3.277984e+01 3.285593e+01 1.037806e+01 3.533548e+00 7.680579e+00 2.934448e+00 8.522826e+00 4.792878e+00 6.083392e+00 4.909801e+00 3.808465e+00 3.011638e+00 3.558469e+00 2.629687e+00 5.106838e+00 2.276415e+00 6.571499e-01 1.238937e+00 4.203894e-01 1.392177e+00 9.196920e-01 1.150868e+00 8.160787e-01 7.966056e-01 5.283055e-01 5.611651e-01 5.171213e-01 7.422720e-01
<GCONST> 1.407478e+02
<STATE> 3
<MEAN> 39
 -9.155282e+00 -3.259754e+00 6.876417e+00 4.773994e+00 -1.324911e-01 -2.654787e+00 -8.093592e+00 -1.035751e+01 -5.999949e+00 -1.688708e+00 -1.819986e+00 -4.264684e+00 7.868304e+01 -1.424866e-01 4.724361e-01 1.559905e-01 -1.787110e-01 6.498235e-02 2.243310e-01 5.945792e-01 -2.590128e-01 -6.036192e-01 -4.120711e-01 2.523650e-01 1.195128e-01 -7.943717e-02 2.696158e-01 7.056872e-02 -2.932635e-01 -2.315023e-01 -2.649049e-01 2.470291e-01 2.344923e-02 9.033046e-02 1.693066e-01 -1.759365e-01 3.423902e-02 2.643763e-02 -6.855049e-02
<VARIANCE> 39
 8.550222e+01 1.856834e+01 9.963989e+01 4.176699e+01 8.855209e+01 4.121642e+01 7.877943e+01 6.109723e+01 4.406026e+01 4.060277e+01 6.047071e+01 3.943437e+01 1.197739e+01 1.221447e+01 2.085891e+00 1.037906e+01 3.034345e+00 8.658853e+00 4.746468e+00 6.064010e+00 4.829843e+00 4.928326e+00 3.151227e+00 3.016842e+00 2.467309e+00 1.726989e+00 1.679049e+00 3.776076e-01 1.163401e+00 4.233652e-01 1.080556e+00 8.320341e-01 9.614425e-01 8.153025e-01 8.145544e-01 5.726937e-01 5.294676e-01 4.494054e-01 4.054414e-01
<GCONST> 1.362742e+02
<STATE> 4
<MEAN> 39
 -8.655318e+00 -1.490022e+00 5.843749e+00 3.517389e+00 -1.472539e+00 -1.114410e+00 -5.366449e+00 -1.134068e+01 -7.078287e+00 -4.600572e+00 -1.321397e+00 -2.771383e+00 7.783370e+01 8.103700e-01 5.658212e-01 -5.550793e-01 -6.618152e-01 -5.627600e-01 5.968313e-01 1.881102e-01 1.304217e-01 1.255082e-01 -7.218801e-01 1.633032e-01 1.972923e-01 -3.527264e-01 2.647306e-01 -1.075891e-02 -1.462497e-01 -1.318229e-01 -8.674528e-02 8.674422e-02 -1.214435e-01 1.397567e-01 2.004125e-01 -9.421743e-02 -8.923988e-02 -3.739071e-03 -1.082569e-01
<VARIANCE> 39
 9.901218e+01 1.999540e+01 1.004922e+02 4.785157e+01 8.800846e+01 4.430715e+01 7.632631e+01 5.479602e+01 5.793407e+01 4.394352e+01 6.836729e+01 4.573975e+01 1.538977e+01 9.368188e+00 2.375029e+00 7.565891e+00 3.366314e+00 6.109052e+00 4.087534e+00 4.582018e+00 4.051745e+00 4.622489e+00 3.747237e+00 2.814267e+00 2.068283e+00 2.080566e+00 1.474707e+00 3.550448e-01 1.165809e+00 5.911585e-01 9.214379e-01 7.661462e-01 7.944418e-01 7.768111e-01 8.414274e-01 5.865380e-01 5.198285e-01 3.565266e-01 3.401200e-01
<GCONST> 1.354815e+02
<TRANSP> 5
 0.000000e+00 1.000000e+00 0.000000e+00 0.000000e+00 0.000000e+00
 0.000000e+00 7.100581e-01 2.899419e-01 0.000000e+00 0.000000e+00
 0.000000e+00 0.000000e+00 6.967677e-01 3.032323e-01 0.000000e+00
 0.000000e+00 0.000000e+00 0.000000e+00 7.480134e-01 2.519865e-01
 0.000000e+00 0.000000e+00 0.000000e+00 0.000000e+00 0.000000e+00
<ENDHMM>
~h "eA"
<BEGINHMM>
<NUMSTATES> 5
<STATE> 2
<MEAN> 39
 -1.128780e+00 -8.982420e+00 -6.468413e+00 -1.995912e+00 -1.007404e+01 -3.971828e+00 -9.056639e+00 -3.876894e+00 1.656519e+00 -2.968096e+00 -5.469431e+00 -7.784561e+00 8.319408e+01 2.303094e-01 -8.677104e-01 -1.045997e+00 -7.521396e-01 3.850403e-01 8.010888e-01 4.983774e-01 5.222663e-01 1.412839e-01 2.357227e-01 -4.598366e-01 -5.190687e-01 5.572993e-01 -1.267881e-01 2.609462e-01 2.806678e-01 1.654895e-01 1.768335e-01 3.529556e-02 -9.677298e-03 -1.369909e-01 -2.457885e-01 -1.116827e-01 9.280264e-02 1.881778e-01 -2.979727e-01
<VARIANCE> 39
 9.296394e+00 2.068597e+01 2.906857e+01 3.291062e+01 6.010202e+01 5.115011e+01 7.115521e+01 7.061666e+01 5.917689e+01 6.251414e+01 6.833418e+01 6.615005e+01 1.148951e+01 7.049895e-01 1.398638e+00 1.728622e+00 1.427942e+00 2.603413e+00 1.884233e+00 2.193111e+00 2.590814e+00 2.285400e+00 2.116361e+00 2.131485e+00 1.766907e+00 1.419452e+00 1.810908e-01 1.666695e-01 2.190420e-01 2.079702e-01 5.466614e-01 3.808791e-01 4.591701e-01 4.664660e-01 4.252369e-01 3.647661e-01 3.833543e-01 3.184502e-01 1.878960e-01
<GCONST> 1.115580e+02
<STATE> 3
<MEAN> 39
 -4.697599e-01 -9.681713e+00 -8.224346e+00 -3.387740e+00 -8.419949e+00 -2.188998e+00 -7.625219e+00 -3.974703e+00 7.029119e-01 -2.392557e+00 -6.399597e+00 -8.051201e+00 8.325706e+01 5.288495e-02 2.778359e-01 -2.307038e-02 -3.179990e-02 3.617638e-02 2.488595e-01 -1.033181e-01 -9.999600e-02 -2.171912e-01 3.331729e-02 1.797962e-01 3.832198e-02 -1.808230e-01 -6.712022e-02 3.221647e-01 3.407683e-01 2.073948e-01 -4.489750e-02 -1.451871e-01 -1.421887e-01 -1.705911e-01 -1.006405e-01 -9.958977e-02 1.538305e-01 1.701124e-01 -2.288983e-01
<VARIANCE> 39
 8.860182e+00 2.021370e+01 2.215423e+01 3.549482e+01 5.385155e+01 4.525542e+01 7.178257e+01 6.732407e+01 5.347399e+01 7.060824e+01 6.378930e+01 7.116522e+01 8.610069e+00 3.227320e-01 1.198509e+00 1.364744e+00 1.240743e+00 1.811108e+00 1.713765e+00 1.741341e+00 2.130443e+00 1.517446e+00 1.472539e+00 1.506338e+00 1.371238e+00 4.782318e-01 9.283996e-02 1.190798e-01 1.829372e-01 1.699413e-01 3.654408e-01 2.633784e-01 3.199703e-01 3.804437e-01 3.159396e-01 2.911916e-01 2.698717e-01 2.403699e-01 1.077424e-01
<GCONST> 1.016645e+02
<STATE> 4
<MEAN> 39
 -2.535615e-01 -6.835735e+00 -6.824183e+00 -2.271613e+00 -8.689985e+00 -2.599688e+00 -8.457491e+00 -5.455844e+00 2.062106e-02 -2.133347e+00 -4.586134e+00 -6.625461e+00 8.172975e+01 -2.218463e-01 1.432257e+00 1.306344e+00 7.347568e-01 2.055968e-01 -1.426307e-01 -4.492267e-01 -7.402777e-01 -6.298171e-01 -4.758366e-01 6.303241e-01 7.053237e-01 -1.122855e+00 -2.527317e-01 2.270324e-01 4.154399e-01 2.267258e-01 3.290874e-01 4.575790e-02 1.161427e-01 -1.023724e-01 -1.426120e-01 -1.960043e-01 -1.310499e-02 1.762751e-01 -3.810796e-01
<VARIANCE> 39
 1.127540e+01 2.252806e+01 2.949083e+01 4.168549e+01 6.580239e+01 5.045355e+01 7.994451e+01 6.868003e+01 5.140436e+01 6.329285e+01 6.173226e+01 7.919392e+01 1.235777e+01 1.353954e+00 1.640556e+00 2.515064e+00 1.987232e+00 3.117214e+00 2.304163e+00 3.041549e+00 3.631369e+00 2.585924e+00 2.834521e+00 2.178280e+00 2.175954e+00 1.579794e+00 3.504205e-01 2.274558e-01 3.308689e-01 2.892639e-01 5.356806e-01 4.212070e-01 5.517339e-01 6.621901e-01 4.984016e-01 3.996685e-01 3.946826e-01 3.601263e-01 2.674517e-01
<GCONST> 1.186749e+02
<TRANSP> 5
 0.000000e+00 1.000000e+00 0.000000e+00 0.000000e+00 0.000000e+00
 0.000000e+00 8.008154e-01 1.991846e-01 0.000000e+00 0.000000e+00
 0.000000e+00 0.000000e+00 7.626053e-01 2.373947e-01 0.000000e+00
 0.000000e+00 0.000000e+00 0.000000e+00 6.799903e-01 3.200097e-01
 0.000000e+00 0.000000e+00 0.000000e+00 0.000000e+00 0.000000e+00
<ENDHMM>
~h "eE"
<BEGINHMM>
<NUMSTATES> 5
<STATE> 2
<MEAN> 39
 -5.506349e+00 -1.011950e+00 6.931217e+00 8.062410e+00 -1.868122e+01 -1.315114e+01 -9.855542e+00 -1.052368e+01 -3.650573e+00 -1.055934e+01 -1.446845e+00 -1.053413e+00 8.012363e+01 6.254434e-02 -1.845495e-01 -2.589698e-01 -1.067976e-01 -6.023757e-01 -1.729589e-01 6.375365e-03 1.817835e-01 1.545656e-01 7.671662e-02 2.260548e-01 1.714813e-02 2.753327e-01 -1.038944e-02 5.849912e-02 -9.735163e-02 -8.147500e-02 3.594747e-01 2.060375e-01 -5.978324e-03 1.380823e-01 -1.584819e-02 1.016108e-01 -3.536125e-02 -7.098660e-02 -1.825619e-01
<VARIANCE> 39
 1.075581e+01 2.106690e+01 5.304559e+01 4.122844e+01 1.499220e+02 4.118937e+01 6.977187e+01 5.117669e+01 8.625156e+01 3.373739e+01 5.238955e+01 3.739652e+01 1.176507e+01 5.333428e-01 6.404790e-01 1.090273e+00 1.007012e+00 2.972112e+00 1.918663e+00 1.854012e+00 2.252085e+00 1.955374e+00 1.462092e+00 1.538160e+00 1.146508e+00 7.969074e-01 1.419220e-01 1.265637e-01 1.911402e-01 1.992324e-01 4.719621e-01 3.572178e-01 3.560670e-01 4.267741e-01 3.766380e-01 3.130177e-01 2.879246e-01 2.259801e-01 1.296571e-01
<GCONST> 1.054358e+02
<STATE> 3
<MEAN> 39
 -4.508437e+00 -1.598094e+00 4.969674e+00 7.825738e+00 -1.727152e+01 -1.270500e+01 -1.011453e+01 -8.689867e+00 -2.539430e+00 -9.898901e+00 -1.291068e+00 -1.205317e+00 8.017155e+01 1.909484e-01 1.348747e-02 -5.610108e-01 -2.645111e-01 6.370988e-01 3.989321e-01 -2.261159e-01 5.203092e-01 1.017310e-01 2.420109e-01 -5.006906e-03 -3.119454e-01 -2.572036e-01 -3.075528e-02 1.096747e-01 1.383804e-02 -7.605119e-02 4.059604e-01 2.565929e-01 1.974761e-02 -3.161706e-02 -6.990526e-02 6.438226e-02 -6.979282e-02 -6.093556e-02 -2.103658e-01
<VARIANCE> 39
 1.006949e+01 2.224243e+01 4.491622e+01 4.036315e+01 1.280738e+02 5.039090e+01 7.663628e+01 6.287233e+01 9.497403e+01 3.469308e+01 5.460750e+01 4.205066e+01 1.697257e+01 5.264896e-01 7.274620e-01 1.148806e+00 1.239384e+00 2.898818e+00 2.110169e+00 2.067511e+00 2.207464e+00 1.922016e+00 1.696118e+00 1.767768e+00 1.355266e+00 8.157181e-01 1.734241e-01 1.378615e-01 1.884187e-01 2.128025e-01 4.019179e-01 3.615149e-01 4.029971e-01 4.296934e-01 3.756778e-01 3.106697e-01 2.985122e-01 2.507672e-01 1.152172e-01
<GCONST> 1.075558e+02
<STATE> 4
<MEAN> 39
 -3.558020e+00 -1.351073e+00 3.100471e+00 7.095399e+00 -1.263701e+01 -9.827317e+00 -1.070320e+01 -6.577634e+00 -2.094443e+00 -8.898782e+00 -1.607894e+00 -2.423986e+00 7.799184e+01 -1.141004e-01 4.311853e-01 -3.875830e-01 -5.887437e-01 1.896363e+00 1.260079e+00 5.402261e-02 1.817193e-01 -1.335759e-01 4.974639e-01 -1.078932e-01 -3.671609e-01 -1.086197e+00 -3.055946e-01 1.682056e-01 1.022953e-01 -1.535480e-01 2.638454e-01 2.301095e-01 2.633541e-01 -1.501402e-01 -7.620619e-02 7.208361e-02 4.861268e-03 1.020609e-01 -2.593979e-01
<VARIANCE> 39
 1.251230e+01 2.528316e+01 4.116975e+01 4.267951e+01 1.256445e+02 7.284157e+01 8.612330e+01 7.125539e+01 8.413322e+01 4.085543e+01 5.712986e+01 4.954192e+01 4.768085e+01 2.507130e+00 1.546784e+00 2.035357e+00 2.514866e+00 4.561492e+00 3.429705e+00 3.621380e+00 3.415354e+00 3.415290e+00 2.931172e+00 2.824333e+00 2.346009e+00 2.346772e+00 4.694408e-01 2.482904e-01 3.444958e-01 3.577006e-01 6.673930e-01 5.481282e-01 6.682236e-01 5.859882e-01 5.871379e-01 4.975555e-01 4.566571e-01 4.096501e-01 2.989548e-01
<GCONST> 1.257050e+02
<TRANSP> 5
 0.000000e+00 1.000000e+00 0.000000e+00 0.000000e+00 0.000000e+00
 0.000000e+00 8.414223e-01 1.585777e-01 0.000000e+00 0.000000e+00
 0.000000e+00 0.000000e+00 7.260871e-01 2.739130e-01 0.000000e+00
 0.000000e+00 0.000000e+00 0.000000e+00 6.117851e-01 3.882149e-01
 0.000000e+00 0.000000e+00 0.000000e+00 0.000000e+00 0.000000e+00
<ENDHMM>
~h "dz"
<BEGINHMM>
<NUMSTATES> 5
<STATE> 2
<MEAN> 39
 -6.940523e+00 4.138879e+00 3.417234e+00 -3.851780e+00 -4.131557e+00 4.930156e+00 -1.282771e+01 -9.864363e+00 -5.829445e+00 -4.063745e+00 6.482453e+00 -4.443317e+00 7.684196e+01 -3.137357e-01 9.723911e-02 1.364027e-01 1.286881e-01 2.180482e-01 2.368064e-01 -2.636778e-01 8.452153e-02 1.933661e-01 5.125579e-01 4.835876e-01 -2.569489e-01 -1.365169e-01 -1.320827e-01 1.599036e-01 3.184840e-03 3.887234e-02 4.351895e-02 7.364165e-02 2.404848e-01 4.912915e-02 1.134270e-02 -1.422840e-01 -2.122417e-01 1.162660e-01 -1.198863e-01
<VARIANCE> 39
 9.215539e+01 8.656851e+01 4.080073e+01 4.053761e+01 8.002883e+01 7.307487e+01 3.887107e+01 4.431072e+01 2.208292e+01 2.670544e+01 4.788126e+01 6.319700e+01 3.948017e+01 1.229625e+01 7.991215e+00 1.529456e+00 4.038531e+00 7.611880e+00 4.295081e+00 2.651536e+00 4.096426e+00 2.138989e+00 2.625704e+00 3.560900e+00 2.229489e+00 4.511553e+00 2.167023e+00 1.159324e+00 2.559433e-01 4.421837e-01 1.023706e+00 9.417747e-01 5.431442e-01 6.492718e-01 3.688097e-01 5.048853e-01 5.575896e-01 3.273459e-01 7.095391e-01
<GCONST> 1.337919e+02
<STATE> 3
<MEAN> 39
 -8.391958e+00 7.434894e+00 2.127347e+00 -1.047618e+00 -6.518232e-01 3.430012e+00 -1.166448e+01 -8.908361e+00 -5.665756e+00 -2.862936e+00 5.366919e+00 -6.244841e+00 7.481751e+01 -3.047373e+00 2.084724e+00 5.285297e-01 1.243745e+00 2.346221e+00 -4.819828e-02 1.287205e+00 5.848280e-01 1.945034e-01 -5.834098e-01 -1.286328e+00 3.765101e-01 -9.188064e-01 -3.604941e-01 -2.847342e-01 -2.686208e-01 -2.826580e-01 -1.082456e-01 -1.771924e-01 3.532850e-01 1.415745e-01 1.185032e-01 -8.109170e-02 -2.723388e-01 2.387105e-01 2.711732e-01
<VARIANCE> 39
 6.490849e+01 6.345862e+01 4.590763e+01 4.963430e+01 6.023477e+01 6.648490e+01 3.700469e+01 4.018056e+01 2.883278e+01 2.282534e+01 4.049334e+01 4.092111e+01 2.308500e+01 9.882154e+00 6.463927e+00 2.136526e+00 3.667880e+00 5.278678e+00 6.107237e+00 3.162405e+00 4.054088e+00 2.898444e+00 2.690388e+00 2.700332e+00 1.076351e+00 3.191013e+00 1.657014e+00 7.107254e-01 2.632653e-01 5.250525e-01 6.801769e-01 6.712692e-01 6.851038e-01 5.147323e-01 4.099209e-01 4.048499e-01 3.869586e-01 1.913527e-01 5.365939e-01
<GCONST> 1.282308e+02
<STATE> 4
<MEAN> 39
 -2.129946e+01 1.088231e+01 1.036292e+00 -8.190196e-01 5.710751e+00 1.179543e+00 -8.182658e+00 -5.220707e+00 -5.216187e+00 -4.789815e+00 -5.690646e-02 -3.485984e+00 7.436001e+01 -2.208967e-01 -2.064154e-01 9.327811e-02 -4.278744e-01 1.072482e-01 -1.033677e-01 4.057924e-01 3.326178e-01 -2.035668e-01 -3.245890e-01 -5.429626e-01 5.889210e-01 -5.443065e-01 6.705950e-01 -2.128322e-01 1.031370e-02 -1.840982e-02 -3.714419e-01 -5.215658e-02 -6.677194e-02 -4.177458e-03 -6.386685e-02 -4.869822e-02 6.529635e-02 -5.497910e-02 -1.327113e-01
<VARIANCE> 39
 1.252795e+02 4.463245e+01 3.544462e+01 6.128842e+01 3.089876e+01 2.831487e+01 4.079976e+01 6.577630e+01 5.088057e+01 3.840764e+01 3.417334e+01 3.050999e+01 1.958665e+01 1.388605e+01 3.277516e+00 2.718112e+00 3.890878e+00 3.305550e+00 2.275455e+00 4.801048e+00 2.270204e+00 2.164738e+00 1.619975e+00 2.017506e+00 8.946329e-01 3.198426e+00 1.267163e+00 7.772003e-01 4.067664e-01 9.124256e-01 4.132219e-01 4.940428e-01 9.463000e-01 5.514868e-01 4.779094e-01 3.679789e-01 4.187787e-01 1.605406e-01 7.425650e-01
<GCONST> 1.257708e+02
<TRANSP> 5
 0.000000e+00 1.000000e+00 0.000000e+00 0.000000e+00 0.000000e+00
 0.000000e+00 8.740101e-01 1.259900e-01 0.000000e+00 0.000000e+00
 0.000000e+00 0.000000e+00 6.055424e-01 3.944576e-01 0.000000e+00
 0.000000e+00 0.000000e+00 0.000000e+00 8.717360e-01 1.282640e-01
 0.000000e+00 0.000000e+00 0.000000e+00 0.000000e+00 0.000000e+00
<ENDHMM>
~h "ea"
<BEGINHMM>
<NUMSTATES> 5
<STATE> 2
<MEAN> 39
 -8.858633e-01 -5.333251e+00 -3.672665e+00 1.180984e+00 -1.019709e+01 -4.655453e+00 -8.979086e+00 -3.900634e+00 1.456136e+00 -3.479741e+00 -4.876366e+00 -7.632136e+00 7.885520e+01 2.392409e-01 2.110772e-02 -3.629541e-01 -1.490061e-01 1.065075e+00 9.814982e-01 5.476773e-01 -1.170211e-01 -4.306655e-01 1.677342e-01 -1.871507e-01 -3.195101e-01 -5.392907e-01 -2.345555e-01 3.374977e-01 3.181638e-01 1.873332e-01 3.222208e-01 1.385211e-01 9.640615e-02 -1.308001e-01 -2.892882e-01 -1.529439e-01 1.219117e-01 2.201810e-01 -3.978287e-01
<VARIANCE> 39
 8.287828e+00 1.595300e+01 2.186732e+01 3.167346e+01 6.356071e+01 6.123996e+01 7.352117e+01 8.098204e+01 5.192887e+01 4.225123e+01 6.497705e+01 7.756768e+01 2.354922e+01 8.239926e-01 1.363400e+00 1.583291e+00 1.699378e+00 2.654820e+00 2.397183e+00 2.191658e+00 3.191299e+00 2.568522e+00 2.126424e+00 2.105325e+00 2.324486e+00 1.275535e+00 2.823795e-01 2.031942e-01 2.459896e-01 2.617675e-01 4.415745e-01 4.401820e-01 5.234722e-01 6.191989e-01 4.783821e-01 4.279481e-01 4.360577e-01 3.704220e-01 1.682967e-01
<GCONST> 1.143129e+02
<STATE> 3
<MEAN> 39
 -6.574006e-01 -3.393992e+00 -2.363482e+00 2.497761e+00 -5.310388e+00 -1.798840e+00 -7.428477e+00 -6.164284e+00 -7.828510e-01 -3.546407e+00 -3.917006e+00 -5.644683e+00 7.573436e+01 -4.851655e-01 9.609510e-01 5.652146e-01 3.484631e-01 1.621391e+00 1.046485e+00 6.447815e-01 -3.318233e-02 -7.488860e-01 -2.242648e-01 2.743318e-01 4.098792e-01 -1.676842e+00 -5.389841e-01 2.598298e-01 2.519059e-01 6.651513e-02 1.148393e-01 -1.050062e-01 1.135650e-01 1.774268e-01 3.893434e-02 -9.730519e-02 1.146673e-01 2.685585e-01 -3.713650e-01
<VARIANCE> 39
 1.317635e+01 1.893805e+01 2.659436e+01 3.949836e+01 7.893547e+01 8.340152e+01 8.600085e+01 7.043110e+01 5.261264e+01 4.294539e+01 7.136400e+01 8.793820e+01 5.809099e+01 2.429446e+00 1.707029e+00 2.305674e+00 2.391458e+00 3.142933e+00 2.906966e+00 2.840658e+00 3.590003e+00 2.985678e+00 2.932497e+00 2.484867e+00 2.515938e+00 2.815224e+00 4.617513e-01 3.001592e-01 4.178877e-01 4.485302e-01 6.140745e-01 5.634174e-01 5.827115e-01 6.598164e-01 5.928749e-01 5.792818e-01 5.346895e-01 5.036750e-01 3.166474e-01
<GCONST> 1.256878e+02
<STATE> 4
<MEAN> 39
 -2.628654e+00 -1.004533e+00 -2.652763e-01 3.858217e+00 -1.513521e+00 4.854822e-02 -6.110409e+00 -5.598424e+00 -2.042350e+00 -4.326982e+00 -2.720381e+00 -3.587140e+00 7.079864e+01 -1.705320e+00 1.125330e+00 6.213058e-01 6.791173e-02 1.186164e+00 4.750162e-01 6.952717e-01 3.971714e-01 -2.986386e-01 -9.802993e-02 5.340260e-01 8.796103e-01 -2.168347e+00 -5.082511e-01 -3.212588e-02 -6.740209e-02 -1.705595e-01 -2.619907e-01 -2.374431e-01 6.785155e-02 1.479098e-01 2.019521e-01 8.162035e-02 2.902240e-02 1.216889e-01 -6.977601e-02
<VARIANCE> 39
 2.786149e+01 2.495941e+01 3.512135e+01 4.356083e+01 1.032706e+02 8.668050e+01 7.744627e+01 6.106216e+01 4.545635e+01 3.998571e+01 6.382718e+01 8.076908e+01 1.140716e+02 4.897295e+00 2.217078e+00 2.703791e+00 3.213635e+00 4.640702e+00 3.916797e+00 4.116989e+00 4.179531e+00 3.779949e+00 3.512620e+00 3.449994e+00 3.427292e+00 3.908038e+00 6.349970e-01 4.208803e-01 5.817275e-01 6.193199e-01 8.474445e-01 6.101872e-01 5.778996e-01 6.273963e-01 6.157277e-01 6.476104e-01 5.537494e-01 5.271983e-01 5.500484e-01
<GCONST> 1.338544e+02
<TRANSP> 5
 0.000000e+00 1.000000e+00 0.000000e+00 0.000000e+00 0.000000e+00
 0.000000e+00 7.080478e-01 2.919522e-01 0.000000e+00 0.000000e+00
 0.000000e+00 0.000000e+00 4.577803e-01 5.422196e-01 0.000000e+00
 0.000000e+00 0.000000e+00 0.000000e+00 3.815581e-01 6.184418e-01
 0.000000e+00 0.000000e+00 0.000000e+00 0.000000e+00 0.000000e+00
<ENDHMM>
~h "ee"
<BEGINHMM>
<NUMSTATES> 5
<STATE> 2
<MEAN> 39
 -4.098444e+00 -7.825494e-03 4.778610e+00 8.096054e+00 -1.613258e+01 -1.205438e+01 -1.066159e+01 -8.016838e+00 -2.974824e+00 -1.020788e+01 -1.389035e+00 -1.939882e+00 7.835081e+01 2.593152e-01 -8.682529e-02 -4.296293e-01 -8.135986e-02 -2.576445e-02 7.440723e-02 -8.972590e-02 2.379629e-01 2.665885e-01 2.732028e-01 6.657250e-02 -1.899725e-01 7.379012e-02 -2.169289e-01 1.359317e-01 -4.557450e-02 -1.738741e-01 7.307034e-01 4.792762e-01 1.759768e-01 1.385756e-01 -9.412553e-02 1.699820e-01 -6.187775e-02 -2.840075e-02 -4.013822e-01
<VARIANCE> 39
 1.107736e+01 1.850677e+01 3.391095e+01 2.799907e+01 1.224920e+02 5.147355e+01 7.816858e+01 5.155558e+01 8.103735e+01 4.291907e+01 5.277207e+01 3.753534e+01 2.002000e+01 1.627111e+00 1.328887e+00 1.677198e+00 1.570944e+00 5.845144e+00 3.058580e+00 3.327027e+00 2.877390e+00 2.783371e+00 2.418885e+00 2.525199e+00 1.793576e+00 1.520181e+00 4.115255e-01 2.689288e-01 3.373102e-01 3.234240e-01 7.089046e-01 5.421861e-01 6.581671e-01 5.924441e-01 6.098983e-01 5.217615e-01 4.838663e-01 3.757944e-01 2.358132e-01
<GCONST> 1.197587e+02
<STATE> 3
<MEAN> 39
 -3.512048e+00 -1.687210e-01 3.715561e+00 7.696572e+00 -1.276390e+01 -1.017135e+01 -1.065975e+01 -7.306901e+00 -2.158167e+00 -8.982621e+00 -1.789200e+00 -2.282704e+00 7.766830e+01 -1.230242e-01 2.895997e-01 -3.270930e-01 -3.233956e-01 1.553214e+00 1.018126e+00 1.894126e-01 2.542471e-01 -3.158729e-02 4.357788e-01 -1.006710e-01 -2.328660e-01 -7.497248e-01 -3.418784e-01 1.720145e-01 7.709926e-02 -1.390329e-01 5.111791e-01 3.696545e-01 2.675355e-01 4.501701e-02 -1.050528e-01 5.516506e-02 -1.197134e-02 5.840016e-02 -3.813779e-01
<VARIANCE> 39
 1.322966e+01 2.007515e+01 3.486161e+01 3.053344e+01 1.138932e+02 6.613064e+01 8.295831e+01 5.853662e+01 7.937851e+01 4.603158e+01 5.809162e+01 4.140139e+01 3.469618e+01 2.498483e+00 1.589481e+00 2.046355e+00 1.854428e+00 5.717742e+00 3.267302e+00 3.451287e+00 2.805064e+00 3.189836e+00 2.605480e+00 2.752720e+00 2.030512e+00 2.382281e+00 5.085850e-01 2.731322e-01 3.600083e-01 3.531598e-01 7.560022e-01 5.697139e-01 6.733947e-01 5.686266e-01 6.522631e-01 5.018966e-01 5.171582e-01 3.993284e-01 3.204915e-01
<GCONST> 1.241261e+02
<STATE> 4
<MEAN> 39
 -3.848708e+00 4.872535e-01 3.400820e+00 7.062971e+00 -7.863457e+00 -6.834912e+00 -9.731000e+00 -6.754594e+00 -2.247649e+00 -8.028058e+00 -1.901126e+00 -2.424327e+00 7.509418e+01 -9.037184e-01 5.473971e-01 -1.655337e-01 -6.094104e-01 2.014027e+00 1.422274e+00 7.112723e-01 2.523893e-01 -1.010956e-01 5.211653e-01 5.088598e-02 2.628670e-02 -1.422203e+00 -4.290150e-01 4.457160e-02 -1.584749e-02 -1.517889e-01 -2.967299e-02 6.804632e-02 2.563301e-01 5.373026e-02 9.235969e-03 3.865755e-02 5.836095e-02 1.565804e-01 -2.038868e-01
<VARIANCE> 39
 2.642126e+01 2.550233e+01 3.683746e+01 3.429493e+01 1.218118e+02 8.379670e+01 8.546890e+01 6.290662e+01 6.986185e+01 4.556814e+01 5.900469e+01 4.514194e+01 7.165131e+01 5.539024e+00 2.109106e+00 2.774253e+00 2.858604e+00 5.695331e+00 3.822368e+00 4.299941e+00 3.380216e+00 4.103056e+00 3.258767e+00 3.195880e+00 2.450666e+00 3.796549e+00 5.731909e-01 3.651727e-01 5.100936e-01 4.386331e-01 9.900729e-01 6.456579e-01 7.164257e-01 5.888548e-01 7.041935e-01 5.868512e-01 5.756798e-01 4.460523e-01 4.774851e-01
<GCONST> 1.322944e+02
<TRANSP> 5
 0.000000e+00 1.000000e+00 0.000000e+00 0.000000e+00 0.000000e+00
 0.000000e+00 5.728410e-01 4.271590e-01 0.000000e+00 0.000000e+00
 0.000000e+00 0.000000e+00 4.592639e-01 5.407360e-01 0.000000e+00
 0.000000e+00 0.000000e+00 0.000000e+00 3.955299e-01 6.044701e-01
 0.000000e+00 0.000000e+00 0.000000e+00 0.000000e+00 0.000000e+00
<ENDHMM>
~h "iE"
<BEGINHMM>
<NUMSTATES> 5
<STATE> 2
<MEAN> 39
 -6.754023e+00 8.501748e-01 9.363141e+00 7.838712e+00 -1.737992e+01 -1.195733e+01 -7.677454e+00 -1.195290e+01 -4.156994e+00 -1.204772e+01 -2.946423e+00 -1.579206e+00 7.929968e+01 6.292527e-01 -7.575843e-01 -1.221347e+00 -3.381380e-01 -9.033770e-01 -5.275691e-01 -8.014537e-01 5.135856e-01 8.744091e-01 3.820864e-01 4.779646e-01 -1.394254e-01 7.816994e-01 -5.108936e-02 -7.149187e-02 -3.653228e-01 -2.377400e-01 4.832556e-01 3.430116e-01 -7.899477e-02 3.536287e-01 9.158050e-02 3.662685e-01 5.344528e-02 -6.641757e-02 -2.028090e-01
<VARIANCE> 39
 1.343292e+01 2.548213e+01 5.128881e+01 3.740861e+01 1.223021e+02 5.134154e+01 6.835658e+01 4.356624e+01 8.654593e+01 3.266429e+01 4.185334e+01 3.928556e+01 1.350256e+01 1.398793e+00 1.549212e+00 2.910768e+00 2.110302e+00 4.913542e+00 3.119819e+00 2.875435e+00 4.752431e+00 2.996770e+00 3.322083e+00 2.662749e+00 1.892251e+00 8.037037e-01 2.712539e-01 3.217316e-01 5.206326e-01 3.676424e-01 6.226981e-01 5.275559e-01 5.008380e-01 7.913630e-01 6.125205e-01 5.643024e-01 5.060871e-01 3.422967e-01 1.301025e-01
<GCONST> 1.204155e+02
<STATE> 3
<MEAN> 39
 -4.792643e+00 -2.071638e+00 4.118075e+00 6.004411e+00 -1.764647e+01 -1.232590e+01 -1.091881e+01 -8.315178e+00 -1.044471e+00 -9.434494e+00 -1.874035e+00 -2.612307e+00 8.102501e+01 5.817078e-01 -5.366991e-01 -1.557415e+00 -8.014050e-01 8.057020e-01 5.967895e-01 -9.209330e-01 9.157869e-01 6.130462e-01 1.111154e+00 2.413507e-01 -5.114901e-01 1.129235e-01 -1.586298e-01 2.627295e-01 1.754380e-01 -8.777516e-02 5.916306e-01 4.478455e-01 2.200309e-01 -1.231628e-01 -2.648539e-01 4.867027e-02 -8.896728e-02 -4.157459e-02 -3.514702e-01
<VARIANCE> 39
 1.167356e+01 2.246181e+01 4.829106e+01 3.719043e+01 1.171378e+02 4.994842e+01 6.846059e+01 5.578080e+01 7.920041e+01 3.797858e+01 4.799639e+01 5.116692e+01 1.167141e+01 9.596726e-01 1.589069e+00 2.322114e+00 1.797534e+00 4.209924e+00 3.172542e+00 2.568432e+00 3.947471e+00 3.213161e+00 2.544948e+00 3.073532e+00 2.080915e+00 1.148491e+00 2.675085e-01 2.626109e-01 4.177131e-01 3.135411e-01 5.078772e-01 4.921069e-01 5.425212e-01 7.777892e-01 5.641521e-01 5.451643e-01 5.099822e-01 3.961933e-01 1.708830e-01
<GCONST> 1.193057e+02
<STATE> 4
<MEAN> 39
 -3.420219e+00 -2.801830e+00 6.231520e-01 3.733301e+00 -1.338528e+01 -9.548257e+00 -1.301066e+01 -6.629676e+00 -3.811026e-01 -6.482843e+00 -1.892728e+00 -4.442587e+00 8.036037e+01 -1.442813e-01 5.028602e-01 -6.290921e-01 -7.889985e-01 2.254107e+00 1.578086e+00 3.938353e-02 1.277311e-01 -2.686192e-01 8.365398e-01 1.367485e-01 -3.095204e-01 -9.379764e-01 -5.198486e-01 3.559610e-01 3.962898e-01 9.063852e-02 3.705887e-01 2.356656e-01 5.639176e-01 -1.312432e-01 -2.448315e-01 -2.314355e-01 -1.309937e-02 2.457848e-01 -4.467155e-01
<VARIANCE> 39
 1.537267e+01 2.357340e+01 3.910676e+01 3.988479e+01 1.094993e+02 5.910976e+01 6.798078e+01 5.842170e+01 6.586729e+01 4.231673e+01 5.299931e+01 6.646411e+01 2.172526e+01 3.653246e+00 2.545694e+00 3.108904e+00 2.785766e+00 4.774228e+00 3.711135e+00 4.179108e+00 4.274888e+00 3.935440e+00 3.070086e+00 3.348385e+00 3.066400e+00 2.558704e+00 5.496346e-01 3.806112e-01 4.672661e-01 4.179881e-01 6.522466e-01 5.790283e-01 6.570473e-01 9.037721e-01 6.944023e-01 6.360258e-01 5.935268e-01 5.267977e-01 3.726332e-01
<GCONST> 1.294096e+02
<TRANSP> 5
 0.000000e+00 1.000000e+00 0.000000e+00 0.000000e+00 0.000000e+00
 0.000000e+00 6.566436e-01 3.433565e-01 0.000000e+00 0.000000e+00
 0.000000e+00 0.000000e+00 5.899783e-01 4.100216e-01 0.000000e+00
 0.000000e+00 0.000000e+00 0.000000e+00 5.618454e-01 4.381547e-01
 0.000000e+00 0.000000e+00 0.000000e+00 0.000000e+00 0.000000e+00
<ENDHMM>
~h "iI"
<BEGINHMM>
<NUMSTATES> 5
<STATE> 2
<MEAN> 39
 -8.267152e+00 4.266448e+00 1.531982e+01 1.061694e+01 -1.224298e+01 -9.754154e+00 -2.558739e+00 -1.426333e+01 -8.679541e+00 -1.292836e+01 -6.018276e+00 -5.611854e-01 7.587780e+01 1.675184e-01 1.125818e-01 1.044939e-01 2.322972e-01 -4.800701e-01 -4.806663e-01 1.119933e-01 -4.391563e-01 -1.362519e-01 -4.132923e-01 -3.967360e-04 9.514496e-02 3.067824e-01 -8.952682e-02 -7.011759e-02 -3.436011e-01 -1.477525e-01 2.982833e-01 1.418797e-01 -1.290168e-01 2.913965e-01 1.530971e-01 2.048995e-01 1.316320e-01 -2.347766e-02 -1.491978e-01
<VARIANCE> 39
 1.428676e+01 2.488276e+01 3.601180e+01 4.815160e+01 9.472901e+01 4.416454e+01 6.035689e+01 4.379865e+01 6.641756e+01 4.197671e+01 3.121382e+01 3.147918e+01 1.567227e+01 1.763630e+00 1.498084e+00 2.637828e+00 2.167235e+00 4.643945e+00 2.788409e+00 2.649029e+00 4.192922e+00 2.893467e+00 2.914404e+00 2.005161e+00 1.544230e+00 1.527997e+00 2.932415e-01 3.066110e-01 3.961189e-01 3.581550e-01 7.313376e-01 5.275371e-01 4.565590e-01 6.543250e-01 5.389206e-01 5.153403e-01 3.608239e-01 2.956199e-01 2.487601e-01
<GCONST> 1.187400e+02
<STATE> 3
<MEAN> 39
 -7.760981e+00 3.646988e+00 1.318773e+01 1.066406e+01 -1.223241e+01 -1.103564e+01 -4.130166e+00 -1.367652e+01 -7.688377e+00 -1.386686e+01 -4.931279e+00 -5.692554e-01 7.653814e+01 -6.299064e-02 5.628924e-02 -9.426727e-01 -2.551245e-01 1.090965e+00 2.374654e-01 -5.389393e-01 7.913543e-01 3.323967e-01 3.088725e-01 3.193018e-01 -1.259744e-01 -3.292799e-01 -1.872281e-01 -5.383609e-03 -2.553681e-01 -2.443880e-01 4.481130e-01 3.967653e-01 -2.088693e-02 2.855463e-01 1.442829e-01 3.349340e-01 5.231281e-02 -4.458988e-02 -2.415579e-01
<VARIANCE> 39
 1.569612e+01 2.352452e+01 4.213084e+01 4.579805e+01 1.057528e+02 4.500457e+01 6.477551e+01 4.641279e+01 7.898097e+01 4.227490e+01 3.749290e+01 3.745631e+01 1.532574e+01 2.366442e+00 1.480695e+00 2.314748e+00 2.310016e+00 5.885966e+00 3.999075e+00 3.381833e+00 3.807559e+00 3.486372e+00 3.357389e+00 2.334327e+00 1.683323e+00 1.749671e+00 3.791433e-01 2.773586e-01 3.775119e-01 3.999442e-01 8.165421e-01 6.338462e-01 6.497523e-01 6.167732e-01 6.684459e-01 5.665178e-01 4.318277e-01 3.176959e-01 3.094943e-01
<GCONST> 1.229066e+02
<STATE> 4
<MEAN> 39
 -8.014017e+00 3.602466e+00 9.701575e+00 9.363988e+00 -7.782525e+00 -9.335191e+00 -6.592391e+00 -1.060953e+01 -5.927924e+00 -1.240456e+01 -3.917841e+00 -1.213093e+00 7.519987e+01 -7.180173e-01 7.189308e-02 -1.560437e+00 -1.038104e+00 2.151410e+00 1.541205e+00 -2.098980e-01 1.319353e+00 7.009573e-01 1.322490e+00 4.136316e-01 -1.770674e-01 -1.056031e+00 -2.757803e-01 -1.120751e-01 -1.886027e-01 -2.944788e-01 -6.620201e-02 2.869849e-01 3.055277e-01 5.976496e-03 6.881886e-02 2.536068e-01 6.631383e-02 7.094372e-02 -1.271727e-01
<VARIANCE> 39
 4.112973e+01 2.655879e+01 5.217012e+01 4.503550e+01 1.207198e+02 5.750759e+01 6.462646e+01 5.375877e+01 7.439696e+01 4.971757e+01 3.875874e+01 4.225475e+01 2.919166e+01 5.869006e+00 2.465401e+00 3.544347e+00 3.800580e+00 6.696861e+00 5.454499e+00 4.868862e+00 4.379641e+00 5.282150e+00 4.326415e+00 3.185263e+00 2.248572e+00 3.845728e+00 5.221023e-01 4.133896e-01 5.937678e-01 5.004163e-01 1.157379e+00 8.641784e-01 8.239154e-01 7.368884e-01 8.601933e-01 6.756728e-01 5.678158e-01 4.188476e-01 6.005846e-01
<GCONST> 1.350654e+02
<TRANSP> 5
 0.000000e+00 1.000000e+00 0.000000e+00 0.000000e+00 0.000000e+00
 0.000000e+00 8.002167e-01 1.997834e-01 0.000000e+00 0.000000e+00
 0.000000e+00 0.000000e+00 6.537077e-01 3.462923e-01 0.000000e+00
 0.000000e+00 0.000000e+00 0.000000e+00 5.350755e-01 4.649244e-01
 0.000000e+00 0.000000e+00 0.000000e+00 0.000000e+00 0.000000e+00
<ENDHMM>
~h "ie"
<BEGINHMM>
<NUMSTATES> 5
<STATE> 2
<MEAN> 39
 -5.121445e+00 -3.079852e-01 6.870930e+00 8.751348e+00 -1.325223e+01 -1.107143e+01 -1.167173e+01 -9.402217e+00 -3.007625e+00 -1.077993e+01 -1.781728e+00 -1.617238e+00 7.874930e+01 8.605288e-01 -2.135621e-01 -4.819506e-01 -2.148783e-01 -1.021346e+00 -3.882227e-01 -7.395252e-01 -2.188421e-01 2.412523e-01 -1.647389e-01 3.355180e-01 -1.210737e-01 7.906910e-01 -2.397301e-01 6.234179e-02 -2.047211e-01 -2.998818e-01 5.665849e-01 4.978337e-01 2.677659e-01 2.280059e-01 5.162296e-02 3.678109e-01 5.358779e-02 -1.140712e-02 -4.329354e-01
<VARIANCE> 39
 1.909022e+01 2.088149e+01 3.992836e+01 3.481821e+01 1.098086e+02 5.531386e+01 6.856760e+01 4.151444e+01 7.609502e+01 4.603523e+01 5.324701e+01 3.828674e+01 1.825021e+01 2.949352e+00 2.219319e+00 3.555290e+00 3.090513e+00 9.129952e+00 5.115028e+00 4.434027e+00 4.581133e+00 4.839552e+00 5.641183e+00 3.822363e+00 2.951593e+00 2.450279e+00 5.285627e-01 4.294062e-01 6.899616e-01 4.986462e-01 1.162431e+00 7.412559e-01 7.816479e-01 8.307311e-01 9.283093e-01 8.864733e-01 6.623682e-01 5.437635e-01 4.003963e-01
<GCONST> 1.327486e+02
<STATE> 3
<MEAN> 39
 -4.121054e+00 -8.793498e-01 5.144798e+00 7.528106e+00 -1.437147e+01 -1.112047e+01 -1.279537e+01 -9.025201e+00 -2.203696e+00 -9.949602e+00 -9.958656e-01 -1.958233e+00 7.971431e+01 3.613065e-01 3.978660e-02 -6.839247e-01 -7.292589e-01 6.313073e-01 6.555808e-01 -1.812055e-01 2.457394e-01 1.219022e-01 6.378485e-01 2.349130e-01 -2.345447e-01 -9.021463e-02 -3.456527e-01 1.971631e-01 9.760059e-02 -1.324856e-01 7.776646e-01 4.737510e-01 4.138879e-01 1.270969e-01 -1.501938e-01 1.674563e-01 -7.915670e-02 -1.328530e-03 -5.088574e-01
<VARIANCE> 39
 1.394409e+01 1.881515e+01 3.929667e+01 3.518212e+01 1.104693e+02 6.097771e+01 6.907463e+01 4.589250e+01 7.423807e+01 4.880001e+01 5.715966e+01 4.530142e+01 1.429416e+01 1.996615e+00 1.893263e+00 3.003572e+00 2.379077e+00 8.000648e+00 4.111941e+00 3.989612e+00 3.746564e+00 4.621288e+00 3.974248e+00 3.710589e+00 2.779919e+00 2.471585e+00 4.734230e-01 3.626193e-01 5.700629e-01 4.510033e-01 9.225499e-01 6.927838e-01 7.257133e-01 7.875329e-01 9.187028e-01 8.579742e-01 6.526534e-01 5.686595e-01 3.647586e-01
<GCONST> 1.293473e+02
<STATE> 4
<MEAN> 39
 -3.648452e+00 -4.496846e-01 3.751724e+00 5.804771e+00 -1.158842e+01 -9.222532e+00 -1.287694e+01 -8.493320e+00 -2.389637e+00 -8.284645e+00 -9.543217e-01 -2.776395e+00 7.888942e+01 -3.373500e-01 5.713849e-01 -2.168756e-01 -7.758599e-01 2.120131e+00 1.456105e+00 7.130590e-01 2.665720e-01 -3.294937e-01 6.317436e-01 -5.426811e-03 -1.663891e-01 -1.079496e+00 -4.897107e-01 1.227968e-01 2.121964e-01 4.825760e-02 3.941373e-01 2.280854e-01 4.664400e-01 7.197089e-02 -9.319606e-02 -9.251509e-02 -4.077271e-02 1.499147e-01 -4.440301e-01
<VARIANCE> 39
 1.962667e+01 2.259329e+01 4.290763e+01 3.859546e+01 1.137140e+02 6.669919e+01 6.807027e+01 4.815216e+01 6.675040e+01 5.122057e+01 5.794696e+01 5.253803e+01 2.078474e+01 4.122373e+00 2.251075e+00 3.171508e+00 2.689739e+00 7.029024e+00 4.084979e+00 4.807786e+00 3.836857e+00 4.945365e+00 4.025598e+00 3.905070e+00 3.284585e+00 3.828083e+00 5.852008e-01 4.614085e-01 5.945975e-01 5.037010e-01 1.026210e+00 6.991678e-01 6.850548e-01 7.461181e-01 9.758564e-01 8.156570e-01 6.834621e-01 5.739949e-01 5.488378e-01
<GCONST> 1.336519e+02
<TRANSP> 5
 0.000000e+00 1.000000e+00 0.000000e+00 0.000000e+00 0.000000e+00
 0.000000e+00 4.091860e-01 5.908141e-01 0.000000e+00 0.000000e+00
 0.000000e+00 0.000000e+00 4.287449e-01 5.712550e-01 0.000000e+00
 0.000000e+00 0.000000e+00 0.000000e+00 4.370979e-01 5.629020e-01
 0.000000e+00 0.000000e+00 0.000000e+00 0.000000e+00 0.000000e+00
<ENDHMM>
~h "ii"
<BEGINHMM>
<NUMSTATES> 5
<STATE> 2
<MEAN> 39
 -6.520173e+00 3.148639e+00 1.042018e+01 1.033569e+01 -1.244802e+01 -1.007995e+01 -6.876827e+00 -1.234107e+01 -6.081359e+00 -1.313491e+01 -3.290121e+00 -1.006327e+00 7.522252e+01 6.779720e-01 1.352514e-01 1.341113e-01 5.664671e-01 -5.130200e-01 -3.579043e-01 -1.340634e-01 -5.319439e-01 -3.934741e-02 -6.481116e-01 -2.594025e-02 4.934762e-03 3.434923e-01 -2.050483e-01 -5.407288e-02 -3.854629e-01 -3.537769e-01 4.881773e-01 3.993221e-01 5.968528e-02 3.933939e-01 1.450567e-01 3.826375e-01 1.039328e-01 5.999146e-03 -3.177490e-01
<VARIANCE> 39
 2.018399e+01 2.294277e+01 4.727129e+01 3.735922e+01 1.037092e+02 5.579638e+01 6.905919e+01 4.715421e+01 8.521757e+01 4.528702e+01 4.407980e+01 3.374490e+01 3.641487e+01 3.082302e+00 1.910351e+00 4.137202e+00 2.970382e+00 6.690746e+00 4.352385e+00 4.082313e+00 5.549948e+00 3.913080e+00 4.533874e+00 2.818052e+00 2.041535e+00 4.246892e+00 5.243173e-01 3.801494e-01 6.043773e-01 5.165712e-01 1.024420e+00 7.304999e-01 7.198620e-01 8.586169e-01 8.052432e-01 7.542161e-01 5.085070e-01 3.946829e-01 4.885061e-01
<GCONST> 1.316777e+02
<STATE> 3
<MEAN> 39
 -5.367331e+00 2.848818e+00 9.055800e+00 1.056981e+01 -1.159340e+01 -9.937299e+00 -7.535075e+00 -1.184978e+01 -5.173793e+00 -1.332307e+01 -3.211834e+00 -1.127409e+00 7.549343e+01 2.732191e-01 7.539891e-02 -6.822324e-01 -2.504430e-01 1.057090e+00 6.677966e-01 -1.209044e-01 5.366623e-01 2.321553e-01 4.049345e-01 6.813532e-02 -1.015835e-01 -6.078537e-01 -2.952765e-01 2.900172e-03 -2.201324e-01 -3.612123e-01 4.816247e-01 4.266320e-01 1.543723e-01 3.410431e-01 4.634448e-02 4.048308e-01 4.494456e-02 -1.531544e-02 -3.541588e-01
<VARIANCE> 39
 1.922082e+01 2.311010e+01 4.768774e+01 3.704538e+01 1.077805e+02 6.088438e+01 7.401308e+01 4.729429e+01 8.489294e+01 4.515264e+01 4.821592e+01 3.845533e+01 3.221657e+01 2.768486e+00 1.806133e+00 3.093915e+00 2.541579e+00 6.620160e+00 4.361012e+00 3.814621e+00 4.253888e+00 3.900256e+00 3.930941e+00 2.823708e+00 1.926174e+00 3.599432e+00 4.805329e-01 3.625934e-01 5.392355e-01 4.652165e-01 1.048671e+00 7.221771e-01 7.477881e-01 7.519987e-01 8.274515e-01 6.860012e-01 5.431351e-01 3.850993e-01 5.328351e-01
<GCONST> 1.302303e+02
<STATE> 4
<MEAN> 39
 -4.919097e+00 2.801091e+00 6.937129e+00 9.383313e+00 -7.680387e+00 -7.490858e+00 -7.949347e+00 -9.852732e+00 -4.203228e+00 -1.139702e+01 -3.109305e+00 -1.478165e+00 7.349710e+01 -3.217629e-01 8.770251e-02 -9.351635e-01 -8.996599e-01 1.681488e+00 1.415395e+00 3.091628e-01 9.238811e-01 2.302544e-01 1.080249e+00 1.572354e-01 -8.132922e-02 -1.292722e+00 -3.430036e-01 -8.453871e-02 -1.160048e-01 -2.703310e-01 -7.326125e-02 1.493887e-01 2.330110e-01 9.681025e-02 1.999207e-02 1.783277e-01 6.477416e-02 6.330616e-02 -9.999127e-02
<VARIANCE> 39
 3.248643e+01 2.696205e+01 4.992485e+01 3.980088e+01 1.082654e+02 7.327583e+01 7.597126e+01 5.546605e+01 7.353458e+01 5.020395e+01 4.797285e+01 4.179099e+01 5.972575e+01 4.641266e+00 2.387523e+00 3.405544e+00 3.034011e+00 6.504052e+00 4.447551e+00 4.132121e+00 4.136154e+00 4.869728e+00 4.124848e+00 3.238052e+00 2.226144e+00 4.806124e+00 4.604089e-01 4.241818e-01 6.028149e-01 4.731357e-01 1.155579e+00 8.087399e-01 7.501054e-01 7.277344e-01 8.431419e-01 6.897597e-01 5.917770e-01 4.127373e-01 7.218251e-01
<GCONST> 1.349294e+02
<TRANSP> 5
 0.000000e+00 1.000000e+00 0.000000e+00 0.000000e+00 0.000000e+00
 0.000000e+00 5.474648e-01 4.525352e-01 0.000000e+00 0.000000e+00
 0.000000e+00 0.000000e+00 4.840234e-01 5.159765e-01 0.000000e+00
 0.000000e+00 0.000000e+00 0.000000e+00 4.273978e-01 5.726022e-01
 0.000000e+00 0.000000e+00 0.000000e+00 0.000000e+00 0.000000e+00
<ENDHMM>
~h "oO"
<BEGINHMM>
<NUMSTATES> 5
<STATE> 2
<MEAN> 39
 1.753839e+00 1.992264e+00 -3.323940e+00 -1.228724e+01 -1.756736e+01 2.431360e+00 -3.779197e+00 -1.107360e+01 -4.467632e+00 -8.672431e+00 -1.540179e+00 -2.330239e+00 7.794038e+01 5.692015e-01 -9.110440e-02 -2.231862e-01 -1.237561e+00 -8.197352e-01 6.220550e-01 5.389499e-01 1.464702e-01 -2.941813e-01 -2.074224e-01 8.171206e-02 -2.004133e-01 2.810666e-01 -4.204384e-01 -7.894725e-02 1.712741e-01 4.521167e-01 5.504533e-01 -1.236057e-01 -1.227399e-01 1.898688e-01 9.145471e-02 1.096672e-01 -2.944249e-02 6.989245e-03 -1.860223e-01
<VARIANCE> 39
 1.494225e+01 3.302079e+01 3.520832e+01 9.240321e+01 6.053796e+01 7.364362e+01 9.773523e+01 6.247337e+01 5.350533e+01 3.560976e+01 8.107735e+01 7.857478e+01 1.802423e+01 2.285900e+00 1.367466e+00 1.885770e+00 5.089555e+00 6.725305e+00 3.833346e+00 3.869273e+00 3.663054e+00 3.269030e+00 2.868340e+00 3.480584e+00 2.464870e+00 1.045825e+00 3.553040e-01 2.950270e-01 3.646614e-01 5.024226e-01 7.485817e-01 5.790132e-01 7.302897e-01 7.150343e-01 6.230009e-01 5.680746e-01 6.162211e-01 4.250281e-01 2.011775e-01
<GCONST> 1.266033e+02
<STATE> 3
<MEAN> 39
 2.014738e+00 1.311472e+00 -3.509852e+00 -1.278180e+01 -1.702849e+01 3.222498e+00 -3.272221e+00 -1.038213e+01 -5.127216e+00 -8.610888e+00 -1.158416e+00 -2.594043e+00 7.824533e+01 -4.145814e-01 7.430633e-03 1.639454e-01 3.338758e-01 9.589312e-01 1.146416e-01 -3.469389e-01 1.048592e-01 -1.844890e-01 1.457851e-01 2.471846e-01 -1.700065e-01 -4.890319e-02 -4.515875e-01 1.233098e-01 2.040350e-01 4.924814e-01 5.722772e-01 -1.821737e-01 -2.365700e-01 6.419059e-02 1.422402e-01 1.177806e-01 -5.539593e-02 -2.313289e-03 -1.400244e-01
<VARIANCE> 39
 1.368340e+01 3.333297e+01 3.140744e+01 7.542888e+01 5.466647e+01 7.660722e+01 1.015426e+02 7.117768e+01 5.314876e+01 3.601988e+01 8.626608e+01 8.663583e+01 1.630340e+01 2.153132e+00 1.482689e+00 1.539629e+00 3.897626e+00 5.521992e+00 3.424738e+00 3.888659e+00 3.155196e+00 2.895854e+00 2.686383e+00 3.265717e+00 2.184601e+00 7.345732e-01 3.773270e-01 2.593763e-01 3.055514e-01 3.871368e-01 6.014347e-01 5.531645e-01 6.685329e-01 6.870918e-01 5.960176e-01 5.145567e-01 6.145932e-01 4.294449e-01 1.353120e-01
<GCONST> 1.233195e+02
<STATE> 4
<MEAN> 39
 1.414251e-02 1.695392e+00 -2.319111e+00 -9.248004e+00 -1.198549e+01 2.639038e+00 -5.498024e+00 -1.040299e+01 -5.621599e+00 -7.802423e+00 -8.178663e-02 -2.555093e+00 7.772214e+01 -1.821746e+00 5.992245e-01 8.022421e-01 1.619624e+00 2.496841e+00 -4.071328e-01 -7.587830e-01 3.985068e-01 3.097916e-01 4.345738e-01 -9.933420e-02 -8.669081e-02 -5.164419e-01 -6.329168e-01 1.361582e-01 1.327370e-01 2.347910e-01 2.644917e-01 -1.372892e-01 1.526911e-01 2.835847e-01 2.611526e-01 7.793584e-02 -1.880327e-01 8.600441e-02 -2.069627e-01
<VARIANCE> 39
 3.460739e+01 3.514709e+01 3.240498e+01 6.757430e+01 7.702122e+01 7.258459e+01 1.125430e+02 7.100141e+01 5.104607e+01 3.799693e+01 8.259802e+01 8.448036e+01 2.248914e+01 6.479439e+00 2.770926e+00 2.447977e+00 4.101152e+00 6.287571e+00 5.313210e+00 5.072658e+00 4.960563e+00 4.293889e+00 3.975789e+00 4.323780e+00 3.224030e+00 1.741633e+00 6.965923e-01 4.036252e-01 4.944553e-01 5.581272e-01 9.027402e-01 6.524938e-01 9.202377e-01 7.941429e-01 7.726575e-01 6.466932e-01 7.166452e-01 5.137953e-01 2.274189e-01
<GCONST> 1.350034e+02
<TRANSP> 5
 0.000000e+00 1.000000e+00 0.000000e+00 0.000000e+00 0.000000e+00
 0.000000e+00 6.719577e-01 3.280422e-01 0.000000e+00 0.000000e+00
 0.000000e+00 0.000000e+00 6.538411e-01 3.461588e-01 0.000000e+00
 0.000000e+00 0.000000e+00 0.000000e+00 6.056023e-01 3.943976e-01
 0.000000e+00 0.000000e+00 0.000000e+00 0.000000e+00 0.000000e+00
<ENDHMM>
~h "oo"
<BEGINHMM>
<NUMSTATES> 5
<STATE> 2
<MEAN> 39
 1.052401e+00 1.560598e+00 -2.532317e+00 -6.907484e+00 -1.249830e+01 1.728055e+00 -5.500288e+00 -1.081922e+01 -4.318475e+00 -7.744411e+00 -4.037850e-01 -1.252301e+00 7.578222e+01 6.848282e-01 4.125821e-02 9.929421e-02 -1.325067e-01 -3.316224e-01 1.826619e-01 -5.829825e-02 -3.116938e-01 -3.287333e-01 -2.218784e-01 7.248165e-02 -1.607897e-01 4.561682e-01 -4.932778e-01 5.523624e-03 2.225450e-01 4.555980e-01 5.571314e-01 -1.082123e-01 -1.625270e-02 3.236418e-01 1.197544e-01 3.280232e-02 -1.253955e-01 2.769054e-02 -3.912366e-01
<VARIANCE> 39
 2.009251e+01 3.191005e+01 3.046932e+01 7.030217e+01 5.777452e+01 6.973356e+01 1.174999e+02 6.881451e+01 5.380086e+01 4.634745e+01 8.678300e+01 8.019544e+01 4.822137e+01 3.547993e+00 1.996397e+00 2.488744e+00 5.520456e+00 7.417064e+00 4.247951e+00 4.696468e+00 4.273547e+00 3.856063e+00 3.765780e+00 4.405295e+00 3.196274e+00 4.611027e+00 5.307025e-01 4.067660e-01 4.761412e-01 6.628567e-01 9.686314e-01 7.259541e-01 7.892767e-01 7.624319e-01 7.572334e-01 7.022348e-01 7.739339e-01 5.723388e-01 4.568642e-01
<GCONST> 1.357550e+02
<STATE> 3
<MEAN> 39
 1.431349e+00 1.459795e+00 -2.227008e+00 -6.169681e+00 -1.188814e+01 1.939415e+00 -5.808360e+00 -1.108401e+01 -4.727388e+00 -8.176126e+00 -4.769614e-01 -1.321034e+00 7.627525e+01 -3.461685e-01 1.621210e-01 5.051552e-01 9.856858e-01 1.028584e+00 -7.330275e-02 -2.882325e-01 2.578597e-01 -4.293065e-02 -6.130347e-02 -1.217398e-01 -1.113841e-01 -4.664505e-01 -5.573741e-01 1.060585e-01 2.465282e-01 4.109851e-01 5.339881e-01 -1.594617e-01 2.084268e-02 3.468529e-01 1.664224e-01 5.989034e-02 -1.482797e-01 1.641140e-02 -4.263825e-01
<VARIANCE> 39
 1.457674e+01 3.269804e+01 3.052117e+01 7.209981e+01 6.018692e+01 7.238993e+01 1.294991e+02 6.877147e+01 5.668949e+01 4.514193e+01 9.214825e+01 8.550465e+01 3.539843e+01 2.712390e+00 2.065295e+00 2.374483e+00 4.464929e+00 6.184757e+00 4.154900e+00 4.419826e+00 4.243947e+00 3.875211e+00 3.655845e+00 4.159138e+00 3.020633e+00 3.813209e+00 4.736719e-01 3.928884e-01 4.605119e-01 6.132200e-01 9.259648e-01 7.207216e-01 8.577357e-01 7.688142e-01 7.649215e-01 7.048534e-01 8.143710e-01 5.843332e-01 4.103749e-01
<GCONST> 1.341650e+02
<STATE> 4
<MEAN> 39
 1.313243e-01 1.833483e+00 -9.114900e-01 -3.120926e+00 -8.687844e+00 1.619663e+00 -6.633167e+00 -1.023420e+01 -4.480143e+00 -8.147373e+00 -8.304510e-01 -1.407724e+00 7.468673e+01 -1.318841e+00 4.106039e-01 9.600512e-01 1.592569e+00 1.795631e+00 -4.044247e-01 -1.956365e-01 8.533148e-01 2.914822e-01 1.037091e-01 -3.599655e-01 -8.877902e-02 -1.248565e+00 -5.285922e-01 2.144162e-02 9.311505e-02 4.045007e-02 1.425424e-01 -1.190189e-01 1.942896e-01 2.564801e-01 1.479338e-01 9.215154e-02 -5.877127e-02 6.722668e-02 -2.294330e-01
<VARIANCE> 39
 2.354391e+01 3.440099e+01 3.485847e+01 7.104424e+01 7.277509e+01 7.389893e+01 1.309527e+02 6.959135e+01 5.508229e+01 4.496165e+01 8.311938e+01 7.945227e+01 5.665971e+01 4.405538e+00 2.565139e+00 2.854884e+00 4.131288e+00 6.090813e+00 4.984903e+00 4.904412e+00 4.703130e+00 4.372619e+00 4.178414e+00 4.437685e+00 3.302353e+00 4.413279e+00 5.742778e-01 4.867320e-01 5.718684e-01 6.872466e-01 1.045527e+00 6.971231e-01 9.100575e-01 7.941501e-01 8.175156e-01 7.407091e-01 7.807376e-01 5.726901e-01 5.351263e-01
<GCONST> 1.382808e+02
<TRANSP> 5
 0.000000e+00 1.000000e+00 0.000000e+00 0.000000e+00 0.000000e+00
 0.000000e+00 4.356074e-01 5.643926e-01 0.000000e+00 0.000000e+00
 0.000000e+00 0.000000e+00 4.085127e-01 5.914873e-01 0.000000e+00
 0.000000e+00 0.000000e+00 0.000000e+00 3.711474e-01 6.288526e-01
 0.000000e+00 0.000000e+00 0.000000e+00 0.000000e+00 0.000000e+00
<ENDHMM>
~h "tS"
<BEGINHMM>
<NUMSTATES> 5
<STATE> 2
<MEAN> 39
 -1.680431e+01 -7.849633e+00 5.733002e+00 2.598881e+00 -1.282690e+00 -3.855956e+00 -4.866368e+00 -6.065769e+00 -2.851802e+00 -1.059621e+00 -1.274135e+00 -1.868407e+00 7.500166e+01 -3.986101e+00 -1.650641e+00 8.030131e-01 -1.982723e-01 9.587531e-01 1.246918e-01 1.600867e+00 1.036640e+00 3.240159e-01 1.135674e+00 2.451850e-01 5.671695e-01 3.322042e-01 5.742412e-02 -1.044470e-02 -2.251728e-01 -2.775195e-01 -1.987391e-01 1.187095e-01 -9.423989e-02 -9.740071e-02 2.684868e-02 -5.532169e-02 2.365151e-01 2.391199e-02 2.435044e-01
<VARIANCE> 39
 1.394352e+02 4.129846e+01 5.450581e+01 4.905281e+01 6.053870e+01 4.327866e+01 8.849546e+01 4.895457e+01 3.354196e+01 4.355756e+01 4.039090e+01 3.721317e+01 3.700594e+01 8.859561e+00 5.056489e+00 6.166080e+00 5.252625e+00 5.506638e+00 4.894367e+00 6.500767e+00 4.327976e+00 2.720503e+00 4.049177e+00 4.873314e+00 3.851185e+00 5.329284e+00 1.992862e+00 9.704219e-01 9.116375e-01 9.547585e-01 1.010031e+00 9.206002e-01 1.212317e+00 8.449956e-01 5.043578e-01 6.669402e-01 8.375832e-01 6.389099e-01 9.301671e-01
<GCONST> 1.422855e+02
<STATE> 3
<MEAN> 39
 -2.611822e+01 -1.178801e+01 6.316106e+00 8.154908e-01 5.663252e-02 -3.226336e+00 -1.728381e+00 -4.243357e+00 -1.507432e+00 1.624558e+00 5.993572e-01 -6.487124e-01 7.696000e+01 -9.093519e-01 -3.838236e-01 -2.271281e-01 -3.819808e-01 1.936071e-01 1.585243e-01 1.574958e-01 1.559597e-01 3.466254e-01 5.226538e-01 3.005970e-01 1.553067e-01 3.300603e-01 1.107391e+00 5.229837e-01 -2.648399e-01 1.793343e-02 -1.914800e-01 3.900245e-03 -4.328418e-01 -2.489786e-01 -6.452688e-02 -2.613315e-01 -8.384059e-02 -1.185222e-01 -1.229437e-01
<VARIANCE> 39
 7.620073e+01 3.639669e+01 4.295210e+01 4.380983e+01 4.697863e+01 3.900975e+01 6.901686e+01 4.076814e+01 3.606095e+01 3.681664e+01 2.832155e+01 2.605588e+01 1.479177e+01 1.744724e+01 5.384361e+00 3.509674e+00 3.021421e+00 3.415109e+00 3.585565e+00 5.696294e+00 3.658657e+00 2.511150e+00 3.055880e+00 2.986739e+00 2.698346e+00 2.391618e+00 1.522852e+00 8.263458e-01 6.330309e-01 6.200885e-01 7.202561e-01 6.773379e-01 8.191702e-01 6.813071e-01 4.936965e-01 5.502673e-01 6.117564e-01 4.979055e-01 5.504810e-01
<GCONST> 1.314373e+02
<STATE> 4
<MEAN> 39
 -2.162630e+01 -9.188736e+00 4.351564e+00 -4.118730e-01 1.360970e-01 -2.880001e+00 -3.160146e+00 -5.265126e+00 -1.211104e+00 1.238981e+00 4.688047e-01 -4.484506e-01 7.685857e+01 3.056897e+00 1.566844e+00 -8.724650e-01 -9.853345e-02 -5.256436e-01 1.112913e-01 -1.033450e+00 -5.769910e-01 -2.358078e-01 -7.049031e-01 -2.587944e-01 -2.845699e-01 -5.083027e-01 4.364990e-01 1.477492e-01 -1.934140e-01 2.618853e-02 -2.846137e-01 2.446109e-02 -9.801050e-02 -6.040677e-02 -9.824335e-02 -2.407146e-01 -3.462501e-02 -6.830584e-02 -1.657567e-01
<VARIANCE> 39
 1.454111e+02 5.524134e+01 4.577016e+01 4.780031e+01 5.007442e+01 4.290613e+01 7.644090e+01 3.901341e+01 5.227438e+01 4.555815e+01 3.072369e+01 3.026105e+01 1.933278e+01 1.375262e+01 5.519712e+00 3.200579e+00 3.224234e+00 5.026409e+00 4.423246e+00 4.492818e+00 4.061300e+00 4.004597e+00 3.935998e+00 3.026929e+00 3.326241e+00 3.239701e+00 2.192773e+00 1.071537e+00 5.708729e-01 5.269399e-01 8.214113e-01 7.152328e-01 7.797098e-01 7.255697e-01 6.495157e-01 6.300777e-01 5.477864e-01 5.290908e-01 5.155293e-01
<GCONST> 1.362729e+02
<TRANSP> 5
 0.000000e+00 1.000000e+00 0.000000e+00 0.000000e+00 0.000000e+00
 0.000000e+00 6.958641e-01 3.041358e-01 0.000000e+00 0.000000e+00
 0.000000e+00 0.000000e+00 7.309958e-01 2.690041e-01 0.000000e+00
 0.000000e+00 0.000000e+00 0.000000e+00 7.644485e-01 2.355515e-01
 0.000000e+00 0.000000e+00 0.000000e+00 0.000000e+00 0.000000e+00
<ENDHMM>
~h "uO"
<BEGINHMM>
<NUMSTATES> 5
<STATE> 2
<MEAN> 39
 1.477172e+00 3.324397e+00 -1.831829e+00 -6.306805e+00 -1.412954e+01 9.675848e-02 -5.455875e+00 -1.183608e+01 -4.080014e+00 -9.432079e+00 -2.785319e+00 -7.456471e-01 7.559918e+01 9.436068e-01 -1.934876e-01 -4.766008e-01 -1.259911e+00 -1.151888e+00 5.706517e-01 -2.693067e-02 -3.542420e-01 -4.424698e-01 -5.765361e-02 5.410165e-01 -1.419782e-01 7.795051e-01 -4.954454e-01 -3.261467e-01 2.235257e-02 2.541961e-01 3.871762e-01 -4.249576e-02 -2.881553e-02 2.702564e-01 1.665660e-01 2.925860e-01 1.486542e-01 -2.000670e-02 -7.339473e-02
<VARIANCE> 39
 2.266264e+01 4.307962e+01 3.640909e+01 7.611504e+01 9.160655e+01 8.472157e+01 1.253653e+02 5.408242e+01 5.966588e+01 4.417300e+01 8.153926e+01 6.540949e+01 2.515108e+01 3.935451e+00 4.516317e+00 2.887500e+00 5.098041e+00 9.243486e+00 5.244939e+00 5.073548e+00 4.424512e+00 4.849144e+00 6.055377e+00 5.754262e+00 3.454508e+00 1.442610e+00 4.372062e-01 7.532957e-01 5.790306e-01 7.147855e-01 1.245839e+00 9.109111e-01 9.675800e-01 8.030657e-01 9.058221e-01 9.290895e-01 9.120108e-01 6.115094e-01 2.829827e-01
<GCONST> 1.391080e+02
<STATE> 3
<MEAN> 39
 1.898704e+00 6.303419e-01 -3.737111e+00 -8.636447e+00 -1.530364e+01 1.565544e+00 -6.543023e+00 -1.181658e+01 -4.756945e+00 -8.053835e+00 -5.588300e-01 -1.760812e+00 7.794253e+01 -2.091997e-01 -7.150903e-01 -2.984979e-01 -5.337406e-02 5.034478e-01 2.162596e-01 -5.261140e-01 1.876870e-01 -3.487869e-02 7.251956e-01 5.988032e-01 -3.774440e-01 5.615935e-01 -4.650108e-01 8.906090e-02 2.555170e-01 4.676215e-01 5.587890e-01 -2.477129e-01 -5.946830e-02 2.315289e-01 1.951546e-01 9.025540e-02 -1.943855e-01 -6.952626e-02 -2.144820e-01
<VARIANCE> 39
 1.386716e+01 4.145796e+01 2.834002e+01 6.778424e+01 6.942299e+01 8.330022e+01 1.330877e+02 6.036249e+01 5.186817e+01 4.276378e+01 9.156478e+01 8.938432e+01 2.102965e+01 2.178053e+00 3.116359e+00 2.470619e+00 5.099383e+00 7.205338e+00 4.697317e+00 4.695006e+00 3.550484e+00 4.058986e+00 4.387806e+00 5.047390e+00 3.548275e+00 1.301583e+00 3.674953e-01 6.450794e-01 4.580356e-01 5.239570e-01 9.396396e-01 8.218082e-01 8.894831e-01 7.645187e-01 8.061718e-01 9.157231e-01 9.390327e-01 6.693046e-01 2.061628e-01
<GCONST> 1.339614e+02
<STATE> 4
<MEAN> 39
 7.460499e-02 -1.280457e+00 -3.902514e+00 -6.839769e+00 -1.182836e+01 1.170961e+00 -9.311204e+00 -1.063511e+01 -4.676074e+00 -5.816464e+00 2.048606e-01 -3.919333e+00 7.882509e+01 -1.372140e+00 2.533026e-01 6.802372e-01 1.179364e+00 1.806918e+00 -5.322950e-01 -3.320459e-01 7.067761e-01 3.167972e-01 4.600496e-01 -3.034582e-01 -3.405300e-01 -3.079077e-01 -5.457278e-01 3.031584e-01 2.985993e-01 2.099703e-01 3.008480e-01 -1.190564e-01 3.374960e-01 2.287498e-01 1.236321e-01 -1.489129e-01 -2.220164e-01 1.701223e-01 -3.363712e-01
<VARIANCE> 39
 2.706126e+01 3.590467e+01 2.480304e+01 6.627568e+01 7.643295e+01 7.762898e+01 1.255092e+02 6.465958e+01 4.641350e+01 3.928810e+01 7.947237e+01 1.025408e+02 2.295459e+01 4.742579e+00 3.996382e+00 3.603261e+00 4.546783e+00 6.217026e+00 5.480716e+00 5.903988e+00 4.406405e+00 4.251672e+00 4.187595e+00 5.001082e+00 4.074212e+00 2.214819e+00 5.737991e-01 5.588301e-01 5.133351e-01 5.578313e-01 9.198942e-01 7.800436e-01 9.948161e-01 7.561741e-01 7.828132e-01 7.961081e-01 8.637694e-01 7.176141e-01 2.718072e-01
<GCONST> 1.372546e+02
<TRANSP> 5
 0.000000e+00 1.000000e+00 0.000000e+00 0.000000e+00 0.000000e+00
 0.000000e+00 5.450591e-01 4.549408e-01 0.000000e+00 0.000000e+00
 0.000000e+00 0.000000e+00 5.915311e-01 4.084689e-01 0.000000e+00
 0.000000e+00 0.000000e+00 0.000000e+00 6.236367e-01 3.763633e-01
 0.000000e+00 0.000000e+00 0.000000e+00 0.000000e+00 0.000000e+00
<ENDHMM>
~h "ts"
<BEGINHMM>
<NUMSTATES> 5
<STATE> 2
<MEAN> 39
 -2.016367e+01 6.360972e+00 -2.207381e+00 -4.400175e-01 1.361454e+00 2.966456e-01 -6.038702e+00 -4.344555e+00 -3.365285e+00 -1.159969e+00 4.153235e-01 -1.995632e+00 7.174806e+01 -4.314441e+00 8.142676e-01 -4.943633e-01 -1.330152e-01 1.113065e+00 3.269919e-01 1.070088e+00 1.224473e+00 7.647765e-01 3.091664e-01 7.849246e-02 6.106889e-01 -6.350405e-01 2.367600e-01 -4.565132e-01 -1.844851e-01 -2.878053e-01 -3.542999e-01 -1.496799e-01 -1.019505e-01 -7.390084e-02 2.411630e-01 -1.592006e-02 6.542819e-02 -1.917098e-02 4.211197e-01
<VARIANCE> 39
 1.553554e+02 3.714368e+01 4.143316e+01 4.367176e+01 3.235214e+01 3.142050e+01 3.839836e+01 3.738252e+01 3.307248e+01 2.449006e+01 3.061409e+01 3.969333e+01 4.078889e+01 8.962624e+00 5.515877e+00 4.083134e+00 5.393189e+00 3.808937e+00 3.301294e+00 4.806072e+00 4.431811e+00 3.729041e+00 2.550486e+00 3.069005e+00 3.637404e+00 6.481007e+00 2.047967e+00 8.615105e-01 7.210211e-01 7.907664e-01 5.956046e-01 5.950958e-01 8.163726e-01 8.673493e-01 7.014265e-01 4.602181e-01 4.974167e-01 4.984710e-01 9.861672e-01
<GCONST> 1.347412e+02
<STATE> 3
<MEAN> 39
 -3.013593e+01 5.788618e+00 -4.262067e+00 -3.218008e+00 2.721275e+00 1.236680e-01 -4.179438e+00 -1.869443e+00 1.668460e-01 -3.146603e-01 1.339209e+00 -4.869765e-01 7.306480e+01 -6.175936e-01 -4.124433e-01 -2.238466e-01 -6.383923e-01 -1.507044e-03 -1.090600e-01 3.820843e-02 3.634657e-02 5.571405e-01 1.153610e-01 1.646858e-01 1.968633e-01 4.480924e-01 1.180744e+00 -1.719490e-01 2.077520e-01 4.797832e-02 -2.629053e-01 -1.530962e-02 -2.396911e-01 -3.448652e-01 -2.349764e-01 -1.126317e-01 -4.522034e-02 -1.187289e-01 3.260225e-02
<VARIANCE> 39
 6.426630e+01 2.590420e+01 3.911034e+01 4.713396e+01 2.588807e+01 3.108043e+01 2.543434e+01 2.846057e+01 2.759809e+01 1.907794e+01 1.849784e+01 1.857578e+01 2.380970e+01 1.604786e+01 2.644089e+00 3.181630e+00 3.609984e+00 2.816773e+00 2.489944e+00 3.416049e+00 3.996841e+00 3.201329e+00 1.964217e+00 2.215967e+00 2.499507e+00 3.895688e+00 1.170277e+00 5.901622e-01 6.630426e-01 7.371637e-01 5.010856e-01 5.397004e-01 6.374057e-01 6.827342e-01 5.980018e-01 3.975470e-01 4.319051e-01 4.604329e-01 8.473785e-01
<GCONST> 1.243830e+02
<STATE> 4
<MEAN> 39
 -2.478561e+01 3.855788e+00 -3.027975e+00 -4.528787e+00 1.343134e+00 1.287578e-01 -5.400169e+00 -3.971382e+00 2.147591e-01 -7.666459e-01 1.369708e+00 -3.941318e-01 7.427283e+01 3.499884e+00 -5.868732e-01 6.068159e-01 3.289462e-03 -9.010832e-01 6.255636e-02 -4.687957e-01 -1.088146e+00 -6.784384e-01 -4.367740e-01 -1.735027e-01 -1.965967e-01 -1.955112e-01 5.351719e-01 -8.427690e-02 -2.360155e-03 6.897283e-02 -2.516576e-01 1.449487e-02 -2.632821e-04 -9.220205e-02 -1.861950e-01 -1.315408e-01 -5.759099e-02 -6.000615e-02 -1.453771e-01
<VARIANCE> 39
 1.268987e+02 2.273093e+01 4.113769e+01 3.899524e+01 3.765649e+01 4.079402e+01 3.467086e+01 4.574934e+01 3.352055e+01 2.466273e+01 2.319496e+01 2.891946e+01 3.450869e+01 1.126744e+01 2.649733e+00 3.589386e+00 4.199130e+00 3.538156e+00 3.340201e+00 4.587689e+00 4.922376e+00 3.992659e+00 2.810097e+00 2.569272e+00 3.644910e+00 5.593121e+00 1.843164e+00 4.848856e-01 7.135733e-01 6.931474e-01 5.987133e-01 6.487893e-01 7.498843e-01 9.368324e-01 7.304314e-01 5.361010e-01 4.592217e-01 5.419450e-01 8.688067e-01
<GCONST> 1.319861e+02
<TRANSP> 5
 0.000000e+00 1.000000e+00 0.000000e+00 0.000000e+00 0.000000e+00
 0.000000e+00 7.532920e-01 2.467081e-01 0.000000e+00 0.000000e+00
 0.000000e+00 0.000000e+00 7.592156e-01 2.407844e-01 0.000000e+00
 0.000000e+00 0.000000e+00 0.000000e+00 7.238328e-01 2.761672e-01
 0.000000e+00 0.000000e+00 0.000000e+00 0.000000e+00 0.000000e+00
<ENDHMM>
~h "uU"
<BEGINHMM>
<NUMSTATES> 5
<STATE> 2
<MEAN> 39
 2.256347e+00 9.047166e+00 1.602303e+00 -3.384872e+00 -1.205039e+01 -3.381678e+00 -2.496099e+00 -1.324026e+01 -3.984163e+00 -1.463578e+01 -7.282580e+00 1.189181e+00 7.186865e+01 4.216936e-01 4.026121e-01 -9.348263e-02 -6.120183e-01 -4.960470e-01 2.059579e-01 4.819726e-01 2.172040e-02 -1.108129e-01 -5.875691e-01 -1.417240e-01 2.580687e-01 -1.663577e-01 -3.082428e-01 -2.559470e-01 5.322567e-02 2.810710e-01 3.538330e-01 6.386536e-03 -1.050966e-01 1.945352e-01 3.204992e-02 2.970282e-01 1.663660e-01 -6.582616e-02 -4.741363e-02
<VARIANCE> 39
 1.294167e+01 3.884903e+01 4.502366e+01 8.749731e+01 7.450490e+01 8.121904e+01 1.051452e+02 6.082047e+01 7.261227e+01 5.443653e+01 7.312165e+01 6.699554e+01 1.901564e+01 1.692829e+00 2.578949e+00 2.370817e+00 4.989224e+00 5.983025e+00 4.918004e+00 4.036434e+00 4.480479e+00 4.732646e+00 4.592508e+00 3.988150e+00 2.855355e+00 1.204399e+00 2.940820e-01 3.974953e-01 4.492950e-01 6.929306e-01 8.740371e-01 9.024168e-01 8.103534e-01 8.906038e-01 9.368773e-01 8.209169e-01 6.672418e-01 5.595284e-01 2.314710e-01
<GCONST> 1.327023e+02
<STATE> 3
<MEAN> 39
 2.004714e+00 7.731451e+00 1.490613e+00 -2.517535e+00 -1.055668e+01 -1.643870e+00 -2.545009e+00 -1.233093e+01 -5.646057e+00 -1.481403e+01 -5.693111e+00 1.641943e+00 7.171072e+01 -4.240437e-01 -3.287680e-01 1.241726e-01 7.323282e-01 1.052393e+00 3.376465e-01 -1.708869e-01 3.512191e-01 -2.145911e-01 5.779375e-01 5.012093e-01 -2.241613e-01 -3.967217e-01 -3.605784e-01 -1.907521e-01 1.081080e-01 3.383707e-01 3.600030e-01 -9.996852e-02 -1.747139e-01 1.881107e-01 1.923091e-01 4.037203e-01 7.473458e-02 -1.797318e-01 -9.984428e-02
<VARIANCE> 39
 1.262055e+01 3.787186e+01 4.499736e+01 6.954877e+01 7.435175e+01 7.995705e+01 1.008413e+02 6.877463e+01 6.950710e+01 5.193871e+01 7.593242e+01 7.144913e+01 2.930189e+01 1.764791e+00 2.307264e+00 2.371713e+00 4.713403e+00 5.531299e+00 5.242371e+00 4.248142e+00 4.981181e+00 4.803072e+00 4.619377e+00 4.096772e+00 3.053991e+00 2.378368e+00 3.007576e-01 3.931694e-01 4.770715e-01 6.893100e-01 9.213281e-01 9.940017e-01 7.465289e-01 9.563284e-01 9.648499e-01 8.180800e-01 7.490685e-01 5.802420e-01 3.341573e-01
<GCONST> 1.344901e+02
<STATE> 4
<MEAN> 39
 5.117655e-02 6.150330e+00 2.174185e+00 5.426605e-01 -6.685934e+00 -3.058194e-01 -3.675735e+00 -1.092848e+01 -5.849209e+00 -1.220355e+01 -3.915041e+00 2.400718e-01 7.014008e+01 -1.362404e+00 -7.056690e-01 2.947485e-01 1.149771e+00 1.523087e+00 6.236468e-02 -4.279667e-01 8.384285e-01 5.241919e-01 1.434310e+00 4.771486e-01 -5.960498e-01 -7.544953e-01 -3.323459e-01 -1.609246e-01 -4.435674e-02 -1.222627e-01 -1.254214e-01 -1.892414e-01 6.244062e-03 1.596995e-01 2.655440e-01 1.496301e-01 -5.065237e-02 1.509824e-02 -8.763407e-03
<VARIANCE> 39
 2.389073e+01 3.701806e+01 4.628479e+01 7.269577e+01 8.587140e+01 7.055256e+01 1.017015e+02 7.922845e+01 6.193591e+01 4.910274e+01 6.649386e+01 6.861313e+01 6.557644e+01 3.699867e+00 2.832161e+00 3.473145e+00 4.443830e+00 5.729316e+00 6.093796e+00 4.565323e+00 5.365974e+00 5.305172e+00 4.664217e+00 4.225986e+00 3.205359e+00 4.548929e+00 4.077828e-01 4.758843e-01 5.949968e-01 7.795944e-01 1.065406e+00 9.118252e-01 8.163856e-01 1.046283e+00 9.320463e-01 7.796157e-01 7.593930e-01 5.965136e-01 5.714232e-01
<GCONST> 1.398174e+02
<TRANSP> 5
 0.000000e+00 1.000000e+00 0.000000e+00 0.000000e+00 0.000000e+00
 0.000000e+00 7.875094e-01 2.124906e-01 0.000000e+00 0.000000e+00
 0.000000e+00 0.000000e+00 6.096424e-01 3.903575e-01 0.000000e+00
 0.000000e+00 0.000000e+00 0.000000e+00 4.895631e-01 5.104370e-01
 0.000000e+00 0.000000e+00 0.000000e+00 0.000000e+00 0.000000e+00
<ENDHMM>
~h "uo"
<BEGINHMM>
<NUMSTATES> 5
<STATE> 2
<MEAN> 39
 6.211925e-01 1.410156e+00 -1.810081e+00 -4.820263e+00 -1.150036e+01 9.152058e-01 -7.121891e+00 -1.262690e+01 -4.950113e+00 -7.745761e+00 -5.737023e-01 -8.066087e-01 7.713619e+01 8.158589e-01 -6.927332e-02 -3.346130e-01 -2.449222e-01 -5.781269e-01 3.485883e-02 -4.192487e-01 -5.112086e-01 -1.513425e-01 6.878488e-02 5.473472e-01 -2.814016e-01 6.223217e-01 -5.866625e-01 -9.053592e-02 2.912968e-01 4.060066e-01 5.513812e-01 -1.501117e-01 3.672792e-02 3.942048e-01 2.348294e-01 1.591409e-01 -7.718867e-02 -3.974348e-03 -3.281665e-01
<VARIANCE> 39
 2.351597e+01 2.976010e+01 3.149227e+01 5.792846e+01 6.158295e+01 7.454349e+01 1.331539e+02 5.904916e+01 5.022638e+01 4.064481e+01 8.448978e+01 7.435463e+01 2.160604e+01 4.870169e+00 3.059489e+00 2.906643e+00 5.030109e+00 8.020988e+00 4.527730e+00 5.622692e+00 5.107559e+00 4.890861e+00 4.798756e+00 5.334496e+00 3.736256e+00 1.991718e+00 5.949366e-01 6.896108e-01 6.016945e-01 6.612445e-01 1.040896e+00 8.433718e-01 1.036417e+00 8.568661e-01 9.596167e-01 8.974558e-01 9.847076e-01 6.490399e-01 3.354630e-01
<GCONST> 1.379983e+02
<STATE> 3
<MEAN> 39
 1.014010e+00 3.109646e-01 -2.507014e+00 -4.809302e+00 -1.180877e+01 8.150886e-01 -8.165712e+00 -1.296057e+01 -4.567753e+00 -6.949477e+00 4.986758e-01 -1.537002e+00 7.827083e+01 -3.505413e-01 -1.009237e-01 2.754914e-01 6.786997e-01 7.432867e-01 -2.776353e-01 -5.316547e-01 3.034540e-01 3.228316e-01 3.818626e-01 1.242412e-01 -3.821698e-01 6.909633e-02 -6.782384e-01 1.901397e-01 4.307038e-01 4.093243e-01 6.578948e-01 -1.653451e-01 1.452357e-01 4.527351e-01 1.661293e-01 -1.023261e-02 -3.159667e-01 4.525319e-02 -3.977391e-01
<VARIANCE> 39
 1.612833e+01 2.759034e+01 2.600324e+01 5.569174e+01 5.195166e+01 7.452541e+01 1.473235e+02 6.037167e+01 4.960928e+01 4.116851e+01 9.156170e+01 8.656935e+01 1.691617e+01 3.604280e+00 2.894716e+00 3.154959e+00 4.727025e+00 6.942374e+00 4.467766e+00 5.286864e+00 4.353004e+00 4.266707e+00 3.971310e+00 5.013373e+00 3.552302e+00 2.130284e+00 5.305871e-01 5.679802e-01 5.381386e-01 5.980180e-01 8.943796e-01 7.849138e-01 1.123810e+00 8.624277e-01 9.201037e-01 8.384933e-01 9.804664e-01 7.202588e-01 3.032663e-01
<GCONST> 1.354010e+02
<STATE> 4
<MEAN> 39
 -2.316322e-01 1.156669e-01 -1.538381e+00 -2.908249e+00 -9.631030e+00 -6.787574e-02 -9.716352e+00 -1.182129e+01 -3.796915e+00 -6.245783e+00 7.644987e-02 -2.698352e+00 7.811266e+01 -1.474162e+00 6.109340e-01 1.152492e+00 1.354235e+00 1.881623e+00 -5.670124e-01 -6.385409e-02 1.042917e+00 3.827353e-01 7.905301e-02 -6.164758e-01 -1.744378e-01 -7.356822e-01 -6.967105e-01 2.669569e-01 2.469781e-01 8.767955e-02 3.850135e-01 -3.127663e-03 4.398315e-01 3.384544e-01 2.328075e-02 -1.290937e-01 -1.901007e-01 2.166950e-01 -3.827204e-01
<VARIANCE> 39
 2.646510e+01 2.915411e+01 2.951365e+01 5.612689e+01 6.088289e+01 7.176757e+01 1.349580e+02 6.087106e+01 4.926842e+01 4.263322e+01 8.039939e+01 8.694762e+01 1.935223e+01 5.553849e+00 3.580389e+00 3.599338e+00 4.252773e+00 6.354072e+00 5.153152e+00 6.472775e+00 4.734027e+00 4.485175e+00 4.191001e+00 4.963770e+00 3.829298e+00 3.092067e+00 6.601957e-01 5.534564e-01 6.981993e-01 6.598303e-01 9.552836e-01 7.211366e-01 1.104482e+00 7.824792e-01 8.953382e-01 7.772824e-01 8.768961e-01 6.832935e-01 3.753185e-01
<GCONST> 1.380810e+02
<TRANSP> 5
 0.000000e+00 1.000000e+00 0.000000e+00 0.000000e+00 0.000000e+00
 0.000000e+00 3.644233e-01 6.355766e-01 0.000000e+00 0.000000e+00
 0.000000e+00 0.000000e+00 3.862467e-01 6.137533e-01 0.000000e+00
 0.000000e+00 0.000000e+00 0.000000e+00 4.157458e-01 5.842541e-01
 0.000000e+00 0.000000e+00 0.000000e+00 0.000000e+00 0.000000e+00
<ENDHMM>
~h "uu"
<BEGINHMM>
<NUMSTATES> 5
<STATE> 2
<MEAN> 39
 1.276181e+00 6.283069e+00 1.069639e+00 -4.064555e-01 -9.660351e+00 -5.494448e-01 -5.774330e+00 -1.235717e+01 -6.541941e+00 -1.267853e+01 -3.707674e+00 7.573763e-01 7.178824e+01 6.512537e-01 5.270001e-01 1.915666e-01 -6.116076e-02 -2.357536e-01 1.891187e-01 5.340934e-01 2.871529e-01 -2.689983e-01 -5.923144e-01 -1.329863e-01 8.557287e-02 -5.095426e-01 -5.890644e-01 -2.790964e-01 1.154725e-01 2.685692e-01 4.748064e-01 -5.574292e-02 4.866553e-02 4.806041e-01 2.962619e-01 4.260311e-01 4.687567e-02 -1.204987e-01 -2.297886e-01
<VARIANCE> 39
 1.781603e+01 3.455724e+01 3.791169e+01 6.344610e+01 6.443060e+01 6.721144e+01 1.100051e+02 7.123031e+01 7.307913e+01 4.647395e+01 6.457763e+01 5.410890e+01 2.768020e+01 3.447798e+00 2.869072e+00 2.601879e+00 4.644521e+00 6.990661e+00 4.869922e+00 5.008235e+00 6.455255e+00 5.234983e+00 5.194164e+00 4.554765e+00 3.137267e+00 2.295481e+00 5.283424e-01 5.192625e-01 5.013948e-01 6.712170e-01 9.944265e-01 9.117495e-01 9.226969e-01 1.121813e+00 1.068070e+00 8.731819e-01 8.329306e-01 5.775573e-01 3.703689e-01
<GCONST> 1.371753e+02
<STATE> 3
<MEAN> 39
 1.065007e+00 6.003787e+00 2.024572e+00 9.717704e-01 -7.995708e+00 -2.476335e-01 -4.846704e+00 -1.018189e+01 -6.207813e+00 -1.208710e+01 -3.650914e+00 1.785822e-01 7.028165e+01 -5.349544e-01 -5.317543e-02 3.967123e-01 7.254680e-01 1.086232e+00 2.602094e-01 3.278235e-01 8.490449e-01 2.314645e-01 4.969713e-01 7.506331e-02 -3.726580e-01 -9.779605e-01 -5.630887e-01 -2.404463e-01 1.983492e-03 1.015667e-01 3.220100e-01 -3.755350e-02 4.186492e-03 2.606165e-01 2.603301e-01 3.856798e-01 4.328576e-02 -6.628575e-02 -1.455558e-01
<VARIANCE> 39
 1.888994e+01 3.508328e+01 4.083810e+01 6.199712e+01 6.918318e+01 6.514592e+01 1.051193e+02 7.925682e+01 6.923955e+01 4.446466e+01 6.710012e+01 6.340362e+01 4.881211e+01 3.307972e+00 2.523642e+00 2.557943e+00 3.849794e+00 6.009174e+00 4.585910e+00 4.394395e+00 5.200725e+00 4.498307e+00 4.351296e+00 4.038770e+00 2.766492e+00 3.604955e+00 4.749131e-01 4.948939e-01 5.285464e-01 6.744386e-01 9.685163e-01 8.336307e-01 8.230796e-01 1.025919e+00 9.463456e-01 7.797717e-01 7.888040e-01 5.688744e-01 4.580115e-01
<GCONST> 1.365034e+02
<STATE> 4
<MEAN> 39
 -1.042567e+00 5.144648e+00 2.962080e+00 2.977201e+00 -4.601159e+00 7.773910e-01 -4.214247e+00 -8.257678e+00 -5.211055e+00 -1.011312e+01 -3.245930e+00 -9.257729e-01 6.776289e+01 -1.488043e+00 -5.148823e-01 1.292062e-01 5.208542e-01 1.251655e+00 1.693751e-01 2.690263e-01 1.012355e+00 7.074898e-01 1.117565e+00 2.270308e-01 -3.110481e-01 -1.217924e+00 -3.755788e-01 -2.238021e-01 -1.858537e-01 -2.284691e-01 -1.415671e-01 -1.647382e-01 -1.423958e-02 5.058813e-02 1.590937e-01 1.881454e-01 6.011079e-02 1.188898e-01 7.556207e-02
<VARIANCE> 39
 3.205189e+01 3.372340e+01 4.166011e+01 6.171991e+01 7.892134e+01 6.524817e+01 1.049819e+02 7.954346e+01 5.830434e+01 4.447949e+01 6.131332e+01 6.092075e+01 8.860674e+01 4.477164e+00 2.906026e+00 3.198159e+00 4.039044e+00 5.427388e+00 4.643618e+00 4.130897e+00 4.745540e+00 4.656842e+00 4.409806e+00 3.805133e+00 2.849378e+00 4.751031e+00 4.748398e-01 5.191056e-01 5.889216e-01 6.716691e-01 1.043536e+00 7.552710e-01 8.234075e-01 9.346818e-01 8.135724e-01 7.237601e-01 7.482219e-01 5.311400e-01 7.426989e-01
<GCONST> 1.383754e+02
<TRANSP> 5
 0.000000e+00 1.000000e+00 0.000000e+00 0.000000e+00 0.000000e+00
 0.000000e+00 5.535144e-01 4.464856e-01 0.000000e+00 0.000000e+00
 0.000000e+00 0.000000e+00 4.377977e-01 5.622023e-01 0.000000e+00
 0.000000e+00 0.000000e+00 0.000000e+00 3.719577e-01 6.280422e-01
 0.000000e+00 0.000000e+00 0.000000e+00 0.000000e+00 0.000000e+00
<ENDHMM>
~h "k_pal"
<BEGINHMM>
<NUMSTATES> 5
<STATE> 2
<MEAN> 39
 -1.232952e+01 4.853687e-01 3.613927e+00 6.113143e+00 -2.200534e+00 -1.706602e+00 -4.668432e+00 -2.566213e+00 -2.790908e+00 -7.025491e+00 2.939043e-01 2.565479e-01 6.405575e+01 -1.721100e+00 -1.224027e+00 -4.715889e-01 -3.655799e-01 1.545639e-01 4.840302e-01 7.151899e-01 5.734000e-01 2.383727e-01 1.247505e+00 5.254872e-01 -1.383993e-01 -5.115225e-01 1.115531e-01 -2.310456e-01 -8.560535e-02 -4.012145e-01 -6.807452e-01 -3.405474e-01 -2.185395e-01 -3.997263e-01 -6.200357e-02 1.215290e-03 -5.458197e-03 -6.496844e-02 1.228176e+00
<VARIANCE> 39
 5.800336e+01 5.435111e+01 5.509104e+01 5.723915e+01 7.771507e+01 5.765231e+01 5.502583e+01 3.986527e+01 5.887783e+01 5.869614e+01 3.809160e+01 3.871258e+01 8.572765e+01 5.203869e+00 7.027779e+00 6.255046e+00 6.653612e+00 9.507539e+00 6.263831e+00 5.720055e+00 5.189456e+00 5.256274e+00 5.832001e+00 4.009493e+00 3.524410e+00 1.898929e+01 8.664007e-01 1.632828e+00 1.366299e+00 1.225339e+00 1.531025e+00 1.030214e+00 1.014916e+00 8.435581e-01 9.701391e-01 1.232116e+00 8.104382e-01 6.130086e-01 2.838965e+00
<GCONST> 1.492906e+02
<STATE> 3
<MEAN> 39
 -1.590103e+01 -3.078660e+00 2.215864e+00 3.365984e+00 -4.546742e+00 -1.797045e+00 -4.154584e+00 -2.992267e+00 -2.577593e+00 -4.276918e+00 1.714886e+00 -3.557456e-02 6.894763e+01 -2.973578e-01 -2.808000e-01 4.377885e-01 -3.714024e-01 -9.287667e-01 -7.007995e-01 -3.686012e-01 -6.087126e-01 -2.457391e-01 1.873875e-01 -1.583353e-02 -2.329416e-01 2.081674e+00 7.672209e-01 5.031457e-01 4.233794e-01 3.164345e-01 -1.881250e-01 -4.362461e-01 -4.002327e-01 -3.446505e-01 -1.117119e-01 -5.364927e-01 -3.354906e-01 -3.450460e-02 2.761343e-01
<VARIANCE> 39
 3.901079e+01 4.771315e+01 5.587611e+01 5.194956e+01 6.901112e+01 4.718971e+01 4.226104e+01 3.680796e+01 4.419464e+01 4.460102e+01 3.289515e+01 2.772960e+01 8.044661e+01 8.204651e+00 8.457112e+00 8.321104e+00 7.167419e+00 7.522169e+00 6.409494e+00 5.829175e+00 4.742954e+00 5.251348e+00 7.387306e+00 4.579254e+00 3.118524e+00 1.122539e+01 1.000365e+00 1.655698e+00 1.590797e+00 1.463270e+00 1.484432e+00 1.096004e+00 9.656866e-01 8.788239e-01 1.025682e+00 1.170763e+00 8.786064e-01 6.251233e-01 2.900546e+00
<GCONST> 1.479868e+02
<STATE> 4
<MEAN> 39
 -1.370757e+01 -1.088023e+00 5.373498e+00 4.199275e+00 -6.474973e+00 -4.717440e+00 -6.311820e+00 -5.446833e+00 -3.773182e+00 -6.020323e+00 2.331042e-01 -7.381991e-01 7.373685e+01 1.878958e+00 8.454829e-01 1.201190e+00 9.149922e-01 -9.874508e-01 -1.601483e+00 -1.272726e+00 -1.153136e+00 -2.869162e-01 -1.193480e+00 -9.269525e-01 -2.951281e-01 1.408275e+00 4.476591e-01 -4.126989e-02 -2.467731e-01 1.299550e-01 -5.083800e-02 -2.981439e-02 -1.067560e-01 -1.743753e-02 1.703065e-01 -1.480773e-01 -8.616427e-02 2.979347e-02 -3.420144e-01
<VARIANCE> 39
 5.063100e+01 3.616734e+01 6.288797e+01 4.780561e+01 8.015902e+01 5.686774e+01 5.224805e+01 4.168382e+01 5.114119e+01 5.036640e+01 3.804206e+01 2.886102e+01 3.475050e+01 7.962314e+00 6.006060e+00 6.960304e+00 6.185620e+00 6.497370e+00 6.313236e+00 5.602771e+00 4.758668e+00 5.623107e+00 6.889003e+00 4.560698e+00 3.402313e+00 5.530691e+00 1.157782e+00 1.333481e+00 1.650921e+00 1.267389e+00 1.267556e+00 1.238032e+00 1.007834e+00 8.767847e-01 1.020964e+00 1.314929e+00 9.030936e-01 5.816031e-01 1.216109e+00
<GCONST> 1.457946e+02
<TRANSP> 5
 0.000000e+00 1.000000e+00 0.000000e+00 0.000000e+00 0.000000e+00
 0.000000e+00 6.391373e-01 3.608628e-01 0.000000e+00 0.000000e+00
 0.000000e+00 0.000000e+00 5.752852e-01 4.247149e-01 0.000000e+00
 0.000000e+00 0.000000e+00 0.000000e+00 5.296700e-01 4.703300e-01
 0.000000e+00 0.000000e+00 0.000000e+00 0.000000e+00 0.000000e+00
<ENDHMM>
~h "x_pal"
<BEGINHMM>
<NUMSTATES> 5
<STATE> 2
<MEAN> 39
 -1.895017e+01 -3.177447e+00 5.645308e+00 9.335619e-01 -5.189439e+00 -1.088760e+00 -2.920161e+00 -2.080257e+00 -1.897472e+00 -1.353329e+00 2.186753e+00 1.320481e+00 7.360957e+01 -1.789517e+00 -3.642731e-01 9.394247e-03 -1.105675e+00 1.850399e-01 5.028045e-01 9.905207e-01 2.375647e-01 3.552552e-01 8.555943e-01 5.329837e-01 2.566017e-01 -3.659078e-01 5.900431e-01 1.357332e-01 -1.606448e-02 1.599960e-01 -2.126030e-01 -3.517378e-01 -3.428132e-01 -2.200733e-01 -1.530329e-01 -3.616196e-01 -2.099655e-01 -1.504437e-01 1.461840e-01
<VARIANCE> 39
 6.020788e+01 1.957037e+01 5.132254e+01 5.796892e+01 4.826814e+01 4.926834e+01 3.711917e+01 3.626764e+01 4.192739e+01 4.331777e+01 2.694487e+01 2.798232e+01 1.218247e+01 5.933415e+00 2.148849e+00 3.784585e+00 4.699401e+00 4.400226e+00 5.554147e+00 4.473225e+00 3.415641e+00 4.504623e+00 5.476112e+00 3.648723e+00 2.761199e+00 1.350604e+00 7.988335e-01 5.011365e-01 8.059984e-01 1.017082e+00 8.346813e-01 8.585411e-01 7.516194e-01 6.172112e-01 8.253935e-01 1.032898e+00 6.927842e-01 4.951665e-01 2.081406e-01
<GCONST> 1.305042e+02
<STATE> 3
<MEAN> 39
 -2.040832e+01 -3.004558e+00 6.085910e+00 -5.714283e-01 -5.259352e+00 -1.388891e+00 -1.936976e+00 -2.170469e+00 -1.968264e+00 -1.137263e+00 2.495640e+00 1.358447e+00 7.325131e+01 1.098408e+00 5.831418e-01 5.814838e-01 5.208421e-01 -1.179754e-01 -6.987114e-01 -2.575184e-01 -1.890570e-01 -4.590829e-01 -9.577922e-01 -5.487534e-01 -3.357919e-01 2.411373e-02 9.107770e-01 2.815169e-01 8.796281e-02 5.134085e-01 -1.838778e-01 -3.690070e-01 -4.305147e-01 -2.228076e-01 -1.901087e-01 -5.510612e-01 -3.260390e-01 -1.786471e-01 1.663024e-01
<VARIANCE> 39
 4.674995e+01 1.967620e+01 3.674039e+01 5.084007e+01 4.491160e+01 4.430846e+01 3.113891e+01 3.437791e+01 3.595617e+01 3.971117e+01 2.450557e+01 2.375952e+01 1.002613e+01 8.048192e+00 2.423727e+00 3.552353e+00 5.388123e+00 3.814830e+00 4.896879e+00 4.073284e+00 2.847281e+00 3.669765e+00 6.174449e+00 3.493742e+00 2.449565e+00 1.285410e+00 7.223691e-01 5.080116e-01 8.017402e-01 8.367847e-01 7.871900e-01 7.739661e-01 6.982889e-01 5.981762e-01 7.464226e-01 1.034129e+00 6.275442e-01 4.998883e-01 2.458795e-01
<GCONST> 1.277698e+02
<STATE> 4
<MEAN> 39
 -1.372950e+01 -3.623605e-01 7.930535e+00 3.120548e+00 -6.040833e+00 -4.746704e+00 -4.314867e+00 -3.236149e+00 -3.960073e+00 -5.961809e+00 -1.401939e-01 -2.599321e-01 7.392401e+01 3.043832e+00 9.971886e-01 2.056258e-01 1.485893e+00 -8.667317e-01 -1.601923e+00 -1.446812e+00 -8.510442e-01 -5.588385e-01 -1.978486e+00 -1.117764e+00 -6.911982e-01 5.959793e-01 8.932561e-02 -1.345516e-01 -3.683968e-01 -7.284950e-02 -2.622014e-01 -6.114807e-02 -1.779815e-01 -2.157786e-01 2.113930e-01 1.114402e-01 4.399019e-02 3.118728e-02 1.502068e-01
<VARIANCE> 39
 7.203983e+01 2.246664e+01 3.648516e+01 5.050950e+01 9.027119e+01 6.085838e+01 4.728620e+01 3.948779e+01 4.797246e+01 6.230938e+01 3.178430e+01 3.134286e+01 2.035603e+01 4.409769e+00 3.224115e+00 4.528510e+00 4.064228e+00 5.484145e+00 5.460978e+00 4.724580e+00 3.299271e+00 4.555585e+00 6.586579e+00 3.386396e+00 2.662380e+00 2.089100e+00 1.203456e+00 6.032366e-01 7.860631e-01 9.524876e-01 1.170210e+00 9.943287e-01 8.297365e-01 6.758197e-01 7.879549e-01 1.391942e+00 6.853982e-01 5.010340e-01 3.934537e-01
<GCONST> 1.357535e+02
<TRANSP> 5
 0.000000e+00 1.000000e+00 0.000000e+00 0.000000e+00 0.000000e+00
 0.000000e+00 7.371801e-01 2.628199e-01 0.000000e+00 0.000000e+00
 0.000000e+00 0.000000e+00 6.578755e-01 3.421246e-01 0.000000e+00
 0.000000e+00 0.000000e+00 0.000000e+00 5.633709e-01 4.366290e-01
 0.000000e+00 0.000000e+00 0.000000e+00 0.000000e+00 0.000000e+00
<ENDHMM>
~h "n_pal"
<BEGINHMM>
<NUMSTATES> 5
<STATE> 2
<MEAN> 39
 -6.833344e-01 3.213952e+00 4.811586e+00 5.756584e+00 -9.263061e+00 -8.185376e+00 -9.420609e+00 -8.112066e+00 -5.506566e+00 -1.495138e+01 -2.454947e+00 -1.358001e+00 7.413731e+01 6.346306e-01 6.364125e-01 5.071799e-01 2.469279e-01 2.734562e-01 -3.283201e-01 -3.675639e-02 1.164709e-01 -8.263837e-01 -8.920791e-01 1.472373e-01 1.538826e-01 -3.129889e-01 -2.597623e-01 -1.405267e-01 -1.696897e-01 -1.222646e-01 -6.367796e-02 7.815303e-02 9.132431e-02 -8.090700e-02 1.537867e-01 3.902940e-01 -6.081240e-02 -4.718685e-02 1.183224e-01
<VARIANCE> 39
 1.775242e+01 3.198199e+01 4.669452e+01 2.525392e+01 1.133058e+02 5.360403e+01 7.243629e+01 5.428009e+01 8.598540e+01 4.707046e+01 4.781524e+01 6.198756e+01 3.857079e+01 2.450975e+00 2.612767e+00 3.371492e+00 2.416196e+00 5.934555e+00 3.098996e+00 3.305143e+00 4.705831e+00 5.838705e+00 5.665082e+00 3.252547e+00 2.620753e+00 4.087743e+00 5.089524e-01 4.562064e-01 5.255180e-01 4.526857e-01 1.140706e+00 5.598407e-01 5.926208e-01 8.295199e-01 1.186143e+00 9.707066e-01 6.759427e-01 4.899157e-01 5.202102e-01
<GCONST> 1.330206e+02
<STATE> 3
<MEAN> 39
 -1.223779e-01 4.089146e+00 5.327286e+00 5.810394e+00 -9.013927e+00 -8.739040e+00 -9.210281e+00 -8.241991e+00 -6.786300e+00 -1.546284e+01 -2.477751e+00 -1.251371e+00 7.408411e+01 -1.498315e-01 3.378018e-02 2.690297e-03 -4.796797e-02 -2.114046e-01 -1.156935e-01 1.663869e-01 -1.191508e-01 9.702963e-02 3.360854e-01 -2.481030e-01 -1.220717e-01 2.063039e-01 -3.207873e-01 -2.395909e-01 -2.121456e-01 -9.443612e-02 -1.571213e-01 1.300798e-01 9.901147e-02 -6.751457e-02 3.621581e-01 4.552826e-01 -1.206467e-01 -1.021933e-01 1.858266e-01
<VARIANCE> 39
 1.475810e+01 3.208344e+01 4.511902e+01 2.426738e+01 1.052814e+02 5.256396e+01 7.615456e+01 5.421244e+01 8.804462e+01 4.374231e+01 5.045687e+01 6.381754e+01 2.404794e+01 2.073834e+00 2.894877e+00 3.067025e+00 2.096020e+00 6.476931e+00 2.815749e+00 3.139937e+00 4.110168e+00 6.207401e+00 5.301383e+00 3.397217e+00 2.446497e+00 3.726436e+00 4.746788e-01 4.778596e-01 5.432962e-01 4.283643e-01 1.148904e+00 5.651780e-01 6.010006e-01 8.034778e-01 1.123545e+00 9.649540e-01 6.869729e-01 4.832536e-01 4.984372e-01
<GCONST> 1.315151e+02
<STATE> 4
<MEAN> 39
 -1.188254e+00 3.408108e+00 4.840714e+00 5.433500e+00 -9.955338e+00 -8.637611e+00 -8.529438e+00 -8.600104e+00 -5.251571e+00 -1.338563e+01 -3.599184e+00 -1.797254e+00 7.526602e+01 -6.925908e-01 -4.384376e-01 -4.097579e-01 -1.949359e-01 -3.916243e-01 2.411680e-01 3.433661e-01 -1.331244e-01 7.948046e-01 1.114374e+00 -3.835016e-01 -3.173900e-01 4.428523e-01 -1.935149e-01 -1.395824e-01 -1.416014e-01 -7.296376e-02 8.710455e-02 1.834327e-01 4.939443e-02 4.704992e-02 1.042440e-01 1.822437e-01 8.538578e-02 -1.562356e-02 -6.895533e-03
<VARIANCE> 39
 1.608434e+01 3.374699e+01 4.910826e+01 2.588155e+01 1.074544e+02 5.279756e+01 7.914244e+01 5.343264e+01 8.934342e+01 4.914078e+01 5.174169e+01 6.193126e+01 2.987669e+01 2.419278e+00 2.829683e+00 3.178097e+00 2.134626e+00 6.308027e+00 3.212511e+00 3.215965e+00 3.889123e+00 5.115149e+00 4.273823e+00 3.129345e+00 2.425749e+00 3.311091e+00 5.645286e-01 5.520214e-01 5.421308e-01 4.077045e-01 1.129846e+00 5.713968e-01 6.084446e-01 7.133987e-01 1.085693e+00 8.788982e-01 6.453937e-01 4.637684e-01 5.105836e-01
<GCONST> 1.317807e+02
<TRANSP> 5
 0.000000e+00 1.000000e+00 0.000000e+00 0.000000e+00 0.000000e+00
 0.000000e+00 5.879866e-01 4.120134e-01 0.000000e+00 0.000000e+00
 0.000000e+00 0.000000e+00 5.838106e-01 4.161894e-01 0.000000e+00
 0.000000e+00 0.000000e+00 0.000000e+00 5.510689e-01 4.489311e-01
 0.000000e+00 0.000000e+00 0.000000e+00 0.000000e+00 0.000000e+00
<ENDHMM>
~h "ts_pal"
<BEGINHMM>
<NUMSTATES> 5
<STATE> 2
<MEAN> 39
 -2.494566e+01 7.590777e+00 -2.343707e+00 1.912771e+00 9.447956e-01 -1.347385e+00 -4.147816e+00 -1.561788e+00 -2.038877e+00 -2.017088e+00 -6.651813e-01 -7.930415e-01 7.055451e+01 -3.296087e+00 2.211627e-01 -5.261002e-01 -1.005830e+00 4.323579e-01 2.477498e-01 1.074002e+00 8.359038e-01 4.698615e-01 2.232757e-01 4.684831e-01 5.633981e-01 5.873554e-02 6.589879e-01 -4.160560e-01 8.489072e-02 -1.489260e-01 -3.566816e-01 -3.161654e-01 -2.416412e-01 -1.613004e-01 3.687406e-02 -1.747946e-01 9.939671e-03 -4.759930e-02 4.567289e-01
<VARIANCE> 39
 1.220528e+02 2.975248e+01 5.424982e+01 4.740881e+01 3.166875e+01 3.190555e+01 3.534444e+01 2.870399e+01 2.622996e+01 2.448154e+01 2.388840e+01 2.194686e+01 2.997524e+01 1.059154e+01 4.313343e+00 5.159677e+00 4.153811e+00 3.991027e+00 4.545487e+00 4.428302e+00 3.134013e+00 2.858699e+00 2.719686e+00 2.635850e+00 2.713455e+00 5.840595e+00 1.699858e+00 6.801908e-01 1.067441e+00 8.682162e-01 6.032462e-01 7.716733e-01 7.900901e-01 6.081390e-01 5.299447e-01 4.721030e-01 4.773828e-01 4.553411e-01 8.466513e-01
<GCONST> 1.313862e+02
<STATE> 3
<MEAN> 39
 -3.048509e+01 5.318357e+00 -2.066992e+00 -2.650898e+00 3.401985e-01 -3.208302e+00 -2.445240e+00 -1.503944e-02 -4.033188e-01 -2.739699e+00 8.371092e-01 7.301371e-01 7.415514e+01 1.392670e+00 -6.485782e-01 1.138188e+00 -7.958050e-02 -5.250198e-01 -1.043002e+00 -5.062301e-01 -3.367811e-01 -1.251965e-01 -5.780488e-01 -1.497425e-01 -9.630990e-02 9.601496e-01 1.314255e+00 -2.593768e-02 4.260889e-01 5.804608e-01 -1.939549e-01 -1.613468e-01 -4.699042e-01 -4.512533e-01 -2.493542e-01 -2.223952e-01 -2.217201e-01 -2.430618e-01 -8.036001e-02
<VARIANCE> 39
 5.059485e+01 2.304081e+01 5.415180e+01 4.817175e+01 2.641258e+01 3.341175e+01 2.754027e+01 2.451409e+01 2.580792e+01 2.242584e+01 1.850987e+01 1.570077e+01 1.675063e+01 1.493344e+01 2.410303e+00 5.503329e+00 6.440395e+00 2.953972e+00 3.189476e+00 4.272682e+00 3.598919e+00 2.974681e+00 2.314708e+00 2.467406e+00 2.381099e+00 1.916002e+00 9.952257e-01 5.410153e-01 9.388896e-01 9.447856e-01 5.715017e-01 6.619081e-01 7.026854e-01 5.786510e-01 5.142385e-01 4.592662e-01 4.701494e-01 4.441102e-01 4.516832e-01
<GCONST> 1.248161e+02
<STATE> 4
<MEAN> 39
 -2.043998e+01 3.744748e+00 4.078876e+00 2.831050e-01 -1.473030e+00 -7.063280e+00 -5.875674e+00 -2.935194e+00 -2.265038e+00 -5.550890e+00 -8.894479e-01 -6.262223e-01 7.643369e+01 4.912600e+00 -4.982001e-01 1.750948e+00 1.888923e+00 -1.127445e+00 -1.315103e+00 -1.830499e+00 -1.986897e+00 -8.806155e-01 -1.204354e+00 -7.460245e-01 -7.721666e-01 4.378425e-01 9.092283e-02 -4.280683e-02 -4.554856e-01 8.396538e-02 -2.317943e-01 1.926003e-01 -4.741499e-02 -2.353620e-01 9.489371e-02 5.005538e-03 7.242265e-02 1.669094e-02 -1.751751e-01
<VARIANCE> 39
 1.222411e+02 2.032470e+01 6.808741e+01 5.178390e+01 3.901088e+01 4.552296e+01 5.031357e+01 4.395615e+01 4.354733e+01 3.458257e+01 2.521832e+01 2.440228e+01 1.041936e+01 6.576790e+00 3.001396e+00 5.746410e+00 5.713505e+00 4.642402e+00 4.606888e+00 5.812101e+00 4.325177e+00 4.001187e+00 3.393709e+00 3.215438e+00 3.355622e+00 1.637131e+00 2.010806e+00 5.143915e-01 1.040864e+00 1.095343e+00 6.245762e-01 8.221821e-01 1.010107e+00 9.177569e-01 7.215421e-01 6.550105e-01 5.580552e-01 5.268312e-01 2.707557e-01
<GCONST> 1.333133e+02
<TRANSP> 5
 0.000000e+00 1.000000e+00 0.000000e+00 0.000000e+00 0.000000e+00
 0.000000e+00 8.087626e-01 1.912375e-01 0.000000e+00 0.000000e+00
 0.000000e+00 0.000000e+00 7.118255e-01 2.881745e-01 0.000000e+00
 0.000000e+00 0.000000e+00 0.000000e+00 6.187801e-01 3.812200e-01
 0.000000e+00 0.000000e+00 0.000000e+00 0.000000e+00 0.000000e+00
<ENDHMM>
~h "d_pal"
<BEGINHMM>
<NUMSTATES> 5
<STATE> 2
<MEAN> 39
 -2.948046e+00 5.811921e+00 6.463667e+00 8.414615e+00 -3.875152e+00 -7.487539e+00 -9.961728e+00 -7.640275e+00 -3.613391e+00 -7.969587e+00 -3.448261e+00 -4.435804e+00 7.040512e+01 -1.289804e-02 7.134653e-01 7.051698e-01 5.480401e-01 6.184091e-01 -2.411876e-01 4.405949e-01 1.630391e-01 -1.367065e-01 -9.770103e-02 -4.529190e-01 -2.353702e-01 -5.798214e-01 -1.514437e-01 -3.046993e-01 -1.968623e-01 -1.967931e-01 -2.217693e-01 6.058279e-03 5.759232e-02 -1.695324e-01 -3.085894e-03 -2.941046e-02 4.891100e-02 1.538149e-01 3.947265e-01
<VARIANCE> 39
 2.476535e+01 4.344311e+01 4.372957e+01 3.153110e+01 9.925001e+01 5.537500e+01 6.436880e+01 4.580593e+01 4.924866e+01 4.119994e+01 3.892543e+01 3.974537e+01 7.694071e+01 3.317924e+00 5.283762e+00 3.299918e+00 2.823578e+00 6.694470e+00 4.562181e+00 4.406498e+00 5.651775e+00 3.734467e+00 3.308326e+00 3.042785e+00 2.588820e+00 1.052374e+01 6.166658e-01 8.555910e-01 5.113013e-01 4.871370e-01 1.234976e+00 9.586792e-01 8.512878e-01 1.078189e+00 7.484067e-01 6.181002e-01 5.602017e-01 4.973633e-01 1.922011e+00
<GCONST> 1.371104e+02
<STATE> 3
<MEAN> 39
 -4.085592e+00 5.845358e+00 7.257532e+00 8.985777e+00 -3.806881e+00 -8.493589e+00 -8.750727e+00 -8.526827e+00 -4.278091e+00 -8.644395e+00 -4.467157e+00 -4.256907e+00 7.161018e+01 -3.839418e-01 -4.796174e-01 5.633548e-02 4.429522e-02 -5.223662e-01 -4.722592e-01 1.682970e-01 -5.438842e-01 1.185538e-02 -2.340012e-01 -1.442295e-01 3.298644e-01 9.016811e-01 -1.449813e-02 -3.134817e-01 -1.984606e-01 -1.470568e-01 -4.082530e-01 -5.124176e-02 -1.395903e-01 -1.381120e-01 1.052462e-01 -3.654062e-02 1.484616e-01 1.545592e-01 3.839470e-01
<VARIANCE> 39
 2.378468e+01 3.431121e+01 3.906285e+01 2.968426e+01 9.475451e+01 5.404179e+01 5.396788e+01 4.582622e+01 5.002817e+01 3.991010e+01 3.611592e+01 3.858338e+01 5.932327e+01 3.031361e+00 4.857930e+00 2.822246e+00 2.663712e+00 8.366949e+00 5.434329e+00 4.504136e+00 5.495575e+00 4.100515e+00 3.081661e+00 3.321942e+00 2.524379e+00 9.520150e+00 6.493408e-01 8.314823e-01 4.984760e-01 5.233792e-01 1.397104e+00 1.097792e+00 8.276954e-01 1.081158e+00 8.062719e-01 6.056800e-01 6.030104e-01 5.085288e-01 1.806650e+00
<GCONST> 1.364123e+02
<STATE> 4
<MEAN> 39
 -5.089892e+00 3.486220e+00 6.786791e+00 8.738891e+00 -7.122989e+00 -1.028951e+01 -8.915154e+00 -1.078785e+01 -3.980421e+00 -9.558298e+00 -4.308032e+00 -2.756669e+00 7.547220e+01 -9.766270e-02 -8.946786e-01 -3.414197e-01 -1.997307e-01 -1.330887e+00 -4.699140e-01 -2.486105e-01 -4.882959e-01 3.992414e-01 -2.042765e-01 2.722093e-01 4.887315e-01 1.236334e+00 1.176174e-01 3.184415e-02 -1.020576e-01 -8.522053e-02 1.202028e-02 1.851268e-01 -5.202090e-02 1.921638e-01 6.291372e-02 7.052984e-02 1.037821e-01 -5.238911e-02 -1.521710e-01
<VARIANCE> 39
 1.895412e+01 2.929324e+01 4.242129e+01 3.364731e+01 1.078589e+02 5.565225e+01 5.932807e+01 5.145069e+01 6.398735e+01 4.070934e+01 3.919099e+01 3.933803e+01 4.502070e+01 2.381944e+00 2.887143e+00 2.424301e+00 2.406557e+00 7.319429e+00 4.988045e+00 3.947930e+00 4.975019e+00 4.246844e+00 2.999904e+00 3.157872e+00 2.222550e+00 5.510812e+00 4.701521e-01 5.997979e-01 4.323861e-01 4.672726e-01 1.502120e+00 1.060832e+00 7.712633e-01 9.524919e-01 8.123412e-01 5.941762e-01 5.901873e-01 4.626780e-01 1.212287e+00
<GCONST> 1.329223e+02
<TRANSP> 5
 0.000000e+00 1.000000e+00 0.000000e+00 0.000000e+00 0.000000e+00
 0.000000e+00 6.591148e-01 3.408852e-01 0.000000e+00 0.000000e+00
 0.000000e+00 0.000000e+00 6.385183e-01 3.614817e-01 0.000000e+00
 0.000000e+00 0.000000e+00 0.000000e+00 6.076844e-01 3.923155e-01
 0.000000e+00 0.000000e+00 0.000000e+00 0.000000e+00 0.000000e+00
<ENDHMM>
~h "M_pal"
<BEGINHMM>
<NUMSTATES> 5
<STATE> 2
<MEAN> 39
 3.268446e+00 -2.302267e-01 2.647827e+00 5.811150e+00 -5.095844e+00 -5.265217e+00 -1.035039e+01 -1.098505e+01 -6.680448e+00 -1.444042e+01 -4.698771e+00 1.185657e+00 7.379911e+01 3.806957e-01 9.006363e-01 1.071150e+00 4.376915e-01 1.620564e+00 -6.904094e-02 -3.152497e-01 3.890509e-01 -1.475697e+00 -9.533234e-01 3.544550e-03 6.304500e-01 -1.337510e+00 -3.883449e-01 1.167091e-01 2.822441e-02 -3.111434e-02 -2.124779e-01 -1.538738e-01 1.622328e-01 1.542083e-01 2.389965e-01 3.241911e-01 4.261397e-03 -2.058815e-01 9.402747e-02
<VARIANCE> 39
 1.154569e+01 2.357818e+01 4.963934e+01 2.878734e+01 8.698516e+01 6.174092e+01 7.120473e+01 5.033902e+01 1.052118e+02 4.751250e+01 5.908379e+01 8.102427e+01 1.843670e+01 1.362041e+00 1.242513e+00 3.176832e+00 2.130782e+00 4.064129e+00 3.812235e+00 2.428252e+00 2.619127e+00 4.707500e+00 5.371841e+00 2.440486e+00 3.279921e+00 9.706812e-01 2.192524e-01 2.234065e-01 5.726267e-01 3.337359e-01 7.353828e-01 7.306062e-01 4.307535e-01 4.408157e-01 8.699861e-01 9.735081e-01 4.483361e-01 6.361521e-01 2.070903e-01
<GCONST> 1.235871e+02
<STATE> 3
<MEAN> 39
 3.244195e+00 2.625880e+00 5.658340e+00 6.412478e+00 -1.443292e+00 -5.927751e+00 -1.050463e+01 -8.979225e+00 -9.645019e+00 -1.545905e+01 -4.313519e+00 2.304492e+00 7.095226e+01 -8.872728e-01 1.115029e+00 8.557976e-01 1.687900e-01 8.979176e-01 -9.452424e-02 3.809156e-01 6.816357e-01 -3.604743e-01 3.403713e-01 -1.105559e-01 -2.040727e-01 -1.045421e+00 -6.487403e-01 -1.344759e-01 -1.898487e-01 -9.156410e-02 -2.372896e-01 2.122752e-01 2.885154e-01 7.307830e-02 5.468169e-01 6.080908e-01 -2.659981e-02 -3.595906e-01 1.045653e-01
<VARIANCE> 39
 1.270865e+01 2.749973e+01 4.035923e+01 2.333570e+01 7.030241e+01 6.142978e+01 6.581865e+01 5.440954e+01 1.015180e+02 3.983318e+01 5.625644e+01 8.230334e+01 1.401245e+01 2.835781e+00 1.830481e+00 2.811777e+00 2.086865e+00 3.679587e+00 4.490082e+00 3.069576e+00 2.960989e+00 4.983036e+00 5.701474e+00 2.566817e+00 3.951049e+00 1.656424e+00 3.819380e-01 4.044833e-01 6.417502e-01 4.314629e-01 7.759317e-01 9.410979e-01 5.232075e-01 5.464100e-01 8.482231e-01 9.417075e-01 5.618871e-01 7.482675e-01 3.455295e-01
<GCONST> 1.280448e+02
<STATE> 4
<MEAN> 39
 -4.651389e-01 5.002330e+00 7.358343e+00 6.311575e+00 1.366897e-01 -5.080412e+00 -8.909678e+00 -7.128568e+00 -8.976040e+00 -1.289114e+01 -4.689848e+00 5.999752e-01 6.879952e+01 -2.632031e+00 4.144735e-01 3.536825e-01 -1.480140e-02 6.290300e-01 7.067524e-01 1.056563e+00 8.059871e-01 9.896721e-01 1.735325e+00 -2.967004e-02 -9.377101e-01 -9.826936e-01 -5.205501e-01 -4.916167e-01 -3.658506e-01 -1.545328e-01 -1.788510e-01 1.380027e-01 1.629619e-01 2.469750e-02 4.373297e-01 3.547986e-01 1.866072e-01 -1.207325e-02 2.037288e-01
<VARIANCE> 39
 4.191312e+01 2.902362e+01 3.939121e+01 2.361999e+01 5.871044e+01 4.917601e+01 5.830764e+01 5.094905e+01 7.465673e+01 4.374935e+01 4.897493e+01 6.533956e+01 3.166538e+01 5.120511e+00 3.959031e+00 4.433812e+00 3.133761e+00 4.781457e+00 6.877036e+00 4.303842e+00 4.066765e+00 5.443070e+00 5.861014e+00 3.652472e+00 4.483403e+00 4.583640e+00 8.004231e-01 5.902246e-01 8.192909e-01 5.250445e-01 7.837929e-01 9.756694e-01 7.322578e-01 6.788193e-01 7.815279e-01 9.665004e-01 6.540166e-01 7.726337e-01 6.710243e-01
<GCONST> 1.370528e+02
<TRANSP> 5
 0.000000e+00 1.000000e+00 0.000000e+00 0.000000e+00 0.000000e+00
 0.000000e+00 6.600764e-01 3.399236e-01 0.000000e+00 0.000000e+00
 0.000000e+00 0.000000e+00 5.736699e-01 4.263301e-01 0.000000e+00
 0.000000e+00 0.000000e+00 0.000000e+00 5.325694e-01 4.674307e-01
 0.000000e+00 0.000000e+00 0.000000e+00 0.000000e+00 0.000000e+00
<ENDHMM>
~h "Z_pal"
<BEGINHMM>
<NUMSTATES> 5
<STATE> 2
<MEAN> 39
 -9.096024e+00 -1.308952e+00 1.258839e+01 8.196159e+00 -5.848643e+00 -9.813742e+00 -7.702393e+00 -9.174129e+00 -4.867841e+00 -8.023537e+00 -6.297641e+00 -2.917532e+00 7.752601e+01 -1.937051e+00 8.872226e-02 2.243725e+00 2.593210e-02 1.353559e+00 -3.316937e-01 1.352646e+00 4.569911e-01 -4.258001e-01 1.278572e-01 -6.577344e-01 -3.568672e-02 1.753140e-01 -1.060811e-01 1.946720e-02 -2.227304e-01 -2.240195e-01 3.831548e-02 3.195381e-01 4.716728e-02 1.939182e-02 7.763205e-02 2.796759e-02 1.766106e-01 5.137598e-02 -2.727421e-02
<VARIANCE> 39
 6.711925e+01 1.412152e+01 8.431747e+01 6.258156e+01 1.338988e+02 4.745399e+01 9.472556e+01 4.219021e+01 3.737244e+01 6.284677e+01 4.366861e+01 2.754366e+01 2.142110e+01 5.304884e+00 1.534137e+00 4.802928e+00 3.190224e+00 5.098134e+00 4.458243e+00 5.594894e+00 4.452985e+00 3.203597e+00 4.017905e+00 4.026357e+00 2.085948e+00 1.779386e+00 1.032366e+00 2.695337e-01 6.943329e-01 5.413439e-01 9.455810e-01 7.971808e-01 1.037450e+00 6.775733e-01 5.700749e-01 6.672928e-01 6.443552e-01 3.860391e-01 1.632733e-01
<GCONST> 1.314323e+02
<STATE> 3
<MEAN> 39
 -1.473851e+01 -1.174218e+00 1.706098e+01 7.805580e+00 -2.088370e+00 -9.316210e+00 -4.160172e+00 -8.059455e+00 -5.420878e+00 -7.860600e+00 -7.119229e+00 -2.889389e+00 7.804093e+01 -4.101782e-01 2.704645e-02 1.847377e-01 -9.325415e-02 2.817324e-01 6.578308e-02 1.543758e-01 1.027946e-01 2.804034e-02 3.083006e-03 7.798909e-03 5.051314e-02 4.656996e-02 5.434239e-01 1.570625e-02 -5.307469e-01 -4.284024e-03 -3.465573e-01 1.809348e-02 -3.326928e-01 -1.312684e-01 9.743003e-02 -7.256046e-02 1.328648e-01 2.076504e-02 -3.669932e-02
<VARIANCE> 39
 7.195342e+01 1.226540e+01 6.175963e+01 7.784837e+01 9.962482e+01 4.511791e+01 6.366177e+01 3.884932e+01 2.822820e+01 6.552183e+01 3.651628e+01 2.287808e+01 7.661564e+00 9.842365e+00 1.466900e+00 5.516329e+00 1.972583e+00 5.280978e+00 3.885288e+00 5.442276e+00 3.646391e+00 2.561922e+00 3.313878e+00 3.106018e+00 1.616831e+00 5.773154e-01 1.237482e+00 2.984290e-01 5.248088e-01 3.644607e-01 6.938705e-01 8.496557e-01 8.049212e-01 6.121203e-01 4.918743e-01 5.946537e-01 5.650710e-01 3.323755e-01 1.109758e-01
<GCONST> 1.247318e+02
<STATE> 4
<MEAN> 39
 -1.113130e+01 -7.455306e-01 1.345645e+01 8.057362e+00 -3.883917e+00 -1.025277e+01 -5.759969e+00 -9.183191e+00 -4.772328e+00 -8.457906e+00 -6.764752e+00 -2.332103e+00 7.784470e+01 1.569748e+00 1.616719e-01 -1.524869e+00 -1.358769e-01 -9.573506e-01 6.177603e-02 -7.968313e-01 -3.936045e-01 3.363878e-01 -1.828366e-01 3.722680e-01 1.170180e-01 -1.147676e-01 1.411745e-01 2.651113e-02 -1.899917e-01 -5.028902e-02 -6.063823e-02 1.730750e-01 -2.471048e-02 2.108027e-02 3.783917e-02 -1.270991e-02 1.089004e-01 -1.153562e-02 -6.395191e-02
<VARIANCE> 39
 7.723356e+01 1.386699e+01 7.495897e+01 7.096790e+01 1.215941e+02 4.648457e+01 7.453719e+01 4.209078e+01 3.669625e+01 5.872329e+01 4.061325e+01 2.794783e+01 9.671625e+00 6.372634e+00 1.687554e+00 3.821816e+00 2.209328e+00 4.840841e+00 3.997363e+00 4.232468e+00 3.827313e+00 3.048982e+00 3.461498e+00 3.433656e+00 2.015577e+00 8.987191e-01 1.134930e+00 2.875247e-01 5.221187e-01 3.246107e-01 8.395924e-01 7.893996e-01 7.751498e-01 6.287830e-01 5.362935e-01 5.827729e-01 5.651746e-01 3.607473e-01 1.383251e-01
<GCONST> 1.265872e+02
<TRANSP> 5
 0.000000e+00 1.000000e+00 0.000000e+00 0.000000e+00 0.000000e+00
 0.000000e+00 7.476334e-01 2.523666e-01 0.000000e+00 0.000000e+00
 0.000000e+00 0.000000e+00 7.939939e-01 2.060060e-01 0.000000e+00
 0.000000e+00 0.000000e+00 0.000000e+00 7.999388e-01 2.000612e-01
 0.000000e+00 0.000000e+00 0.000000e+00 0.000000e+00 0.000000e+00
<ENDHMM>
~h "g_pal"
<BEGINHMM>
<NUMSTATES> 5
<STATE> 2
<MEAN> 39
 -4.291386e+00 4.551914e+00 8.698491e+00 1.097624e+01 -8.607335e+00 -8.103730e+00 -8.652621e+00 -7.160566e+00 -4.703939e+00 -1.417660e+01 -1.969018e+00 -7.777739e-01 7.137904e+01 -2.511903e-01 3.360091e-01 8.240579e-01 7.733624e-01 -4.039451e-02 -4.513682e-01 4.491087e-01 1.162416e-01 -2.850898e-01 -3.704955e-01 -4.644323e-02 -4.851609e-02 -1.729504e-01 -7.505032e-02 -2.225971e-01 -1.737480e-01 -3.244590e-01 -9.436046e-02 8.335707e-02 4.494501e-02 -2.020823e-01 2.630531e-02 2.725599e-01 -3.263662e-02 -4.708485e-02 2.965893e-01
<VARIANCE> 39
 2.866153e+01 4.482516e+01 4.251943e+01 4.531368e+01 1.009015e+02 5.381568e+01 6.831464e+01 5.365384e+01 9.686298e+01 5.085423e+01 5.083946e+01 6.484196e+01 6.290388e+01 3.728626e+00 5.530427e+00 2.683244e+00 3.691882e+00 5.811515e+00 5.598805e+00 4.466042e+00 5.514150e+00 4.952101e+00 5.561198e+00 3.906145e+00 3.239281e+00 8.253253e+00 7.257500e-01 9.498156e-01 4.205875e-01 5.936719e-01 9.593965e-01 9.772325e-01 8.480062e-01 1.012515e+00 9.460797e-01 1.004987e+00 7.713323e-01 6.240668e-01 1.397379e+00
<GCONST> 1.414963e+02
<STATE> 3
<MEAN> 39
 -5.755936e+00 3.796514e+00 9.981930e+00 1.134302e+01 -9.290108e+00 -8.888414e+00 -7.712322e+00 -8.315304e+00 -5.348562e+00 -1.393121e+01 -2.357949e+00 -1.115312e+00 7.316097e+01 -2.803221e-01 -4.975807e-01 1.154911e-01 -5.534126e-02 -5.189301e-01 -4.588386e-01 1.760566e-02 -5.197507e-01 1.054238e-01 2.175114e-01 -1.635965e-01 3.140609e-02 8.480116e-01 1.209038e-01 -1.551446e-01 -2.616025e-01 -2.434812e-01 -9.853706e-02 6.308929e-02 -1.674506e-01 -8.120278e-02 1.461941e-01 1.633135e-01 1.227654e-02 4.770984e-03 1.686001e-01
<VARIANCE> 39
 2.685017e+01 3.641571e+01 3.718805e+01 4.276941e+01 9.310616e+01 5.190643e+01 5.803622e+01 4.895601e+01 9.059020e+01 4.861488e+01 4.906002e+01 6.065670e+01 4.584823e+01 3.479128e+00 4.717722e+00 2.660659e+00 2.876587e+00 6.082747e+00 5.701465e+00 4.121453e+00 4.850407e+00 4.742810e+00 4.585448e+00 3.728349e+00 3.170190e+00 6.568166e+00 7.482442e-01 9.100591e-01 4.335577e-01 5.635152e-01 1.070917e+00 1.137283e+00 7.435877e-01 9.248006e-01 9.225798e-01 9.740477e-01 7.637990e-01 6.335230e-01 1.264062e+00
<GCONST> 1.388203e+02
<STATE> 4
<MEAN> 39
 -5.816385e+00 1.634752e+00 8.949617e+00 1.046707e+01 -1.146918e+01 -1.047285e+01 -8.793096e+00 -1.017074e+01 -3.917493e+00 -1.313507e+01 -2.843477e+00 -6.437795e-01 7.642317e+01 2.947359e-01 -6.489449e-01 -6.526185e-01 -5.116363e-01 -5.345468e-01 -1.667082e-01 -4.712232e-01 -3.183035e-01 5.674943e-01 5.853194e-01 9.087456e-03 -4.473349e-02 8.019485e-01 1.127089e-01 5.936594e-02 -1.873928e-01 -1.661544e-01 2.236819e-01 2.987523e-01 -1.720410e-02 1.418697e-01 3.971303e-03 1.376030e-01 6.643565e-02 -1.000124e-01 -1.766173e-01
<VARIANCE> 39
 2.018339e+01 2.976585e+01 3.996746e+01 4.487698e+01 1.040688e+02 5.594020e+01 6.372226e+01 5.010474e+01 8.495654e+01 4.442387e+01 5.092964e+01 5.202216e+01 3.387968e+01 2.524428e+00 2.865010e+00 2.700413e+00 2.571337e+00 5.723438e+00 4.899296e+00 3.457517e+00 4.247203e+00 4.436530e+00 4.063735e+00 3.539781e+00 2.844922e+00 3.692709e+00 5.021008e-01 5.834683e-01 4.212860e-01 4.552803e-01 1.153834e+00 1.008745e+00 6.911793e-01 7.794100e-01 8.745215e-01 7.893843e-01 6.777105e-01 5.772405e-01 7.643154e-01
<GCONST> 1.334674e+02
<TRANSP> 5
 0.000000e+00 1.000000e+00 0.000000e+00 0.000000e+00 0.000000e+00
 0.000000e+00 6.735879e-01 3.264121e-01 0.000000e+00 0.000000e+00
 0.000000e+00 0.000000e+00 6.603412e-01 3.396588e-01 0.000000e+00
 0.000000e+00 0.000000e+00 0.000000e+00 6.353154e-01 3.646846e-01
 0.000000e+00 0.000000e+00 0.000000e+00 0.000000e+00 0.000000e+00
<ENDHMM>
~h "t_pal"
<BEGINHMM>
<NUMSTATES> 5
<STATE> 2
<MEAN> 39
 -1.215228e+01 3.290831e+00 3.785088e+00 5.102789e+00 -5.029154e-02 -2.353359e+00 -4.589733e+00 -2.660356e+00 -2.426991e+00 -3.644068e+00 -1.206930e+00 -1.138263e+00 6.222079e+01 -1.073181e+00 -4.421194e-01 -3.244723e-01 -5.730480e-01 5.447561e-01 5.612938e-01 9.223797e-01 7.925444e-01 2.336266e-01 7.270606e-01 1.323050e-01 3.427979e-01 -1.082907e+00 1.761690e-01 -2.793351e-01 -2.375411e-01 -2.646227e-01 -5.772309e-01 -3.701211e-01 -2.734741e-01 -2.635432e-01 -6.189695e-02 -1.860062e-01 1.383995e-02 3.366943e-02 1.247160e+00
<VARIANCE> 39
 6.120869e+01 2.736295e+01 4.700437e+01 4.328689e+01 4.734184e+01 4.437539e+01 5.000756e+01 3.518813e+01 3.691766e+01 3.554354e+01 2.756598e+01 2.920602e+01 9.962197e+01 5.933794e+00 3.887676e+00 5.675659e+00 5.333580e+00 6.124131e+00 5.566482e+00 5.418856e+00 4.281697e+00 3.270843e+00 3.795630e+00 2.896492e+00 2.970554e+00 2.171960e+01 8.400345e-01 8.022072e-01 1.209481e+00 1.160653e+00 8.735741e-01 1.047893e+00 1.000304e+00 7.805849e-01 6.486153e-01 7.247146e-01 5.906677e-01 5.791504e-01 3.079202e+00
<GCONST> 1.401906e+02
<STATE> 3
<MEAN> 39
 -1.454220e+01 1.138650e+00 1.757337e+00 2.065086e+00 -1.135278e+00 -2.754311e+00 -3.688847e+00 -1.829981e+00 -2.414454e+00 -2.569468e+00 -7.471144e-01 9.798384e-02 6.681331e+01 2.276220e-01 -3.374792e-01 -1.058407e-02 -3.391597e-01 -1.100610e+00 -1.153694e+00 -6.742766e-01 -4.733105e-01 -2.451055e-01 -4.025781e-01 -2.129337e-01 -4.290655e-02 2.669252e+00 7.286927e-01 1.665087e-01 3.566283e-01 4.675700e-01 -4.513017e-01 -5.011986e-01 -5.753946e-01 -5.370144e-01 -8.353678e-02 -4.832063e-01 -1.562475e-01 -2.470391e-01 5.350152e-01
<VARIANCE> 39
 4.112607e+01 2.698954e+01 4.298353e+01 4.338530e+01 4.302683e+01 4.134406e+01 3.962830e+01 3.020916e+01 3.216360e+01 3.094429e+01 2.432511e+01 2.290683e+01 9.159178e+01 8.474210e+00 3.580655e+00 6.667999e+00 7.378727e+00 5.694073e+00 6.804494e+00 7.297780e+00 5.237621e+00 3.679075e+00 5.075954e+00 3.444474e+00 3.650689e+00 1.338010e+01 1.094340e+00 8.115655e-01 1.355446e+00 1.471557e+00 9.955748e-01 1.251419e+00 1.159688e+00 8.693649e-01 7.470042e-01 8.606718e-01 7.272330e-01 7.327414e-01 3.156344e+00
<GCONST> 1.420746e+02
<STATE> 4
<MEAN> 39
 -1.198337e+01 1.526908e+00 3.357747e+00 3.024095e+00 -4.319335e+00 -6.836108e+00 -6.853158e+00 -4.265821e+00 -3.413818e+00 -4.919431e+00 -1.934780e+00 -8.707684e-01 7.379299e+01 2.121844e+00 1.268513e-01 1.029344e+00 1.235896e+00 -1.758453e+00 -1.887304e+00 -1.823896e+00 -1.679680e+00 -2.414683e-01 -1.448180e+00 -5.597858e-01 -7.414643e-01 2.315332e+00 3.855807e-01 -2.340253e-02 5.247819e-02 3.287288e-01 -5.207231e-02 1.848118e-01 -4.712394e-02 -1.862892e-01 1.485691e-01 -1.207099e-01 4.444226e-02 -8.428131e-02 -6.076733e-01
<VARIANCE> 39
 5.041900e+01 2.281513e+01 4.573149e+01 4.219395e+01 6.653279e+01 5.268844e+01 5.474415e+01 4.009951e+01 3.921095e+01 4.000381e+01 2.842836e+01 2.527439e+01 3.779294e+01 5.405232e+00 3.287450e+00 5.358247e+00 5.958624e+00 5.811669e+00 5.993946e+00 6.527453e+00 5.037700e+00 4.163678e+00 4.618938e+00 3.974728e+00 3.758847e+00 5.852350e+00 1.351953e+00 6.796470e-01 1.159534e+00 1.282825e+00 1.025199e+00 1.374893e+00 1.332603e+00 1.100801e+00 7.431971e-01 9.586393e-01 7.219955e-01 6.897464e-01 1.307926e+00
<GCONST> 1.407966e+02
<TRANSP> 5
 0.000000e+00 1.000000e+00 0.000000e+00 0.000000e+00 0.000000e+00
 0.000000e+00 6.930492e-01 3.069508e-01 0.000000e+00 0.000000e+00
 0.000000e+00 0.000000e+00 5.622459e-01 4.377541e-01 0.000000e+00
 0.000000e+00 0.000000e+00 0.000000e+00 4.737301e-01 5.262700e-01
 0.000000e+00 0.000000e+00 0.000000e+00 0.000000e+00 0.000000e+00
<ENDHMM>
~h "j_pal"
<BEGINHMM>
<NUMSTATES> 5
<STATE> 2
<MEAN> 39
 -5.312041e+00 6.649973e-01 6.986156e+00 8.992275e+00 -1.443080e+01 -1.011892e+01 -8.711028e+00 -1.241791e+01 -2.131090e+00 -1.159048e+01 -3.277577e+00 -1.305593e+00 7.685579e+01 1.323636e-02 1.444011e-01 5.184200e-01 4.998695e-01 -4.463081e-01 -4.442765e-01 2.523098e-02 -2.607749e-01 4.515611e-02 -3.478054e-01 -1.826639e-01 -1.860119e-03 3.755921e-01 3.211124e-02 -3.068285e-02 -2.094905e-01 -2.663600e-01 1.559755e-01 1.978155e-01 8.732737e-04 1.040772e-01 -4.754943e-02 1.382263e-01 7.146700e-02 -1.295757e-02 -4.596558e-02
<VARIANCE> 39
 1.901239e+01 2.766178e+01 6.330755e+01 4.757149e+01 1.229298e+02 5.858555e+01 9.192249e+01 6.255003e+01 7.073912e+01 5.423982e+01 5.863066e+01 4.025263e+01 4.769933e+01 1.139898e+00 1.236905e+00 3.997597e+00 2.557504e+00 2.774642e+00 2.941565e+00 2.781885e+00 3.525139e+00 2.585443e+00 3.174027e+00 2.385317e+00 1.669712e+00 2.365817e+00 1.721361e-01 1.936819e-01 4.130910e-01 3.536153e-01 4.272275e-01 4.684325e-01 5.037311e-01 5.510457e-01 4.735246e-01 4.800703e-01 3.921733e-01 2.918303e-01 1.460810e-01
<GCONST> 1.209865e+02
<STATE> 3
<MEAN> 39
 -4.962996e+00 1.003089e+00 7.545265e+00 9.432645e+00 -1.374058e+01 -1.030097e+01 -8.592340e+00 -1.268544e+01 -2.470221e+00 -1.162190e+01 -3.874716e+00 -1.215824e+00 7.730394e+01 3.403627e-01 -1.875290e-01 -5.745093e-01 -3.165878e-01 5.636910e-02 4.583429e-02 -3.030290e-01 8.983694e-02 1.644737e-01 2.297789e-01 9.417120e-02 -8.634632e-02 3.493271e-01 7.560822e-02 -6.533232e-02 -3.282510e-01 -2.909264e-01 1.845424e-01 2.287776e-01 -2.779543e-02 1.151984e-01 1.724691e-03 1.874676e-01 9.826329e-02 -2.664929e-02 -8.099760e-02
<VARIANCE> 39
 1.819198e+01 2.850853e+01 7.308568e+01 4.940075e+01 1.124909e+02 5.895744e+01 9.009739e+01 6.148259e+01 7.318328e+01 5.588520e+01 6.151301e+01 4.416739e+01 2.267646e+01 8.302838e-01 1.141284e+00 3.737384e+00 2.583576e+00 2.682197e+00 3.012788e+00 2.873521e+00 3.184225e+00 2.619692e+00 3.046958e+00 2.415853e+00 1.654794e+00 1.752294e+00 1.440046e-01 1.964048e-01 5.125018e-01 3.906728e-01 4.702486e-01 5.266274e-01 5.132532e-01 5.673516e-01 5.170041e-01 5.399076e-01 4.297625e-01 3.093201e-01 1.640863e-01
<GCONST> 1.205203e+02
<STATE> 4
<MEAN> 39
 -3.297091e+00 8.169794e-02 3.979159e+00 7.213197e+00 -1.224408e+01 -9.180820e+00 -9.526311e+00 -1.199134e+01 -1.795897e+00 -9.850000e+00 -3.384006e+00 -1.481083e+00 7.794849e+01 6.094170e-01 -2.338225e-01 -1.247767e+00 -1.115676e+00 4.289845e-01 8.062577e-01 -2.031483e-01 2.226806e-01 1.274210e-02 5.986092e-01 3.503691e-01 -1.411630e-01 1.163856e-01 -2.245878e-02 8.452974e-02 3.334637e-02 -1.625483e-01 1.628624e-01 2.584090e-01 1.739072e-01 6.150557e-02 -1.507301e-01 1.019483e-02 6.167322e-03 -5.928863e-03 -1.682222e-01
<VARIANCE> 39
 2.025454e+01 2.872654e+01 7.340482e+01 5.851550e+01 9.838862e+01 6.503612e+01 9.699123e+01 6.994675e+01 6.862388e+01 5.600018e+01 6.597472e+01 5.698368e+01 1.890101e+01 8.391809e-01 1.270559e+00 3.149777e+00 3.491195e+00 3.346920e+00 3.820047e+00 3.331303e+00 3.466696e+00 3.289225e+00 3.630648e+00 2.958578e+00 2.189342e+00 1.139165e+00 1.683777e-01 1.946030e-01 5.088860e-01 5.027516e-01 5.627462e-01 6.406882e-01 6.099335e-01 6.103826e-01 5.897925e-01 6.068470e-01 4.988762e-01 3.599049e-01 1.477386e-01
<GCONST> 1.239086e+02
<TRANSP> 5
 0.000000e+00 1.000000e+00 0.000000e+00 0.000000e+00 0.000000e+00
 0.000000e+00 7.015720e-01 2.984279e-01 0.000000e+00 0.000000e+00
 0.000000e+00 0.000000e+00 6.630926e-01 3.369074e-01 0.000000e+00
 0.000000e+00 0.000000e+00 0.000000e+00 6.304935e-01 3.695064e-01
 0.000000e+00 0.000000e+00 0.000000e+00 0.000000e+00 0.000000e+00
<ENDHMM>
~h "S_pal"
<BEGINHMM>
<NUMSTATES> 5
<STATE> 2
<MEAN> 39
 -2.065158e+01 -6.712207e+00 1.188425e+01 4.104262e+00 -1.652280e+00 -6.250840e+00 -1.961067e+00 -3.200203e+00 -1.049768e+00 -3.248898e+00 -2.810558e+00 1.790839e-02 7.707860e+01 -4.073978e+00 -1.732736e+00 5.783767e-01 -1.063925e+00 9.297732e-01 2.270207e-01 1.785945e+00 1.167449e+00 8.736159e-01 1.269331e+00 6.130872e-01 6.546002e-01 5.267976e-01 2.526023e-01 -5.301014e-02 -5.574847e-01 -2.378262e-01 -5.067387e-01 -3.176275e-02 -2.545482e-01 -2.061844e-01 1.032954e-02 -9.964067e-02 1.578910e-01 3.444843e-02 -7.523458e-02
<VARIANCE> 39
 1.060144e+02 3.554976e+01 5.628744e+01 6.573007e+01 5.359903e+01 3.919387e+01 4.953278e+01 3.398831e+01 3.450924e+01 5.697373e+01 3.042403e+01 2.104304e+01 2.768046e+01 6.251251e+00 3.637672e+00 5.456197e+00 3.142738e+00 6.076166e+00 4.705457e+00 5.280986e+00 3.906753e+00 4.014768e+00 3.972981e+00 3.657179e+00 2.369659e+00 2.519765e+00 1.462411e+00 8.483431e-01 7.152137e-01 6.267467e-01 9.201753e-01 7.067031e-01 8.341942e-01 6.491678e-01 6.927727e-01 7.149569e-01 6.632897e-01 4.096884e-01 2.410821e-01
<GCONST> 1.337132e+02
<STATE> 3
<MEAN> 39
 -2.891240e+01 -1.108664e+01 1.037358e+01 4.831796e-01 -1.913488e+00 -6.387252e+00 6.714897e-01 -1.586041e+00 7.303376e-01 -8.370547e-01 -6.996597e-01 1.669595e+00 7.773917e+01 -6.330416e-01 -3.638020e-01 -4.776740e-01 -4.949884e-01 -1.370211e-01 -1.759895e-01 1.905373e-02 4.509456e-02 2.122010e-01 1.855125e-01 2.825451e-01 1.969866e-01 -1.398972e-01 1.116084e+00 5.422187e-01 -1.101569e-01 3.135884e-01 -1.350245e-01 -5.158198e-02 -4.599614e-01 -3.194375e-01 -2.134877e-01 -3.491367e-01 -1.721117e-01 -1.709635e-01 -1.816641e-01
<VARIANCE> 39
 4.044208e+01 2.659875e+01 3.859051e+01 5.971836e+01 3.320840e+01 4.928160e+01 2.766193e+01 2.245262e+01 2.587097e+01 3.644681e+01 1.898510e+01 1.520798e+01 9.356320e+00 1.116400e+01 4.636097e+00 2.431081e+00 3.309090e+00 2.827279e+00 2.925167e+00 3.787187e+00 2.659547e+00 2.722383e+00 2.984657e+00 2.420917e+00 1.893606e+00 1.273304e+00 6.772082e-01 6.000650e-01 5.415313e-01 4.907420e-01 6.838751e-01 6.113394e-01 5.615376e-01 4.799256e-01 4.998077e-01 4.767480e-01 4.602592e-01 3.410516e-01 2.261664e-01
<GCONST> 1.201147e+02
<STATE> 4
<MEAN> 39
 -2.310787e+01 -8.248543e+00 8.832107e+00 1.896362e+00 -2.194516e+00 -7.507222e+00 -2.275479e+00 -3.512824e+00 -1.176891e-01 -2.704387e+00 -1.497019e+00 8.314471e-01 7.639300e+01 3.379626e+00 1.637244e+00 -4.610838e-01 8.246151e-01 -4.265505e-01 -1.461021e-01 -1.453938e+00 -1.120733e+00 -6.680900e-01 -1.035072e+00 -4.614247e-01 -5.048335e-01 -5.104123e-01 5.342075e-01 1.551076e-01 -1.240422e-01 7.429490e-02 -2.614688e-01 7.190762e-02 -1.835608e-01 -1.881997e-01 -1.280575e-01 -1.479984e-01 -2.388561e-02 -5.422730e-02 8.865818e-03
<VARIANCE> 39
 1.131004e+02 4.397437e+01 4.083700e+01 6.440042e+01 5.188837e+01 4.863017e+01 4.525035e+01 3.211333e+01 3.538559e+01 4.188154e+01 2.632413e+01 2.015126e+01 1.398702e+01 9.507541e+00 4.463469e+00 2.893542e+00 3.516616e+00 4.662291e+00 4.464779e+00 4.798067e+00 3.692543e+00 4.015589e+00 3.861098e+00 3.260093e+00 2.686118e+00 2.401419e+00 1.568703e+00 9.505597e-01 5.297884e-01 6.742727e-01 7.945527e-01 7.501227e-01 7.891097e-01 6.450985e-01 7.007455e-01 6.722735e-01 5.750158e-01 4.844720e-01 3.498034e-01
<GCONST> 1.322533e+02
<TRANSP> 5
 0.000000e+00 1.000000e+00 0.000000e+00 0.000000e+00 0.000000e+00
 0.000000e+00 7.086603e-01 2.913397e-01 0.000000e+00 0.000000e+00
 0.000000e+00 0.000000e+00 7.509125e-01 2.490874e-01 0.000000e+00
 0.000000e+00 0.000000e+00 0.000000e+00 7.655648e-01 2.344352e-01
 0.000000e+00 0.000000e+00 0.000000e+00 0.000000e+00 0.000000e+00
<ENDHMM>
~h "m_pal"
<BEGINHMM>
<NUMSTATES> 5
<STATE> 2
<MEAN> 39
 2.404347e+00 7.756352e-04 2.382757e+00 5.647720e+00 -4.868141e+00 -4.852927e+00 -1.091878e+01 -1.216028e+01 -5.207592e+00 -1.130303e+01 -4.861457e+00 1.545976e-01 7.357343e+01 5.784535e-01 2.237555e-01 4.761412e-01 6.354424e-01 7.083814e-01 -2.389116e-01 -4.384027e-01 -2.913032e-01 -4.988548e-01 -5.327629e-01 -2.826416e-01 3.220285e-01 -3.250588e-01 -3.840481e-01 -7.625056e-02 -1.797752e-01 -2.037123e-01 -3.507139e-01 -5.090353e-02 1.533533e-01 9.805352e-02 2.972746e-01 3.199822e-01 8.483264e-02 -2.287926e-01 2.857400e-01
<VARIANCE> 39
 1.517529e+01 2.378359e+01 4.660788e+01 3.194347e+01 9.200320e+01 6.002200e+01 8.167710e+01 5.704836e+01 7.766848e+01 5.266464e+01 5.271075e+01 7.888305e+01 3.131921e+01 2.158387e+00 2.177586e+00 4.257824e+00 3.118708e+00 7.173964e+00 3.594442e+00 3.239000e+00 3.320050e+00 5.552064e+00 5.764332e+00 2.621688e+00 4.067039e+00 3.685350e+00 3.434997e-01 3.782054e-01 7.913390e-01 5.234773e-01 1.223061e+00 6.241922e-01 5.723689e-01 5.830580e-01 1.026628e+00 1.058160e+00 5.114636e-01 7.644122e-01 4.791014e-01
<GCONST> 1.330423e+02
<STATE> 3
<MEAN> 39
 2.513746e+00 2.711581e-01 2.639885e+00 6.229890e+00 -4.618742e+00 -5.724348e+00 -1.143565e+01 -1.232621e+01 -5.176394e+00 -1.131929e+01 -5.182852e+00 -9.453368e-02 7.390478e+01 -2.859313e-01 -8.013695e-02 -1.826667e-01 2.649248e-02 -4.761746e-01 -3.498138e-01 5.283989e-02 8.918798e-03 4.728123e-01 3.576892e-01 -8.175667e-02 -4.828199e-01 4.873474e-01 -3.578705e-01 -1.025693e-01 -1.898359e-01 -2.051421e-01 -4.141955e-01 2.268553e-03 2.419366e-01 1.249569e-01 3.253038e-01 2.987266e-01 6.513682e-02 -2.625416e-01 2.690301e-01
<VARIANCE> 39
 1.185017e+01 2.349106e+01 4.582137e+01 2.996500e+01 9.064902e+01 6.117669e+01 7.925980e+01 5.486134e+01 7.903851e+01 5.178440e+01 5.158089e+01 8.048791e+01 2.282988e+01 1.574280e+00 2.204963e+00 3.991689e+00 2.659295e+00 6.884129e+00 3.193614e+00 3.073354e+00 2.963358e+00 5.707281e+00 5.462368e+00 2.666443e+00 4.053459e+00 3.155931e+00 2.980134e-01 4.005283e-01 7.833185e-01 4.917279e-01 1.283270e+00 6.382358e-01 5.693279e-01 5.532522e-01 1.072034e+00 1.085713e+00 5.265504e-01 7.828355e-01 4.892355e-01
<GCONST> 1.312972e+02
<STATE> 4
<MEAN> 39
 1.141588e+00 -1.392869e-01 1.768233e+00 5.667948e+00 -6.648914e+00 -6.511560e+00 -1.071389e+01 -1.174394e+01 -3.220271e+00 -9.806747e+00 -5.094958e+00 -1.948633e+00 7.564715e+01 -8.599937e-01 -2.138340e-01 -3.255724e-01 -2.876288e-01 -1.041292e+00 -2.504393e-01 5.475585e-01 2.770443e-01 8.571305e-01 6.971584e-01 6.257546e-02 -8.280212e-01 7.808213e-01 -2.258037e-01 3.932265e-02 5.678175e-02 -9.629981e-02 3.370719e-02 1.097123e-01 1.613492e-01 1.180671e-01 -3.042254e-02 1.863700e-02 7.652064e-02 3.004319e-02 -4.317300e-02
<VARIANCE> 39
 1.397033e+01 2.558061e+01 4.956465e+01 3.571024e+01 9.375993e+01 6.317342e+01 8.473878e+01 5.402941e+01 7.519153e+01 5.574733e+01 5.491468e+01 7.717970e+01 2.665689e+01 1.641072e+00 2.349827e+00 3.891208e+00 2.585471e+00 6.854945e+00 3.619492e+00 3.141454e+00 3.227858e+00 5.116808e+00 5.150037e+00 2.954644e+00 3.448593e+00 2.871233e+00 3.554007e-01 4.339693e-01 6.846390e-01 4.490727e-01 1.323103e+00 5.987947e-01 6.079057e-01 5.465024e-01 1.064165e+00 9.722059e-01 5.386388e-01 6.945063e-01 4.915987e-01
<GCONST> 1.319171e+02
<TRANSP> 5
 0.000000e+00 1.000000e+00 0.000000e+00 0.000000e+00 0.000000e+00
 0.000000e+00 5.794814e-01 4.205186e-01 0.000000e+00 0.000000e+00
 0.000000e+00 0.000000e+00 5.749243e-01 4.250757e-01 0.000000e+00
 0.000000e+00 0.000000e+00 0.000000e+00 5.425401e-01 4.574600e-01
 0.000000e+00 0.000000e+00 0.000000e+00 0.000000e+00 0.000000e+00
<ENDHMM>
~h "z_pal"
<BEGINHMM>
<NUMSTATES> 5
<STATE> 2
<MEAN> 39
 -1.276713e+01 9.521467e+00 3.073502e+00 2.923286e+00 1.571745e+00 -7.164754e+00 -1.265303e+01 -9.571263e+00 -5.284360e+00 -7.165967e+00 -2.977838e+00 -5.762177e+00 7.767503e+01 -2.325436e+00 2.101131e+00 5.101822e-01 2.010151e-01 2.177865e+00 5.539438e-01 7.526917e-01 5.063581e-01 -3.884655e-01 1.354496e-01 -5.816027e-01 -1.160406e-01 -5.770674e-01 2.783542e-01 -2.735327e-01 -6.933716e-02 8.788382e-02 -3.524862e-01 1.329351e-01 1.689620e-01 4.958510e-02 1.088973e-01 -5.165566e-02 7.881266e-03 1.230160e-01 -1.267542e-01
<VARIANCE> 39
 6.359306e+01 4.855632e+01 4.733937e+01 4.203088e+01 8.159550e+01 8.021636e+01 5.352794e+01 3.746941e+01 3.616910e+01 3.709451e+01 4.071487e+01 5.134961e+01 1.048212e+01 6.039739e+00 4.559407e+00 2.525663e+00 3.045805e+00 5.002388e+00 4.901835e+00 5.561438e+00 3.691137e+00 3.066589e+00 3.027975e+00 3.159346e+00 2.011256e+00 1.246682e+00 1.279759e+00 8.348072e-01 3.758075e-01 4.664431e-01 8.455674e-01 8.532654e-01 9.032896e-01 6.092445e-01 4.954087e-01 5.242626e-01 4.670301e-01 3.481963e-01 2.157021e-01
<GCONST> 1.294730e+02
<STATE> 3
<MEAN> 39
 -1.672456e+01 1.297043e+01 4.827919e+00 4.451819e+00 5.543073e+00 -4.668703e+00 -9.962748e+00 -8.034435e+00 -5.447879e+00 -6.893494e+00 -3.891630e+00 -4.893759e+00 7.558323e+01 2.500072e-01 6.293143e-02 3.305526e-01 5.801258e-01 3.106655e-02 1.527000e-01 3.865088e-01 3.019469e-01 1.596529e-02 -8.295964e-03 -2.046506e-01 1.275869e-01 -7.920976e-01 8.114473e-01 -6.004801e-01 -2.902887e-02 8.476053e-02 -6.410787e-01 -2.186818e-01 -1.193657e-01 -1.246403e-01 1.009503e-01 -8.332942e-02 1.069364e-01 6.700712e-02 -2.557081e-02
<VARIANCE> 39
 4.912901e+01 3.233678e+01 5.073800e+01 4.303959e+01 5.445585e+01 7.594249e+01 4.014944e+01 3.667809e+01 3.305700e+01 3.768397e+01 3.818876e+01 3.595906e+01 1.793210e+01 9.132101e+00 5.732099e+00 2.360152e+00 2.908167e+00 5.792487e+00 5.166791e+00 4.278386e+00 3.046317e+00 2.585284e+00 2.423697e+00 2.500025e+00 1.468704e+00 2.604853e+00 1.151225e+00 6.696151e-01 4.394454e-01 5.129930e-01 6.129991e-01 8.952495e-01 8.307649e-01 6.169387e-01 5.003592e-01 4.703759e-01 4.324546e-01 2.966713e-01 4.973375e-01
<GCONST> 1.283245e+02
<STATE> 4
<MEAN> 39
 -1.235395e+01 1.045195e+01 5.995685e+00 6.462965e+00 3.126311e+00 -5.163288e+00 -9.432220e+00 -7.951056e+00 -5.041564e+00 -7.063007e+00 -3.821326e+00 -4.031017e+00 7.353983e+01 2.045646e+00 -1.277883e+00 2.937393e-01 6.967804e-01 -1.468038e+00 -5.616882e-01 1.436121e-01 -1.055187e-01 2.498914e-01 -2.685753e-01 3.610682e-02 2.606780e-01 -6.542303e-01 1.266645e-01 -2.445341e-01 -5.630788e-02 -6.259702e-02 -2.979151e-01 -1.114520e-01 -5.243200e-03 -1.087250e-01 6.404852e-02 -9.106951e-02 6.299559e-02 4.320708e-02 2.171360e-01
<VARIANCE> 39
 4.990166e+01 4.354330e+01 4.796299e+01 4.343868e+01 7.180524e+01 7.727282e+01 4.023297e+01 3.857032e+01 3.775313e+01 3.900720e+01 3.684457e+01 3.370571e+01 3.286877e+01 4.890976e+00 4.264628e+00 2.968437e+00 3.113890e+00 4.491428e+00 5.410222e+00 4.147017e+00 4.074214e+00 3.122737e+00 2.670352e+00 2.798338e+00 1.567381e+00 5.270018e+00 1.160781e+00 7.920675e-01 4.576189e-01 5.554104e-01 7.481595e-01 9.393276e-01 7.676123e-01 6.958762e-01 5.748890e-01 4.729734e-01 4.551420e-01 3.018403e-01 7.991562e-01
<GCONST> 1.314785e+02
<TRANSP> 5
 0.000000e+00 1.000000e+00 0.000000e+00 0.000000e+00 0.000000e+00
 0.000000e+00 7.422008e-01 2.577992e-01 0.000000e+00 0.000000e+00
 0.000000e+00 0.000000e+00 6.870562e-01 3.129438e-01 0.000000e+00
 0.000000e+00 0.000000e+00 0.000000e+00 6.316872e-01 3.683129e-01
 0.000000e+00 0.000000e+00 0.000000e+00 0.000000e+00 0.000000e+00
<ENDHMM>
~h "sil"
<BEGINHMM>
<NUMSTATES> 5
<STATE> 2
<MEAN> 39
 -1.159379e+01 5.141674e-01 -5.731525e-01 1.817604e+00 1.497622e+00 2.923231e+00 5.229132e-01 -1.643640e-01 -1.240860e+00 -1.962874e+00 -9.732074e-01 9.354097e-01 4.799261e+01 -5.529039e-01 -1.111380e-01 -2.640362e-01 -2.772417e-01 -1.716031e-01 -1.849447e-01 -4.324461e-02 2.052446e-01 2.609066e-01 4.580638e-01 2.765664e-01 1.448140e-01 -1.365096e+00 1.313705e-02 4.049418e-02 3.142653e-02 -5.485479e-03 -9.097701e-02 -6.771159e-02 -5.497432e-02 -5.770752e-02 8.298869e-03 -1.278420e-02 -2.172874e-02 -2.976130e-02 1.619783e-01
<VARIANCE> 39
 3.709834e+01 1.166800e+01 1.844343e+01 2.173296e+01 2.288084e+01 2.779272e+01 2.418441e+01 2.393886e+01 2.468213e+01 2.613265e+01 2.245584e+01 2.650048e+01 1.332749e+02 2.126187e+00 9.227610e-01 1.302487e+00 1.896500e+00 2.143024e+00 2.259383e+00 1.876785e+00 2.023823e+00 2.094382e+00 2.284748e+00 2.067717e+00 2.048577e+00 3.529213e+00 2.147043e-01 1.305441e-01 1.912116e-01 2.608655e-01 3.212744e-01 3.189601e-01 2.902245e-01 3.159103e-01 3.087434e-01 3.233436e-01 2.799512e-01 2.632432e-01 2.178667e-01
<GCONST> 1.053919e+02
<STATE> 3
<MEAN> 39
 -1.376375e+01 5.269414e-01 -1.340037e+00 1.000846e+00 4.734688e-01 1.581652e+00 9.146655e-02 1.360871e-01 -2.086231e-01 -1.394297e-01 -1.597973e-01 8.635093e-01 4.394938e+01 -1.562351e-01 2.195158e-02 -2.229331e-02 -1.298869e-02 -9.209284e-02 -9.565482e-02 -4.642529e-02 7.807514e-02 1.313157e-01 1.833422e-01 1.174778e-01 3.368936e-02 -3.601838e-01 9.933659e-02 1.639648e-02 7.143545e-02 6.164726e-02 3.686348e-02 4.176049e-02 1.171852e-03 -5.382533e-02 -5.719421e-02 -9.758292e-02 -4.635460e-02 -3.161127e-02 3.024624e-01
<VARIANCE> 39
 8.381557e+00 6.983113e+00 8.874250e+00 9.636121e+00 1.135805e+01 1.345032e+01 1.566699e+01 1.682286e+01 1.626129e+01 1.656140e+01 1.404580e+01 1.481131e+01 3.811096e+01 8.674634e-01 7.176540e-01 8.859844e-01 1.062315e+00 1.267135e+00 1.553298e+00 1.623738e+00 1.809811e+00 1.727245e+00 1.790648e+00 1.588227e+00 1.581014e+00 2.837763e+00 1.934669e-01 1.561038e-01 1.895450e-01 2.330872e-01 2.701292e-01 3.238026e-01 3.357288e-01 3.863159e-01 3.675332e-01 3.777407e-01 3.329253e-01 3.271525e-01 3.091407e-01
<GCONST> 9.322205e+01
<STATE> 4
<MEAN> 39
 -1.352317e+01 3.818721e-01 -1.158039e+00 1.051673e+00 1.048861e-01 1.222554e+00 -4.521039e-01 -5.210471e-02 -1.785148e-01 -7.009697e-02 1.405096e-02 6.994392e-01 4.270290e+01 3.187258e-01 3.653025e-02 2.684547e-01 1.221036e-01 -1.330638e-01 -1.431951e-01 -2.532243e-01 -2.853114e-01 -1.834753e-01 -3.014755e-01 -2.198832e-02 -8.277038e-02 1.579339e+00 2.058711e-01 1.832573e-02 1.012443e-01 -9.372616e-03 -1.226422e-01 -1.052736e-01 -1.616337e-01 -1.992223e-01 -1.242383e-01 -2.037731e-01 -4.646999e-02 -4.322324e-02 6.747180e-01
<VARIANCE> 39
 1.518698e+01 1.116838e+01 1.178048e+01 1.242322e+01 1.438987e+01 1.704834e+01 1.996886e+01 2.057969e+01 1.947887e+01 1.890358e+01 1.507199e+01 1.445054e+01 1.104199e+02 2.435662e+00 1.815137e+00 2.027153e+00 1.888971e+00 1.928247e+00 2.260716e+00 2.366173e+00 2.630849e+00 2.412934e+00 2.515600e+00 1.861955e+00 1.678079e+00 9.656732e+00 4.101866e-01 2.939699e-01 3.369563e-01 3.269453e-01 3.758531e-01 3.887248e-01 4.244353e-01 4.708869e-01 3.878785e-01 4.137584e-01 3.100256e-01 2.840680e-01 1.018672e+00
<GCONST> 1.085591e+02
<TRANSP> 5
 0.000000e+00 1.000000e+00 0.000000e+00 0.000000e+00 0.000000e+00
 0.000000e+00 6.557497e-01 3.442503e-01 0.000000e+00 0.000000e+00
 0.000000e+00 0.000000e+00 7.648349e-01 2.351651e-01 0.000000e+00
 0.000000e+00 0.000000e+00 0.000000e+00 6.313648e-01 3.686353e-01
 0.000000e+00 0.000000e+00 0.000000e+00 0.000000e+00 0.000000e+00
<ENDHMM>
~h "p_pal"
<BEGINHMM>
<NUMSTATES> 5
<STATE> 2
<MEAN> 39
 -8.038360e+00 2.468199e+00 3.590222e+00 5.292985e+00 7.082677e-01 5.131466e-01 -4.217759e+00 -3.646098e+00 -1.952366e+00 -3.344641e+00 -1.329321e+00 -1.135131e+00 5.908389e+01 -1.321695e+00 -2.804542e-01 1.153396e-01 4.031030e-01 1.214614e+00 5.121810e-01 9.751413e-01 1.126685e+00 6.150777e-01 1.043833e+00 2.504202e-01 2.538935e-01 -2.199954e+00 -5.634146e-02 -4.260506e-01 -3.321580e-01 -2.946312e-01 -5.826124e-01 -4.479231e-01 -3.648662e-01 -2.369607e-01 1.000659e-01 3.416481e-02 8.861276e-02 -1.170006e-02 1.501520e+00
<VARIANCE> 39
 7.467262e+01 2.684328e+01 2.648872e+01 4.218350e+01 3.704204e+01 3.987859e+01 5.146312e+01 3.828857e+01 3.682811e+01 3.877533e+01 3.870928e+01 3.078887e+01 9.354602e+01 5.900373e+00 3.473829e+00 3.588688e+00 3.711053e+00 5.239765e+00 4.224314e+00 5.467399e+00 4.410903e+00 3.616555e+00 3.842630e+00 3.220960e+00 2.615562e+00 2.120818e+01 1.086178e+00 5.668507e-01 7.338988e-01 6.964756e-01 8.382999e-01 6.744204e-01 1.055868e+00 9.549741e-01 7.213279e-01 8.170251e-01 6.181037e-01 4.780954e-01 2.890813e+00
<GCONST> 1.373710e+02
<STATE> 3
<MEAN> 39
 -1.095966e+01 1.309597e-02 2.420604e+00 4.980636e+00 1.411058e+00 2.570560e-01 -3.478885e+00 -1.941775e+00 -1.742052e-01 -6.158338e-01 -1.424510e-01 -3.404087e-01 6.075722e+01 -2.303710e-01 -1.171252e+00 -4.507944e-01 -7.757933e-02 -6.840056e-01 -1.004656e+00 -8.787419e-01 -3.246088e-01 3.095154e-01 4.675359e-01 1.226689e-01 -1.079916e-01 2.952352e+00 6.739290e-01 -2.308456e-02 5.715984e-02 2.727966e-02 -7.865466e-01 -5.504180e-01 -6.696037e-01 -6.505399e-01 -2.621765e-01 -5.806230e-01 -1.788534e-01 -2.097145e-01 1.295877e+00
<VARIANCE> 39
 3.828573e+01 2.820516e+01 2.658028e+01 3.275008e+01 2.978653e+01 3.384617e+01 4.324577e+01 3.359272e+01 2.892188e+01 3.250858e+01 2.858121e+01 2.256844e+01 1.119004e+02 8.476302e+00 3.317905e+00 4.091996e+00 4.671371e+00 6.274457e+00 5.671617e+00 8.119375e+00 6.115508e+00 4.058776e+00 6.018940e+00 3.794310e+00 3.344485e+00 1.916240e+01 1.103378e+00 7.770227e-01 8.970320e-01 8.873537e-01 8.733327e-01 8.940427e-01 1.261763e+00 9.576147e-01 8.107378e-01 1.076447e+00 7.785440e-01 6.423675e-01 3.525234e+00
<GCONST> 1.401052e+02
<STATE> 4
<MEAN> 39
 -8.871829e+00 -2.539636e+00 1.772225e+00 5.182738e+00 -2.221692e+00 -3.755002e+00 -8.251045e+00 -4.815126e+00 -4.937381e-01 -1.644588e+00 -6.630340e-01 -1.569951e+00 7.144636e+01 1.592154e+00 -5.016440e-01 2.591637e-01 4.944825e-01 -2.327273e+00 -1.952911e+00 -2.017213e+00 -1.719308e+00 -4.564609e-01 -1.413387e+00 -4.775285e-01 -6.900574e-01 3.834737e+00 2.681674e-01 3.816175e-01 2.623851e-01 1.107982e-01 -3.094713e-01 5.658881e-02 1.686420e-01 -1.382302e-01 -1.527659e-01 -4.694735e-01 -8.365942e-02 -1.843466e-02 -6.007776e-01
<VARIANCE> 39
 4.141750e+01 2.045609e+01 3.184028e+01 3.757607e+01 6.205050e+01 4.420450e+01 6.417712e+01 4.075852e+01 3.049548e+01 4.344896e+01 3.180033e+01 2.445908e+01 7.030050e+01 6.638811e+00 3.163020e+00 4.823329e+00 5.451821e+00 7.039949e+00 5.278306e+00 7.157176e+00 5.335894e+00 4.523650e+00 6.805804e+00 4.183179e+00 3.681989e+00 8.146901e+00 1.233212e+00 6.392725e-01 7.834901e-01 8.769912e-01 1.156980e+00 1.077229e+00 1.560260e+00 1.111824e+00 8.252164e-01 1.180983e+00 8.136849e-01 6.823291e-01 2.234177e+00
<GCONST> 1.415694e+02
<TRANSP> 5
 0.000000e+00 1.000000e+00 0.000000e+00 0.000000e+00 0.000000e+00
 0.000000e+00 6.396230e-01 3.603769e-01 0.000000e+00 0.000000e+00
 0.000000e+00 0.000000e+00 5.502232e-01 4.497769e-01 0.000000e+00
 0.000000e+00 0.000000e+00 0.000000e+00 4.954109e-01 5.045891e-01
 0.000000e+00 0.000000e+00 0.000000e+00 0.000000e+00 0.000000e+00
<ENDHMM>
~h "L_pal"
<BEGINHMM>
<NUMSTATES> 5
<STATE> 2
<MEAN> 39
 -1.948574e+00 -4.201155e+00 4.213078e+00 1.745310e+00 -1.303030e+01 -5.685060e+00 -1.734951e+01 -1.144323e+01 -1.544418e+00 -7.778420e+00 -3.167517e+00 -5.650317e+00 7.885442e+01 -2.506381e-01 6.831211e-01 1.489997e+00 5.658114e-01 8.521287e-01 3.269718e-01 1.794304e-02 -1.142483e+00 -8.260691e-01 -4.861231e-01 -5.491747e-01 -1.142455e-01 -8.456703e-01 -1.574884e-01 1.632344e-01 -1.268935e-01 6.612337e-02 2.329411e-01 -7.000360e-02 2.854489e-01 2.229623e-01 -6.172692e-02 -4.409950e-02 -3.834699e-02 2.880464e-02 -5.978561e-02
<VARIANCE> 39
 1.623206e+01 2.240432e+01 5.319908e+01 5.089165e+01 9.498700e+01 5.840163e+01 8.366472e+01 7.854408e+01 6.886964e+01 6.129003e+01 5.775140e+01 6.789383e+01 1.177914e+01 7.383851e-01 1.395907e+00 2.843074e+00 1.979315e+00 3.813373e+00 4.013607e+00 4.060794e+00 7.579583e+00 5.076737e+00 3.092305e+00 3.407082e+00 2.700389e+00 8.659223e-01 1.351200e-01 2.241851e-01 5.585524e-01 3.276994e-01 6.417655e-01 8.434373e-01 7.564635e-01 1.528060e+00 9.998242e-01 5.876583e-01 6.423776e-01 4.933613e-01 1.870422e-01
<GCONST> 1.256976e+02
<STATE> 3
<MEAN> 39
 -2.650479e+00 -1.987815e+00 7.642040e+00 4.238920e+00 -8.372219e+00 -5.096125e+00 -1.476370e+01 -1.372083e+01 -4.423487e+00 -8.287644e+00 -4.357022e+00 -4.508601e+00 7.658002e+01 -6.716246e-01 8.502632e-01 5.413598e-01 8.651006e-01 1.219907e+00 -2.677351e-01 7.472425e-01 5.438389e-01 -6.291437e-01 -5.819966e-01 -4.763648e-01 1.822097e-01 -7.593750e-01 -1.598337e-01 6.370345e-02 -4.018173e-01 5.212915e-02 -1.683449e-02 -7.597334e-02 2.571563e-01 5.834073e-01 2.460293e-01 3.502350e-02 1.720876e-01 1.320379e-01 -6.811332e-02
<VARIANCE> 39
 2.351048e+01 2.315828e+01 5.188010e+01 5.535733e+01 9.395469e+01 5.489560e+01 8.016731e+01 5.370463e+01 6.465331e+01 5.521999e+01 5.671058e+01 5.645606e+01 1.107921e+01 1.482795e+00 1.791002e+00 3.355024e+00 2.584881e+00 4.144483e+00 5.062901e+00 5.366394e+00 7.824865e+00 5.910296e+00 3.962944e+00 4.102534e+00 2.982787e+00 1.324229e+00 2.682866e-01 3.401496e-01 5.716242e-01 4.929805e-01 8.637702e-01 1.003671e+00 9.843682e-01 1.380867e+00 1.141773e+00 7.392017e-01 7.683931e-01 5.517701e-01 3.462719e-01
<GCONST> 1.317848e+02
<STATE> 4
<MEAN> 39
 -4.232629e+00 -1.604080e-01 7.462409e+00 6.375091e+00 -5.412187e+00 -5.913136e+00 -1.225748e+01 -1.093882e+01 -5.222048e+00 -9.216417e+00 -4.730259e+00 -3.344949e+00 7.509525e+01 -1.012301e+00 9.036717e-01 -1.846447e-01 8.916444e-01 1.014730e+00 -1.157836e-01 1.332313e+00 1.509579e+00 -1.343482e-02 -3.990128e-01 6.621036e-02 4.117661e-01 -1.088401e+00 -1.615201e-01 -8.077526e-02 -2.216447e-01 -1.707886e-01 -1.491703e-01 1.675762e-01 1.925139e-01 1.247171e-01 2.556359e-01 2.119169e-01 2.358773e-01 5.368662e-02 -1.541644e-01
<VARIANCE> 39
 3.818814e+01 2.696731e+01 4.896417e+01 5.636333e+01 9.302811e+01 5.492053e+01 7.542332e+01 5.252463e+01 6.111941e+01 4.976262e+01 4.886935e+01 4.616159e+01 1.724912e+01 3.145734e+00 2.873289e+00 3.087672e+00 3.564228e+00 5.344901e+00 5.607634e+00 6.599206e+00 5.750088e+00 5.899668e+00 4.624269e+00 4.599777e+00 2.783601e+00 3.220417e+00 4.850492e-01 5.446978e-01 6.029291e-01 6.514885e-01 1.076655e+00 1.105506e+00 1.143239e+00 1.223326e+00 1.080022e+00 8.274550e-01 7.843711e-01 5.599210e-01 6.090918e-01
<GCONST> 1.374245e+02
<TRANSP> 5
 0.000000e+00 1.000000e+00 0.000000e+00 0.000000e+00 0.000000e+00
 0.000000e+00 6.850375e-01 3.149626e-01 0.000000e+00 0.000000e+00
 0.000000e+00 0.000000e+00 5.428002e-01 4.571998e-01 0.000000e+00
 0.000000e+00 0.000000e+00 0.000000e+00 4.663834e-01 5.336166e-01
 0.000000e+00 0.000000e+00 0.000000e+00 0.000000e+00 0.000000e+00
<ENDHMM>
~h "f_pal"
<BEGINHMM>
<NUMSTATES> 5
<STATE> 2
<MEAN> 39
 -1.972820e+01 -3.793443e-01 -2.427548e+00 4.381972e+00 -6.040835e-01 6.343405e-01 -3.695431e+00 -1.516164e+00 1.117492e-01 -8.569083e-01 -8.304908e-01 -1.073820e+00 7.061562e+01 -2.157159e+00 -7.648960e-01 -6.818184e-01 -1.813098e-01 -8.422482e-02 -8.218801e-02 4.818619e-01 6.292165e-01 8.922743e-01 6.938424e-01 4.187893e-01 4.590234e-01 -4.543110e-01 9.691653e-01 -1.158889e-01 1.472154e-01 -1.412076e-01 -4.188860e-01 -3.987105e-01 -4.597665e-01 -3.551595e-01 -1.614122e-01 -2.759903e-01 -4.514231e-02 -1.189846e-01 4.381464e-01
<VARIANCE> 39
 6.675424e+01 3.001481e+01 3.090221e+01 2.793782e+01 2.587096e+01 2.733427e+01 2.949846e+01 2.756308e+01 2.667348e+01 2.870685e+01 2.891471e+01 2.419264e+01 3.419077e+01 1.115596e+01 3.522896e+00 3.406177e+00 3.555621e+00 3.909320e+00 3.884954e+00 4.365261e+00 3.549556e+00 2.867074e+00 2.976501e+00 3.118381e+00 2.939437e+00 3.807599e+00 1.481408e+00 8.157179e-01 7.876549e-01 7.216529e-01 7.835439e-01 6.871757e-01 7.237347e-01 5.726437e-01 5.826685e-01 5.526098e-01 5.820717e-01 5.229740e-01 5.783090e-01
<GCONST> 1.286031e+02
<STATE> 3
<MEAN> 39
 -2.105888e+01 -2.433576e+00 -3.332627e+00 3.468416e+00 -1.895751e+00 -9.565337e-01 -4.145909e+00 -1.199846e+00 1.598158e+00 -1.294465e-01 -1.890622e-01 -5.193617e-01 7.127618e+01 1.573842e+00 -2.722571e-01 5.365930e-01 1.338021e-01 -5.758348e-01 -9.751393e-01 -9.452991e-01 -4.683683e-01 3.358228e-02 -2.925463e-01 -1.132083e-01 -2.531024e-01 7.233117e-01 1.228390e+00 3.178338e-01 4.853000e-01 2.091070e-01 -1.687975e-01 -2.579226e-01 -4.947059e-01 -4.853356e-01 -3.874768e-01 -4.716793e-01 -1.766686e-01 -2.198661e-01 3.248276e-01
<VARIANCE> 39
 4.848413e+01 2.613546e+01 2.967273e+01 2.703094e+01 2.540951e+01 2.744236e+01 3.219489e+01 2.680995e+01 2.179151e+01 2.368313e+01 2.272173e+01 1.861609e+01 2.676836e+01 1.173330e+01 3.190820e+00 4.300836e+00 3.340738e+00 3.254568e+00 3.228053e+00 4.533448e+00 3.563133e+00 2.994256e+00 3.092353e+00 2.758450e+00 2.748990e+00 2.962656e+00 1.219597e+00 6.838868e-01 7.827677e-01 6.858513e-01 7.144409e-01 6.580250e-01 8.131685e-01 6.442544e-01 6.193798e-01 5.760335e-01 5.457224e-01 5.674465e-01 5.209587e-01
<GCONST> 1.260973e+02
<STATE> 4
<MEAN> 39
 -1.369300e+01 -1.811482e+00 -2.607749e-01 4.720929e+00 -3.041933e+00 -3.809770e+00 -7.566038e+00 -3.420706e+00 5.163811e-01 -2.006947e+00 -1.269815e+00 -1.985451e+00 7.356499e+01 3.829982e+00 5.084748e-01 1.462816e+00 6.888280e-01 -9.848587e-01 -1.470095e+00 -1.883205e+00 -1.702151e+00 -9.061401e-01 -1.465525e+00 -4.545383e-01 -5.915297e-01 1.191866e+00 9.025092e-02 1.368487e-01 -1.770553e-02 -3.332641e-02 -2.022247e-01 1.779138e-02 -4.627948e-02 -3.274686e-01 -1.729825e-01 -2.867883e-01 5.363047e-02 8.764734e-02 4.864857e-03
<VARIANCE> 39
 8.870116e+01 2.405282e+01 3.713740e+01 3.781002e+01 3.862983e+01 3.494303e+01 4.962753e+01 4.003983e+01 2.763513e+01 3.305658e+01 3.119984e+01 2.490226e+01 2.201063e+01 5.522001e+00 3.126577e+00 3.981900e+00 3.346354e+00 4.791260e+00 4.159573e+00 5.787145e+00 4.411345e+00 3.843796e+00 3.968544e+00 3.310499e+00 3.440278e+00 3.070260e+00 1.756444e+00 6.083968e-01 7.976621e-01 6.651751e-01 7.455913e-01 6.979523e-01 9.976565e-01 8.766035e-01 7.639503e-01 6.735563e-01 5.534288e-01 6.068006e-01 4.614361e-01
<GCONST> 1.320222e+02
<TRANSP> 5
 0.000000e+00 1.000000e+00 0.000000e+00 0.000000e+00 0.000000e+00
 0.000000e+00 6.745128e-01 3.254872e-01 0.000000e+00 0.000000e+00
 0.000000e+00 0.000000e+00 5.989775e-01 4.010225e-01 0.000000e+00
 0.000000e+00 0.000000e+00 0.000000e+00 5.203062e-01 4.796938e-01
 0.000000e+00 0.000000e+00 0.000000e+00 0.000000e+00 0.000000e+00
<ENDHMM>
~h "dZ_pal"
<BEGINHMM>
<NUMSTATES> 5
<STATE> 2
<MEAN> 39
 -1.254276e+01 5.132266e-01 1.542775e+01 7.852350e+00 -1.688931e+00 -7.159636e+00 -3.386203e+00 -8.233921e+00 -4.654757e+00 -7.278782e+00 -6.160208e+00 -3.750793e+00 7.517194e+01 -1.109518e+00 -2.523399e-01 7.996083e-01 -1.202122e-02 5.989158e-01 -3.443124e-01 2.506695e-01 2.778883e-01 -3.164326e-02 1.799872e-01 -1.971672e-01 4.254550e-02 3.509508e-01 5.084948e-01 -6.516414e-02 -5.551823e-01 -7.441328e-02 -3.494938e-01 -1.580625e-02 -4.086984e-01 -1.257482e-01 4.982899e-02 -7.007597e-02 1.296967e-01 7.678686e-02 1.254624e-01
<VARIANCE> 39
 8.132144e+01 1.942537e+01 6.745634e+01 8.069662e+01 8.208213e+01 5.759132e+01 8.532217e+01 3.859200e+01 2.977608e+01 5.937161e+01 3.247549e+01 2.518988e+01 2.098005e+01 1.150573e+01 2.808517e+00 7.324536e+00 3.692742e+00 5.708088e+00 5.663036e+00 8.710120e+00 4.374745e+00 3.162149e+00 3.771582e+00 3.822640e+00 2.361206e+00 3.012322e+00 1.979293e+00 5.482950e-01 7.236553e-01 7.461261e-01 8.864228e-01 1.241889e+00 1.396205e+00 7.816194e-01 6.115886e-01 7.003790e-01 7.040605e-01 4.771467e-01 5.316846e-01
<GCONST> 1.381824e+02
<STATE> 3
<MEAN> 39
 -1.211397e+01 -8.170246e-01 1.337567e+01 7.634204e+00 -1.862549e+00 -9.192428e+00 -6.164636e+00 -8.525753e+00 -4.396941e+00 -7.108569e+00 -6.280683e+00 -3.059863e+00 7.717414e+01 1.845222e+00 -2.595969e-01 -1.768808e+00 -1.671213e-01 -1.073534e+00 -3.075141e-01 -1.511251e+00 -5.993139e-01 1.708497e-01 -1.356569e-02 2.718401e-01 1.905083e-01 4.369904e-01 4.225709e-01 5.596168e-02 -4.234785e-01 -1.422840e-01 -3.115329e-01 3.456282e-01 -3.665815e-02 -1.005095e-01 1.026909e-01 -2.356219e-02 1.940681e-01 3.634608e-03 -1.034305e-01
<VARIANCE> 39
 8.049917e+01 1.521743e+01 7.435013e+01 7.913107e+01 9.847063e+01 5.324537e+01 9.299953e+01 3.859263e+01 3.240354e+01 5.015546e+01 3.337744e+01 2.641406e+01 1.470524e+01 1.141758e+01 2.152336e+00 6.102616e+00 3.206897e+00 5.340707e+00 6.433226e+00 7.446723e+00 4.776348e+00 3.351275e+00 3.774896e+00 4.235065e+00 2.454381e+00 1.399830e+00 2.024029e+00 3.936422e-01 7.774057e-01 5.715886e-01 8.361528e-01 1.301294e+00 1.463527e+00 8.125758e-01 6.330675e-01 6.416777e-01 6.696934e-01 4.679683e-01 2.745906e-01
<GCONST> 1.354466e+02
<STATE> 4
<MEAN> 39
 -4.610446e+00 -1.322117e+00 6.117675e+00 6.704023e+00 -6.007923e+00 -8.994837e+00 -1.062859e+01 -1.109585e+01 -3.525789e+00 -6.808346e+00 -5.033872e+00 -2.375591e+00 7.799187e+01 1.993100e+00 1.604470e-02 -2.255392e+00 -8.266582e-01 -1.583457e+00 1.188246e+00 -6.940469e-01 -5.875010e-01 4.148836e-01 -7.507734e-02 8.207952e-01 2.500962e-01 4.116102e-02 -5.513198e-01 1.271590e-01 3.158668e-01 -1.953740e-01 2.455715e-01 4.129406e-01 6.053789e-01 2.859235e-01 -3.341341e-02 -6.953856e-02 3.486961e-02 2.738794e-02 -1.646218e-01
<VARIANCE> 39
 4.924682e+01 1.871235e+01 7.369264e+01 6.162877e+01 1.194186e+02 6.301327e+01 1.126611e+02 5.157970e+01 4.381399e+01 4.253180e+01 5.851900e+01 4.180634e+01 1.537104e+01 4.867949e+00 2.002620e+00 3.854492e+00 3.679388e+00 5.080866e+00 5.919334e+00 6.252047e+00 5.060956e+00 3.920661e+00 4.029467e+00 4.753826e+00 3.263777e+00 9.160879e-01 9.778959e-01 2.808454e-01 6.312817e-01 4.387541e-01 9.538057e-01 9.932345e-01 1.071409e+00 8.774732e-01 7.038864e-01 6.381583e-01 7.590538e-01 4.869047e-01 1.497219e-01
<GCONST> 1.333976e+02
<TRANSP> 5
 0.000000e+00 1.000000e+00 0.000000e+00 0.000000e+00 0.000000e+00
 0.000000e+00 8.117390e-01 1.882609e-01 0.000000e+00 0.000000e+00
 0.000000e+00 0.000000e+00 6.957535e-01 3.042465e-01 0.000000e+00
 0.000000e+00 0.000000e+00 0.000000e+00 5.595415e-01 4.404585e-01
 0.000000e+00 0.000000e+00 0.000000e+00 0.000000e+00 0.000000e+00
<ENDHMM>
~h "s_pal"
<BEGINHMM>
<NUMSTATES> 5
<STATE> 2
<MEAN> 39
 -2.377069e+01 6.732880e+00 6.136969e-01 -7.842945e-01 2.610662e+00 -3.118827e+00 -5.450789e+00 -1.927969e+00 -2.971740e-01 -4.078096e+00 -1.688175e+00 -1.410766e+00 7.663522e+01 -3.945196e+00 5.257494e-01 -7.394143e-01 -8.738434e-01 1.136310e+00 6.547569e-01 1.436518e+00 1.468226e+00 9.172729e-01 7.285996e-01 3.290422e-01 6.541228e-01 -2.946932e-01 5.933437e-01 -3.919159e-01 -2.063790e-01 2.769859e-03 -5.976446e-01 -1.195288e-01 -1.579340e-01 -2.261106e-01 -8.884574e-02 -9.362492e-02 1.262585e-01 3.725257e-02 -5.075908e-02
<VARIANCE> 39
 1.310696e+02 2.419621e+01 5.989695e+01 4.293702e+01 3.379239e+01 5.052246e+01 5.312909e+01 4.579840e+01 4.693307e+01 3.566369e+01 2.981728e+01 2.906946e+01 1.177351e+01 1.154290e+01 3.834461e+00 6.025823e+00 4.196703e+00 6.258707e+00 5.261519e+00 6.498857e+00 4.805997e+00 4.084155e+00 3.346330e+00 3.571976e+00 2.950366e+00 1.463254e+00 2.015612e+00 5.649807e-01 1.171387e+00 7.432126e-01 8.407136e-01 9.184150e-01 1.044915e+00 8.620912e-01 7.842724e-01 6.424522e-01 6.599411e-01 4.836579e-01 2.024634e-01
<GCONST> 1.349953e+02
<STATE> 3
<MEAN> 39
 -3.013259e+01 5.617915e+00 -2.019077e+00 -2.769620e+00 2.231262e+00 -2.749281e+00 -2.989198e+00 5.207953e-01 1.189596e+00 -2.621598e+00 -2.099532e-01 4.408222e-01 7.547946e+01 7.719979e-01 -4.422287e-01 1.846027e-01 2.106307e-01 -5.330123e-01 -4.109699e-01 -2.859637e-01 -2.117972e-01 -2.574193e-01 -1.134788e-01 -8.950228e-03 5.109552e-02 -2.617140e-01 1.285390e+00 -1.072077e-01 3.891957e-01 3.838404e-01 -3.007316e-01 -2.190109e-01 -4.694430e-01 -4.915079e-01 -2.840532e-01 -2.792497e-01 -1.371448e-01 -2.069876e-01 1.916323e-02
<VARIANCE> 39
 5.730334e+01 2.293211e+01 6.034958e+01 4.568294e+01 2.887360e+01 3.609008e+01 3.259815e+01 3.094364e+01 3.791713e+01 2.715806e+01 1.957185e+01 1.738133e+01 1.222880e+01 1.695531e+01 2.269365e+00 6.228091e+00 4.960133e+00 3.418547e+00 3.658266e+00 5.031083e+00 4.330131e+00 3.462713e+00 3.233150e+00 2.562074e+00 2.546623e+00 1.510450e+00 1.073601e+00 4.945849e-01 1.027776e+00 7.589970e-01 6.616043e-01 6.868033e-01 7.428235e-01 6.401900e-01 5.886825e-01 5.535397e-01 4.985018e-01 4.426904e-01 2.842829e-01
<GCONST> 1.270037e+02
<STATE> 4
<MEAN> 39
 -2.094333e+01 4.201359e+00 1.385908e+00 2.306087e-01 -1.256857e-01 -5.229580e+00 -6.350285e+00 -2.569583e+00 -1.335069e+00 -4.472624e+00 -1.362904e+00 -6.036479e-01 7.492429e+01 4.224497e+00 -5.044929e-01 1.126343e+00 1.377056e+00 -1.218563e+00 -9.486418e-01 -1.536453e+00 -1.715869e+00 -8.958825e-01 -9.515885e-01 -3.590547e-01 -5.522650e-01 -1.473230e-01 1.399431e-01 -9.012418e-02 -1.604900e-01 4.127100e-04 -2.002485e-01 7.140938e-02 1.710721e-02 -1.364404e-01 1.161963e-01 -3.742959e-02 7.786939e-02 -6.963122e-03 3.065441e-02
<VARIANCE> 39
 1.401236e+02 2.167947e+01 7.115425e+01 4.616074e+01 4.819171e+01 5.192555e+01 5.223938e+01 4.793908e+01 4.842547e+01 4.291238e+01 2.451227e+01 2.522328e+01 1.897059e+01 8.575607e+00 2.696076e+00 5.686545e+00 4.567243e+00 4.661926e+00 4.823403e+00 5.657813e+00 4.767626e+00 4.194106e+00 4.120529e+00 2.978412e+00 3.262970e+00 3.322677e+00 2.137342e+00 4.911938e-01 1.126884e+00 8.531973e-01 7.251306e-01 8.799331e-01 1.023726e+00 9.095641e-01 7.782245e-01 7.494234e-01 5.270702e-01 5.247748e-01 4.343986e-01
<GCONST> 1.364133e+02
<TRANSP> 5
 0.000000e+00 1.000000e+00 0.000000e+00 0.000000e+00 0.000000e+00
 0.000000e+00 7.768216e-01 2.231785e-01 0.000000e+00 0.000000e+00
 0.000000e+00 0.000000e+00 7.361153e-01 2.638847e-01 0.000000e+00
 0.000000e+00 0.000000e+00 0.000000e+00 6.646629e-01 3.353370e-01
 0.000000e+00 0.000000e+00 0.000000e+00 0.000000e+00 0.000000e+00
<ENDHMM>
~h "v_pal"
<BEGINHMM>
<NUMSTATES> 5
<STATE> 2
<MEAN> 39
 -3.077557e+00 1.226015e+00 2.657483e+00 8.488018e+00 -5.580608e+00 -6.018427e+00 -1.121827e+01 -1.153186e+01 -2.885334e+00 -7.708369e+00 -3.201549e+00 -3.012490e+00 7.416416e+01 5.026890e-01 -1.238955e-01 1.241924e-01 6.412239e-01 -3.755684e-01 -5.059015e-01 -5.030769e-01 -4.888020e-01 1.330242e-01 -3.071319e-01 -2.022756e-01 -8.781753e-02 4.914820e-01 -2.322599e-01 -1.516700e-01 3.496371e-03 -2.327244e-01 -1.609632e-01 -7.063374e-02 1.608657e-01 1.088213e-01 8.832340e-02 1.607261e-02 6.622593e-02 9.112111e-02 1.356482e-01
<VARIANCE> 39
 2.414579e+01 2.833077e+01 3.634114e+01 5.027468e+01 8.928322e+01 5.292559e+01 6.562125e+01 4.420883e+01 4.491082e+01 4.966563e+01 5.261103e+01 3.481664e+01 4.978544e+01 3.020824e+00 2.627183e+00 2.284334e+00 2.662419e+00 5.580056e+00 3.991637e+00 3.682731e+00 3.389211e+00 3.483866e+00 3.061762e+00 2.699480e+00 1.926075e+00 4.090324e+00 5.157537e-01 5.111026e-01 3.440010e-01 3.987269e-01 9.929314e-01 7.074952e-01 6.571267e-01 6.074528e-01 6.570669e-01 5.273817e-01 4.493723e-01 3.521929e-01 5.801389e-01
<GCONST> 1.281695e+02
<STATE> 3
<MEAN> 39
 -2.924948e+00 5.412576e-01 3.095005e+00 9.320063e+00 -6.880097e+00 -7.571528e+00 -1.171475e+01 -1.241202e+01 -2.486950e+00 -8.507748e+00 -3.651828e+00 -2.990907e+00 7.573235e+01 7.532743e-02 -3.617082e-01 1.455773e-01 6.130496e-02 -6.995971e-01 -6.401040e-01 -1.308129e-01 -2.497130e-01 2.556301e-01 -2.135798e-01 -7.051267e-04 8.283840e-02 6.663319e-01 -1.606749e-01 -2.804531e-02 1.290080e-02 -2.252745e-01 -7.369869e-02 4.299077e-03 1.610528e-01 1.296227e-01 -2.643718e-03 4.026365e-02 6.570215e-02 5.399041e-02 5.012815e-02
<VARIANCE> 39
 1.982709e+01 2.448302e+01 3.824375e+01 5.232231e+01 9.188308e+01 5.294714e+01 6.965378e+01 4.262226e+01 4.676380e+01 5.329506e+01 5.676728e+01 3.569855e+01 2.761132e+01 1.769046e+00 2.075657e+00 1.915262e+00 2.193470e+00 5.126275e+00 3.682122e+00 3.233630e+00 2.978882e+00 3.236564e+00 2.621835e+00 2.345108e+00 1.758506e+00 2.979436e+00 3.818540e-01 4.340242e-01 3.180645e-01 3.361472e-01 9.766527e-01 6.788890e-01 6.178796e-01 5.557978e-01 6.325996e-01 4.876921e-01 4.211116e-01 3.264643e-01 4.999575e-01
<GCONST> 1.239223e+02
<STATE> 4
<MEAN> 39
 -3.180893e+00 -2.467733e-01 3.465533e+00 8.714316e+00 -8.810987e+00 -9.259626e+00 -1.160201e+01 -1.274111e+01 -2.012094e+00 -8.926558e+00 -3.489173e+00 -2.685574e+00 7.732951e+01 -6.866921e-02 -2.606060e-01 9.545005e-02 -3.879859e-01 -7.056842e-01 -4.718895e-01 1.105015e-01 3.559277e-02 1.450869e-01 -7.045998e-02 1.764623e-01 1.272457e-01 6.156621e-01 -1.055808e-01 1.206536e-01 -1.037443e-03 -1.350418e-01 1.619908e-01 1.875378e-01 1.430348e-01 1.564493e-01 -9.866272e-02 5.032886e-02 2.909701e-02 -3.853243e-03 -1.190173e-01
<VARIANCE> 39
 1.861241e+01 2.190521e+01 4.465486e+01 5.595696e+01 9.340915e+01 5.787893e+01 7.842087e+01 4.721371e+01 5.161339e+01 5.588887e+01 5.992700e+01 4.143363e+01 2.198480e+01 1.310897e+00 1.799380e+00 1.984000e+00 1.984844e+00 4.743046e+00 3.246054e+00 3.047366e+00 2.970687e+00 3.255725e+00 2.647419e+00 2.258479e+00 1.756163e+00 2.221194e+00 3.064585e-01 3.786432e-01 3.218596e-01 3.284362e-01 9.471708e-01 6.296836e-01 6.163763e-01 5.473748e-01 6.247448e-01 4.806950e-01 4.288253e-01 3.260966e-01 4.196101e-01
<GCONST> 1.226511e+02
<TRANSP> 5
 0.000000e+00 1.000000e+00 0.000000e+00 0.000000e+00 0.000000e+00
 0.000000e+00 5.215424e-01 4.784575e-01 0.000000e+00 0.000000e+00
 0.000000e+00 0.000000e+00 5.432643e-01 4.567357e-01 0.000000e+00
 0.000000e+00 0.000000e+00 0.000000e+00 5.478144e-01 4.521856e-01
 0.000000e+00 0.000000e+00 0.000000e+00 0.000000e+00 0.000000e+00
<ENDHMM>
~h "R_pal"
<BEGINHMM>
<NUMSTATES> 5
<STATE> 2
<MEAN> 39
 -2.613483e+00 -3.881926e+00 6.844641e-01 6.817227e+00 -1.116801e+01 -7.623346e+00 -1.432586e+01 -1.008488e+01 -4.629203e-01 -5.653012e+00 -1.621583e+00 -3.207228e+00 7.956487e+01 -2.848455e-01 1.624509e-01 1.021323e+00 1.242868e+00 4.363549e-01 7.002050e-02 -2.009006e-01 1.699770e-01 -6.582440e-01 -2.819127e-01 -5.125700e-01 -6.501989e-02 -7.191692e-01 -1.533985e-01 2.341303e-01 1.693951e-01 -1.860516e-01 2.170244e-01 9.707603e-02 1.543231e-01 1.564122e-01 -1.679065e-01 -2.104014e-01 -7.997253e-02 1.896819e-02 -1.492360e-01
<VARIANCE> 39
 1.980552e+01 1.677097e+01 5.088619e+01 5.638917e+01 6.966406e+01 4.892414e+01 7.058470e+01 6.394559e+01 6.683031e+01 4.534830e+01 4.838713e+01 3.354599e+01 1.967104e+01 1.252476e+00 1.487419e+00 2.864473e+00 3.152511e+00 5.181722e+00 3.531521e+00 3.610712e+00 3.822837e+00 4.134871e+00 4.157908e+00 3.939059e+00 2.569394e+00 1.679607e+00 2.716834e-01 2.396187e-01 5.160366e-01 5.278978e-01 9.893573e-01 6.875921e-01 7.881289e-01 6.982225e-01 8.285168e-01 8.028045e-01 6.966884e-01 4.455312e-01 3.815604e-01
<GCONST> 1.268575e+02
<STATE> 3
<MEAN> 39
 -3.317566e+00 -3.203000e+00 2.822616e+00 8.609900e+00 -1.020410e+01 -7.351171e+00 -1.460357e+01 -9.486521e+00 -2.363455e+00 -6.832776e+00 -2.816884e+00 -3.332951e+00 7.812997e+01 -6.107413e-01 6.486419e-01 1.170711e+00 7.055455e-01 7.862961e-01 1.365626e-01 1.901560e-01 4.547551e-01 -8.161021e-01 -6.218480e-01 -5.697785e-01 1.583072e-02 -8.623893e-01 -3.010799e-01 2.392351e-01 6.547730e-03 -3.247194e-01 2.594887e-01 5.617693e-02 4.004078e-01 1.494453e-01 8.953618e-02 -1.310110e-02 4.621419e-02 8.141576e-02 -1.656958e-01
<VARIANCE> 39
 2.504812e+01 1.624607e+01 5.158513e+01 5.921774e+01 7.646213e+01 4.625972e+01 7.568950e+01 5.681626e+01 6.426220e+01 4.813618e+01 4.428694e+01 3.312307e+01 1.697267e+01 2.089818e+00 1.777091e+00 3.203974e+00 3.042242e+00 6.014847e+00 3.325114e+00 4.486542e+00 3.725609e+00 4.012337e+00 4.164342e+00 3.828543e+00 2.308780e+00 2.076926e+00 4.285373e-01 3.234761e-01 5.917960e-01 5.651438e-01 1.203542e+00 7.127210e-01 9.887427e-01 6.786407e-01 8.675556e-01 9.033350e-01 7.571843e-01 4.619576e-01 5.295557e-01
<GCONST> 1.299809e+02
<STATE> 4
<MEAN> 39
 -4.663329e+00 -1.473633e+00 4.818834e+00 9.205919e+00 -8.391553e+00 -7.208218e+00 -1.359371e+01 -8.512270e+00 -4.033433e+00 -8.046054e+00 -3.843053e+00 -3.142329e+00 7.644540e+01 -1.319671e+00 1.082775e+00 1.097763e+00 1.171003e-01 1.497394e+00 2.877778e-01 1.238059e+00 6.938882e-01 -4.524798e-01 -3.328540e-01 -3.645099e-01 2.007951e-01 -1.342400e+00 -4.640454e-01 2.228518e-03 -1.909810e-01 -3.627414e-01 2.368972e-01 1.545149e-01 5.074049e-01 1.322028e-01 3.078887e-01 2.734758e-01 2.229980e-01 1.087222e-01 -2.078938e-01
<VARIANCE> 39
 3.694780e+01 2.204875e+01 5.315760e+01 5.935072e+01 8.169586e+01 4.390251e+01 7.221655e+01 5.220122e+01 6.056147e+01 5.058165e+01 4.247996e+01 3.631039e+01 2.383043e+01 4.017499e+00 2.528309e+00 3.536829e+00 3.180243e+00 6.949440e+00 3.718963e+00 5.965395e+00 4.058781e+00 4.353424e+00 4.374335e+00 3.714414e+00 2.295117e+00 4.344701e+00 6.157103e-01 5.481162e-01 6.443105e-01 5.628394e-01 1.331185e+00 7.087564e-01 9.811120e-01 6.924331e-01 8.320648e-01 8.526589e-01 7.738915e-01 4.923538e-01 7.350866e-01
<GCONST> 1.349706e+02
<TRANSP> 5
 0.000000e+00 1.000000e+00 0.000000e+00 0.000000e+00 0.000000e+00
 0.000000e+00 4.446819e-01 5.553181e-01 0.000000e+00 0.000000e+00
 0.000000e+00 0.000000e+00 4.236997e-01 5.763002e-01 0.000000e+00
 0.000000e+00 0.000000e+00 0.000000e+00 4.016902e-01 5.983098e-01
 0.000000e+00 0.000000e+00 0.000000e+00 0.000000e+00 0.000000e+00
<ENDHMM>
~h "l_pal"
<BEGINHMM>
<NUMSTATES> 5
<STATE> 2
<MEAN> 39
 -2.054299e+00 -3.051652e+00 4.637353e+00 5.835940e+00 -1.230302e+01 -4.272635e+00 -1.467864e+01 -1.366828e+01 -2.211206e+00 -7.664455e+00 -1.961747e+00 -4.832676e+00 7.778539e+01 1.626554e-01 1.634068e-01 1.105545e+00 6.928269e-01 -1.550290e-01 1.566851e-01 -2.924699e-01 -9.792558e-01 -3.168035e-01 -2.884084e-01 -2.875571e-01 -1.997465e-01 -3.248544e-01 -1.239095e-01 7.033283e-02 -1.897054e-01 -1.601364e-01 6.269823e-02 -1.336305e-02 2.156893e-01 2.476438e-01 5.842830e-03 -2.250065e-02 1.572081e-02 1.414006e-01 -9.845276e-03
<VARIANCE> 39
 1.919712e+01 2.050387e+01 6.639613e+01 5.361515e+01 1.013501e+02 5.068726e+01 7.159589e+01 6.847599e+01 6.859773e+01 5.067397e+01 5.049744e+01 6.136069e+01 2.344725e+01 1.153121e+00 1.828880e+00 5.263894e+00 2.890407e+00 5.146682e+00 4.005183e+00 4.303708e+00 7.747562e+00 5.886220e+00 3.138016e+00 3.466005e+00 3.519821e+00 2.319291e+00 1.847654e-01 3.237545e-01 9.352102e-01 4.521453e-01 9.630825e-01 7.824631e-01 8.046862e-01 1.583918e+00 1.227990e+00 5.874470e-01 6.792133e-01 6.861759e-01 3.705234e-01
<GCONST> 1.326787e+02
<STATE> 3
<MEAN> 39
 -1.996122e+00 -2.314937e+00 6.315577e+00 7.210857e+00 -1.211403e+01 -4.406286e+00 -1.414227e+01 -1.495577e+01 -3.096858e+00 -8.399245e+00 -2.615301e+00 -4.250868e+00 7.707321e+01 -6.387330e-02 1.568898e-01 -7.489120e-02 1.678332e-01 -2.325417e-01 -3.153351e-01 3.176037e-02 2.594375e-01 7.043728e-02 -2.837756e-01 -3.627517e-02 3.567678e-01 7.273435e-02 -8.303063e-02 4.505937e-02 -3.458781e-01 -1.802528e-01 2.199129e-02 -1.145258e-01 1.331457e-01 3.935717e-01 9.002328e-02 -6.003712e-03 8.632534e-02 1.508698e-01 8.260620e-02
<VARIANCE> 39
 1.825007e+01 1.922767e+01 6.560430e+01 5.727522e+01 9.912819e+01 4.985160e+01 7.247274e+01 6.236212e+01 6.635656e+01 4.964579e+01 4.915053e+01 6.086016e+01 1.628222e+01 8.246781e-01 1.538260e+00 5.162495e+00 2.799818e+00 4.989105e+00 4.012798e+00 4.020566e+00 7.901778e+00 6.100731e+00 2.951311e+00 3.616247e+00 3.455376e+00 1.867663e+00 1.513440e-01 2.970575e-01 8.725177e-01 4.826013e-01 9.949972e-01 7.947146e-01 8.161569e-01 1.522532e+00 1.219938e+00 5.578150e-01 6.900004e-01 7.025901e-01 3.568831e-01
<GCONST> 1.308654e+02
<STATE> 4
<MEAN> 39
 -2.058731e+00 -1.741029e+00 4.818485e+00 7.294534e+00 -1.212022e+01 -5.759978e+00 -1.321864e+01 -1.314919e+01 -2.821732e+00 -8.896397e+00 -2.427725e+00 -2.315608e+00 7.753046e+01 -1.827363e-01 3.718289e-01 -5.778786e-01 -2.184588e-01 1.535986e-02 -4.240611e-01 4.205888e-01 9.203842e-01 3.714359e-02 -3.046066e-01 1.074135e-01 5.377313e-01 6.203754e-02 -7.684314e-02 1.241350e-01 -2.392158e-03 -1.212171e-01 2.547096e-01 1.250618e-01 2.144958e-01 9.710057e-02 -9.684741e-02 3.013657e-02 -2.695247e-03 -5.426504e-02 -1.737864e-01
<VARIANCE> 39
 1.957610e+01 2.111947e+01 6.464156e+01 5.817393e+01 9.540024e+01 5.356259e+01 7.533430e+01 6.908326e+01 7.271368e+01 5.053114e+01 5.280343e+01 5.872314e+01 1.797041e+01 1.008698e+00 1.715690e+00 3.500792e+00 3.288446e+00 5.230761e+00 3.893671e+00 4.040425e+00 5.729048e+00 5.378111e+00 3.089534e+00 3.720131e+00 3.052241e+00 1.920809e+00 1.752911e-01 2.791593e-01 6.845235e-01 4.780055e-01 9.876934e-01 7.337765e-01 7.510687e-01 1.233819e+00 1.064773e+00 5.781515e-01 6.829370e-01 6.204005e-01 3.650194e-01
<GCONST> 1.303237e+02
<TRANSP> 5
 0.000000e+00 1.000000e+00 0.000000e+00 0.000000e+00 0.000000e+00
 0.000000e+00 6.894963e-01 3.105037e-01 0.000000e+00 0.000000e+00
 0.000000e+00 0.000000e+00 6.541151e-01 3.458848e-01 0.000000e+00
 0.000000e+00 0.000000e+00 0.000000e+00 5.735339e-01 4.264661e-01
 0.000000e+00 0.000000e+00 0.000000e+00 0.000000e+00 0.000000e+00
<ENDHMM>
~h "dz_pal"
<BEGINHMM>
<NUMSTATES> 5
<STATE> 2
<MEAN> 39
 -3.399250e+00 1.117409e+00 -1.916432e-02 2.611932e+00 -4.641496e+00 -5.184777e+00 -1.422599e+01 -8.484111e+00 -3.544573e+00 -3.479032e+00 -2.263852e+00 -6.796257e+00 7.722301e+01 -1.650717e+00 3.135103e+00 8.862679e-01 1.400483e+00 2.213741e+00 -1.792862e-01 5.705931e-01 4.713204e-02 -8.853356e-01 -3.508689e-01 -5.811350e-01 -1.651163e-01 -1.588555e+00 -5.202344e-01 4.806284e-01 -8.823076e-02 8.743247e-02 2.141438e-01 2.199131e-01 5.614892e-01 1.104831e-01 -1.464611e-01 -8.706335e-02 -6.014097e-02 1.019939e-01 -1.444028e-01
<VARIANCE> 39
 2.797359e+01 6.269450e+01 4.766977e+01 7.297605e+01 5.213165e+01 7.611452e+01 5.786076e+01 4.248535e+01 4.025195e+01 4.390431e+01 5.067757e+01 8.037624e+01 4.167205e+01 3.435256e+00 3.717225e+00 2.162615e+00 3.923884e+00 4.101438e+00 4.030543e+00 4.827899e+00 4.764864e+00 2.944608e+00 3.628212e+00 3.159643e+00 1.927829e+00 3.152026e+00 6.702628e-01 7.547255e-01 3.322935e-01 5.721791e-01 6.367865e-01 5.870248e-01 8.350841e-01 9.009295e-01 5.696191e-01 5.943890e-01 5.676138e-01 3.741424e-01 7.680938e-01
<GCONST> 1.323572e+02
<STATE> 3
<MEAN> 39
 -1.043526e+01 1.111411e+01 2.180996e+00 6.295691e+00 2.384007e+00 -4.027794e+00 -1.010220e+01 -7.744272e+00 -5.736654e+00 -4.883283e+00 -3.997080e+00 -6.290300e+00 7.315079e+01 -2.584289e+00 2.503906e+00 6.516910e-01 7.116435e-01 1.961844e+00 1.515693e-01 1.071600e+00 5.975980e-01 -3.593049e-01 -4.175768e-01 -5.619456e-01 1.189580e-01 -8.006016e-01 5.297191e-02 -6.597682e-01 -1.193277e-01 -2.772088e-01 -3.161468e-01 -6.032837e-02 -3.704601e-02 9.340390e-02 2.961039e-01 -1.071583e-02 1.134754e-01 1.746665e-01 3.942333e-01
<VARIANCE> 39
 5.695367e+01 5.764259e+01 5.103048e+01 4.746447e+01 4.782685e+01 4.990604e+01 3.404523e+01 3.191351e+01 3.141691e+01 4.066267e+01 4.622495e+01 5.324977e+01 3.498299e+01 7.090192e+00 7.404082e+00 2.720953e+00 4.160502e+00 3.334999e+00 3.734088e+00 4.505759e+00 3.772116e+00 3.137302e+00 2.895676e+00 2.598829e+00 2.030288e+00 4.306788e+00 1.392090e+00 1.003445e+00 4.624290e-01 6.962736e-01 5.033181e-01 6.269746e-01 8.345239e-01 8.285326e-01 5.117508e-01 6.052180e-01 5.041253e-01 3.356144e-01 7.960405e-01
<GCONST> 1.324246e+02
<STATE> 4
<MEAN> 39
 -1.644278e+01 1.194903e+01 4.802159e+00 6.274560e+00 6.216498e+00 -5.068276e+00 -7.873035e+00 -6.126034e+00 -4.334780e+00 -6.034521e+00 -4.043213e+00 -3.675529e+00 7.420642e+01 5.736635e-01 -1.102528e+00 4.938857e-01 -8.254664e-02 -5.206125e-01 -8.953710e-01 -1.794058e-01 -6.667653e-02 3.529896e-01 -4.057433e-01 2.147810e-01 5.865895e-01 4.003868e-01 6.467257e-01 -4.987482e-01 -5.707620e-02 7.256821e-03 -5.846352e-01 -1.119482e-01 -1.527115e-01 -1.088612e-01 8.070745e-02 5.618332e-02 1.528374e-01 -3.526545e-02 6.316699e-02
<VARIANCE> 39
 7.025425e+01 4.445775e+01 4.642736e+01 3.739074e+01 5.293752e+01 5.576692e+01 4.279909e+01 2.912399e+01 3.217771e+01 3.501427e+01 3.076608e+01 3.676601e+01 2.857207e+01 1.354071e+01 6.841310e+00 3.122081e+00 3.320913e+00 6.142617e+00 5.002252e+00 5.608542e+00 3.991425e+00 2.978445e+00 3.026551e+00 2.877077e+00 2.035641e+00 4.509118e+00 1.889530e+00 1.085508e+00 6.105697e-01 7.112061e-01 6.705235e-01 8.452415e-01 1.052844e+00 7.968042e-01 5.308150e-01 6.307299e-01 4.999098e-01 3.855140e-01 7.974895e-01
<GCONST> 1.347592e+02
<TRANSP> 5
 0.000000e+00 1.000000e+00 0.000000e+00 0.000000e+00 0.000000e+00
 0.000000e+00 5.584341e-01 4.415660e-01 0.000000e+00 0.000000e+00
 0.000000e+00 0.000000e+00 6.286089e-01 3.713911e-01 0.000000e+00
 0.000000e+00 0.000000e+00 0.000000e+00 8.413621e-01 1.586379e-01
 0.000000e+00 0.000000e+00 0.000000e+00 0.000000e+00 0.000000e+00
<ENDHMM>
~h "b_pal"
<BEGINHMM>
<NUMSTATES> 5
<STATE> 2
<MEAN> 39
 2.023337e+00 5.890182e+00 5.516944e+00 8.252010e+00 -7.623310e-01 -1.592612e+00 -7.538257e+00 -9.108479e+00 -5.422329e+00 -7.163654e+00 -3.546524e+00 -2.687636e+00 6.359011e+01 7.192281e-01 1.222199e+00 6.036238e-01 6.138100e-01 1.447193e+00 3.214861e-01 1.435061e-01 1.954430e-02 -5.797501e-01 1.301528e-01 -3.946454e-01 -2.194396e-01 -9.948761e-01 -5.500045e-01 -4.945233e-01 -2.511518e-01 -2.585439e-01 -5.320107e-01 -3.828993e-01 -2.407934e-01 -1.469026e-01 2.650827e-01 9.252606e-02 1.057850e-01 1.672236e-02 9.426998e-01
<VARIANCE> 39
 2.922771e+01 4.355965e+01 2.934078e+01 3.032767e+01 5.936537e+01 4.380961e+01 6.088000e+01 3.512014e+01 4.259557e+01 3.720445e+01 4.788219e+01 4.345435e+01 7.013990e+01 4.327937e+00 4.972180e+00 3.228181e+00 2.998699e+00 6.270762e+00 4.738531e+00 5.325046e+00 4.471026e+00 3.989411e+00 3.986773e+00 3.221263e+00 2.266792e+00 1.174893e+01 5.208773e-01 9.935726e-01 5.586995e-01 4.756180e-01 1.155694e+00 8.262252e-01 9.593654e-01 8.324473e-01 7.642762e-01 6.913038e-01 6.199679e-01 4.157616e-01 1.752225e+00
<GCONST> 1.358392e+02
<STATE> 3
<MEAN> 39
 1.444980e+00 6.197646e+00 5.653443e+00 8.583311e+00 2.624102e-01 -2.221587e+00 -8.506562e+00 -9.686434e+00 -5.634397e+00 -6.603428e+00 -3.980868e+00 -3.232995e+00 6.543945e+01 -7.506027e-01 -1.021751e+00 -4.394330e-01 -7.051416e-02 -6.917618e-01 -9.652063e-01 -7.743276e-01 -4.234597e-01 5.270320e-01 3.187085e-01 6.842688e-02 -2.533657e-02 2.066950e+00 -3.133165e-01 -7.084591e-01 -2.904642e-01 -2.290224e-01 -9.363319e-01 -4.790975e-01 -2.868921e-01 -1.526725e-01 3.962056e-01 -5.427057e-02 2.212252e-01 1.147201e-01 9.852216e-01
<VARIANCE> 39
 2.422290e+01 4.222298e+01 2.584453e+01 2.491339e+01 5.062846e+01 4.181850e+01 5.419676e+01 3.254850e+01 4.163821e+01 3.866318e+01 4.553618e+01 4.331378e+01 6.706007e+01 3.297359e+00 6.972997e+00 2.998117e+00 2.792844e+00 8.742249e+00 5.298045e+00 5.545050e+00 4.668687e+00 4.589318e+00 3.806620e+00 3.623731e+00 2.442915e+00 1.116252e+01 6.531866e-01 1.187548e+00 6.034738e-01 5.105074e-01 1.317415e+00 9.935612e-01 1.134629e+00 9.547539e-01 9.018987e-01 8.397090e-01 7.010627e-01 5.028858e-01 2.021068e+00
<GCONST> 1.374888e+02
<STATE> 4
<MEAN> 39
 -1.144044e+00 7.442929e-01 3.343187e+00 7.570657e+00 -5.207801e+00 -6.484583e+00 -1.178455e+01 -1.132536e+01 -2.788499e+00 -6.074407e+00 -2.891987e+00 -2.839647e+00 7.425267e+01 -7.012277e-01 -1.825210e+00 -7.257866e-01 -4.722892e-01 -2.581644e+00 -1.664340e+00 -9.458367e-01 -5.237597e-01 1.120968e+00 -5.991397e-02 6.006594e-01 2.621113e-01 3.073109e+00 1.386327e-01 2.634411e-01 1.256155e-01 -8.621722e-02 -8.034495e-02 1.788888e-01 2.928497e-01 1.340969e-01 -7.572603e-02 -1.601202e-01 6.600301e-02 1.966646e-02 -3.623509e-01
<VARIANCE> 39
 1.806615e+01 3.764977e+01 3.471012e+01 3.802037e+01 9.090496e+01 5.605632e+01 7.222256e+01 4.603376e+01 4.910710e+01 4.585865e+01 5.087347e+01 3.812640e+01 6.338412e+01 2.070737e+00 4.561337e+00 3.052433e+00 2.991057e+00 7.565482e+00 4.750212e+00 5.136889e+00 5.400508e+00 4.841424e+00 4.432230e+00 3.832006e+00 2.831823e+00 6.240403e+00 4.240366e-01 1.178493e+00 5.214663e-01 4.630948e-01 1.789492e+00 1.037279e+00 1.075002e+00 8.930804e-01 9.002743e-01 7.396287e-01 6.813312e-01 5.145446e-01 1.720642e+00
<GCONST> 1.376633e+02
<TRANSP> 5
 0.000000e+00 1.000000e+00 0.000000e+00 0.000000e+00 0.000000e+00
 0.000000e+00 5.885272e-01 4.114729e-01 0.000000e+00 0.000000e+00
 0.000000e+00 0.000000e+00 5.998291e-01 4.001708e-01 0.000000e+00
 0.000000e+00 0.000000e+00 0.000000e+00 5.904495e-01 4.095505e-01
 0.000000e+00 0.000000e+00 0.000000e+00 0.000000e+00 0.000000e+00
<ENDHMM>
~h "r_pal"
<BEGINHMM>
<NUMSTATES> 5
<STATE> 2
<MEAN> 39
 -3.150608e+00 -2.126223e+00 2.785385e+00 8.822633e+00 -1.108447e+01 -8.208995e+00 -1.352170e+01 -1.009569e+01 -1.185385e+00 -7.521640e+00 -1.954467e+00 -2.754201e+00 7.818559e+01 3.208307e-01 -3.800710e-01 7.054536e-01 1.331810e+00 -9.352595e-01 -2.004879e-01 -4.878164e-01 5.996402e-02 -8.234602e-02 -4.646476e-01 -2.516351e-01 -7.656012e-02 -2.472058e-03 -1.496438e-01 8.397967e-02 -3.574527e-02 -2.775285e-01 1.049684e-01 2.549808e-01 1.751334e-01 1.726303e-01 -9.739579e-02 -4.917757e-02 3.336248e-02 9.390122e-02 -1.931748e-01
<VARIANCE> 39
 1.711300e+01 1.611987e+01 4.739447e+01 5.430484e+01 8.651302e+01 5.115782e+01 7.535738e+01 5.583014e+01 5.872294e+01 4.636050e+01 4.290279e+01 3.360424e+01 2.021052e+01 1.690483e+00 1.541878e+00 3.023115e+00 3.617620e+00 5.807557e+00 3.980011e+00 4.378015e+00 3.979690e+00 3.995181e+00 3.918501e+00 3.502950e+00 2.396556e+00 2.514393e+00 3.058603e-01 2.941624e-01 5.246718e-01 6.362203e-01 1.082466e+00 7.485042e-01 8.696266e-01 7.917472e-01 7.827171e-01 7.734866e-01 6.785403e-01 4.350047e-01 4.740781e-01
<GCONST> 1.286704e+02
<STATE> 3
<MEAN> 39
 -2.920384e+00 -2.800165e+00 4.075120e+00 1.061675e+01 -1.356334e+01 -8.090970e+00 -1.455267e+01 -9.505740e+00 -1.683424e+00 -8.969778e+00 -2.272746e+00 -2.800268e+00 7.805682e+01 9.800864e-02 -1.029911e-01 3.828605e-01 4.260312e-01 -6.438848e-01 1.341517e-01 -2.526321e-01 2.085658e-01 -1.864349e-01 -4.229294e-01 -6.222060e-02 7.068004e-02 -5.951682e-02 -1.247094e-01 1.809760e-01 -1.134936e-01 -3.962693e-01 2.591155e-01 6.449737e-02 1.978303e-01 3.983221e-02 -2.141438e-02 6.709336e-02 3.683561e-02 5.696796e-02 -5.200366e-02
<VARIANCE> 39
 1.629120e+01 1.480521e+01 4.688477e+01 5.343778e+01 1.036599e+02 4.971065e+01 7.747479e+01 5.213776e+01 6.797359e+01 5.141396e+01 4.303503e+01 3.316525e+01 1.498654e+01 1.171949e+00 1.406348e+00 2.925761e+00 3.277228e+00 6.303921e+00 3.135351e+00 4.164351e+00 3.404469e+00 3.939322e+00 3.873546e+00 3.370248e+00 2.022539e+00 1.702283e+00 2.306710e-01 2.456895e-01 4.678912e-01 5.881112e-01 1.229470e+00 6.477970e-01 8.469076e-01 6.698719e-01 7.791849e-01 7.424760e-01 6.488535e-01 3.986384e-01 3.599150e-01
<GCONST> 1.256655e+02
<STATE> 4
<MEAN> 39
 -2.800522e+00 -2.559216e+00 4.378387e+00 1.039642e+01 -1.465484e+01 -7.921304e+00 -1.460473e+01 -9.061058e+00 -2.294233e+00 -9.756023e+00 -2.331872e+00 -2.577790e+00 7.805481e+01 -1.323421e-01 3.917618e-01 1.487990e-01 -4.376036e-01 2.891722e-01 1.316626e-01 3.577524e-01 1.874856e-01 -2.391355e-01 -1.067023e-01 -6.232048e-02 1.337645e-01 -2.391496e-01 -1.532572e-01 1.917151e-01 -5.210284e-02 -2.960917e-01 4.592919e-01 5.652516e-02 3.098451e-01 2.376734e-02 -2.299719e-02 1.277655e-01 -7.373250e-03 1.774871e-02 -1.797627e-01
<VARIANCE> 39
 1.802720e+01 1.746977e+01 5.057330e+01 5.204903e+01 1.116208e+02 5.235779e+01 7.853476e+01 5.477376e+01 7.735433e+01 5.582077e+01 5.048492e+01 3.870946e+01 1.713133e+01 1.375864e+00 1.598296e+00 2.675397e+00 3.069997e+00 6.563640e+00 3.014707e+00 4.035530e+00 3.396507e+00 3.814644e+00 3.625718e+00 3.069407e+00 2.037280e+00 2.244875e+00 2.534777e-01 2.574591e-01 4.297937e-01 5.305868e-01 1.122546e+00 5.679979e-01 7.606560e-01 6.187452e-01 7.830127e-01 7.046416e-01 5.990760e-01 3.822279e-01 3.607086e-01
<GCONST> 1.264000e+02
<TRANSP> 5
 0.000000e+00 1.000000e+00 0.000000e+00 0.000000e+00 0.000000e+00
 0.000000e+00 5.298585e-01 4.701415e-01 0.000000e+00 0.000000e+00
 0.000000e+00 0.000000e+00 5.736337e-01 4.263663e-01 0.000000e+00
 0.000000e+00 0.000000e+00 0.000000e+00 5.688841e-01 4.311159e-01
 0.000000e+00 0.000000e+00 0.000000e+00 0.000000e+00 0.000000e+00
<ENDHMM>
~h "N_pal"
<BEGINHMM>
<NUMSTATES> 5
<STATE> 2
<MEAN> 39
 -6.847868e-01 1.308298e+00 2.544819e+00 5.592027e+00 -1.248751e+01 -9.566803e+00 -7.642121e+00 -7.607685e+00 -5.939898e+00 -1.563316e+01 -1.601838e+00 -1.798590e+00 7.690664e+01 6.411442e-01 1.177462e+00 6.649378e-01 4.080863e-01 1.257972e+00 -1.143444e-01 -4.943889e-04 2.828573e-01 -1.636154e+00 -1.185590e+00 6.361341e-01 2.963559e-01 -1.420431e+00 -6.085246e-02 6.143382e-02 -1.261108e-02 -6.139489e-02 2.035974e-01 3.016170e-02 -3.796056e-02 1.512020e-02 -3.813078e-02 2.968723e-01 -4.623730e-02 -2.657740e-02 -1.103064e-01
<VARIANCE> 39
 1.786477e+01 2.334627e+01 4.812535e+01 2.828126e+01 1.144050e+02 4.294427e+01 6.647330e+01 5.011401e+01 1.080941e+02 5.001563e+01 5.510778e+01 9.196610e+01 2.130667e+01 1.166047e+00 1.303171e+00 2.157758e+00 1.831065e+00 3.455941e+00 2.419764e+00 3.196656e+00 3.383620e+00 3.508071e+00 4.735790e+00 3.660842e+00 2.625756e+00 9.866989e-01 3.458867e-01 2.489110e-01 3.322273e-01 2.953528e-01 6.166268e-01 4.683481e-01 6.176578e-01 4.840969e-01 7.452414e-01 6.548310e-01 7.112920e-01 4.634360e-01 2.009444e-01
<GCONST> 1.224243e+02
<STATE> 3
<MEAN> 39
 1.123803e+00 4.359418e+00 4.193927e+00 6.463876e+00 -7.985816e+00 -9.733796e+00 -7.853268e+00 -6.866719e+00 -9.931030e+00 -1.717536e+01 -4.500539e-01 -7.669749e-01 7.307980e+01 -9.102326e-03 1.133375e+00 6.187924e-01 1.399005e-01 1.496529e+00 6.587665e-02 7.144894e-02 3.097023e-01 -1.091408e+00 -1.053944e-01 4.552136e-02 1.838004e-01 -1.359041e+00 -5.958701e-01 -2.351334e-01 -8.539572e-02 -1.323843e-01 -7.937817e-02 2.138199e-01 1.123938e-01 -3.159559e-02 5.076500e-01 6.131164e-01 -2.410608e-01 -1.129982e-01 2.234551e-01
<VARIANCE> 39
 1.821434e+01 2.474373e+01 4.620502e+01 2.474549e+01 9.623289e+01 4.693614e+01 6.362299e+01 5.434469e+01 1.020421e+02 4.627834e+01 4.879991e+01 9.323808e+01 1.916488e+01 3.292598e+00 2.349346e+00 2.265764e+00 1.983103e+00 3.658295e+00 3.156385e+00 3.564290e+00 3.565162e+00 4.768100e+00 5.385801e+00 3.960718e+00 2.881143e+00 1.717733e+00 6.349313e-01 4.876726e-01 4.817523e-01 3.765260e-01 7.146295e-01 7.191484e-01 7.293301e-01 6.279894e-01 8.759161e-01 9.208747e-01 7.442580e-01 6.035165e-01 3.625773e-01
<GCONST> 1.296322e+02
<STATE> 4
<MEAN> 39
 -3.782024e-01 6.481968e+00 5.754147e+00 6.490820e+00 -4.510254e+00 -8.805058e+00 -7.548195e+00 -6.291013e+00 -1.086589e+01 -1.576482e+01 -1.414269e+00 -5.835724e-01 7.067117e+01 -1.972521e+00 1.314314e-01 4.121189e-01 -1.847452e-01 1.037509e+00 8.761266e-01 3.894329e-01 2.657824e-01 6.144674e-01 1.503654e+00 -4.237786e-01 -2.117396e-01 -4.687407e-01 -7.527745e-01 -6.150987e-01 -2.593267e-01 -1.740554e-01 -3.586549e-01 1.845889e-01 1.004351e-01 -3.168216e-02 6.526411e-01 5.554676e-01 4.442199e-02 -9.833621e-02 4.965875e-01
<VARIANCE> 39
 3.545202e+01 3.175217e+01 4.294053e+01 2.450218e+01 7.716431e+01 4.749427e+01 5.393616e+01 5.635711e+01 7.809441e+01 5.022877e+01 4.261785e+01 7.750359e+01 2.230745e+01 6.395699e+00 5.285047e+00 3.377457e+00 2.549565e+00 4.845483e+00 5.094886e+00 4.431112e+00 4.449656e+00 6.206504e+00 6.340440e+00 3.735493e+00 4.105116e+00 4.250664e+00 1.080846e+00 7.844601e-01 6.203717e-01 4.528077e-01 7.770179e-01 9.853873e-01 8.058774e-01 8.284039e-01 8.727335e-01 1.169045e+00 8.098288e-01 7.145389e-01 6.043413e-01
<GCONST> 1.379447e+02
<TRANSP> 5
 0.000000e+00 1.000000e+00 0.000000e+00 0.000000e+00 0.000000e+00
 0.000000e+00 6.374512e-01 3.625488e-01 0.000000e+00 0.000000e+00
 0.000000e+00 0.000000e+00 5.793396e-01 4.206605e-01 0.000000e+00
 0.000000e+00 0.000000e+00 0.000000e+00 5.603313e-01 4.396687e-01
 0.000000e+00 0.000000e+00 0.000000e+00 0.000000e+00 0.000000e+00
<ENDHMM>
~h "tS_pal"
<BEGINHMM>
<NUMSTATES> 5
<STATE> 2
<MEAN> 39
 -2.110447e+01 -4.525228e+00 1.067014e+01 2.468127e+00 -1.540821e+00 -5.063831e+00 -1.046072e+00 -5.103426e+00 -1.643188e+00 -3.599042e+00 -1.286158e+00 -4.904113e-01 7.357716e+01 -2.728676e+00 -1.403861e+00 7.500397e-02 -7.650303e-01 4.981791e-01 -1.608735e-01 8.821148e-01 6.233779e-01 6.152697e-01 9.314887e-01 2.763632e-01 4.269314e-01 4.191643e-01 6.580041e-01 -8.774318e-03 -3.813466e-01 9.844080e-02 -3.863546e-01 -2.340006e-01 -4.646666e-01 -1.258363e-01 -7.519541e-02 -1.365510e-01 -2.417337e-02 -7.019015e-03 2.600213e-01
<VARIANCE> 39
 1.095834e+02 5.387622e+01 4.640685e+01 7.888010e+01 4.721739e+01 5.299955e+01 6.386449e+01 3.237042e+01 3.369740e+01 5.081526e+01 2.544639e+01 2.077480e+01 2.589648e+01 1.530155e+01 6.490449e+00 4.849047e+00 5.392653e+00 5.847600e+00 6.484151e+00 7.949289e+00 3.721833e+00 4.325898e+00 4.311762e+00 3.752564e+00 2.634604e+00 4.644968e+00 2.091923e+00 1.418389e+00 7.866345e-01 1.074593e+00 1.085948e+00 1.196942e+00 1.069904e+00 7.041563e-01 7.358561e-01 7.586633e-01 7.304882e-01 5.260491e-01 7.994759e-01
<GCONST> 1.417682e+02
<STATE> 3
<MEAN> 39
 -2.427812e+01 -7.809769e+00 8.902428e+00 1.428633e+00 -2.036860e+00 -7.456121e+00 -2.125299e+00 -3.840176e+00 -3.549962e-01 -2.342725e+00 -1.221981e+00 4.549240e-01 7.638722e+01 2.020179e+00 3.607558e-01 -6.540982e-01 5.319485e-01 -2.681674e-01 -5.795400e-01 -1.417577e+00 -4.686368e-01 -2.280455e-01 -2.658983e-01 -3.867316e-01 -2.391737e-01 4.837258e-01 1.130214e+00 4.866879e-01 -1.726814e-01 1.662468e-01 -2.660549e-01 1.627739e-01 -4.017061e-01 -3.870494e-01 -2.522607e-01 -3.281081e-01 -1.001194e-01 -1.767789e-01 -1.274756e-01
<VARIANCE> 39
 9.796930e+01 3.601723e+01 4.023268e+01 7.454642e+01 5.214624e+01 5.669310e+01 5.842270e+01 3.014802e+01 3.099433e+01 4.209385e+01 2.501386e+01 1.962172e+01 1.328802e+01 1.982219e+01 6.808451e+00 2.819780e+00 4.510912e+00 4.809684e+00 6.097412e+00 7.175202e+00 4.641227e+00 3.975905e+00 4.024029e+00 3.664455e+00 3.068170e+00 1.736865e+00 2.085246e+00 1.005660e+00 5.712737e-01 9.543936e-01 1.001463e+00 1.220052e+00 1.185739e+00 7.553738e-01 7.237880e-01 6.927295e-01 7.221541e-01 5.823334e-01 3.782704e-01
<GCONST> 1.370461e+02
<STATE> 4
<MEAN> 39
 -1.224868e+01 -4.003699e+00 6.398804e+00 4.159867e+00 -3.634893e+00 -8.720266e+00 -8.679920e+00 -7.224604e+00 -2.460479e+00 -4.758862e+00 -3.387002e+00 -1.461928e+00 7.707890e+01 4.432319e+00 1.489753e+00 -1.227464e+00 3.460959e-01 -1.391496e+00 3.685657e-01 -1.942565e+00 -1.645988e+00 -8.696464e-01 -1.041725e+00 -3.496428e-01 -5.161645e-01 7.856362e-02 -4.957007e-01 -1.523472e-01 -1.459969e-01 -4.157168e-01 -2.740482e-01 3.559211e-01 4.495059e-01 9.002391e-02 1.073895e-01 2.140255e-02 2.506005e-01 2.138082e-01 -7.798530e-02
<VARIANCE> 39
 1.380047e+02 3.259289e+01 4.591776e+01 6.204813e+01 9.064030e+01 5.093179e+01 8.564239e+01 4.603012e+01 3.870945e+01 4.553040e+01 3.939921e+01 2.941664e+01 1.352931e+01 8.435987e+00 4.659053e+00 3.368065e+00 4.957658e+00 6.428325e+00 6.839629e+00 7.312909e+00 5.186566e+00 4.744986e+00 5.041094e+00 5.363377e+00 4.243049e+00 1.025782e+00 2.469615e+00 8.563486e-01 5.238434e-01 7.337939e-01 1.169624e+00 1.038894e+00 1.337201e+00 1.039852e+00 8.461316e-01 7.733098e-01 7.889404e-01 6.267580e-01 1.913563e-01
<GCONST> 1.396610e+02
<TRANSP> 5
 0.000000e+00 1.000000e+00 0.000000e+00 0.000000e+00 0.000000e+00
 0.000000e+00 7.699407e-01 2.300593e-01 0.000000e+00 0.000000e+00
 0.000000e+00 0.000000e+00 7.186921e-01 2.813079e-01 0.000000e+00
 0.000000e+00 0.000000e+00 0.000000e+00 6.292926e-01 3.707074e-01
 0.000000e+00 0.000000e+00 0.000000e+00 0.000000e+00 0.000000e+00
<ENDHMM>
~h "h_pal"
<BEGINHMM>
<NUMSTATES> 5
<STATE> 2
<MEAN> 39
 -9.365074e+00 2.638172e+00 9.028769e+00 7.366652e+00 -5.244073e+00 -5.127248e+00 -4.833171e+00 -4.432372e+00 -3.197844e+00 -7.149662e+00 -1.434348e+00 -6.613970e-01 7.189281e+01 2.513423e-01 5.724064e-01 1.747921e+00 1.070070e+00 -1.271255e+00 -7.572421e-01 7.979424e-02 -3.836054e-01 -6.183251e-01 -1.336418e+00 3.311278e-02 3.259461e-02 1.546198e+00 -1.866720e-02 -6.910527e-02 -1.943045e-01 -2.155031e-01 -1.382778e-01 -2.131183e-02 -1.373855e-01 -1.358729e-01 -6.830912e-02 -1.241918e-02 -7.178976e-02 -1.070617e-01 1.493262e-01
<VARIANCE> 39
 2.895366e+01 2.427171e+01 5.866960e+01 4.037315e+01 8.447731e+01 6.306558e+01 6.217646e+01 5.746994e+01 5.278458e+01 7.454705e+01 3.824910e+01 3.212417e+01 1.475131e+02 3.480649e+00 1.964474e+00 4.586490e+00 3.207009e+00 6.096095e+00 5.168402e+00 3.588185e+00 5.156971e+00 3.989462e+00 5.538529e+00 3.042621e+00 2.055286e+00 1.430028e+01 4.320141e-01 3.253424e-01 7.173584e-01 4.864756e-01 1.007772e+00 8.326492e-01 5.979424e-01 7.119206e-01 7.060900e-01 8.616928e-01 4.650334e-01 3.538535e-01 1.206204e+00
<GCONST> 1.355591e+02
<STATE> 3
<MEAN> 39
 -9.193296e+00 3.786499e+00 1.260396e+01 8.762428e+00 -8.090757e+00 -6.771183e+00 -5.255721e+00 -5.973138e+00 -5.387855e+00 -9.980348e+00 -1.945318e+00 -1.088526e+00 7.602336e+01 1.791660e-01 1.080315e-01 5.544273e-01 2.819593e-01 -9.202542e-01 -4.899199e-01 -1.331017e-01 -3.741860e-01 -4.208434e-01 -5.904558e-01 -1.063836e-01 -1.635206e-01 8.359703e-01 3.741923e-02 -2.543428e-01 -5.838516e-01 -3.109965e-01 1.666798e-01 7.462673e-02 -1.527111e-01 4.163578e-03 2.156627e-01 3.450215e-01 -7.118110e-02 -4.543595e-02 -1.361754e-01
<VARIANCE> 39
 1.877800e+01 1.962912e+01 4.620024e+01 3.642915e+01 8.769461e+01 5.076187e+01 5.144385e+01 5.458754e+01 6.056014e+01 7.188007e+01 3.567226e+01 3.301761e+01 1.746961e+01 2.546026e+00 1.783582e+00 4.395176e+00 2.564606e+00 5.697695e+00 4.462368e+00 3.171870e+00 3.788227e+00 3.858465e+00 4.517243e+00 2.433517e+00 1.900957e+00 4.255703e+00 4.336103e-01 2.434914e-01 4.196458e-01 4.458889e-01 1.039103e+00 7.755246e-01 5.241685e-01 7.046233e-01 5.998021e-01 8.075802e-01 5.157821e-01 3.818856e-01 6.766730e-01
<GCONST> 1.272863e+02
<STATE> 4
<MEAN> 39
 -8.165939e+00 2.856929e+00 1.169105e+01 8.101934e+00 -1.066508e+01 -8.780663e+00 -6.327887e+00 -7.472704e+00 -6.075404e+00 -1.059570e+01 -2.901052e+00 -1.636109e+00 7.769886e+01 6.802276e-01 -6.658718e-01 -1.098690e+00 -2.395140e-01 -5.970060e-01 -5.507188e-01 -6.792123e-01 -2.020625e-01 5.102084e-01 2.444326e-01 -1.296134e-01 -1.508954e-01 5.248497e-01 1.081813e-01 -1.373926e-01 -3.353322e-01 -1.599925e-01 2.216837e-01 1.649650e-01 -1.488599e-01 3.679610e-02 2.255033e-01 2.285245e-01 2.264120e-02 -5.060147e-02 -1.203928e-01
<VARIANCE> 39
 1.917778e+01 2.075216e+01 5.072245e+01 3.982430e+01 8.150174e+01 5.935267e+01 5.117464e+01 5.052292e+01 6.290504e+01 6.918385e+01 3.418236e+01 3.714356e+01 1.243606e+01 1.828629e+00 1.486638e+00 2.827710e+00 1.932778e+00 4.420841e+00 3.844272e+00 2.680937e+00 3.059622e+00 2.659434e+00 3.286287e+00 2.420250e+00 1.827638e+00 1.265201e+00 2.626782e-01 2.575381e-01 3.196893e-01 3.273469e-01 9.414193e-01 7.228609e-01 3.804497e-01 5.082747e-01 4.972965e-01 5.963012e-01 4.735631e-01 3.843408e-01 3.218929e-01
<GCONST> 1.201562e+02
<TRANSP> 5
 0.000000e+00 1.000000e+00 0.000000e+00 0.000000e+00 0.000000e+00
 0.000000e+00 4.371529e-01 5.628471e-01 0.000000e+00 0.000000e+00
 0.000000e+00 0.000000e+00 5.433716e-01 4.566284e-01 0.000000e+00
 0.000000e+00 0.000000e+00 0.000000e+00 7.638605e-01 2.361395e-01
 0.000000e+00 0.000000e+00 0.000000e+00 0.000000e+00 0.000000e+00
<ENDHMM>
