~o
<STREAMINFO> 1 39
<VECSIZE> 39<NULLD><MFCC_D_A_0><DIAGC>
~h "A"
<BEGINHMM>
<NUMSTATES> 5
<STATE> 2
<MEAN> 39
 5.263434e-02 -4.664480e+00 -4.799724e+00 -4.752786e+00 -1.127635e+01 -1.500942e+00 -1.181307e+01 -1.172099e+01 -2.866759e-02 -3.398296e+00 1.540867e+00 -5.238846e+00 8.145186e+01 4.287009e-01 -1.020379e+00 -1.390253e-01 8.220445e-02 -1.096949e+00 -3.981601e-01 -7.873092e-01 3.047261e-01 9.178566e-01 -1.201101e-03 -3.396346e-01 -9.423909e-01 1.043954e+00 -5.391994e-01 4.237769e-01 3.338531e-01 4.331784e-01 5.407005e-01 -4.656557e-02 4.982640e-01 5.196441e-01 -3.371491e-01 -2.867821e-01 -3.137942e-01 3.609198e-01 -7.415583e-01
<VARIANCE> 39
 1.087732e+01 2.224895e+01 3.129786e+01 7.378570e+01 4.299153e+01 7.353982e+01 8.874068e+01 5.744730e+01 4.955549e+01 4.018414e+01 6.600046e+01 1.137070e+02 1.026121e+01 2.223219e+00 1.745787e+00 2.005537e+00 4.068388e+00 4.980433e+00 4.848486e+00 4.066973e+00 4.049263e+00 4.013733e+00 3.375445e+00 3.539624e+00 3.504830e+00 1.489824e+00 4.629661e-01 3.681619e-01 5.014642e-01 5.307757e-01 6.718824e-01 7.376137e-01 6.943654e-01 6.873289e-01 6.757075e-01 6.968756e-01 7.625028e-01 6.912709e-01 3.241894e-01
<GCONST> 1.282639e+02
<STATE> 3
<MEAN> 39
 -5.239166e-01 -5.812041e+00 -5.145084e+00 -3.798815e+00 -1.216910e+01 -1.919468e+00 -1.194765e+01 -8.721981e+00 6.391042e-01 -4.574253e+00 -1.006272e+00 -6.821574e+00 8.183131e+01 -6.810851e-02 4.802250e-01 5.910159e-01 6.561887e-01 -9.750306e-02 -5.251568e-01 1.968472e-01 3.257518e-01 -4.715067e-01 -6.073297e-01 -4.089300e-01 4.415537e-01 -4.261144e-01 -1.475996e-01 4.542526e-01 3.455713e-01 2.525020e-01 3.919869e-01 2.743866e-02 2.925296e-01 -6.824483e-02 -3.914549e-01 -2.219776e-01 1.232173e-02 2.742502e-01 -5.336537e-01
<VARIANCE> 39
 1.037119e+01 2.023368e+01 3.002582e+01 6.715594e+01 5.002737e+01 8.299798e+01 9.272016e+01 7.160320e+01 5.158984e+01 4.313778e+01 6.743391e+01 1.181743e+02 1.008976e+01 6.172653e-01 1.202405e+00 1.333323e+00 2.336494e+00 3.371059e+00 3.021039e+00 2.263882e+00 3.108155e+00 2.660862e+00 2.501597e+00 2.477472e+00 2.213304e+00 9.102500e-01 2.351006e-01 2.114104e-01 2.717132e-01 3.169890e-01 4.924650e-01 4.738188e-01 5.808344e-01 6.157136e-01 5.168061e-01 4.932067e-01 5.208470e-01 4.386582e-01 1.915675e-01
<GCONST> 1.169478e+02
<STATE> 4
<MEAN> 39
 -2.890462e-01 -1.856661e+00 -1.694584e+00 1.539774e-01 -1.011076e+01 -3.170590e+00 -9.771384e+00 -9.546770e+00 -2.572804e+00 -6.591850e+00 -1.342751e+00 -2.860270e+00 7.784241e+01 -8.016934e-01 1.388341e+00 1.617906e+00 1.363988e+00 1.216973e+00 -1.124808e-01 1.010634e+00 4.907740e-01 -9.740996e-01 -1.115155e+00 -4.969005e-01 6.892978e-01 -1.828666e+00 -5.004220e-01 1.011634e-01 9.116068e-02 -4.448596e-02 4.158710e-01 2.418687e-01 2.838336e-01 1.787186e-01 3.295489e-02 1.128546e-01 1.649932e-02 -2.767754e-02 -3.645201e-01
<VARIANCE> 39
 1.589238e+01 1.806690e+01 3.633558e+01 7.440719e+01 9.143269e+01 1.021427e+02 9.676055e+01 6.761755e+01 6.213941e+01 4.625664e+01 6.528847e+01 9.615458e+01 3.195839e+01 2.630440e+00 2.126693e+00 2.456596e+00 3.072752e+00 6.393807e+00 3.657419e+00 3.863250e+00 3.871401e+00 3.377031e+00 3.361003e+00 3.381441e+00 2.729223e+00 3.751563e+00 4.977379e-01 2.902669e-01 3.920280e-01 5.060571e-01 6.866127e-01 6.783955e-01 6.337766e-01 7.607826e-01 7.620727e-01 5.474527e-01 5.985081e-01 5.322281e-01 2.923611e-01
<GCONST> 1.306208e+02
<TRANSP> 5
 0.000000e+00 1.000000e+00 0.000000e+00 0.000000e+00 0.000000e+00
 0.000000e+00 4.248933e-01 5.751067e-01 0.000000e+00 0.000000e+00
 0.000000e+00 0.000000e+00 5.895275e-01 4.104725e-01 0.000000e+00
 0.000000e+00 0.000000e+00 0.000000e+00 3.117568e-01 6.882432e-01
 0.000000e+00 0.000000e+00 0.000000e+00 0.000000e+00 0.000000e+00
<ENDHMM>
~h "E"
<BEGINHMM>
<NUMSTATES> 5
<STATE> 2
<MEAN> 39
 -2.492659e+00 -5.553779e+00 -2.204044e+00 1.490860e+00 -1.591630e+01 -8.659071e+00 -1.434294e+01 -5.919021e+00 1.639161e+00 -5.577688e+00 -2.445756e+00 -6.096393e+00 8.247213e+01 2.996943e-01 -9.001240e-01 -1.037071e+00 -8.410260e-01 -4.586655e-01 5.403965e-01 2.388362e-01 5.395669e-01 5.454763e-01 3.477166e-01 -1.873595e-01 -5.629638e-01 7.132416e-01 -3.323091e-01 3.908857e-01 3.030780e-01 -5.179457e-03 6.992263e-01 3.698028e-01 4.146442e-01 -7.829021e-02 -4.631521e-01 -1.202966e-01 -8.518789e-03 1.684339e-01 -5.446850e-01
<VARIANCE> 39
 8.730963e+00 1.702521e+01 3.746812e+01 4.359267e+01 8.258385e+01 5.220313e+01 6.520201e+01 6.801946e+01 5.979513e+01 4.685175e+01 6.712738e+01 7.105122e+01 7.817896e+00 9.262164e-01 1.153120e+00 1.491804e+00 1.706796e+00 3.762932e+00 2.752092e+00 2.761655e+00 3.156655e+00 2.596848e+00 2.597891e+00 2.804416e+00 2.337343e+00 8.390779e-01 4.232882e-01 2.183967e-01 2.896725e-01 2.956342e-01 5.496055e-01 5.535920e-01 6.908843e-01 7.575257e-01 5.762371e-01 4.949609e-01 5.455400e-01 4.748395e-01 2.138858e-01
<GCONST> 1.176011e+02
<STATE> 3
<MEAN> 39
 -1.459072e+00 -5.889775e+00 -4.048682e+00 -1.147775e-01 -1.241566e+01 -6.549166e+00 -1.109236e+01 -7.214032e+00 1.431960e+00 -3.799607e+00 -3.062157e+00 -6.034409e+00 8.222351e+01 1.341497e-01 4.932260e-01 2.033887e-02 -2.370102e-01 4.056410e-01 4.599476e-01 3.225445e-01 -4.069856e-01 -5.412312e-01 -1.958146e-01 2.255791e-01 2.246161e-01 -4.215286e-01 -5.861130e-02 3.763741e-01 3.574625e-01 2.610299e-01 2.922091e-01 3.955286e-02 3.911813e-02 -1.259058e-01 -3.190890e-01 -2.719655e-01 3.602362e-02 1.862395e-01 -4.083741e-01
<VARIANCE> 39
 1.000546e+01 1.905171e+01 3.491586e+01 4.702503e+01 7.644839e+01 6.755557e+01 7.521717e+01 7.506136e+01 5.565918e+01 5.798172e+01 6.765530e+01 9.193253e+01 9.584861e+00 3.461592e-01 7.042426e-01 9.783221e-01 1.802429e+00 1.755919e+00 2.152573e+00 1.810847e+00 2.203501e+00 1.869745e+00 1.863065e+00 1.785077e+00 1.770101e+00 4.285935e-01 1.300413e-01 1.513180e-01 2.087657e-01 2.170302e-01 3.894845e-01 3.583598e-01 4.066366e-01 4.477907e-01 3.504784e-01 4.341109e-01 3.831269e-01 3.272795e-01 1.295357e-01
<GCONST> 1.073169e+02
<STATE> 4
<MEAN> 39
 -9.291573e-01 -2.245478e+00 -1.463169e+00 1.449292e+00 -9.473577e+00 -4.677612e+00 -1.031238e+01 -9.177012e+00 -2.331517e+00 -5.358857e+00 -1.755157e+00 -3.444142e+00 7.828804e+01 -4.744683e-01 1.633106e+00 1.189287e+00 6.369194e-01 1.846977e+00 9.318644e-01 9.602422e-01 -1.725278e-01 -1.233763e+00 -1.028363e+00 1.998320e-02 7.492064e-01 -2.116227e+00 -5.201528e-01 1.183033e-01 2.515584e-01 2.021412e-01 3.107447e-01 5.615123e-03 2.377212e-01 3.845893e-01 1.077029e-01 -8.115317e-02 -1.213587e-01 2.925989e-02 -4.046043e-01
<VARIANCE> 39
 1.442323e+01 1.822765e+01 3.925181e+01 5.563493e+01 9.972728e+01 8.458126e+01 8.375426e+01 6.357251e+01 6.098085e+01 5.090583e+01 6.981308e+01 9.018137e+01 2.870936e+01 2.606518e+00 1.737982e+00 2.176619e+00 3.387518e+00 4.721817e+00 3.423082e+00 3.922319e+00 4.092177e+00 3.233468e+00 3.647268e+00 2.987016e+00 2.844165e+00 3.073617e+00 5.193540e-01 2.810951e-01 4.337370e-01 5.124832e-01 6.167702e-01 6.315240e-01 6.284794e-01 5.844550e-01 6.615497e-01 6.408806e-01 5.978251e-01 5.625396e-01 3.527306e-01
<GCONST> 1.291381e+02
<TRANSP> 5
 0.000000e+00 1.000000e+00 0.000000e+00 0.000000e+00 0.000000e+00
 0.000000e+00 5.467224e-01 4.532776e-01 0.000000e+00 0.000000e+00
 0.000000e+00 0.000000e+00 6.596341e-01 3.403659e-01 0.000000e+00
 0.000000e+00 0.000000e+00 0.000000e+00 4.124907e-01 5.875093e-01
 0.000000e+00 0.000000e+00 0.000000e+00 0.000000e+00 0.000000e+00
<ENDHMM>
~h "I"
<BEGINHMM>
<NUMSTATES> 5
<STATE> 2
<MEAN> 39
 -4.727630e+00 -7.577254e-01 6.237553e+00 8.748667e+00 -1.293373e+01 -1.272401e+01 -1.227341e+01 -1.219003e+01 -2.054020e+00 -1.265855e+01 -3.359004e+00 -1.873375e+00 7.978606e+01 1.021005e+00 -3.958617e-01 -6.609973e-01 1.047473e-01 -1.401096e+00 -4.725104e-01 -7.154855e-01 -7.846459e-01 7.868542e-01 -5.795429e-01 2.785993e-01 -8.461557e-02 7.135653e-01 -5.117834e-01 2.351687e-01 -2.094360e-01 -5.214494e-01 9.661380e-01 9.214144e-01 5.604190e-01 5.589013e-01 -1.812861e-01 5.697093e-01 1.575193e-01 4.768421e-02 -7.038867e-01
<VARIANCE> 39
 1.165202e+01 1.545121e+01 3.656282e+01 3.851232e+01 9.785124e+01 4.717493e+01 6.774652e+01 3.995868e+01 8.358365e+01 4.278326e+01 4.979602e+01 3.874466e+01 9.944118e+00 2.835639e+00 1.763640e+00 2.689604e+00 2.425188e+00 5.211722e+00 3.800101e+00 4.585135e+00 3.961798e+00 3.718473e+00 3.828309e+00 2.928907e+00 2.415710e+00 1.491695e+00 5.823041e-01 4.141652e-01 4.724931e-01 4.733818e-01 8.000062e-01 6.617340e-01 8.394714e-01 7.741616e-01 9.509104e-01 7.716689e-01 5.899352e-01 5.156242e-01 3.331607e-01
<GCONST> 1.263023e+02
<STATE> 3
<MEAN> 39
 -4.146376e+00 -1.148847e+00 3.257477e+00 6.265933e+00 -1.502744e+01 -1.148428e+01 -1.367729e+01 -1.134397e+01 -3.650105e-02 -1.233993e+01 -2.544949e+00 -3.894376e+00 7.997770e+01 2.393998e-01 5.685754e-01 -3.834575e-01 -5.896938e-01 1.279644e+00 1.020767e+00 2.615906e-01 1.243380e-01 -4.927554e-01 4.609942e-01 5.158366e-02 -1.337976e-01 -7.207200e-01 -2.550958e-01 3.359850e-01 2.360604e-01 -8.483768e-02 9.325897e-01 4.455511e-01 4.230064e-01 3.081825e-01 -5.178787e-01 1.405396e-01 -8.358178e-02 5.775091e-02 -6.135401e-01
<VARIANCE> 39
 1.031301e+01 1.637876e+01 3.654895e+01 4.825042e+01 1.023158e+02 5.463264e+01 7.651410e+01 4.850475e+01 7.203498e+01 5.532075e+01 5.719985e+01 5.613849e+01 9.715522e+00 1.361966e+00 1.255516e+00 1.745216e+00 1.865984e+00 3.985940e+00 2.634020e+00 2.515450e+00 2.836392e+00 3.079541e+00 2.940686e+00 2.466044e+00 2.133807e+00 1.215605e+00 4.977008e-01 2.560954e-01 3.505028e-01 3.803149e-01 5.971650e-01 5.837533e-01 8.644255e-01 7.549148e-01 7.626808e-01 7.380356e-01 5.926616e-01 4.071131e-01 2.962119e-01
<GCONST> 1.210915e+02
<STATE> 4
<MEAN> 39
 -3.630161e+00 1.475757e+00 3.743397e+00 5.978775e+00 -7.156866e+00 -7.552431e+00 -1.155127e+01 -1.153119e+01 -3.462383e+00 -9.865407e+00 -3.334728e+00 -2.923714e+00 7.657899e+01 -7.140936e-01 1.273272e+00 3.579069e-01 -5.504698e-01 2.818287e+00 1.783134e+00 1.378732e+00 9.696824e-01 -1.109162e+00 3.191934e-01 -7.974297e-03 1.862294e-01 -2.033727e+00 -5.167884e-01 -1.043270e-01 1.009136e-01 1.817327e-02 6.850269e-02 6.920683e-02 3.802653e-01 4.301706e-01 5.012410e-02 -1.396765e-02 9.150166e-02 1.337694e-01 -2.775801e-01
<VARIANCE> 39
 2.425676e+01 2.215474e+01 4.344161e+01 4.740250e+01 8.167503e+01 6.774699e+01 6.464809e+01 4.893863e+01 6.538797e+01 4.713388e+01 6.184529e+01 6.013194e+01 2.458338e+01 6.100148e+00 2.360544e+00 2.799111e+00 3.213217e+00 5.025078e+00 4.275535e+00 5.159929e+00 4.577332e+00 5.189542e+00 5.135791e+00 3.939669e+00 3.049017e+00 3.967893e+00 5.608962e-01 3.263821e-01 6.137180e-01 4.877966e-01 6.713997e-01 6.931955e-01 6.217325e-01 5.911844e-01 8.568329e-01 7.616163e-01 6.532053e-01 4.718086e-01 3.212572e-01
<GCONST> 1.325598e+02
<TRANSP> 5
 0.000000e+00 1.000000e+00 0.000000e+00 0.000000e+00 0.000000e+00
 0.000000e+00 3.849031e-01 6.150969e-01 0.000000e+00 0.000000e+00
 0.000000e+00 0.000000e+00 5.163371e-01 4.836629e-01 0.000000e+00
 0.000000e+00 0.000000e+00 0.000000e+00 2.553873e-01 7.446128e-01
 0.000000e+00 0.000000e+00 0.000000e+00 0.000000e+00 0.000000e+00
<ENDHMM>
~h "J"
<BEGINHMM>
<NUMSTATES> 5
<STATE> 2
<MEAN> 39
 -5.169887e+00 -1.386292e+00 5.708127e+00 8.332755e+00 -1.907599e+01 -1.424104e+01 -1.106109e+01 -9.339774e+00 -2.756891e+00 -1.229604e+01 -4.293700e-01 -7.710498e-01 8.029355e+01 -2.434880e-01 4.634265e-01 5.007564e-01 5.264800e-01 7.369982e-02 -2.425227e-02 5.128874e-01 -1.927038e-01 -4.948881e-01 -7.939191e-01 -1.260856e-01 -3.192223e-03 -3.549494e-01 9.779282e-02 8.323769e-02 -1.418913e-01 -5.609504e-02 4.420668e-01 2.498458e-01 -1.044920e-01 2.813105e-02 -9.905547e-06 1.370098e-01 -4.820145e-02 -1.166997e-01 -2.083745e-01
<VARIANCE> 39
 8.919255e+00 1.623478e+01 3.604284e+01 3.854660e+01 1.242794e+02 4.085601e+01 6.173688e+01 5.273039e+01 9.043856e+01 4.163481e+01 4.563926e+01 4.970789e+01 9.399100e+00 2.580382e-01 4.249706e-01 8.477584e-01 7.796527e-01 1.310941e+00 1.118803e+00 1.514183e+00 1.711612e+00 1.518308e+00 1.458956e+00 1.318560e+00 1.144440e+00 2.011217e-01 6.275769e-02 9.126931e-02 1.299698e-01 1.668448e-01 2.874143e-01 2.662218e-01 2.691752e-01 3.602066e-01 3.270562e-01 2.861606e-01 2.434612e-01 2.067882e-01 8.605008e-02
<GCONST> 9.531698e+01
<STATE> 3
<MEAN> 39
 -4.922069e+00 4.845690e-01 6.765557e+00 1.106990e+01 -1.470172e+01 -1.215869e+01 -1.103422e+01 -9.894371e+00 -3.838460e+00 -1.507634e+01 -1.137987e+00 -7.144904e-01 7.796224e+01 3.901125e-01 9.979516e-01 -2.213660e-01 3.877619e-02 2.809105e+00 1.424361e+00 2.468413e-01 5.731596e-01 -3.536220e-01 4.639394e-01 -4.821134e-01 -3.748170e-01 -2.048681e+00 -2.048135e-01 1.472354e-01 -1.125782e-03 -3.193512e-01 7.434343e-01 5.345281e-01 3.557770e-01 3.419591e-01 7.935360e-03 5.857660e-01 -5.310134e-02 -3.998764e-02 -7.132947e-01
<VARIANCE> 39
 1.040508e+01 1.836246e+01 4.139401e+01 3.796982e+01 9.486584e+01 4.881011e+01 8.095588e+01 4.814769e+01 1.053910e+02 3.787924e+01 4.817864e+01 5.267789e+01 1.698742e+01 1.478273e+00 1.163463e+00 1.954147e+00 1.898867e+00 3.448061e+00 3.023748e+00 3.503385e+00 3.666975e+00 3.974743e+00 3.204560e+00 2.679232e+00 1.958400e+00 2.290366e+00 4.048497e-01 2.339766e-01 3.707984e-01 3.238290e-01 4.952709e-01 4.416389e-01 7.063828e-01 5.366940e-01 7.518601e-01 5.248330e-01 4.527602e-01 3.444356e-01 4.117660e-01
<GCONST> 1.211021e+02
<STATE> 4
<MEAN> 39
 -4.534425e+00 3.559194e+00 6.771576e+00 9.945664e+00 -5.254279e+00 -7.513500e+00 -8.140891e+00 -7.120951e+00 -4.893580e+00 -1.191495e+01 -3.204489e+00 -1.390436e+00 7.094370e+01 -1.373618e+00 8.665827e-01 6.322262e-02 -7.315109e-01 3.509036e+00 2.323972e+00 1.373084e+00 1.410025e+00 -8.997880e-03 1.514931e+00 -3.071768e-01 -2.843363e-01 -3.169074e+00 -7.684010e-01 -4.617971e-01 -3.613842e-01 -4.784463e-01 -4.211678e-01 7.183380e-02 2.320355e-01 1.575567e-01 3.253836e-01 3.856618e-01 3.087426e-01 1.715826e-01 2.157843e-01
<VARIANCE> 39
 2.493093e+01 1.976614e+01 4.576015e+01 3.913777e+01 7.417944e+01 6.650903e+01 6.895451e+01 4.479922e+01 6.706701e+01 4.047643e+01 4.646799e+01 5.251194e+01 4.927241e+01 5.369876e+00 2.523200e+00 3.349009e+00 3.456694e+00 5.246804e+00 3.917338e+00 5.471986e+00 4.081402e+00 5.739967e+00 4.223513e+00 4.061097e+00 2.696537e+00 5.907650e+00 4.356521e-01 3.986279e-01 6.704291e-01 5.311044e-01 6.918356e-01 7.292412e-01 6.687800e-01 5.851941e-01 7.834929e-01 6.675686e-01 5.755696e-01 4.491124e-01 6.237109e-01
<GCONST> 1.331745e+02
<TRANSP> 5
 0.000000e+00 1.000000e+00 0.000000e+00 0.000000e+00 0.000000e+00
 0.000000e+00 8.074545e-01 1.925455e-01 0.000000e+00 0.000000e+00
 0.000000e+00 0.000000e+00 5.361435e-01 4.638565e-01 0.000000e+00
 0.000000e+00 0.000000e+00 0.000000e+00 3.766488e-01 6.233512e-01
 0.000000e+00 0.000000e+00 0.000000e+00 0.000000e+00 0.000000e+00
<ENDHMM>
~h "L"
<BEGINHMM>
<NUMSTATES> 5
<STATE> 2
<MEAN> 39
 -3.118527e-02 9.371182e-02 -4.532685e+00 -1.641600e+01 -1.412866e+01 4.741358e+00 -7.671209e+00 -1.448436e+01 -4.730186e+00 -6.274405e+00 2.569847e+00 -4.916101e+00 8.016425e+01 2.237911e-01 9.367447e-01 4.414403e-01 -1.000220e+00 -3.566272e-01 2.742925e-01 7.824446e-01 -3.085415e-01 -7.470509e-01 -7.057933e-01 -3.555576e-01 7.233642e-01 -5.509928e-01 -2.866570e-02 9.659991e-02 1.786518e-01 3.740555e-01 1.283521e-01 -3.520784e-01 -8.884545e-02 1.002997e-01 5.327798e-02 -1.281711e-01 -2.221278e-01 -3.509812e-02 -1.561248e-01
<VARIANCE> 39
 9.356685e+00 2.276834e+01 3.648110e+01 6.262625e+01 3.699155e+01 6.200444e+01 7.642338e+01 4.952408e+01 4.354758e+01 3.567765e+01 4.995764e+01 1.419798e+02 9.379742e+00 1.939307e-01 6.128587e-01 7.852478e-01 1.686289e+00 1.289108e+00 2.211922e+00 1.983961e+00 1.745975e+00 1.592627e+00 1.635960e+00 1.996487e+00 1.539306e+00 2.084670e-01 4.237046e-02 9.496201e-02 1.201418e-01 1.832558e-01 2.485654e-01 2.483927e-01 2.315409e-01 2.994053e-01 2.871484e-01 2.453823e-01 3.162266e-01 2.794381e-01 3.854363e-02
<GCONST> 9.703637e+01
<STATE> 3
<MEAN> 39
 2.055599e+00 5.989010e+00 1.254476e+00 -1.388405e+01 -1.309568e+01 6.963371e-01 -5.387329e-01 -1.414101e+01 -5.658289e+00 -1.093238e+01 -3.167742e+00 1.756777e+00 7.577074e+01 -7.889344e-02 7.050633e-01 8.365859e-01 6.755954e-01 5.695315e-01 -3.970753e-01 1.804432e-01 4.595736e-01 -1.715731e-01 -6.198335e-01 -7.679142e-01 -2.633412e-01 -8.593732e-01 -1.969905e-01 -7.600868e-02 -6.823489e-02 6.809845e-01 4.617456e-01 9.824619e-02 -2.372834e-01 2.215496e-01 6.473411e-02 2.141424e-01 1.110680e-01 -1.631223e-01 -1.495317e-01
<VARIANCE> 39
 8.972671e+00 2.284258e+01 4.080876e+01 3.767608e+01 3.980120e+01 9.707722e+01 1.061908e+02 4.388166e+01 7.998901e+01 4.389232e+01 6.602657e+01 7.404081e+01 1.307960e+01 3.533999e-01 1.139670e+00 1.305138e+00 2.644150e+00 2.093961e+00 2.072511e+00 2.080714e+00 2.332446e+00 2.200503e+00 2.130397e+00 1.953417e+00 1.626131e+00 4.115592e-01 1.479429e-01 2.015445e-01 2.465378e-01 3.874025e-01 4.489531e-01 4.865043e-01 4.391650e-01 4.201874e-01 4.439925e-01 3.667926e-01 3.916609e-01 3.433864e-01 1.755625e-01
<GCONST> 1.108297e+02
<STATE> 4
<MEAN> 39
 -9.942442e-01 7.877350e+00 2.056199e+00 -8.653519e+00 -7.687603e+00 1.709302e+00 -3.397063e+00 -1.196294e+01 -8.413273e+00 -1.018424e+01 -2.790626e+00 -3.984145e-01 7.274935e+01 -1.770801e+00 8.705174e-01 3.697649e-01 3.195115e+00 2.946804e+00 3.574467e-01 1.560850e-01 1.575551e+00 -9.174703e-02 3.341759e-01 -4.321416e-01 -4.792888e-01 -1.981530e+00 -5.258903e-01 -3.125145e-01 -1.884745e-01 1.644520e-01 2.415631e-01 1.160225e-01 1.282495e-01 3.062106e-01 4.392821e-01 3.805277e-01 1.409962e-01 -1.082229e-02 -2.388997e-01
<VARIANCE> 39
 2.386457e+01 2.793349e+01 3.869009e+01 4.176005e+01 4.380473e+01 7.508530e+01 7.285023e+01 5.477526e+01 7.284364e+01 4.090168e+01 5.479175e+01 5.753371e+01 2.385356e+01 5.465976e+00 2.771817e+00 3.055811e+00 4.250440e+00 4.239613e+00 5.449819e+00 4.310817e+00 3.812032e+00 4.983476e+00 3.649249e+00 4.473044e+00 3.094439e+00 4.291733e+00 5.735236e-01 4.768024e-01 3.594250e-01 7.491318e-01 6.444232e-01 6.267210e-01 5.355511e-01 6.930145e-01 8.921103e-01 5.732656e-01 5.011914e-01 4.266970e-01 4.911801e-01
<GCONST> 1.319603e+02
<TRANSP> 5
 0.000000e+00 1.000000e+00 0.000000e+00 0.000000e+00 0.000000e+00
 0.000000e+00 7.801975e-01 2.198026e-01 0.000000e+00 0.000000e+00
 0.000000e+00 0.000000e+00 7.181103e-01 2.818897e-01 0.000000e+00
 0.000000e+00 0.000000e+00 0.000000e+00 6.085961e-01 3.914039e-01
 0.000000e+00 0.000000e+00 0.000000e+00 0.000000e+00 0.000000e+00
<ENDHMM>
~h "M"
<BEGINHMM>
<NUMSTATES> 5
<STATE> 2
<MEAN> 39
 3.944340e+00 -1.992476e+00 3.433065e+00 2.201915e+00 -6.531837e+00 -4.484858e-01 -5.588768e+00 -1.180087e+01 -8.104506e+00 -1.743074e+01 -6.148531e+00 1.574237e+00 7.377448e+01 1.667398e-01 6.961167e-01 1.645746e+00 8.949196e-01 1.392218e+00 -3.555988e-01 4.822422e-01 6.569691e-01 -1.802411e+00 -1.655051e+00 2.759869e-02 3.273346e-01 -1.250581e+00 -2.913426e-01 2.019271e-01 -1.938134e-01 9.268247e-03 -1.454629e-01 -3.103454e-01 -6.095796e-02 1.046470e-01 3.174255e-01 5.285274e-01 1.340672e-01 -1.940131e-01 9.347218e-02
<VARIANCE> 39
 6.948505e+00 1.046850e+01 4.719476e+01 3.915656e+01 6.004795e+01 6.305479e+01 8.655122e+01 7.246677e+01 7.511092e+01 5.795159e+01 7.101246e+01 9.635133e+01 8.932291e+00 4.293605e-01 9.531379e-01 2.415428e+00 2.290569e+00 2.775916e+00 2.664663e+00 2.027761e+00 2.171850e+00 3.230005e+00 5.431122e+00 2.662232e+00 2.970235e+00 6.474225e-01 8.734515e-02 1.220903e-01 4.579728e-01 3.376323e-01 4.720847e-01 4.648651e-01 3.532540e-01 3.567679e-01 4.883403e-01 7.647778e-01 3.510675e-01 4.487791e-01 1.046312e-01
<GCONST> 1.135809e+02
<STATE> 3
<MEAN> 39
 3.794313e+00 2.990128e+00 6.197234e+00 4.589084e+00 -1.324418e+00 -4.642492e+00 -4.392374e+00 -8.992014e+00 -1.382797e+01 -1.715499e+01 -3.227659e+00 1.745522e+00 7.019475e+01 -5.664135e-01 1.652097e+00 5.819905e-01 3.273802e-01 5.856456e-01 -4.480822e-01 2.340577e-01 9.477610e-01 1.132177e-01 8.760852e-01 -6.742913e-03 -3.209473e-01 -1.463392e+00 -4.967283e-01 -2.547611e-03 -1.657048e-01 -1.494976e-01 -1.191069e-01 5.014541e-01 -5.196765e-02 1.271766e-01 6.962479e-01 6.994247e-01 -1.684067e-01 -2.436925e-01 -2.100904e-01
<VARIANCE> 39
 9.011847e+00 1.256745e+01 3.254308e+01 2.204941e+01 6.032072e+01 6.126467e+01 7.954881e+01 7.831654e+01 8.144764e+01 5.016517e+01 9.210448e+01 1.141374e+02 8.805832e+00 8.510093e-01 1.028262e+00 1.319748e+00 1.379946e+00 2.091187e+00 2.057298e+00 2.086389e+00 2.654931e+00 2.924957e+00 3.014022e+00 2.616335e+00 2.263335e+00 1.247486e+00 2.844982e-01 2.325121e-01 4.485125e-01 2.726783e-01 6.162422e-01 4.683445e-01 5.067499e-01 5.241287e-01 6.818528e-01 8.818635e-01 7.120978e-01 7.707332e-01 3.145767e-01
<GCONST> 1.178484e+02
<STATE> 4
<MEAN> 39
 4.233921e-02 7.314452e+00 8.471061e+00 5.131355e+00 -6.951574e-01 -3.414260e+00 -4.126595e+00 -6.180412e+00 -1.073685e+01 -1.371037e+01 -5.202527e+00 8.852413e-02 6.504967e+01 -2.898920e+00 8.343427e-01 -2.245325e-01 -1.407655e-02 9.975797e-01 1.444763e+00 4.494619e-01 1.516860e+00 1.717277e+00 2.380286e+00 -1.815379e-01 -8.542364e-01 -2.272881e+00 -5.262494e-01 -9.621308e-01 -8.914534e-01 -5.443003e-01 -1.593754e-01 3.168935e-01 -1.622666e-02 -2.006375e-01 4.979987e-01 5.214735e-01 3.562555e-01 8.667676e-02 6.749058e-01
<VARIANCE> 39
 2.565842e+01 1.852838e+01 4.007056e+01 2.696991e+01 4.345241e+01 3.815821e+01 5.569785e+01 6.451086e+01 4.598258e+01 4.734943e+01 6.243254e+01 9.898469e+01 2.681097e+01 4.510237e+00 2.782937e+00 4.702524e+00 2.803304e+00 4.232642e+00 4.260304e+00 4.426299e+00 3.963092e+00 4.595999e+00 6.597739e+00 5.355850e+00 6.457995e+00 4.614522e+00 6.072301e-01 4.595029e-01 7.038627e-01 5.354121e-01 5.665210e-01 6.569684e-01 5.872266e-01 8.799717e-01 6.237230e-01 8.858404e-01 7.418032e-01 8.792357e-01 1.005597e+00
<GCONST> 1.345648e+02
<TRANSP> 5
 0.000000e+00 1.000000e+00 0.000000e+00 0.000000e+00 0.000000e+00
 0.000000e+00 7.609393e-01 2.390606e-01 0.000000e+00 0.000000e+00
 0.000000e+00 0.000000e+00 6.541233e-01 3.458768e-01 0.000000e+00
 0.000000e+00 0.000000e+00 0.000000e+00 4.458479e-01 5.541521e-01
 0.000000e+00 0.000000e+00 0.000000e+00 0.000000e+00 0.000000e+00
<ENDHMM>
~h "N"
<BEGINHMM>
<NUMSTATES> 5
<STATE> 2
<MEAN> 39
 2.454303e+00 7.100468e-01 2.579035e+00 3.518967e+00 -6.302943e+00 -5.586934e+00 -8.118707e+00 -1.146876e+01 -7.331177e+00 -1.385066e+01 -3.477921e-01 -6.943483e-01 7.422191e+01 5.372509e-01 7.380637e-01 1.624037e+00 1.097936e+00 7.351508e-01 -1.012041e+00 3.886808e-01 2.681641e-01 -1.865726e+00 -8.427017e-01 6.578425e-01 4.665453e-01 -1.458120e+00 -1.793718e-01 9.602550e-02 -1.254444e-01 -1.897249e-02 -8.752316e-02 -8.677049e-02 1.378974e-01 8.526544e-02 2.003035e-01 2.518986e-01 -1.689526e-01 -7.805482e-02 7.420760e-03
<VARIANCE> 39
 7.123632e+00 1.511306e+01 5.693785e+01 3.972005e+01 6.523884e+01 5.874849e+01 7.063508e+01 7.809321e+01 7.184563e+01 4.331068e+01 5.808155e+01 1.458616e+02 1.256429e+01 5.174778e-01 1.132316e+00 3.144134e+00 2.571919e+00 2.266482e+00 3.008270e+00 2.771322e+00 4.058897e+00 3.481927e+00 4.606913e+00 3.557553e+00 3.034118e+00 6.269788e-01 9.480096e-02 1.582073e-01 5.161444e-01 4.127784e-01 3.661974e-01 4.975221e-01 4.004226e-01 5.422330e-01 5.659689e-01 5.929151e-01 5.641871e-01 4.786951e-01 9.287733e-02
<GCONST> 1.173944e+02
<STATE> 3
<MEAN> 39
 3.416271e+00 5.204263e+00 5.880353e+00 6.473620e+00 -2.009565e+00 -1.013488e+01 -6.035172e+00 -1.009266e+01 -1.224797e+01 -1.493513e+01 7.461615e-01 1.032662e+00 6.969234e+01 -6.008328e-01 1.655921e+00 6.748655e-01 2.051331e-01 1.010715e+00 1.269856e-01 5.779025e-01 8.847155e-01 -3.229140e-01 2.062811e-01 -7.473785e-01 3.155331e-01 -1.927094e+00 -7.941288e-01 -3.358595e-01 -6.175832e-01 -5.418485e-01 3.598921e-02 1.104719e+00 -1.455173e-01 2.604840e-01 9.334390e-01 6.331679e-01 -3.627591e-01 -2.616976e-01 6.499892e-02
<VARIANCE> 39
 7.711573e+00 1.635666e+01 3.336283e+01 2.367185e+01 8.248062e+01 4.487585e+01 7.018692e+01 8.066264e+01 5.825053e+01 4.838028e+01 5.638625e+01 1.475625e+02 9.442273e+00 1.117530e+00 1.199882e+00 1.727471e+00 1.771167e+00 2.293142e+00 4.259379e+00 2.478192e+00 3.285072e+00 3.220757e+00 2.785638e+00 2.349400e+00 2.486758e+00 1.438631e+00 2.463688e-01 4.941362e-01 5.926599e-01 4.652109e-01 7.708094e-01 7.494693e-01 7.722299e-01 9.248359e-01 7.678409e-01 8.946205e-01 7.272261e-01 8.653491e-01 4.293833e-01
<GCONST> 1.234066e+02
<STATE> 4
<MEAN> 39
 2.111757e-01 8.781417e+00 7.464775e+00 5.762679e+00 -9.906912e-02 -6.092377e+00 -5.621911e+00 -6.794944e+00 -1.100629e+01 -1.376295e+01 -2.126700e+00 7.926691e-01 6.432841e+01 -3.125568e+00 -4.247959e-01 -1.330930e+00 -1.235823e+00 1.150901e+00 2.824092e+00 1.788380e-01 1.500414e+00 1.966157e+00 2.138385e+00 -7.920314e-01 -5.439243e-01 -1.318810e+00 -6.498486e-01 -1.190669e+00 -1.103558e+00 -8.255129e-01 -4.421964e-01 3.626565e-01 -2.786552e-01 -1.843965e-01 8.541589e-01 7.641686e-01 4.491564e-01 -1.143963e-01 1.292604e+00
<VARIANCE> 39
 1.789437e+01 1.880412e+01 3.089853e+01 2.156773e+01 5.386211e+01 3.351038e+01 4.084567e+01 5.431957e+01 3.829283e+01 3.119751e+01 4.729425e+01 1.064448e+02 3.167954e+01 2.688912e+00 5.304734e+00 4.428170e+00 3.670007e+00 6.367623e+00 5.094516e+00 5.637881e+00 5.651941e+00 5.409351e+00 5.913126e+00 4.188742e+00 7.055337e+00 5.249174e+00 4.199046e-01 5.732552e-01 6.660169e-01 6.133528e-01 5.767955e-01 8.345181e-01 6.018010e-01 8.797297e-01 6.038063e-01 6.111423e-01 6.336913e-01 6.475324e-01 8.226532e-01
<GCONST> 1.333928e+02
<TRANSP> 5
 0.000000e+00 1.000000e+00 0.000000e+00 0.000000e+00 0.000000e+00
 0.000000e+00 7.688370e-01 2.311630e-01 0.000000e+00 0.000000e+00
 0.000000e+00 0.000000e+00 5.772149e-01 4.227851e-01 0.000000e+00
 0.000000e+00 0.000000e+00 0.000000e+00 3.380994e-01 6.619006e-01
 0.000000e+00 0.000000e+00 0.000000e+00 0.000000e+00 0.000000e+00
<ENDHMM>
~h "O"
<BEGINHMM>
<NUMSTATES> 5
<STATE> 2
<MEAN> 39
 1.961477e+00 1.596700e-01 -5.682727e+00 -1.458452e+01 -1.765966e+01 3.847703e+00 -2.039401e+00 -1.067005e+01 -3.813242e+00 -7.887878e+00 -2.657318e+00 -2.788130e+00 7.935899e+01 2.329582e-01 -8.290976e-01 -5.797579e-01 -8.139291e-01 -2.682228e-01 7.738594e-01 8.769484e-01 1.704925e-01 -2.619357e-01 -4.354986e-02 -3.113654e-03 -9.942247e-02 5.089495e-01 -3.402368e-01 3.996423e-02 1.013710e-01 5.449152e-01 7.366769e-01 -1.808207e-01 -2.254875e-01 5.450944e-02 -1.589968e-02 4.213978e-02 3.360475e-02 1.344995e-02 -2.370290e-01
<VARIANCE> 39
 1.120532e+01 2.523061e+01 3.140578e+01 9.614047e+01 3.984132e+01 6.677535e+01 7.346566e+01 5.166187e+01 4.634923e+01 4.134393e+01 9.280402e+01 8.690156e+01 1.120963e+01 6.035737e-01 9.094799e-01 1.275931e+00 2.244106e+00 2.695799e+00 2.333440e+00 2.444734e+00 2.483616e+00 2.174221e+00 2.134169e+00 2.577337e+00 1.880476e+00 5.516278e-01 2.491573e-01 2.120202e-01 2.672801e-01 3.750735e-01 6.084894e-01 4.754994e-01 4.672728e-01 5.028279e-01 5.258539e-01 5.230289e-01 5.978299e-01 4.488393e-01 1.115949e-01
<GCONST> 1.143168e+02
<STATE> 3
<MEAN> 39
 1.474830e+00 -2.674204e+00 -6.676347e+00 -1.300314e+01 -1.467370e+01 4.965540e+00 -2.153141e+00 -1.114048e+01 -4.233367e+00 -7.261133e+00 -9.899516e-02 -3.029040e+00 8.103779e+01 -1.746147e-01 -1.003466e-01 -2.038000e-02 9.664399e-01 8.818955e-01 -5.650602e-01 -8.853197e-01 -4.338505e-01 2.603382e-01 1.532689e-01 1.777945e-01 -1.970725e-01 -3.739364e-02 -6.135644e-02 2.892724e-01 3.635495e-01 5.300291e-01 2.738242e-01 -3.232782e-01 -4.011288e-01 -4.739806e-02 5.666836e-02 -9.930702e-02 -9.578943e-02 6.205631e-02 -3.258294e-01
<VARIANCE> 39
 9.576824e+00 2.171324e+01 2.895654e+01 6.806674e+01 3.174772e+01 6.712331e+01 7.724246e+01 6.087485e+01 4.208318e+01 3.415113e+01 7.859652e+01 1.010581e+02 9.712938e+00 2.803867e-01 7.908530e-01 1.083600e+00 2.169619e+00 1.836313e+00 2.358265e+00 2.650673e+00 2.205244e+00 2.113804e+00 2.169568e+00 2.550780e+00 2.049694e+00 3.099073e-01 7.489431e-02 1.236289e-01 2.186552e-01 2.344998e-01 4.032893e-01 3.946051e-01 4.180195e-01 4.454153e-01 4.476033e-01 3.897024e-01 4.573380e-01 3.595731e-01 9.870178e-02
<GCONST> 1.067917e+02
<STATE> 4
<MEAN> 39
 1.023230e+00 -7.885618e-01 -4.218764e+00 -6.588266e+00 -1.130936e+01 9.959962e-01 -7.244531e+00 -1.284182e+01 -2.909724e+00 -7.278167e+00 -2.334637e-01 -2.333300e+00 7.884802e+01 -4.986034e-01 1.171127e+00 1.888346e+00 2.716926e+00 2.302088e+00 -8.556976e-01 -1.096715e+00 3.565675e-01 -3.131009e-01 -6.575755e-01 -4.941576e-01 2.338457e-01 -2.001927e+00 -2.792256e-01 2.122827e-01 3.697363e-01 2.887358e-01 3.598644e-01 1.355837e-01 3.762754e-01 4.438542e-01 -2.607692e-01 -1.358912e-01 -1.599282e-01 6.186928e-02 -5.577766e-01
<VARIANCE> 39
 1.321577e+01 2.417161e+01 3.638929e+01 6.240951e+01 4.717628e+01 7.128789e+01 1.103278e+02 5.663206e+01 5.069047e+01 4.710261e+01 7.712552e+01 9.944846e+01 1.567487e+01 1.786204e+00 1.943451e+00 2.646844e+00 3.360562e+00 4.503508e+00 5.272797e+00 4.469039e+00 4.544460e+00 4.837338e+00 4.200453e+00 4.217997e+00 3.401820e+00 2.448880e+00 4.201045e-01 3.320986e-01 4.135587e-01 5.735357e-01 6.672568e-01 6.553931e-01 7.814464e-01 7.057976e-01 8.467404e-01 6.383787e-01 6.735319e-01 5.616904e-01 3.346342e-01
<GCONST> 1.301745e+02
<TRANSP> 5
 0.000000e+00 1.000000e+00 0.000000e+00 0.000000e+00 0.000000e+00
 0.000000e+00 6.581377e-01 3.418623e-01 0.000000e+00 0.000000e+00
 0.000000e+00 0.000000e+00 7.280465e-01 2.719535e-01 0.000000e+00
 0.000000e+00 0.000000e+00 0.000000e+00 5.589665e-01 4.410335e-01
 0.000000e+00 0.000000e+00 0.000000e+00 0.000000e+00 0.000000e+00
<ENDHMM>
~h "R"
<BEGINHMM>
<NUMSTATES> 5
<STATE> 2
<MEAN> 39
 -4.257761e-01 -3.775821e+00 -4.537382e+00 3.793380e+00 -9.970047e+00 -5.032004e+00 -9.919905e+00 -1.380262e+01 -4.125772e+00 -2.773552e+00 1.603415e+00 -3.723708e+00 7.813029e+01 2.671375e-01 4.146347e-01 -9.425061e-02 7.659816e-01 3.325315e-01 4.694938e-01 -9.298027e-02 8.617227e-02 -1.377921e+00 -3.854414e-01 1.654268e-01 -2.326282e-03 -8.192905e-01 -1.334889e-01 3.238806e-01 1.952367e-01 -3.756741e-01 1.832016e-01 1.779901e-01 -4.465373e-02 2.465492e-01 1.197617e-02 -3.517650e-01 -1.573386e-01 -9.482810e-02 -1.421989e-01
<VARIANCE> 39
 1.814454e+01 1.278126e+01 4.873503e+01 5.103061e+01 5.831961e+01 6.834758e+01 7.377299e+01 6.022984e+01 5.530460e+01 3.953855e+01 5.398490e+01 6.494019e+01 1.268852e+01 1.454281e+00 1.245399e+00 3.264256e+00 3.377136e+00 4.594192e+00 3.140591e+00 4.328133e+00 4.981822e+00 5.206775e+00 4.050608e+00 4.299281e+00 2.641508e+00 9.796734e-01 3.108197e-01 2.428834e-01 6.786671e-01 6.228012e-01 1.052486e+00 6.978192e-01 8.223955e-01 8.635637e-01 9.365860e-01 7.855030e-01 7.555977e-01 5.037232e-01 3.428036e-01
<GCONST> 1.277781e+02
<STATE> 3
<MEAN> 39
 7.862704e-01 -5.756668e-01 -5.095820e+00 4.333030e+00 -6.943829e+00 -2.224710e+00 -7.842233e+00 -1.241768e+01 -8.631193e+00 -5.485199e+00 1.955187e+00 -1.828955e+00 7.568311e+01 -8.581715e-01 1.677810e+00 1.483531e+00 -3.642739e-01 1.548869e+00 1.076679e+00 6.295604e-01 9.009877e-01 -8.559821e-01 -5.492083e-01 -7.678413e-01 -6.214847e-02 -1.616560e+00 -6.309370e-01 1.679510e-01 5.090669e-01 -1.482631e-01 4.615109e-01 4.709689e-02 3.473849e-01 3.078415e-01 6.440265e-01 1.628112e-01 -4.053878e-01 7.244639e-02 -4.855932e-01
<VARIANCE> 39
 2.353461e+01 1.444501e+01 5.423981e+01 4.608283e+01 5.276133e+01 5.834173e+01 8.978212e+01 4.771941e+01 5.002198e+01 4.882377e+01 4.945022e+01 5.919428e+01 1.548517e+01 2.415620e+00 1.807083e+00 3.582040e+00 3.091204e+00 5.857110e+00 4.098897e+00 3.657471e+00 4.432647e+00 4.816722e+00 3.378019e+00 4.184187e+00 2.493494e+00 2.866744e+00 5.690928e-01 3.073381e-01 7.525801e-01 7.057475e-01 1.055704e+00 7.194975e-01 8.445753e-01 9.838995e-01 9.180465e-01 6.617250e-01 6.776041e-01 5.027734e-01 7.350742e-01
<GCONST> 1.315575e+02
<STATE> 4
<MEAN> 39
 -3.231418e+00 3.104393e+00 -1.562707e-01 3.128508e+00 -2.332819e+00 9.787917e-03 -6.375500e+00 -9.907509e+00 -8.473642e+00 -5.646060e+00 -1.571596e+00 -2.681590e+00 7.141298e+01 -2.290072e+00 1.415737e+00 1.852042e+00 4.799262e-03 2.591630e+00 9.606454e-01 1.337065e+00 1.622077e+00 5.634456e-01 -5.109080e-02 -1.015812e+00 2.663221e-01 -2.993444e+00 -4.536552e-01 -5.615922e-01 -3.002392e-01 -2.747311e-02 -1.043720e-01 -1.569089e-01 1.274897e-01 3.012848e-01 6.683800e-01 3.311807e-01 2.518492e-01 1.726537e-01 -1.867455e-01
<VARIANCE> 39
 3.959750e+01 2.505178e+01 3.916675e+01 4.456161e+01 4.371472e+01 4.995901e+01 7.653912e+01 5.122516e+01 4.004047e+01 4.506121e+01 5.757088e+01 6.492188e+01 4.112206e+01 4.696160e+00 2.626458e+00 3.778095e+00 3.788860e+00 4.331932e+00 3.969176e+00 4.506579e+00 3.871654e+00 4.535848e+00 3.184847e+00 3.410653e+00 2.898807e+00 6.486418e+00 5.752458e-01 4.555146e-01 6.331603e-01 6.967683e-01 7.968060e-01 6.823042e-01 7.812770e-01 8.085219e-01 6.606882e-01 5.931681e-01 7.586816e-01 6.116403e-01 7.875729e-01
<GCONST> 1.339842e+02
<TRANSP> 5
 0.000000e+00 1.000000e+00 0.000000e+00 0.000000e+00 0.000000e+00
 0.000000e+00 6.739926e-01 3.260074e-01 0.000000e+00 0.000000e+00
 0.000000e+00 0.000000e+00 4.452871e-01 5.547129e-01 0.000000e+00
 0.000000e+00 0.000000e+00 0.000000e+00 3.656405e-01 6.343595e-01
 0.000000e+00 0.000000e+00 0.000000e+00 0.000000e+00 0.000000e+00
<ENDHMM>
~h "S"
<BEGINHMM>
<NUMSTATES> 5
<STATE> 2
<MEAN> 39
 -1.663820e+01 -7.325241e+00 6.268853e+00 5.548259e+00 4.105694e+00 -1.170337e+00 -3.400054e+00 -5.455449e+00 -4.815871e+00 1.043558e-03 -1.977037e+00 -2.024808e+00 7.918896e+01 -5.907064e+00 -2.732765e+00 3.917946e-01 -3.175099e-01 2.737118e+00 8.365346e-01 2.288020e+00 1.711692e+00 1.025639e+00 2.019626e+00 1.307219e+00 1.108610e+00 5.363651e-01 2.630499e-01 -2.169637e-01 -8.182104e-01 -4.865555e-01 -1.226784e+00 -1.796871e-01 -4.159411e-01 -1.860296e-01 3.013225e-01 -1.872856e-01 4.014035e-01 2.027030e-01 -1.138178e-01
<VARIANCE> 39
 7.989245e+01 3.048921e+01 5.313821e+01 2.598318e+01 7.817632e+01 3.401323e+01 6.664310e+01 4.797661e+01 3.635205e+01 4.401524e+01 5.855749e+01 4.209383e+01 6.706013e+00 2.396358e+00 2.946318e+00 5.231990e+00 2.807182e+00 6.612464e+00 4.690390e+00 4.564396e+00 3.567821e+00 3.917048e+00 3.667032e+00 5.253764e+00 2.782583e+00 9.999754e-01 1.568743e+00 8.258413e-01 4.616330e-01 3.907364e-01 8.687084e-01 6.392608e-01 8.296500e-01 7.766486e-01 7.810428e-01 7.676905e-01 1.027049e+00 5.146005e-01 1.864256e-01
<GCONST> 1.306549e+02
<STATE> 3
<MEAN> 39
 -2.881723e+01 -1.545435e+01 1.119553e+00 8.811046e-01 3.584022e+00 -1.599382e+00 -1.106050e+00 -2.853540e+00 -2.329478e+00 4.031067e+00 3.577370e+00 2.193881e+00 7.893951e+01 1.460436e-01 3.362148e-01 -6.537085e-01 -7.797057e-01 -5.151728e-01 9.796581e-02 6.990830e-02 -3.066402e-01 3.206386e-02 1.348574e-01 2.528768e-01 3.018267e-01 -6.352811e-01 1.492200e+00 1.031115e+00 1.741531e-01 1.953937e-01 -2.004887e-01 1.189512e-01 -1.965867e-01 -2.510932e-01 -2.063386e-01 -4.469820e-01 -3.996467e-01 -2.672018e-01 -4.722402e-01
<VARIANCE> 39
 1.444680e+01 1.917298e+01 5.285486e+01 2.587531e+01 5.648539e+01 2.760495e+01 7.278067e+01 3.095349e+01 3.570905e+01 2.859639e+01 2.416903e+01 2.351239e+01 5.030648e+00 7.193201e+00 4.953187e+00 2.810519e+00 2.201657e+00 2.154919e+00 2.209714e+00 2.228581e+00 2.158609e+00 2.446355e+00 2.422311e+00 2.510618e+00 2.115084e+00 1.159723e+00 5.009808e-01 4.859915e-01 4.599281e-01 3.518870e-01 5.747190e-01 5.005950e-01 5.822758e-01 4.872634e-01 4.821360e-01 5.052185e-01 4.521054e-01 3.807943e-01 3.340329e-01
<GCONST> 1.165975e+02
<STATE> 4
<MEAN> 39
 -1.583806e+01 -4.903420e+00 4.633093e-01 -1.861587e-01 1.800808e+00 8.384728e-01 -1.263372e+00 -5.694623e+00 -4.079882e+00 7.464978e-01 1.065597e+00 7.757156e-01 7.387201e+01 4.609223e+00 3.047812e+00 -2.662807e-01 -1.910209e-01 -1.556816e+00 2.982307e-01 -6.520185e-01 -3.759378e-01 -5.048187e-01 -1.691822e+00 -8.243511e-01 -7.611563e-01 -2.211809e+00 -1.326124e-01 -5.225909e-01 -1.690423e-01 -4.926632e-02 -4.582512e-01 -1.803018e-01 -1.896579e-01 9.684940e-02 1.102202e-01 -1.258337e-01 6.453133e-02 -3.281718e-02 1.556896e-01
<VARIANCE> 39
 1.201466e+02 4.865597e+01 5.740754e+01 3.363530e+01 5.575977e+01 3.721224e+01 6.934422e+01 4.140924e+01 6.042785e+01 5.195464e+01 3.432864e+01 3.555550e+01 2.169577e+01 7.278604e+00 3.853478e+00 5.368741e+00 3.350872e+00 6.511998e+00 5.258816e+00 6.081152e+00 5.603211e+00 4.649138e+00 4.454820e+00 3.318740e+00 3.481737e+00 6.766251e+00 1.455385e+00 9.116661e-01 7.762281e-01 5.780450e-01 8.638049e-01 6.893387e-01 7.542872e-01 7.381638e-01 7.949104e-01 8.360215e-01 6.520984e-01 5.677022e-01 6.769931e-01
<GCONST> 1.390132e+02
<TRANSP> 5
 0.000000e+00 1.000000e+00 0.000000e+00 0.000000e+00 0.000000e+00
 0.000000e+00 6.647984e-01 3.352016e-01 0.000000e+00 0.000000e+00
 0.000000e+00 0.000000e+00 7.922639e-01 2.077361e-01 0.000000e+00
 0.000000e+00 0.000000e+00 0.000000e+00 5.998152e-01 4.001848e-01
 0.000000e+00 0.000000e+00 0.000000e+00 0.000000e+00 0.000000e+00
<ENDHMM>
~h "U"
<BEGINHMM>
<NUMSTATES> 5
<STATE> 2
<MEAN> 39
 7.874868e-01 3.606265e+00 -4.666002e-01 -6.121116e+00 -1.378083e+01 -3.599465e-01 -7.402054e+00 -1.514699e+01 -5.166363e+00 -1.208490e+01 -1.330748e+00 -1.064979e+00 7.628338e+01 9.122335e-01 -6.297374e-02 -2.410211e-02 -1.609728e-01 -9.577323e-01 7.620513e-02 7.111125e-02 -8.807691e-01 -3.266546e-01 -7.484595e-01 2.727516e-01 2.028261e-01 2.851142e-01 -7.124526e-01 -1.286868e-01 7.902352e-02 4.623420e-01 8.661795e-01 5.049721e-03 9.934487e-02 6.756135e-01 1.455771e-01 4.425310e-01 -1.013143e-01 -6.361651e-02 -4.025108e-01
<VARIANCE> 39
 1.302989e+01 3.722212e+01 3.006904e+01 7.565828e+01 5.494550e+01 7.057981e+01 1.368240e+02 5.214517e+01 5.939602e+01 5.306406e+01 8.473962e+01 7.970605e+01 1.789975e+01 2.851963e+00 2.306673e+00 2.025314e+00 4.100751e+00 5.933065e+00 4.065101e+00 5.336695e+00 4.836248e+00 4.854832e+00 3.977060e+00 4.412287e+00 3.018172e+00 1.646554e+00 5.092791e-01 5.026796e-01 5.163086e-01 6.184677e-01 8.797452e-01 7.639742e-01 1.006115e+00 8.754073e-01 1.045097e+00 8.658627e-01 8.712374e-01 6.059256e-01 2.993394e-01
<GCONST> 1.339946e+02
<STATE> 3
<MEAN> 39
 3.750145e-01 2.012254e+00 -1.098394e-01 -3.230338e+00 -1.173906e+01 2.152449e-01 -8.562899e+00 -1.537260e+01 -5.670243e+00 -1.137373e+01 8.555281e-02 -7.545729e-01 7.672811e+01 -7.586111e-01 3.393078e-01 6.543244e-01 1.171152e+00 1.768170e+00 -2.859051e-01 -2.054435e-01 9.256378e-01 -1.987994e-03 4.910905e-01 -3.776619e-01 -4.901356e-01 -7.134063e-01 -7.915179e-01 2.213471e-01 3.149824e-01 2.863111e-01 8.803515e-01 -3.560331e-02 2.130630e-01 7.767530e-01 1.913584e-01 3.318826e-01 -3.406634e-01 -1.440232e-01 -4.315346e-01
<VARIANCE> 39
 1.242299e+01 2.784584e+01 3.121951e+01 6.412460e+01 4.481000e+01 7.893739e+01 1.573193e+02 6.391081e+01 6.364402e+01 4.208313e+01 8.447395e+01 8.609850e+01 1.669408e+01 2.225451e+00 2.528541e+00 2.150518e+00 3.506617e+00 5.321560e+00 4.584534e+00 4.981252e+00 4.026344e+00 4.916519e+00 4.340376e+00 4.405094e+00 2.759798e+00 2.319010e+00 6.284016e-01 4.356695e-01 4.216183e-01 5.897386e-01 6.943994e-01 8.142267e-01 1.130869e+00 9.834089e-01 1.149208e+00 7.284095e-01 8.359594e-01 6.169456e-01 3.302732e-01
<GCONST> 1.333537e+02
<STATE> 4
<MEAN> 39
 -2.177399e+00 4.125991e+00 2.017028e+00 -1.623853e-01 -5.879509e+00 -3.775994e-01 -8.100728e+00 -1.179143e+01 -6.067979e+00 -1.008571e+01 -2.698705e+00 -2.132561e+00 7.376488e+01 -2.487562e+00 6.471514e-01 1.187140e+00 1.218903e+00 2.845462e+00 7.554793e-02 5.215619e-01 2.112489e+00 5.455921e-01 9.126526e-01 -7.415448e-01 -4.604496e-01 -1.413627e+00 -6.628730e-01 -1.978054e-01 -1.991143e-01 -2.408104e-01 -5.564538e-02 6.416202e-02 3.135644e-01 3.130924e-01 3.131149e-01 2.219842e-01 1.151227e-01 1.599648e-01 -1.187221e-01
<VARIANCE> 39
 3.478586e+01 2.917670e+01 3.589040e+01 6.098320e+01 6.997118e+01 7.085494e+01 1.167069e+02 5.741798e+01 5.687521e+01 4.252160e+01 5.901739e+01 7.192329e+01 3.861417e+01 7.830970e+00 3.528373e+00 3.422568e+00 4.246965e+00 5.962625e+00 6.117616e+00 6.172145e+00 5.548517e+00 6.307799e+00 4.696107e+00 4.537687e+00 3.113633e+00 4.955499e+00 5.589299e-01 4.673002e-01 5.688137e-01 6.798536e-01 8.843938e-01 6.959284e-01 9.064272e-01 8.119987e-01 9.796992e-01 7.580876e-01 7.284026e-01 5.461584e-01 3.139856e-01
<GCONST> 1.387085e+02
<TRANSP> 5
 0.000000e+00 1.000000e+00 0.000000e+00 0.000000e+00 0.000000e+00
 0.000000e+00 5.616833e-01 4.383167e-01 0.000000e+00 0.000000e+00
 0.000000e+00 0.000000e+00 4.415748e-01 5.584252e-01 0.000000e+00
 0.000000e+00 0.000000e+00 0.000000e+00 2.526701e-01 7.473299e-01
 0.000000e+00 0.000000e+00 0.000000e+00 0.000000e+00 0.000000e+00
<ENDHMM>
~h "W"
<BEGINHMM>
<NUMSTATES> 5
<STATE> 2
<MEAN> 39
 3.464577e+00 4.506488e+00 -2.625918e+00 -1.144835e+01 -1.987165e+01 1.439036e+00 -1.868662e+00 -1.200307e+01 -3.425030e+00 -1.186287e+01 -3.253031e+00 5.104812e-01 7.624519e+01 1.633350e-01 8.840037e-01 5.481861e-01 4.812066e-02 -3.805328e-01 -2.072803e-01 2.248497e-01 5.182872e-01 3.517248e-01 -7.707419e-01 -8.409720e-01 -1.093011e-01 -7.520026e-01 -1.349905e-01 -6.708290e-02 4.085800e-02 3.943390e-01 4.836743e-01 -8.863480e-02 -3.136340e-01 -1.126872e-01 5.409537e-02 1.578241e-01 1.307589e-01 -5.921160e-02 -4.824926e-02
<VARIANCE> 39
 9.318610e+00 2.725567e+01 3.580982e+01 6.315314e+01 4.266650e+01 6.475838e+01 9.320850e+01 5.500718e+01 6.703328e+01 3.569827e+01 8.827508e+01 6.966978e+01 1.559044e+01 2.623528e-01 8.505196e-01 7.881161e-01 1.563878e+00 2.333200e+00 1.691259e+00 2.197485e+00 1.923868e+00 2.194404e+00 2.265986e+00 2.370863e+00 1.733073e+00 3.803330e-01 5.202251e-02 1.329922e-01 1.754795e-01 2.542006e-01 3.675839e-01 4.129076e-01 3.250237e-01 3.835382e-01 4.649927e-01 3.744932e-01 4.244873e-01 3.684511e-01 8.182196e-02
<GCONST> 1.060723e+02
<STATE> 3
<MEAN> 39
 3.364628e+00 7.809965e+00 -3.223118e-01 -7.483956e+00 -1.626181e+01 2.200291e+00 -3.278625e+00 -1.101345e+01 -3.725194e+00 -1.523307e+01 -4.560455e+00 2.597766e+00 7.293243e+01 -6.836441e-01 9.984487e-02 3.215914e-01 1.855373e+00 2.771317e+00 2.576889e-01 -7.490297e-01 -9.797192e-02 -5.961228e-01 2.905563e-01 4.387828e-01 2.616154e-02 -9.248821e-01 -4.945677e-01 -3.181960e-01 1.655060e-01 6.069571e-01 8.174385e-01 -1.806641e-01 -1.819339e-01 1.266879e-01 -2.534982e-02 6.433820e-01 1.964628e-01 -2.640192e-01 -9.224398e-02
<VARIANCE> 39
 8.895767e+00 3.821764e+01 3.207898e+01 4.872401e+01 4.283838e+01 7.892551e+01 9.781710e+01 5.355957e+01 9.648470e+01 4.388352e+01 8.719547e+01 6.107409e+01 2.635219e+01 8.380018e-01 2.035267e+00 1.809209e+00 2.739713e+00 3.997053e+00 3.668703e+00 3.786741e+00 5.549934e+00 4.965527e+00 3.568275e+00 4.383178e+00 2.891418e+00 2.588594e+00 2.913453e-01 3.709484e-01 4.258485e-01 4.117561e-01 6.907218e-01 8.925691e-01 6.780164e-01 7.815039e-01 1.061450e+00 7.318300e-01 7.718629e-01 5.445765e-01 3.491985e-01
<GCONST> 1.287274e+02
<STATE> 4
<MEAN> 39
 -4.892832e-01 5.550490e+00 8.645706e-01 -1.225287e+00 -7.553916e+00 1.678247e+00 -8.745573e+00 -1.168791e+01 -5.946240e+00 -1.137698e+01 -1.741534e+00 -3.334975e-01 7.215437e+01 -2.557252e+00 -1.953028e-01 1.531672e+00 2.690328e+00 3.658081e+00 -9.058293e-01 -4.948441e-01 1.261625e+00 6.404502e-01 1.533788e+00 -2.318161e-01 -1.064897e+00 -1.100306e+00 -6.836470e-01 -1.985096e-01 5.831157e-02 -3.922506e-01 -3.070011e-01 -1.367921e-01 4.852177e-01 5.236790e-01 3.999276e-01 1.673554e-01 -8.623825e-02 2.768252e-02 2.354825e-02
<VARIANCE> 39
 2.286161e+01 3.839566e+01 3.635110e+01 7.051894e+01 6.064914e+01 6.807792e+01 1.280945e+02 6.759134e+01 7.517194e+01 4.262428e+01 7.221033e+01 7.278600e+01 5.064269e+01 5.498343e+00 3.438100e+00 3.940691e+00 4.061233e+00 6.444517e+00 8.293873e+00 6.446636e+00 5.632665e+00 6.751244e+00 5.606856e+00 6.304394e+00 3.233643e+00 4.993673e+00 5.695579e-01 6.707062e-01 8.412420e-01 7.326724e-01 1.008335e+00 9.346218e-01 1.121198e+00 1.223536e+00 1.205269e+00 9.027270e-01 9.653513e-01 6.873301e-01 6.345139e-01
<GCONST> 1.438295e+02
<TRANSP> 5
 0.000000e+00 1.000000e+00 0.000000e+00 0.000000e+00 0.000000e+00
 0.000000e+00 8.147304e-01 1.852696e-01 0.000000e+00 0.000000e+00
 0.000000e+00 0.000000e+00 5.766134e-01 4.233866e-01 0.000000e+00
 0.000000e+00 0.000000e+00 0.000000e+00 4.335302e-01 5.664698e-01
 0.000000e+00 0.000000e+00 0.000000e+00 0.000000e+00 0.000000e+00
<ENDHMM>
~h "Z"
<BEGINHMM>
<NUMSTATES> 5
<STATE> 2
<MEAN> 39
 -5.684333e+00 -2.392118e+00 2.798907e+00 3.043014e+00 -1.182113e+00 -5.425386e+00 -8.938889e+00 -1.162976e+01 -1.087403e+01 -3.803436e+00 -1.791989e+00 -2.450233e+00 7.847464e+01 -3.744735e+00 -4.530773e-01 2.697806e+00 3.680229e-01 3.579029e+00 5.067810e-04 8.096024e-01 1.089410e+00 -1.354268e+00 4.466712e-01 -7.121918e-01 4.497749e-01 7.482351e-01 -4.124285e-01 -8.995635e-02 4.611403e-03 1.466140e-01 -3.736054e-01 4.321879e-01 3.054499e-01 1.667467e-01 6.123843e-01 -3.183244e-01 4.966263e-03 -1.248663e-02 -5.168697e-02
<VARIANCE> 39
 3.315682e+01 2.071054e+01 5.766785e+01 3.142038e+01 9.950732e+01 5.032290e+01 7.237621e+01 5.466994e+01 4.378428e+01 4.642723e+01 3.943001e+01 4.475102e+01 1.087736e+01 2.349133e+00 2.282534e+00 2.564082e+00 3.205652e+00 5.327534e+00 5.151780e+00 5.766039e+00 4.901585e+00 5.622610e+00 5.492077e+00 4.582113e+00 2.806159e+00 1.703230e+00 6.500123e-01 2.852671e-01 6.326562e-01 4.047306e-01 8.806931e-01 6.028031e-01 6.934096e-01 7.476210e-01 6.702709e-01 6.973176e-01 6.080074e-01 5.140100e-01 1.921658e-01
<GCONST> 1.290381e+02
<STATE> 3
<MEAN> 39
 -1.707240e+01 -4.725749e+00 8.660459e+00 6.491424e+00 6.570784e+00 -2.216865e+00 -5.294503e+00 -6.952325e+00 -9.839033e+00 -3.522473e+00 -2.312734e+00 -1.381280e+00 7.989465e+01 -4.477050e-01 1.814661e-01 -9.552340e-02 -5.290840e-02 1.594122e-01 2.795932e-01 5.190404e-01 8.371913e-02 1.890199e-01 -1.771209e-02 -7.767595e-03 7.224265e-02 -1.110093e-01 1.605666e+00 4.969767e-01 -7.943385e-01 -4.766956e-01 -1.070161e+00 -1.749723e-01 -3.533685e-01 -4.192294e-01 7.012449e-02 -2.035389e-01 1.109353e-01 -7.227845e-02 -3.231316e-01
<VARIANCE> 39
 3.152257e+01 2.443129e+01 3.735868e+01 2.524498e+01 8.591764e+01 4.159190e+01 6.161327e+01 4.516053e+01 4.407766e+01 6.366339e+01 4.171973e+01 4.097166e+01 3.994033e+00 7.935898e+00 2.298201e+00 2.645533e+00 2.617828e+00 3.671526e+00 2.590745e+00 2.657970e+00 2.830873e+00 2.257460e+00 2.116229e+00 1.973436e+00 1.613962e+00 4.550819e-01 5.204743e-01 4.485909e-01 4.243693e-01 4.339216e-01 5.724209e-01 6.537492e-01 5.987431e-01 5.905200e-01 6.060427e-01 7.271713e-01 5.403916e-01 3.870010e-01 1.613853e-01
<GCONST> 1.197207e+02
<STATE> 4
<MEAN> 39
 -5.564607e+00 7.661103e-01 1.390736e+00 1.614719e+00 1.997322e-01 -3.966693e+00 -4.868015e+00 -1.030356e+01 -1.082188e+01 -5.739645e+00 -1.958768e+00 -1.562773e+00 7.703192e+01 3.854511e+00 1.451156e+00 -1.807728e+00 -9.281585e-01 -2.561665e+00 -2.661568e-02 -3.495132e-01 -3.298010e-01 5.454943e-01 -1.040787e+00 1.560166e-01 -4.798624e-01 -1.297958e+00 -2.201140e-01 -3.061959e-01 2.589533e-01 2.496605e-01 -1.756880e-01 2.523373e-01 2.414696e-02 2.171541e-01 3.299285e-01 -1.977540e-01 -3.534665e-02 -6.079058e-02 4.235854e-03
<VARIANCE> 39
 5.876897e+01 2.703183e+01 7.238714e+01 3.000313e+01 7.830521e+01 4.464060e+01 7.724287e+01 5.917015e+01 4.456514e+01 5.409076e+01 3.795318e+01 3.941770e+01 1.184971e+01 3.521620e+00 3.404796e+00 5.015707e+00 3.247684e+00 5.843715e+00 5.062746e+00 4.829585e+00 4.821520e+00 4.580381e+00 6.856660e+00 3.877522e+00 2.689283e+00 1.825982e+00 1.163583e+00 4.265336e-01 8.277802e-01 4.103812e-01 6.610925e-01 7.457530e-01 6.660179e-01 7.579619e-01 6.454717e-01 8.212603e-01 6.271797e-01 4.964741e-01 2.806198e-01
<GCONST> 1.328484e+02
<TRANSP> 5
 0.000000e+00 1.000000e+00 0.000000e+00 0.000000e+00 0.000000e+00
 0.000000e+00 6.053828e-01 3.946172e-01 0.000000e+00 0.000000e+00
 0.000000e+00 0.000000e+00 7.494325e-01 2.505675e-01 0.000000e+00
 0.000000e+00 0.000000e+00 0.000000e+00 6.641049e-01 3.358951e-01
 0.000000e+00 0.000000e+00 0.000000e+00 0.000000e+00 0.000000e+00
<ENDHMM>
~h "a"
<BEGINHMM>
<NUMSTATES> 5
<STATE> 2
<MEAN> 39
 1.348058e-01 -2.536580e+00 -3.569496e+00 -3.023448e+00 -9.925388e+00 -2.011178e+00 -1.104772e+01 -1.112296e+01 -1.468048e+00 -3.604957e+00 1.514668e+00 -2.648883e+00 7.963770e+01 1.295553e+00 -8.862281e-01 -2.026102e-02 1.839320e-02 -1.712767e+00 -5.694192e-01 -1.279912e+00 -4.183226e-01 7.288430e-01 2.589233e-02 1.626047e-01 -9.634615e-01 1.552816e+00 -7.527088e-01 2.681206e-01 2.880110e-01 4.571125e-01 6.441733e-01 6.663788e-02 4.596300e-01 5.432709e-01 -1.192996e-01 -1.780024e-01 -2.382038e-01 1.746164e-01 -8.623377e-01
<VARIANCE> 39
 1.411201e+01 2.105663e+01 3.115646e+01 5.848151e+01 4.879715e+01 7.673579e+01 9.446570e+01 6.069478e+01 4.910353e+01 3.987677e+01 6.254890e+01 8.867551e+01 1.364185e+01 3.717998e+00 2.372446e+00 2.788116e+00 4.065747e+00 5.493466e+00 5.436104e+00 5.006289e+00 4.199989e+00 4.521434e+00 4.144730e+00 4.104810e+00 4.544369e+00 3.391154e+00 6.212546e-01 4.676311e-01 6.689525e-01 6.266319e-01 7.513301e-01 8.721949e-01 7.562147e-01 7.817081e-01 8.231630e-01 7.467813e-01 7.789489e-01 6.804316e-01 4.757233e-01
<GCONST> 1.337823e+02
<STATE> 3
<MEAN> 39
 -4.795606e-01 -4.415747e+00 -3.938305e+00 -3.133408e+00 -1.166177e+01 -2.525767e+00 -1.332900e+01 -9.391860e+00 1.187755e-01 -3.657704e+00 1.078242e+00 -5.644482e+00 8.137119e+01 -5.420608e-02 2.965305e-01 5.080394e-01 8.118877e-01 -5.111668e-02 -3.599955e-01 -1.231279e-01 1.882857e-01 -1.637616e-01 -5.051377e-01 -3.095051e-01 1.905772e-02 -2.171358e-01 -3.930849e-01 6.036476e-01 4.499119e-01 3.895533e-01 7.502254e-01 5.957121e-02 5.200871e-01 7.780002e-02 -5.050910e-01 -3.126211e-01 -1.860809e-01 3.941207e-01 -8.075689e-01
<VARIANCE> 39
 9.639383e+00 1.757313e+01 2.776823e+01 6.186322e+01 4.239988e+01 7.997910e+01 9.185574e+01 6.320493e+01 4.989446e+01 4.591535e+01 6.569432e+01 1.057597e+02 1.034647e+01 9.986767e-01 1.528309e+00 1.717836e+00 2.571353e+00 3.729059e+00 3.341905e+00 2.868116e+00 3.318421e+00 3.315121e+00 2.727732e+00 2.740463e+00 2.734918e+00 1.208472e+00 4.615320e-01 2.975591e-01 3.830625e-01 4.188853e-01 6.508766e-01 6.872807e-01 7.720146e-01 7.911915e-01 6.590303e-01 6.585258e-01 6.624296e-01 6.333427e-01 3.050533e-01
<GCONST> 1.230600e+02
<STATE> 4
<MEAN> 39
 -7.570593e-01 -9.438871e-01 -1.303334e+00 5.078507e-01 -9.737906e+00 -3.734672e+00 -1.178992e+01 -1.000224e+01 -2.657608e+00 -6.095292e+00 -7.405363e-02 -3.331654e+00 7.817651e+01 -1.030557e+00 1.679191e+00 1.741682e+00 1.479726e+00 1.928369e+00 8.812782e-02 1.202363e+00 4.009278e-01 -1.021237e+00 -1.054600e+00 -7.694633e-01 5.435925e-01 -2.017297e+00 -6.357004e-01 1.478668e-01 1.369617e-01 -4.568410e-02 5.675867e-01 2.787732e-01 4.770181e-01 3.069829e-01 1.226984e-03 9.528864e-02 -8.018026e-02 5.425964e-02 -4.890042e-01
<VARIANCE> 39
 1.534095e+01 1.825670e+01 3.324566e+01 6.408397e+01 6.884551e+01 8.387352e+01 9.014954e+01 5.954115e+01 5.758743e+01 5.053833e+01 6.030704e+01 8.613363e+01 1.991584e+01 4.131236e+00 2.292940e+00 2.672168e+00 3.011858e+00 5.802677e+00 4.281026e+00 4.574609e+00 4.492174e+00 3.697704e+00 3.795542e+00 3.714468e+00 3.164774e+00 3.736110e+00 6.632640e-01 3.434823e-01 4.508767e-01 5.291418e-01 6.610495e-01 6.717280e-01 6.896675e-01 7.370514e-01 8.224635e-01 6.316508e-01 6.316925e-01 5.731815e-01 3.936262e-01
<GCONST> 1.317379e+02
<TRANSP> 5
 0.000000e+00 1.000000e+00 0.000000e+00 0.000000e+00 0.000000e+00
 0.000000e+00 2.191127e-01 7.808873e-01 0.000000e+00 0.000000e+00
 0.000000e+00 0.000000e+00 5.368003e-01 4.631996e-01 0.000000e+00
 0.000000e+00 0.000000e+00 0.000000e+00 3.647116e-01 6.352884e-01
 0.000000e+00 0.000000e+00 0.000000e+00 0.000000e+00 0.000000e+00
<ENDHMM>
~h "b"
<BEGINHMM>
<NUMSTATES> 5
<STATE> 2
<MEAN> 39
 5.749709e+00 8.521846e+00 4.547584e+00 3.754261e+00 -3.150537e+00 1.654076e+00 -1.418842e+00 -5.591841e+00 -7.242107e+00 -1.241537e+01 -7.572461e+00 -3.186746e+00 6.241488e+01 3.278940e-01 2.174336e+00 1.819040e+00 9.902267e-01 1.363330e+00 -1.075544e-01 1.190132e+00 1.999996e+00 -7.909603e-02 -3.876147e-01 -1.807044e+00 -7.510650e-01 -2.605499e+00 -8.001755e-01 -6.590129e-01 -5.928000e-01 -4.877615e-01 -5.462560e-01 -3.133132e-01 -5.337676e-01 -4.749313e-01 2.688728e-01 5.585048e-01 6.162636e-01 1.372293e-01 1.340208e+00
<VARIANCE> 39
 1.161452e+01 3.052030e+01 2.874308e+01 2.621000e+01 2.623267e+01 3.811475e+01 4.496804e+01 4.103995e+01 4.430631e+01 2.682625e+01 5.299644e+01 4.707132e+01 2.078075e+01 2.236283e+00 2.365104e+00 3.044033e+00 3.386511e+00 5.241433e+00 3.256797e+00 3.833001e+00 4.100017e+00 3.243983e+00 3.818182e+00 4.109263e+00 2.592083e+00 4.775099e+00 2.147555e-01 6.467264e-01 6.225166e-01 5.623981e-01 7.952989e-01 5.541676e-01 5.813593e-01 7.851897e-01 5.751299e-01 6.128928e-01 7.212280e-01 5.439428e-01 9.812062e-01
<GCONST> 1.259487e+02
<STATE> 3
<MEAN> 39
 2.650107e+00 1.111662e+01 6.097361e+00 4.456356e+00 -1.454528e+00 6.466837e-01 -1.017774e+00 -3.198175e+00 -6.558722e+00 -1.060182e+01 -8.754810e+00 -4.038790e+00 6.180122e+01 -1.762393e+00 -1.703926e+00 -1.673091e+00 -1.260072e+00 -6.948118e-01 -2.606250e-01 -8.643783e-01 -1.072226e+00 1.375904e-01 1.254483e+00 1.111326e+00 3.357176e-01 3.251209e+00 8.012207e-02 -9.196953e-01 -8.617836e-01 -1.033396e+00 -1.218039e+00 4.150237e-03 -4.115256e-01 -9.991372e-01 1.993888e-01 2.869649e-02 7.875215e-01 4.448241e-01 1.424329e+00
<VARIANCE> 39
 2.919809e+01 2.830692e+01 1.879336e+01 1.812371e+01 2.374563e+01 2.364930e+01 3.154215e+01 3.532911e+01 4.265645e+01 3.153168e+01 4.196722e+01 4.073900e+01 2.740588e+01 1.814677e+00 3.740438e+00 2.561006e+00 3.705644e+00 4.864342e+00 2.680130e+00 2.591007e+00 3.269771e+00 2.331854e+00 2.935335e+00 3.531385e+00 2.927346e+00 3.211432e+00 6.256817e-01 8.213611e-01 5.754358e-01 5.783764e-01 9.005064e-01 6.263084e-01 8.665895e-01 7.817011e-01 6.055937e-01 8.783261e-01 1.039661e+00 6.260641e-01 9.149559e-01
<GCONST> 1.259492e+02
<STATE> 4
<MEAN> 39
 1.594435e-01 3.169074e+00 -1.903665e+00 -3.978753e+00 -8.839767e+00 2.163901e-01 -3.975628e+00 -9.966259e+00 -6.136884e+00 -8.590900e+00 -3.176344e+00 -6.680962e-01 7.504364e+01 4.423402e-01 -1.537295e+00 -1.742281e+00 -2.961008e+00 -3.514792e+00 -1.302477e-01 -6.983393e-01 -2.217607e+00 9.871331e-01 6.814897e-02 1.832893e+00 1.029298e+00 3.059440e+00 4.563049e-01 4.882321e-01 5.541586e-01 3.674067e-01 6.725307e-02 2.872009e-02 1.225289e-01 2.213444e-01 2.180010e-01 -3.201188e-01 -2.524656e-01 -2.217794e-01 -8.376404e-01
<VARIANCE> 39
 1.801715e+01 2.387395e+01 2.152988e+01 4.658532e+01 6.446098e+01 2.972280e+01 6.106041e+01 3.426428e+01 4.189507e+01 3.834365e+01 5.661301e+01 4.609285e+01 1.464618e+01 1.935944e+00 4.510921e+00 2.992257e+00 4.959847e+00 5.939115e+00 3.950507e+00 5.582020e+00 4.488340e+00 3.727217e+00 5.454540e+00 6.407595e+00 3.952364e+00 3.579974e+00 4.802980e-01 6.601368e-01 4.221577e-01 1.022841e+00 1.587040e+00 5.963587e-01 6.506445e-01 6.795238e-01 6.178312e-01 7.749802e-01 9.868240e-01 8.306298e-01 4.097485e-01
<GCONST> 1.318619e+02
<TRANSP> 5
 0.000000e+00 1.000000e+00 0.000000e+00 0.000000e+00 0.000000e+00
 0.000000e+00 6.198732e-01 3.801268e-01 0.000000e+00 0.000000e+00
 0.000000e+00 0.000000e+00 5.623521e-01 4.376479e-01 0.000000e+00
 0.000000e+00 0.000000e+00 0.000000e+00 5.493888e-01 4.506111e-01
 0.000000e+00 0.000000e+00 0.000000e+00 0.000000e+00 0.000000e+00
<ENDHMM>
~h "d"
<BEGINHMM>
<NUMSTATES> 5
<STATE> 2
<MEAN> 39
 1.545543e+00 1.027981e+01 7.330874e+00 4.722542e+00 1.110905e+00 8.627522e-01 -6.722964e+00 -9.912751e+00 -7.299966e+00 -6.601186e+00 -5.470758e-01 -3.960772e+00 6.329549e+01 -1.451610e-02 9.466890e-01 1.001453e+00 7.533597e-01 1.296871e+00 5.169841e-01 8.693597e-01 1.005569e+00 -8.716639e-02 1.493084e-01 -8.684567e-01 -2.680980e-01 -1.538665e+00 -6.405832e-01 -1.166270e+00 -7.169430e-01 -6.527963e-01 -8.133023e-01 -3.379421e-01 -3.706318e-01 -2.977447e-01 3.036775e-01 1.647688e-01 1.326063e-01 2.547629e-01 1.674807e+00
<VARIANCE> 39
 1.961863e+01 2.341831e+01 2.900849e+01 2.886776e+01 3.091078e+01 5.647540e+01 5.327994e+01 3.294991e+01 3.023961e+01 3.489254e+01 5.475866e+01 8.389587e+01 2.794692e+01 3.645996e+00 4.884301e+00 2.882621e+00 3.617969e+00 3.964848e+00 4.300369e+00 3.940211e+00 4.158821e+00 3.217446e+00 3.470450e+00 3.590144e+00 2.607517e+00 8.344875e+00 4.701729e-01 5.459255e-01 4.353645e-01 5.755178e-01 7.149662e-01 7.423305e-01 6.873556e-01 9.769488e-01 6.179476e-01 6.401795e-01 6.585830e-01 4.895797e-01 1.280323e+00
<GCONST> 1.302374e+02
<STATE> 3
<MEAN> 39
 -4.241290e+00 6.184211e+00 6.762628e+00 3.686963e+00 2.186953e+00 1.540372e+00 -6.497679e+00 -8.045539e+00 -6.845362e+00 -5.855131e+00 -3.662598e+00 -4.208446e+00 6.848761e+01 -1.499302e+00 -2.820853e+00 -1.612144e+00 -1.757325e+00 -1.722582e+00 -6.959865e-01 -1.152502e+00 -1.364889e+00 6.350741e-01 6.799149e-01 6.398386e-01 6.618431e-01 4.382741e+00 5.058431e-01 -4.291832e-01 -7.473353e-01 -6.145517e-01 -1.254897e+00 -5.000750e-01 -4.914844e-01 -8.539941e-01 3.433100e-01 3.353147e-02 7.555429e-01 1.153708e-01 9.411162e-01
<VARIANCE> 39
 2.928001e+01 4.505420e+01 3.321772e+01 2.531298e+01 2.771209e+01 3.702653e+01 3.924635e+01 2.900265e+01 2.945625e+01 3.068707e+01 4.108044e+01 5.093683e+01 4.698191e+01 2.684256e+00 2.740933e+00 2.149013e+00 2.884186e+00 3.567301e+00 4.328926e+00 3.430294e+00 5.534540e+00 3.615871e+00 3.571373e+00 3.784929e+00 2.682122e+00 2.741679e+00 6.112978e-01 1.107220e+00 5.270718e-01 8.214813e-01 7.785921e-01 9.761755e-01 1.131435e+00 9.847294e-01 9.818540e-01 8.480281e-01 9.517947e-01 6.311629e-01 1.346498e+00
<GCONST> 1.314661e+02
<STATE> 4
<MEAN> 39
 -2.858856e+00 1.003453e+00 7.577871e-01 -2.411029e+00 -6.019529e+00 -2.611410e+00 -1.043782e+01 -1.668393e+01 -4.723294e+00 -3.835245e+00 2.323047e+00 -1.709337e+00 7.903539e+01 1.058739e+00 -1.528557e+00 -2.050683e+00 -1.759063e+00 -3.282519e+00 -9.474758e-01 -5.401880e-01 -1.858008e+00 1.386668e+00 3.308327e-01 1.515539e+00 2.313102e-01 2.602070e+00 4.967690e-01 5.874852e-01 2.373958e-01 4.195675e-01 1.498393e-01 3.699925e-01 5.618533e-01 7.097436e-01 1.128215e-03 -3.780167e-01 -3.542521e-01 -1.826783e-01 -1.112660e+00
<VARIANCE> 39
 1.375560e+01 1.524148e+01 2.871788e+01 3.362473e+01 3.856761e+01 6.553645e+01 8.997230e+01 4.824858e+01 4.245815e+01 2.852221e+01 4.689611e+01 6.357935e+01 1.073000e+01 1.568152e+00 3.986691e+00 2.178588e+00 3.884763e+00 3.507229e+00 4.841103e+00 6.575564e+00 6.179684e+00 6.022559e+00 4.436600e+00 5.531867e+00 2.880478e+00 3.898475e+00 3.593002e-01 4.161093e-01 3.273552e-01 4.002320e-01 6.838941e-01 7.169515e-01 6.372115e-01 8.116035e-01 7.002944e-01 5.301689e-01 6.783344e-01 4.559415e-01 3.559611e-01
<GCONST> 1.269963e+02
<TRANSP> 5
 0.000000e+00 1.000000e+00 0.000000e+00 0.000000e+00 0.000000e+00
 0.000000e+00 6.055030e-01 3.944969e-01 0.000000e+00 0.000000e+00
 0.000000e+00 0.000000e+00 4.900258e-01 5.099742e-01 0.000000e+00
 0.000000e+00 0.000000e+00 0.000000e+00 5.023919e-01 4.976081e-01
 0.000000e+00 0.000000e+00 0.000000e+00 0.000000e+00 0.000000e+00
<ENDHMM>
~h "e"
<BEGINHMM>
<NUMSTATES> 5
<STATE> 2
<MEAN> 39
 -2.240782e+00 -2.977227e+00 9.772325e-01 4.515943e+00 -1.356126e+01 -9.713868e+00 -1.356384e+01 -8.797566e+00 8.425552e-01 -6.288885e+00 -1.449294e+00 -2.935701e+00 8.081024e+01 7.273898e-01 -8.979768e-01 -1.094406e+00 -5.449271e-01 -1.331729e+00 1.987873e-01 -3.803109e-01 -3.076580e-02 9.864563e-01 4.049973e-01 3.497438e-01 -4.087277e-01 1.032267e+00 -4.695175e-01 3.803263e-01 2.061403e-01 -1.011363e-01 8.949986e-01 6.151856e-01 6.300763e-01 1.981158e-01 -4.850576e-01 -6.137978e-02 1.816762e-02 1.272718e-01 -7.282007e-01
<VARIANCE> 39
 1.006376e+01 1.519691e+01 3.656292e+01 3.975499e+01 7.763336e+01 5.715260e+01 7.546201e+01 5.605729e+01 6.024765e+01 4.705462e+01 5.915273e+01 5.192135e+01 1.010687e+01 2.153429e+00 1.453911e+00 2.211399e+00 2.253043e+00 4.323853e+00 3.726882e+00 4.062952e+00 3.611611e+00 3.068825e+00 3.651925e+00 3.037753e+00 2.976254e+00 1.445110e+00 6.321720e-01 3.418232e-01 4.102564e-01 4.001515e-01 6.524165e-01 6.367861e-01 7.407713e-01 7.838197e-01 7.452016e-01 6.572713e-01 6.361213e-01 5.488757e-01 3.123359e-01
<GCONST> 1.245385e+02
<STATE> 3
<MEAN> 39
 -2.099193e+00 -4.138103e+00 -1.533189e+00 2.251391e+00 -1.392514e+01 -7.335253e+00 -1.323833e+01 -7.627958e+00 1.419651e+00 -5.544977e+00 -1.464677e+00 -5.245687e+00 8.153121e+01 1.505545e-01 3.463677e-01 -8.040383e-02 -2.172525e-01 6.069079e-01 6.649330e-01 3.676562e-01 -2.805184e-01 -6.005490e-01 -7.253238e-02 1.337701e-01 8.522116e-02 -4.003051e-01 -1.151835e-01 4.765517e-01 4.555435e-01 2.424126e-01 6.519372e-01 1.735584e-01 2.167729e-01 -1.296222e-01 -5.203274e-01 -2.706655e-01 -5.479256e-02 2.299024e-01 -6.346890e-01
<VARIANCE> 39
 9.637248e+00 1.628064e+01 3.692508e+01 4.624969e+01 7.402927e+01 6.408252e+01 7.587439e+01 6.609306e+01 5.666510e+01 5.704200e+01 6.198563e+01 7.458390e+01 1.110385e+01 6.141104e-01 9.311965e-01 1.406106e+00 1.889004e+00 2.460595e+00 2.368454e+00 2.020041e+00 2.591751e+00 2.294534e+00 2.278883e+00 2.055059e+00 2.053994e+00 6.829758e-01 2.703342e-01 1.984473e-01 2.617501e-01 2.762999e-01 5.401567e-01 4.616036e-01 6.055764e-01 6.232726e-01 5.035136e-01 5.798832e-01 4.954670e-01 4.693096e-01 2.114556e-01
<GCONST> 1.144779e+02
<STATE> 4
<MEAN> 39
 -1.026391e+00 -1.220003e+00 1.179760e-01 3.305982e+00 -9.286634e+00 -5.019611e+00 -1.078673e+01 -9.917158e+00 -2.529248e+00 -6.329046e+00 -1.399790e+00 -2.679961e+00 7.751649e+01 -3.567452e-01 1.517073e+00 1.159814e+00 5.536560e-01 2.224968e+00 1.165527e+00 1.165896e+00 3.348622e-03 -1.337859e+00 -8.841297e-01 -2.315315e-01 5.817623e-01 -2.310355e+00 -5.066907e-01 1.326544e-01 2.734781e-01 1.703446e-01 3.484365e-01 1.773316e-02 2.677436e-01 4.089091e-01 9.368675e-02 -4.881130e-02 -1.394974e-01 6.043613e-04 -4.873051e-01
<VARIANCE> 39
 1.508791e+01 1.761378e+01 4.276918e+01 5.681744e+01 8.394063e+01 8.142943e+01 8.419393e+01 6.008969e+01 5.913229e+01 5.385021e+01 6.727123e+01 8.070287e+01 2.667435e+01 2.718223e+00 1.781221e+00 2.363359e+00 2.953327e+00 4.414395e+00 3.403804e+00 3.839276e+00 4.155469e+00 3.582771e+00 3.924154e+00 3.287155e+00 3.102921e+00 3.320535e+00 5.125924e-01 2.908195e-01 4.604679e-01 5.164076e-01 6.007506e-01 6.327186e-01 6.018893e-01 6.044930e-01 7.197769e-01 7.121261e-01 6.030693e-01 5.581734e-01 3.883097e-01
<GCONST> 1.295079e+02
<TRANSP> 5
 0.000000e+00 1.000000e+00 0.000000e+00 0.000000e+00 0.000000e+00
 0.000000e+00 2.964140e-01 7.035860e-01 0.000000e+00 0.000000e+00
 0.000000e+00 0.000000e+00 5.914192e-01 4.085809e-01 0.000000e+00
 0.000000e+00 0.000000e+00 0.000000e+00 3.812218e-01 6.187782e-01
 0.000000e+00 0.000000e+00 0.000000e+00 0.000000e+00 0.000000e+00
<ENDHMM>
~h "f"
<BEGINHMM>
<NUMSTATES> 5
<STATE> 2
<MEAN> 39
 -1.696668e+01 2.237288e+00 -3.275791e+00 3.694474e+00 7.986897e-01 4.122678e+00 -7.770354e-01 -2.855523e+00 -2.525422e+00 -2.773864e+00 -1.062346e+00 -6.551405e-01 6.908250e+01 -3.762751e+00 -1.152741e+00 -1.177077e+00 6.080949e-01 8.509556e-01 2.572498e-02 5.318698e-01 7.483045e-01 1.173514e+00 1.299303e+00 9.058273e-01 8.058158e-01 -6.487404e-01 8.163127e-01 -4.644977e-01 -2.875195e-01 -7.339597e-01 -7.313623e-01 -4.153759e-01 -3.894875e-01 -3.926311e-01 -7.293770e-02 -1.371658e-01 1.769170e-01 -2.855706e-02 5.468554e-01
<VARIANCE> 39
 6.633128e+01 3.011148e+01 2.406464e+01 3.012686e+01 2.744843e+01 2.100165e+01 2.707307e+01 2.358986e+01 3.206860e+01 3.232614e+01 3.169212e+01 2.708755e+01 3.290348e+01 7.787288e+00 3.487853e+00 2.963191e+00 5.013959e+00 4.853622e+00 3.768106e+00 3.320748e+00 3.625764e+00 3.523704e+00 3.604172e+00 4.078328e+00 2.985491e+00 3.410474e+00 1.549863e+00 6.973405e-01 4.561028e-01 7.414656e-01 7.151497e-01 6.725928e-01 6.005614e-01 5.746541e-01 6.948999e-01 6.340226e-01 7.258507e-01 4.725047e-01 5.105599e-01
<GCONST> 1.281702e+02
<STATE> 3
<MEAN> 39
 -2.099352e+01 -3.890469e+00 -9.357278e+00 -1.704320e-01 -6.419242e-01 1.920504e+00 -1.184812e+00 -3.576569e+00 -5.170441e-01 9.630625e-02 2.412699e+00 2.028253e+00 7.145187e+01 2.813204e+00 4.502718e-01 2.255259e-01 -1.231895e+00 -8.828757e-01 1.866032e-02 1.090772e-01 -3.502375e-01 -3.872047e-01 -5.675977e-01 -2.606694e-01 -4.006914e-01 7.748721e-01 1.449503e+00 7.458884e-01 6.722934e-01 -3.256747e-01 -4.691460e-01 1.395107e-01 -2.458762e-02 -1.521165e-01 -3.134732e-01 -4.797840e-01 -3.600176e-01 -3.518348e-01 6.847675e-02
<VARIANCE> 39
 2.247882e+01 2.061600e+01 2.128217e+01 2.270980e+01 2.070744e+01 2.185280e+01 2.813639e+01 2.127358e+01 2.137723e+01 1.823388e+01 1.703713e+01 1.316253e+01 2.024811e+01 8.233361e+00 4.003613e+00 3.577731e+00 3.023901e+00 2.947248e+00 2.617026e+00 2.459868e+00 2.507127e+00 2.503042e+00 2.459263e+00 2.247784e+00 2.079257e+00 2.486485e+00 7.446200e-01 4.864334e-01 4.743486e-01 6.627468e-01 7.364535e-01 6.595240e-01 5.642725e-01 5.622071e-01 5.534679e-01 4.952904e-01 5.265825e-01 5.049611e-01 4.476888e-01
<GCONST> 1.174359e+02
<STATE> 4
<MEAN> 39
 -1.807998e+00 4.525093e+00 -3.383969e+00 -6.865714e+00 -8.704770e+00 2.011621e+00 -5.864326e-01 -5.542632e+00 -3.648442e+00 -5.392105e+00 -2.489437e+00 -2.033982e+00 7.334908e+01 4.668997e+00 8.535194e-01 7.620221e-01 -2.871559e+00 -3.523217e+00 -2.491125e-01 -1.927636e-01 -1.223201e+00 -8.571389e-01 -1.443799e+00 -9.309126e-01 -6.674983e-01 1.319374e+00 -1.201039e+00 -8.577451e-01 -5.668381e-01 2.877924e-01 2.857075e-01 -6.158267e-02 -7.738552e-02 -7.346372e-02 2.145513e-01 3.358144e-01 3.433086e-01 3.311725e-01 8.338976e-02
<VARIANCE> 39
 4.208345e+01 2.554682e+01 2.064339e+01 5.905016e+01 6.592993e+01 3.411901e+01 3.417381e+01 3.464065e+01 3.475010e+01 3.052492e+01 4.204669e+01 2.817212e+01 1.750069e+01 4.305506e+00 4.243930e+00 3.297953e+00 5.535420e+00 5.832727e+00 6.117150e+00 4.440159e+00 4.309334e+00 4.527071e+00 4.118090e+00 5.651588e+00 4.965729e+00 3.761148e+00 6.146129e-01 3.947644e-01 3.371125e-01 7.485275e-01 1.139059e+00 5.539314e-01 4.489442e-01 5.465910e-01 6.080177e-01 5.192551e-01 5.522708e-01 4.264593e-01 3.637137e-01
<GCONST> 1.291159e+02
<TRANSP> 5
 0.000000e+00 1.000000e+00 0.000000e+00 0.000000e+00 0.000000e+00
 0.000000e+00 6.830570e-01 3.169430e-01 0.000000e+00 0.000000e+00
 0.000000e+00 0.000000e+00 7.410332e-01 2.589668e-01 0.000000e+00
 0.000000e+00 0.000000e+00 0.000000e+00 5.578076e-01 4.421924e-01
 0.000000e+00 0.000000e+00 0.000000e+00 0.000000e+00 0.000000e+00
<ENDHMM>
~h "g"
<BEGINHMM>
<NUMSTATES> 5
<STATE> 2
<MEAN> 39
 2.759640e+00 9.943035e+00 4.795374e+00 3.813640e+00 -3.889774e+00 -2.342238e+00 -6.412720e+00 -6.405818e+00 -5.054107e+00 -1.445873e+01 -4.700288e+00 2.548077e+00 6.455083e+01 -2.095284e-01 9.186556e-01 1.329954e-01 9.803562e-02 1.447074e+00 4.389381e-01 2.437646e-01 7.353477e-01 1.108698e-02 1.793985e-01 -6.554813e-01 -2.761915e-01 -9.023739e-01 -5.287076e-01 -8.632060e-01 -5.929504e-01 -5.938553e-01 -3.977103e-01 9.629206e-02 -2.709520e-01 -4.317060e-01 3.084415e-01 3.999761e-01 3.351449e-01 -4.842192e-02 1.271516e+00
<VARIANCE> 39
 1.722024e+01 3.517702e+01 3.744393e+01 6.165627e+01 4.623760e+01 7.167665e+01 6.301703e+01 5.585748e+01 7.715044e+01 4.847528e+01 5.460579e+01 9.243238e+01 2.961792e+01 2.706169e+00 4.318922e+00 4.029894e+00 5.863081e+00 5.314706e+00 6.938107e+00 5.134387e+00 6.115489e+00 5.405234e+00 5.031298e+00 4.301531e+00 3.039143e+00 6.950947e+00 3.116143e-01 5.585368e-01 6.476895e-01 8.040552e-01 8.475946e-01 1.360580e+00 8.481674e-01 1.429189e+00 1.034353e+00 1.017694e+00 9.344096e-01 7.201624e-01 9.685346e-01
<GCONST> 1.402871e+02
<STATE> 3
<MEAN> 39
 -2.377710e+00 6.963912e+00 3.062263e-01 -8.911814e-02 -1.530480e-01 2.433700e+00 -7.733294e+00 -7.675278e+00 -3.926231e+00 -1.252900e+01 -4.623414e+00 1.123938e+00 6.969324e+01 -9.535152e-01 -1.941461e+00 -1.351676e+00 -1.472309e+00 -7.145680e-01 3.399889e-01 -1.033383e+00 -1.402965e+00 7.462640e-01 4.184844e-01 7.944741e-01 5.288078e-01 3.137242e+00 4.746019e-01 -4.456411e-01 2.139652e-01 3.984845e-02 -1.248842e+00 -7.917886e-01 -2.965933e-01 -3.333054e-01 8.964902e-02 -2.512845e-02 5.189061e-01 1.647486e-01 5.549326e-01
<VARIANCE> 39
 2.156288e+01 4.931108e+01 4.268504e+01 8.102658e+01 5.781586e+01 7.172995e+01 6.886803e+01 4.278088e+01 4.922229e+01 5.515388e+01 4.162969e+01 8.084829e+01 2.988119e+01 2.031178e+00 3.677386e+00 3.569923e+00 4.757444e+00 6.168146e+00 7.354359e+00 5.143742e+00 7.209960e+00 5.477006e+00 5.089329e+00 4.412117e+00 3.282943e+00 2.560287e+00 3.566484e-01 7.662489e-01 6.540766e-01 1.136657e+00 1.136499e+00 1.317641e+00 9.098068e-01 9.639947e-01 1.077591e+00 9.181657e-01 7.869377e-01 6.571550e-01 8.238435e-01
<GCONST> 1.395655e+02
<STATE> 4
<MEAN> 39
 -1.306942e+00 1.120190e+00 -4.426277e-01 -1.240891e+00 -7.325533e+00 -3.898221e+00 -1.228328e+01 -1.177475e+01 -9.476804e-01 -1.127291e+01 -7.139353e-01 2.938166e+00 7.742790e+01 6.389902e-01 -1.607432e+00 -4.838513e-01 -8.595310e-01 -2.414189e+00 -1.156419e+00 -4.345102e-01 -5.575902e-01 9.744248e-01 9.399247e-01 1.143599e+00 -1.521623e-01 2.000680e+00 2.337387e-01 2.845355e-01 8.806943e-02 2.345693e-01 1.469862e-01 2.156359e-01 4.752364e-01 4.176429e-01 -2.517154e-01 8.728805e-02 -1.794241e-01 -4.171759e-01 -6.267737e-01
<VARIANCE> 39
 1.626179e+01 4.274728e+01 3.138099e+01 6.426281e+01 7.035146e+01 7.855090e+01 9.562128e+01 7.698454e+01 6.348343e+01 5.264224e+01 5.664603e+01 9.245901e+01 1.780275e+01 1.259029e+00 2.427207e+00 2.137538e+00 3.972889e+00 5.559056e+00 6.028005e+00 4.978817e+00 5.088228e+00 4.623806e+00 4.280110e+00 4.285324e+00 3.552974e+00 2.131564e+00 2.915564e-01 4.103456e-01 4.819282e-01 5.865973e-01 1.304042e+00 1.250909e+00 7.502263e-01 9.163170e-01 7.541509e-01 6.629798e-01 7.897785e-01 5.567121e-01 2.767340e-01
<GCONST> 1.333025e+02
<TRANSP> 5
 0.000000e+00 1.000000e+00 0.000000e+00 0.000000e+00 0.000000e+00
 0.000000e+00 6.226597e-01 3.773403e-01 0.000000e+00 0.000000e+00
 0.000000e+00 0.000000e+00 4.760248e-01 5.239752e-01 0.000000e+00
 0.000000e+00 0.000000e+00 0.000000e+00 5.289131e-01 4.710869e-01
 0.000000e+00 0.000000e+00 0.000000e+00 0.000000e+00 0.000000e+00
<ENDHMM>
~h "h"
<BEGINHMM>
<NUMSTATES> 5
<STATE> 2
<MEAN> 39
 -3.989961e+00 1.295774e+00 -1.947235e+00 -4.573835e+00 -1.695453e+00 8.747828e+00 -3.307912e+00 -5.615267e+00 -2.645953e+00 -5.493028e+00 7.727794e-02 -8.715855e-01 7.210765e+01 3.487244e-01 1.163128e-03 -1.431891e-04 -4.061482e-01 3.550078e-01 5.646560e-01 6.398167e-01 1.846539e-01 8.355118e-02 -1.544892e-01 -2.776341e-01 -1.155052e-01 7.743942e-01 -3.329166e-02 -7.738602e-02 3.326610e-04 -4.851222e-04 -2.595209e-01 -5.088029e-01 -1.204665e-01 -8.604617e-02 -9.505541e-02 -5.331074e-03 -7.143063e-02 -1.596014e-01 3.707348e-02
<VARIANCE> 39
 2.996248e+01 5.864861e+01 3.536314e+01 5.949242e+01 6.481754e+01 7.948834e+01 7.661089e+01 5.499914e+01 5.264073e+01 7.163069e+01 6.267411e+01 7.960885e+01 3.088986e+01 4.303876e+00 3.037778e+00 2.878498e+00 2.913996e+00 6.960293e+00 6.114110e+00 4.828611e+00 4.107767e+00 3.747817e+00 4.864147e+00 4.070261e+00 3.782785e+00 5.090476e+00 7.091023e-01 4.676605e-01 6.080901e-01 5.253567e-01 1.026808e+00 8.659713e-01 8.155299e-01 7.350672e-01 6.235343e-01 8.427955e-01 7.393507e-01 6.582305e-01 6.209754e-01
<GCONST> 1.378602e+02
<STATE> 3
<MEAN> 39
 -1.703061e+00 3.324616e+00 -3.514114e-02 -5.056581e+00 -3.443662e+00 6.402551e+00 1.300386e+00 -4.350444e+00 -1.242249e+00 -6.049603e+00 -1.349780e+00 1.138229e-01 7.516606e+01 5.380751e-01 -3.928237e-01 -4.264772e-01 -4.031995e-01 -7.730410e-01 -4.171634e-01 -2.336744e-01 -2.414321e-01 -1.194116e-01 -3.208961e-01 -6.973424e-02 -2.459312e-01 5.783885e-01 9.137389e-02 -1.931568e-01 -1.826829e-01 -8.165792e-02 -3.496267e-01 -1.438203e-01 -2.331769e-01 -1.109650e-01 -3.469207e-02 -1.766045e-02 6.437056e-02 1.583961e-02 1.698225e-01
<VARIANCE> 39
 2.290295e+01 6.521317e+01 2.359459e+01 4.376114e+01 7.430748e+01 5.168167e+01 5.459755e+01 6.331348e+01 5.843553e+01 7.596538e+01 8.109026e+01 6.731686e+01 1.810277e+01 9.709265e-01 1.023257e+00 1.153171e+00 1.348641e+00 3.476218e+00 2.253838e+00 2.364000e+00 2.000112e+00 1.989819e+00 2.597697e+00 1.947821e+00 1.946832e+00 8.056775e-01 2.162258e-01 1.883730e-01 1.710222e-01 2.358161e-01 5.347990e-01 3.998752e-01 3.428562e-01 3.483630e-01 4.084336e-01 5.358187e-01 3.631745e-01 3.957701e-01 1.092561e-01
<GCONST> 1.132812e+02
<STATE> 4
<MEAN> 39
 4.838245e-02 -1.146727e+00 -6.369729e+00 -1.112476e+01 -8.804406e+00 3.391248e+00 -3.903275e+00 -9.728055e+00 -5.736632e+00 -7.916008e+00 -5.032836e+00 -5.366093e+00 7.810458e+01 3.484939e-01 -6.361005e-01 -7.789388e-01 -5.352144e-01 -6.306481e-01 -1.717922e-01 -2.141028e-01 -7.492075e-02 -1.318064e-02 3.963570e-01 1.745316e-01 -1.882535e-01 5.824152e-01 -8.666139e-02 -1.064359e-02 5.007254e-02 1.856681e-01 1.617593e-01 6.933359e-02 2.552334e-03 -2.449571e-02 5.211547e-02 7.750584e-02 6.525584e-02 5.952298e-02 -9.494766e-02
<VARIANCE> 39
 2.030502e+01 6.120929e+01 3.405363e+01 8.020826e+01 6.935755e+01 4.758962e+01 6.596430e+01 4.391166e+01 8.235814e+01 8.942651e+01 5.962947e+01 1.384396e+02 1.265852e+01 4.941485e-01 1.138503e+00 1.242993e+00 1.907233e+00 2.382846e+00 1.800349e+00 2.125561e+00 1.843432e+00 1.860329e+00 2.725720e+00 2.274766e+00 1.602661e+00 5.332191e-01 8.176111e-02 1.501510e-01 1.802182e-01 3.104728e-01 3.278626e-01 2.937613e-01 3.316534e-01 3.147103e-01 3.473770e-01 4.325927e-01 3.087905e-01 3.022482e-01 6.198555e-02
<GCONST> 1.097167e+02
<TRANSP> 5
 0.000000e+00 1.000000e+00 0.000000e+00 0.000000e+00 0.000000e+00
 0.000000e+00 6.577286e-01 3.422715e-01 0.000000e+00 0.000000e+00
 0.000000e+00 0.000000e+00 7.424260e-01 2.575741e-01 0.000000e+00
 0.000000e+00 0.000000e+00 0.000000e+00 7.355047e-01 2.644953e-01
 0.000000e+00 0.000000e+00 0.000000e+00 0.000000e+00 0.000000e+00
<ENDHMM>
~h "i"
<BEGINHMM>
<NUMSTATES> 5
<STATE> 2
<MEAN> 39
 -4.546958e+00 5.654097e-01 5.827374e+00 8.157495e+00 -1.057926e+01 -1.103577e+01 -1.291265e+01 -1.074346e+01 -2.860294e+00 -1.090708e+01 -2.800100e+00 -2.225233e+00 7.806716e+01 1.821838e+00 -2.441855e-01 -7.001048e-02 6.937238e-01 -1.317703e+00 -7.050644e-01 -1.061045e+00 -1.314034e+00 1.710675e-01 -7.445417e-01 1.332446e-01 -1.986436e-01 6.972265e-01 -6.765099e-01 9.924257e-02 -2.868153e-01 -5.141200e-01 8.160537e-01 8.365567e-01 7.366409e-01 5.318019e-01 -5.253047e-02 4.782254e-01 1.730641e-01 1.842213e-01 -7.223912e-01
<VARIANCE> 39
 1.321705e+01 1.737676e+01 3.963014e+01 4.014773e+01 9.308520e+01 5.379245e+01 6.894323e+01 3.806227e+01 6.643041e+01 4.155990e+01 5.110975e+01 3.781117e+01 1.521146e+01 4.868210e+00 2.392818e+00 3.290604e+00 3.154535e+00 6.071354e+00 4.937036e+00 6.046530e+00 4.765178e+00 4.259153e+00 4.648868e+00 3.857085e+00 3.130380e+00 3.177015e+00 7.190211e-01 4.417934e-01 5.920448e-01 4.950320e-01 9.140910e-01 7.494470e-01 8.553627e-01 7.546764e-01 9.816878e-01 7.834711e-01 6.628217e-01 4.971949e-01 4.777819e-01
<GCONST> 1.319769e+02
<STATE> 3
<MEAN> 39
 -3.778251e+00 -6.871164e-03 4.599648e+00 7.910361e+00 -1.193244e+01 -1.043426e+01 -1.354669e+01 -1.133235e+01 -1.793886e+00 -1.076730e+01 -2.266441e+00 -2.742749e+00 7.840688e+01 3.451087e-01 3.841989e-01 -7.494898e-02 -2.219851e-01 9.508232e-01 9.012489e-01 4.866800e-01 -2.446008e-02 -3.547690e-01 2.306300e-01 5.016172e-02 7.344633e-02 -7.439477e-01 -6.420502e-01 2.931033e-01 1.035940e-01 -3.170391e-01 1.004458e+00 6.052389e-01 6.784923e-01 5.811033e-01 -3.070912e-01 2.733891e-01 -5.838810e-02 1.127727e-01 -6.690184e-01
<VARIANCE> 39
 1.162374e+01 1.645751e+01 4.083344e+01 4.414415e+01 9.552032e+01 6.351332e+01 7.812051e+01 4.482415e+01 6.686189e+01 4.949871e+01 6.152448e+01 4.967912e+01 1.195060e+01 2.347388e+00 1.826518e+00 2.407025e+00 2.288813e+00 5.156227e+00 3.280987e+00 3.394469e+00 3.549507e+00 3.820060e+00 3.550568e+00 2.997330e+00 2.298042e+00 1.878892e+00 8.166145e-01 3.690906e-01 4.672860e-01 5.025929e-01 8.041214e-01 7.896222e-01 1.025781e+00 8.272378e-01 9.222099e-01 8.244546e-01 7.950854e-01 5.117429e-01 4.374336e-01
<GCONST> 1.282906e+02
<STATE> 4
<MEAN> 39
 -3.584296e+00 1.869467e+00 5.074021e+00 7.194378e+00 -6.578541e+00 -7.110445e+00 -1.090447e+01 -1.036689e+01 -3.802494e+00 -9.596621e+00 -3.246959e+00 -2.211875e+00 7.510654e+01 -6.695336e-01 8.736137e-01 4.362694e-01 -4.070422e-01 2.363607e+00 1.564409e+00 1.411188e+00 8.643072e-01 -7.451897e-01 2.702192e-01 -7.391624e-02 1.537863e-01 -1.821165e+00 -5.990419e-01 -8.121262e-02 -4.662865e-02 -1.513147e-01 1.816369e-01 1.413111e-01 3.211337e-01 4.422922e-01 8.474920e-02 1.283542e-01 9.856806e-02 7.259350e-02 -2.466425e-01
<VARIANCE> 39
 2.244370e+01 2.191857e+01 4.892350e+01 4.676334e+01 8.320257e+01 6.752551e+01 6.559347e+01 5.167775e+01 5.969755e+01 5.010423e+01 6.040403e+01 5.231582e+01 2.838105e+01 5.600282e+00 2.503043e+00 2.885285e+00 3.136592e+00 5.545777e+00 4.198657e+00 4.640631e+00 4.289092e+00 5.040306e+00 4.803535e+00 4.072687e+00 2.677583e+00 4.298124e+00 6.321948e-01 3.729429e-01 5.853757e-01 5.225971e-01 7.452199e-01 7.139482e-01 6.420782e-01 6.431412e-01 8.187097e-01 7.420971e-01 6.516806e-01 4.703261e-01 3.382031e-01
<GCONST> 1.328869e+02
<TRANSP> 5
 0.000000e+00 1.000000e+00 0.000000e+00 0.000000e+00 0.000000e+00
 0.000000e+00 2.109745e-01 7.890254e-01 0.000000e+00 0.000000e+00
 0.000000e+00 0.000000e+00 3.574177e-01 6.425823e-01 0.000000e+00
 0.000000e+00 0.000000e+00 0.000000e+00 2.268616e-01 7.731385e-01
 0.000000e+00 0.000000e+00 0.000000e+00 0.000000e+00 0.000000e+00
<ENDHMM>
~h "j"
<BEGINHMM>
<NUMSTATES> 5
<STATE> 2
<MEAN> 39
 -4.738636e+00 2.543702e-01 6.358858e+00 1.008041e+01 -1.643049e+01 -1.313016e+01 -9.888818e+00 -9.062984e+00 -3.041873e+00 -1.274592e+01 -1.747539e+00 -6.236657e-02 7.841479e+01 -1.297297e-01 5.073534e-01 4.357503e-01 5.050605e-01 2.887588e-01 9.467086e-02 4.588530e-01 1.756194e-02 -4.186982e-01 -5.547270e-01 -7.279295e-02 6.763701e-02 -4.995702e-01 7.365343e-02 9.827401e-02 -1.633176e-01 -1.686727e-01 6.363758e-01 4.155892e-01 -1.613510e-02 4.924376e-02 -2.722180e-02 2.121600e-01 -8.468925e-02 -1.400635e-01 -3.168115e-01
<VARIANCE> 39
 8.423169e+00 1.707576e+01 3.333933e+01 3.408445e+01 1.142185e+02 4.727238e+01 7.399628e+01 5.266203e+01 8.384209e+01 4.028239e+01 5.897219e+01 4.280971e+01 1.762045e+01 3.879206e-01 6.558272e-01 1.355339e+00 1.063839e+00 1.964292e+00 1.672862e+00 2.256861e+00 2.097580e+00 1.882011e+00 1.880634e+00 1.634449e+00 1.307429e+00 4.144752e-01 1.228070e-01 1.332535e-01 1.867281e-01 2.208163e-01 4.292269e-01 3.654900e-01 4.095439e-01 4.249721e-01 4.346060e-01 3.606611e-01 3.643513e-01 2.601237e-01 1.492102e-01
<GCONST> 1.052416e+02
<STATE> 3
<MEAN> 39
 -3.950610e+00 1.252107e+00 5.940632e+00 1.091310e+01 -1.249870e+01 -1.025252e+01 -1.084779e+01 -8.770569e+00 -3.444255e+00 -1.331060e+01 -1.657788e+00 -7.034593e-01 7.640244e+01 2.189561e-01 1.089551e+00 1.036690e-01 -1.084845e-01 2.957860e+00 1.652786e+00 6.144204e-01 4.450257e-01 -5.331171e-01 5.058295e-01 -4.213521e-01 -3.369252e-01 -2.297035e+00 -3.094945e-01 5.075070e-02 2.584549e-02 -3.637114e-01 6.438763e-01 4.888042e-01 4.382280e-01 3.279500e-01 3.999592e-02 4.741203e-01 -6.780177e-02 -6.310277e-02 -6.417722e-01
<VARIANCE> 39
 9.916396e+00 2.068358e+01 4.357020e+01 3.607717e+01 8.707024e+01 5.799876e+01 1.012994e+02 4.985935e+01 9.084775e+01 4.489817e+01 5.557973e+01 4.633820e+01 2.716043e+01 1.887379e+00 1.552498e+00 2.705548e+00 2.137736e+00 3.809454e+00 3.335825e+00 3.918053e+00 4.134358e+00 3.838816e+00 3.473214e+00 3.206758e+00 2.379370e+00 2.660382e+00 4.423856e-01 2.870956e-01 4.548682e-01 3.634433e-01 5.604510e-01 5.402347e-01 8.009547e-01 5.387633e-01 7.603377e-01 5.911231e-01 5.202478e-01 3.434460e-01 4.185782e-01
<GCONST> 1.253510e+02
<STATE> 4
<MEAN> 39
 -4.048439e+00 3.655280e+00 6.884576e+00 9.796740e+00 -4.533227e+00 -5.536582e+00 -6.907304e+00 -6.215469e+00 -4.696014e+00 -1.099232e+01 -3.218671e+00 -1.284533e+00 6.949159e+01 -1.247106e+00 6.091388e-01 1.110714e-01 -8.664231e-01 3.154262e+00 2.089808e+00 1.294758e+00 1.070663e+00 -1.947202e-03 1.231672e+00 -1.834430e-01 -2.442584e-01 -2.906324e+00 -6.511840e-01 -4.125371e-01 -3.606686e-01 -4.454719e-01 -4.199272e-01 -3.230521e-02 1.468441e-01 1.168250e-01 3.103599e-01 3.435226e-01 2.410877e-01 1.702748e-01 1.694057e-01
<VARIANCE> 39
 2.196012e+01 2.168858e+01 4.610095e+01 3.576146e+01 7.192729e+01 7.046243e+01 8.442904e+01 4.973249e+01 6.567886e+01 4.311969e+01 4.531512e+01 4.728383e+01 6.338183e+01 5.102971e+00 2.876868e+00 4.204484e+00 3.239810e+00 5.110442e+00 4.162931e+00 5.529962e+00 4.111670e+00 5.362603e+00 4.412144e+00 4.091424e+00 2.617303e+00 5.159987e+00 4.416024e-01 4.042253e-01 6.833168e-01 5.214803e-01 6.951754e-01 7.308063e-01 6.702371e-01 5.982013e-01 7.261925e-01 6.645803e-01 5.535032e-01 4.335567e-01 5.147740e-01
<GCONST> 1.333815e+02
<TRANSP> 5
 0.000000e+00 1.000000e+00 0.000000e+00 0.000000e+00 0.000000e+00
 0.000000e+00 7.233922e-01 2.766078e-01 0.000000e+00 0.000000e+00
 0.000000e+00 0.000000e+00 4.045276e-01 5.954724e-01 0.000000e+00
 0.000000e+00 0.000000e+00 0.000000e+00 3.390914e-01 6.609086e-01
 0.000000e+00 0.000000e+00 0.000000e+00 0.000000e+00 0.000000e+00
<ENDHMM>
~h "k"
<BEGINHMM>
<NUMSTATES> 5
<STATE> 2
<MEAN> 39
 -9.389024e+00 3.970608e+00 5.373501e-01 2.472729e+00 1.220873e+00 3.262064e+00 -3.145226e+00 -3.577297e+00 -2.163990e+00 -6.660920e+00 -1.880570e+00 2.001826e+00 5.802341e+01 -1.856297e+00 -1.182698e+00 -1.749939e+00 -1.044674e+00 1.135806e+00 1.145280e+00 6.521705e-01 1.148297e+00 9.576358e-01 1.620423e+00 4.862835e-01 -8.245862e-02 -1.495138e+00 2.941459e-01 -5.490833e-01 -7.115839e-01 -9.245649e-01 -8.932630e-01 -3.811435e-01 -5.830385e-01 -3.732736e-01 1.241561e-01 4.308962e-02 3.476622e-01 -5.728127e-02 2.018461e+00
<VARIANCE> 39
 4.518564e+01 3.484865e+01 3.765805e+01 5.630751e+01 4.319832e+01 5.200273e+01 5.806800e+01 4.172884e+01 4.320158e+01 5.494767e+01 3.912419e+01 5.554940e+01 5.977635e+01 4.154501e+00 4.330816e+00 5.842595e+00 7.402791e+00 7.073661e+00 5.247723e+00 5.962842e+00 4.409828e+00 4.980870e+00 5.185630e+00 4.281109e+00 3.718483e+00 1.536951e+01 5.819482e-01 6.379609e-01 8.503204e-01 8.820367e-01 7.618525e-01 8.454111e-01 9.041783e-01 8.812993e-01 7.662673e-01 9.960777e-01 7.377596e-01 7.091669e-01 1.296763e+00
<GCONST> 1.414435e+02
<STATE> 3
<MEAN> 39
 -1.279756e+01 -2.624393e+00 -8.208340e+00 -4.920948e+00 6.527648e-01 5.182671e+00 -4.107256e+00 -1.749153e+00 1.741553e+00 -1.836229e+00 1.771591e+00 2.409666e+00 6.345031e+01 2.627414e-01 -1.062395e+00 -2.599824e+00 -2.914101e+00 -1.217843e+00 2.027656e-01 -1.366038e+00 -3.894120e-01 5.186993e-01 3.265865e-01 1.004058e+00 2.287309e-01 4.362308e+00 9.193366e-01 7.572071e-01 1.125086e+00 5.538131e-01 -5.786850e-01 -7.005269e-01 -4.412950e-01 -5.939067e-01 -5.937714e-01 -8.229072e-01 -2.657784e-01 -1.381073e-01 8.122841e-01
<VARIANCE> 39
 2.413233e+01 4.489231e+01 4.340443e+01 7.772073e+01 5.529816e+01 5.489790e+01 5.934687e+01 3.620585e+01 3.122783e+01 3.688326e+01 2.858438e+01 2.963872e+01 7.851701e+01 4.766818e+00 4.238549e+00 5.586753e+00 7.634848e+00 6.292328e+00 6.092775e+00 5.628522e+00 4.887165e+00 4.734484e+00 6.168999e+00 4.501254e+00 3.347566e+00 7.041159e+00 6.170466e-01 6.541402e-01 1.033310e+00 1.195121e+00 1.104559e+00 1.005903e+00 9.194105e-01 8.211240e-01 9.261279e-01 6.768863e-01 7.058073e-01 6.518011e-01 1.643137e+00
<GCONST> 1.407737e+02
<STATE> 4
<MEAN> 39
 -8.956218e+00 1.669310e-01 -7.307416e+00 -6.836375e+00 -2.584468e+00 3.196191e+00 -7.267402e+00 -4.348959e+00 -5.886194e-01 -4.852677e+00 1.687335e+00 2.004935e+00 7.201808e+01 2.430973e+00 9.859675e-01 2.005244e+00 6.726469e-01 -1.482184e+00 -1.504952e+00 -1.033837e+00 -1.310741e+00 -9.668049e-01 -1.507387e+00 -6.386867e-01 -6.015944e-01 2.335318e+00 3.710271e-01 7.519752e-02 7.759567e-01 6.792666e-01 -2.347489e-01 -3.581824e-01 2.189534e-01 -1.741831e-01 -1.639176e-01 -2.025509e-01 -3.053083e-01 -1.544581e-01 -6.587763e-01
<VARIANCE> 39
 3.275593e+01 4.990151e+01 5.755645e+01 8.353842e+01 6.111715e+01 6.964302e+01 6.340878e+01 4.542669e+01 4.221420e+01 4.918823e+01 4.083721e+01 4.671111e+01 2.520394e+01 4.026043e+00 3.133657e+00 4.766129e+00 6.519131e+00 5.801596e+00 5.673936e+00 5.016776e+00 4.629852e+00 5.253577e+00 4.419772e+00 4.072059e+00 3.725107e+00 4.800654e+00 5.587498e-01 9.135115e-01 1.590177e+00 1.704389e+00 1.235396e+00 1.282764e+00 9.857197e-01 8.661145e-01 1.028854e+00 9.908739e-01 9.117829e-01 7.292582e-01 8.812664e-01
<GCONST> 1.424505e+02
<TRANSP> 5
 0.000000e+00 1.000000e+00 0.000000e+00 0.000000e+00 0.000000e+00
 0.000000e+00 5.379881e-01 4.620119e-01 0.000000e+00 0.000000e+00
 0.000000e+00 0.000000e+00 3.670204e-01 6.329796e-01 0.000000e+00
 0.000000e+00 0.000000e+00 0.000000e+00 6.207305e-01 3.792695e-01
 0.000000e+00 0.000000e+00 0.000000e+00 0.000000e+00 0.000000e+00
<ENDHMM>
~h "l"
<BEGINHMM>
<NUMSTATES> 5
<STATE> 2
<MEAN> 39
 -1.099169e-01 4.014138e+00 4.631226e-01 -1.176490e+01 -8.964856e+00 2.886575e+00 -8.158477e+00 -1.370182e+01 -9.764673e+00 -8.635158e+00 1.219704e+00 -2.821362e+00 7.640350e+01 9.794676e-01 9.108919e-01 5.981268e-01 -1.730518e+00 -7.694271e-01 6.725460e-01 6.227301e-01 -6.132703e-01 -1.058014e+00 -1.176565e+00 -1.695342e-03 2.954522e-01 -2.924750e-01 -3.718828e-01 -2.981244e-01 -1.514525e-01 5.043354e-01 2.793878e-02 -2.879798e-01 4.497332e-02 3.484410e-01 5.732096e-01 2.440160e-01 -1.455736e-01 -8.483514e-03 -3.596316e-02
<VARIANCE> 39
 1.097373e+01 2.807996e+01 4.318528e+01 5.526332e+01 4.384583e+01 6.795909e+01 8.697649e+01 5.304143e+01 6.494225e+01 4.381315e+01 6.289097e+01 9.771995e+01 1.849696e+01 1.888990e+00 2.133784e+00 2.413022e+00 3.460501e+00 4.381491e+00 3.748057e+00 4.504769e+00 3.913612e+00 4.266947e+00 3.397027e+00 4.368265e+00 3.163228e+00 2.222814e+00 3.536042e-01 4.472220e-01 5.751688e-01 4.951890e-01 5.369102e-01 6.021113e-01 6.088292e-01 6.358666e-01 8.074725e-01 9.537230e-01 8.046786e-01 5.640391e-01 2.273287e-01
<GCONST> 1.287883e+02
<STATE> 3
<MEAN> 39
 1.296749e+00 6.159621e+00 2.090687e+00 -1.395911e+01 -1.182964e+01 2.513526e+00 -3.533062e+00 -1.339293e+01 -7.442838e+00 -1.153379e+01 -2.287448e+00 -1.128162e+00 7.516936e+01 4.671900e-02 -1.488602e-01 -1.450312e-01 3.569556e-02 -4.403210e-01 -1.515604e-01 1.298820e-01 -9.037390e-02 4.029723e-01 2.684556e-01 -1.914362e-02 8.583996e-02 1.694873e-01 -1.539379e-01 -3.070253e-01 -3.166340e-01 3.670816e-01 5.879894e-02 -1.737750e-02 -1.064158e-01 8.273634e-02 2.509131e-01 3.577594e-01 1.366472e-01 -4.150017e-02 1.679100e-01
<VARIANCE> 39
 9.340436e+00 1.905978e+01 4.725970e+01 4.801738e+01 4.120728e+01 8.798221e+01 1.157639e+02 4.774984e+01 7.293247e+01 4.089087e+01 7.541058e+01 7.648634e+01 1.116047e+01 3.728597e-01 1.730012e+00 2.162196e+00 1.726307e+00 2.607601e+00 1.843565e+00 2.032628e+00 2.589295e+00 2.593716e+00 2.599417e+00 2.756397e+00 2.006488e+00 1.347562e+00 1.493430e-01 2.433343e-01 2.844744e-01 3.983511e-01 5.107168e-01 4.310278e-01 4.930828e-01 5.170943e-01 5.640126e-01 4.273136e-01 5.608315e-01 3.830882e-01 2.058100e-01
<GCONST> 1.155850e+02
<STATE> 4
<MEAN> 39
 8.166503e-01 3.685252e+00 -3.415361e-01 -1.122725e+01 -1.159605e+01 2.334970e+00 -4.204179e+00 -1.378713e+01 -6.135172e+00 -7.751959e+00 3.049431e-01 1.661414e-01 7.704610e+01 -3.441490e-01 -7.905096e-01 -6.658208e-01 1.562851e+00 3.732049e-01 -7.191135e-02 -2.055821e-01 3.086086e-01 1.045753e+00 9.866199e-01 2.448630e-02 -4.690194e-01 1.554322e-01 -1.724010e-01 2.523058e-02 1.848401e-01 5.071298e-01 4.097514e-01 -5.369203e-02 -1.286083e-02 3.326237e-01 8.722532e-02 -1.149619e-01 -2.849024e-01 -2.187028e-01 -3.665287e-01
<VARIANCE> 39
 9.246264e+00 2.848513e+01 4.192773e+01 4.266967e+01 4.309468e+01 7.192603e+01 1.043835e+02 5.345910e+01 6.922587e+01 4.867033e+01 7.559924e+01 9.268188e+01 1.794610e+01 1.004190e+00 2.713518e+00 2.482935e+00 3.552498e+00 4.868041e+00 3.234420e+00 4.015635e+00 4.510279e+00 4.949651e+00 3.240701e+00 4.486325e+00 3.131537e+00 3.014539e+00 2.029094e-01 2.847314e-01 2.684655e-01 3.349711e-01 5.450493e-01 4.903069e-01 4.531599e-01 5.396463e-01 6.667138e-01 5.292751e-01 5.775660e-01 4.687716e-01 2.293553e-01
<GCONST> 1.248159e+02
<TRANSP> 5
 0.000000e+00 1.000000e+00 0.000000e+00 0.000000e+00 0.000000e+00
 0.000000e+00 5.034477e-01 4.965523e-01 0.000000e+00 0.000000e+00
 0.000000e+00 0.000000e+00 7.231208e-01 2.768792e-01 0.000000e+00
 0.000000e+00 0.000000e+00 0.000000e+00 4.305686e-01 5.694314e-01
 0.000000e+00 0.000000e+00 0.000000e+00 0.000000e+00 0.000000e+00
<ENDHMM>
~h "m"
<BEGINHMM>
<NUMSTATES> 5
<STATE> 2
<MEAN> 39
 4.189622e+00 6.038596e-01 3.595427e+00 2.179833e+00 -3.236921e+00 -1.988723e-01 -3.814859e+00 -8.780591e+00 -9.183324e+00 -1.784569e+01 -6.200990e+00 2.012430e+00 7.194297e+01 5.856299e-01 1.181835e-01 1.464649e+00 6.241508e-01 1.452891e+00 -6.324305e-02 7.977042e-01 7.231128e-01 -1.457635e+00 -2.305406e+00 -7.020596e-01 6.345464e-02 -7.952733e-01 -5.049832e-01 -1.274206e-01 -4.852192e-01 -2.250563e-01 -6.901561e-01 -1.192792e-01 -1.991748e-01 -4.712419e-02 7.085354e-01 9.481543e-01 2.406310e-01 -3.395994e-01 5.255471e-01
<VARIANCE> 39
 9.147512e+00 2.120943e+01 4.425294e+01 3.467709e+01 6.263106e+01 5.280048e+01 6.598318e+01 7.016417e+01 8.517450e+01 4.585509e+01 6.617292e+01 7.089476e+01 1.451058e+01 1.647634e+00 1.685632e+00 3.382030e+00 2.887818e+00 4.938602e+00 3.326225e+00 3.030796e+00 3.444187e+00 4.239951e+00 5.027850e+00 3.222934e+00 3.327690e+00 2.105688e+00 2.669539e-01 2.961623e-01 8.160091e-01 5.859284e-01 9.184599e-01 6.925604e-01 5.370622e-01 6.797243e-01 8.649580e-01 1.137884e+00 5.449615e-01 5.803537e-01 2.351685e-01
<GCONST> 1.274953e+02
<STATE> 3
<MEAN> 39
 3.929537e+00 8.300655e-01 3.225004e+00 1.656256e+00 -4.968245e+00 -1.549358e+00 -2.584104e+00 -7.638447e+00 -8.587732e+00 -1.766745e+01 -7.398338e+00 1.218948e-01 7.271764e+01 -1.694122e-01 2.084082e-01 -1.219244e+00 -1.307299e+00 -1.894884e+00 -1.200174e-01 -1.598845e-01 6.247129e-02 1.267083e+00 1.541099e+00 1.305122e-01 1.009482e-02 8.620430e-01 -1.410222e-01 3.596887e-03 -5.528351e-01 -4.892210e-01 -5.891656e-01 1.739101e-01 -7.810319e-02 -2.804610e-01 5.975952e-01 6.577486e-01 1.440991e-01 1.293991e-01 2.495955e-01
<VARIANCE> 39
 8.376105e+00 1.855225e+01 3.875027e+01 3.687977e+01 6.367021e+01 5.327412e+01 6.299123e+01 6.160891e+01 8.287660e+01 3.694078e+01 6.083649e+01 8.680248e+01 1.072879e+01 6.265571e-01 1.195819e+00 2.286623e+00 2.208713e+00 3.570337e+00 3.129787e+00 2.340590e+00 2.394894e+00 3.125065e+00 3.077595e+00 2.088482e+00 2.117271e+00 9.572432e-01 2.606496e-01 2.348332e-01 4.305752e-01 3.686432e-01 7.920387e-01 6.593817e-01 6.048312e-01 5.459203e-01 7.029766e-01 8.589066e-01 5.196093e-01 5.282092e-01 1.914822e-01
<GCONST> 1.186849e+02
<STATE> 4
<MEAN> 39
 3.900530e+00 9.005260e-01 -3.503847e+00 -6.132442e+00 -1.334963e+01 1.128890e-01 -1.466431e+00 -9.376378e+00 -1.975516e+00 -1.148719e+01 -7.045090e+00 1.551263e+00 7.651211e+01 -3.563648e-01 -2.829707e-01 -1.351678e+00 -1.216562e+00 -8.166144e-01 1.016225e+00 2.560724e-01 -9.593356e-01 1.097581e+00 1.468302e+00 5.473045e-01 -2.488191e-01 7.703527e-01 -2.234976e-01 -6.771050e-02 4.448471e-01 5.802137e-01 8.058584e-01 5.718904e-02 -2.427037e-01 2.490676e-02 -3.295796e-01 -2.391268e-01 1.696325e-01 -2.982022e-01 -2.301048e-01
<VARIANCE> 39
 8.571483e+00 2.195367e+01 4.098278e+01 5.303337e+01 5.672879e+01 7.507772e+01 8.120146e+01 5.480837e+01 6.748139e+01 3.541430e+01 6.851595e+01 8.447469e+01 1.675701e+01 1.255708e+00 1.719854e+00 2.680078e+00 2.905469e+00 5.158861e+00 3.993266e+00 3.535959e+00 3.546270e+00 4.585856e+00 4.367838e+00 3.160689e+00 3.106839e+00 1.212351e+00 1.884697e-01 1.879983e-01 3.457993e-01 4.329178e-01 5.471428e-01 6.796498e-01 5.796571e-01 5.296537e-01 6.437369e-01 5.573873e-01 4.880106e-01 4.111814e-01 1.141664e-01
<GCONST> 1.222578e+02
<TRANSP> 5
 0.000000e+00 1.000000e+00 0.000000e+00 0.000000e+00 0.000000e+00
 0.000000e+00 6.299748e-01 3.700252e-01 0.000000e+00 0.000000e+00
 0.000000e+00 0.000000e+00 6.710390e-01 3.289610e-01 0.000000e+00
 0.000000e+00 0.000000e+00 0.000000e+00 6.285303e-01 3.714697e-01
 0.000000e+00 0.000000e+00 0.000000e+00 0.000000e+00 0.000000e+00
<ENDHMM>
~h "n"
<BEGINHMM>
<NUMSTATES> 5
<STATE> 2
<MEAN> 39
 1.907788e+00 2.144850e+00 3.169521e+00 2.623740e+00 -2.974121e+00 -4.410919e+00 -9.113969e+00 -1.190876e+01 -7.811895e+00 -1.268975e+01 5.159363e-01 -5.747768e-01 7.364203e+01 8.918321e-01 4.305939e-01 2.158241e+00 1.682676e+00 1.189255e+00 -9.864676e-01 1.612748e-01 -9.872119e-02 -2.378823e+00 -1.421164e+00 7.581921e-01 8.347558e-01 -1.427646e+00 -3.052745e-01 -2.032345e-01 -2.499222e-01 -2.053046e-01 -5.173972e-01 1.244945e-01 1.247872e-01 5.701919e-02 4.185503e-01 3.810295e-01 -2.634534e-01 -9.149906e-02 2.889052e-01
<VARIANCE> 39
 8.957970e+00 1.962520e+01 5.856799e+01 4.223600e+01 6.441822e+01 6.127810e+01 7.836310e+01 6.733754e+01 6.382322e+01 4.388449e+01 5.486740e+01 1.195779e+02 1.825793e+01 1.132043e+00 1.790733e+00 3.145974e+00 3.508973e+00 3.704706e+00 4.202676e+00 3.738456e+00 6.237573e+00 3.487471e+00 5.577526e+00 3.439669e+00 3.911149e+00 2.310438e+00 2.488419e-01 2.717926e-01 7.654934e-01 7.509552e-01 6.068088e-01 7.485764e-01 4.833097e-01 7.643429e-01 7.922649e-01 7.602748e-01 5.090523e-01 5.591266e-01 3.006003e-01
<GCONST> 1.285526e+02
<STATE> 3
<MEAN> 39
 2.547938e+00 1.952990e+00 6.820492e+00 5.023770e+00 -2.070877e+00 -5.078418e+00 -8.775657e+00 -1.292961e+01 -1.103999e+01 -1.383598e+01 9.835642e-01 1.046754e+00 7.222970e+01 -3.478749e-01 1.845406e-02 -5.439026e-01 -1.130485e+00 -6.727830e-01 7.329969e-01 1.653750e-01 -2.113938e-02 4.740354e-01 4.465996e-01 -5.065333e-01 -1.170665e-03 6.371583e-01 -3.853485e-01 -8.108436e-02 -9.992000e-01 -9.087833e-01 -5.717947e-01 5.527117e-01 1.406000e-01 8.179140e-02 1.040123e+00 6.280086e-01 -3.783950e-01 -3.523641e-01 5.398642e-01
<VARIANCE> 39
 8.597479e+00 1.933693e+01 3.992896e+01 3.007239e+01 6.073042e+01 5.742852e+01 7.739445e+01 8.634909e+01 5.154772e+01 4.775394e+01 6.231412e+01 1.339330e+02 9.634398e+00 7.680483e-01 1.626727e+00 3.366665e+00 3.873229e+00 3.209993e+00 3.733108e+00 2.314776e+00 3.905386e+00 3.578256e+00 3.158915e+00 2.405311e+00 2.515648e+00 2.196559e+00 2.461537e-01 3.400078e-01 5.208524e-01 6.007860e-01 7.693704e-01 8.870719e-01 6.583218e-01 1.158936e+00 6.993330e-01 1.000475e+00 6.784104e-01 7.625098e-01 3.446665e-01
<GCONST> 1.260608e+02
<STATE> 4
<MEAN> 39
 1.026236e+00 1.679183e+00 -2.437086e-01 -3.154656e+00 -7.093091e+00 -1.346323e+00 -6.515349e+00 -1.353229e+01 -4.572086e+00 -1.023807e+01 -2.430322e+00 -4.156483e-01 7.688585e+01 -3.362753e-01 -1.378308e-01 -1.900301e+00 -1.512772e+00 -1.400073e+00 9.490792e-01 8.063158e-01 -7.838573e-02 2.044157e+00 1.201768e+00 -9.032293e-01 -7.134367e-01 8.362758e-01 -7.807340e-03 -7.226142e-02 1.701674e-01 4.570972e-01 1.618524e-01 -1.072747e-01 3.535365e-02 1.510461e-01 -1.115564e-01 -8.685650e-02 6.789881e-02 -1.446875e-02 -2.791975e-01
<VARIANCE> 39
 9.879988e+00 1.670477e+01 6.009638e+01 4.990795e+01 4.537588e+01 7.476785e+01 1.149676e+02 4.837792e+01 5.410808e+01 3.537868e+01 5.168166e+01 1.027657e+02 1.930996e+01 1.080644e+00 2.037237e+00 3.230913e+00 3.445347e+00 3.940156e+00 4.487556e+00 3.446381e+00 4.546426e+00 4.070084e+00 4.108500e+00 3.119790e+00 2.934573e+00 2.351580e+00 2.614916e-01 3.120922e-01 5.937523e-01 5.600187e-01 4.742216e-01 7.525833e-01 5.433053e-01 6.603354e-01 7.874786e-01 6.115105e-01 4.879048e-01 4.871310e-01 2.362669e-01
<GCONST> 1.260745e+02
<TRANSP> 5
 0.000000e+00 1.000000e+00 0.000000e+00 0.000000e+00 0.000000e+00
 0.000000e+00 5.639923e-01 4.360077e-01 0.000000e+00 0.000000e+00
 0.000000e+00 0.000000e+00 6.075929e-01 3.924071e-01 0.000000e+00
 0.000000e+00 0.000000e+00 0.000000e+00 5.628490e-01 4.371510e-01
 0.000000e+00 0.000000e+00 0.000000e+00 0.000000e+00 0.000000e+00
<ENDHMM>
~h "o"
<BEGINHMM>
<NUMSTATES> 5
<STATE> 2
<MEAN> 39
 1.932839e+00 2.824607e+00 -3.117010e+00 -8.904520e+00 -1.383463e+01 2.059976e+00 -4.761149e+00 -1.126442e+01 -4.805900e+00 -9.056428e+00 -3.095598e-01 1.301868e-01 7.723533e+01 1.586132e+00 -6.445557e-01 1.076919e-01 -5.781884e-01 -1.785861e+00 -1.009911e-01 -1.587767e-01 -9.766005e-01 -5.898909e-01 -4.750106e-01 4.015280e-01 -2.407716e-01 1.310679e+00 -8.106151e-01 -3.278154e-01 -7.245836e-02 5.562928e-01 8.963044e-01 -3.008694e-02 -2.017871e-02 4.377170e-01 2.490498e-01 3.940465e-01 -1.256268e-02 3.624178e-02 -5.069603e-01
<VARIANCE> 39
 1.232796e+01 3.101071e+01 3.098839e+01 5.556066e+01 4.091222e+01 6.633227e+01 9.260360e+01 5.322482e+01 5.490806e+01 4.546189e+01 8.804956e+01 7.250339e+01 1.884207e+01 3.348263e+00 2.405905e+00 3.250187e+00 5.179959e+00 5.454294e+00 5.182009e+00 5.518531e+00 4.519101e+00 4.290484e+00 4.041052e+00 5.080267e+00 4.504326e+00 2.315603e+00 4.860080e-01 4.971818e-01 6.000436e-01 6.537217e-01 8.489280e-01 7.783978e-01 7.437153e-01 7.613910e-01 9.350315e-01 8.718649e-01 9.219657e-01 5.951480e-01 3.153062e-01
<GCONST> 1.339966e+02
<STATE> 3
<MEAN> 39
 1.495255e+00 -8.016072e-01 -4.612758e+00 -1.047843e+01 -1.461074e+01 3.398146e+00 -6.364597e+00 -1.166608e+01 -5.587774e+00 -7.864413e+00 1.653746e+00 -2.557156e+00 7.985175e+01 -4.144207e-03 -3.040233e-01 9.437610e-02 7.955669e-01 5.336811e-01 -2.763281e-01 -4.420889e-01 -7.772353e-02 1.276169e-01 1.250926e-01 -3.727249e-02 -1.748724e-01 -1.363071e-02 -3.168519e-01 2.937467e-01 3.378190e-01 7.292700e-01 7.691305e-01 -2.871528e-01 -1.075895e-01 1.968684e-01 9.779630e-02 -4.967612e-02 -3.079650e-01 8.957939e-02 -5.892321e-01
<VARIANCE> 39
 8.825595e+00 2.590458e+01 3.001915e+01 6.805801e+01 3.118807e+01 6.340547e+01 9.167255e+01 5.837598e+01 5.065505e+01 3.862846e+01 8.645557e+01 1.083918e+02 1.054172e+01 6.238909e-01 1.478014e+00 1.769312e+00 3.073276e+00 2.858154e+00 2.749471e+00 3.202673e+00 2.819204e+00 2.872106e+00 3.481544e+00 3.330680e+00 2.450358e+00 9.956301e-01 2.858109e-01 2.573905e-01 3.463949e-01 4.198421e-01 7.111528e-01 6.289245e-01 6.482328e-01 6.974895e-01 6.594829e-01 5.905430e-01 7.621055e-01 6.298511e-01 2.319113e-01
<GCONST> 1.209834e+02
<STATE> 4
<MEAN> 39
 1.156196e+00 1.568942e-01 -2.562718e+00 -4.242446e+00 -1.131155e+01 8.935611e-02 -9.164591e+00 -1.201386e+01 -4.084087e+00 -7.656524e+00 1.825317e-01 -1.881368e+00 7.810880e+01 -4.979796e-01 8.241602e-01 1.638778e+00 2.473308e+00 2.214994e+00 -7.463884e-01 -2.810812e-01 6.315002e-01 -1.325722e-01 -5.069475e-01 -9.424183e-01 5.887594e-03 -1.865251e+00 -3.130724e-01 2.428396e-01 3.199262e-01 2.175119e-01 4.106737e-01 1.034508e-01 3.788084e-01 3.081171e-01 -1.598392e-01 -1.266395e-01 -1.276594e-01 4.406478e-02 -5.929576e-01
<VARIANCE> 39
 1.301245e+01 2.791416e+01 3.538652e+01 6.650671e+01 4.237649e+01 7.030222e+01 1.174205e+02 5.410955e+01 5.791302e+01 4.580720e+01 7.759177e+01 8.967097e+01 1.753907e+01 1.966116e+00 2.485576e+00 2.790482e+00 3.497894e+00 5.028061e+00 4.635620e+00 4.722726e+00 4.391243e+00 4.542964e+00 4.281951e+00 4.478808e+00 3.674123e+00 3.155322e+00 4.058168e-01 3.770820e-01 5.068386e-01 5.074673e-01 6.831629e-01 5.788531e-01 8.427136e-01 6.999015e-01 8.585558e-01 8.060265e-01 6.813325e-01 5.407323e-01 3.259380e-01
<GCONST> 1.314725e+02
<TRANSP> 5
 0.000000e+00 1.000000e+00 0.000000e+00 0.000000e+00 0.000000e+00
 0.000000e+00 3.381412e-01 6.618588e-01 0.000000e+00 0.000000e+00
 0.000000e+00 0.000000e+00 5.913954e-01 4.086046e-01 0.000000e+00
 0.000000e+00 0.000000e+00 0.000000e+00 4.522953e-01 5.477047e-01
 0.000000e+00 0.000000e+00 0.000000e+00 0.000000e+00 0.000000e+00
<ENDHMM>
~h "p"
<BEGINHMM>
<NUMSTATES> 5
<STATE> 2
<MEAN> 39
 -5.853943e+00 4.972849e+00 3.912643e+00 4.018863e+00 8.420601e-01 2.546849e+00 -1.230948e+00 -3.193256e+00 -4.253533e+00 -5.935910e+00 -3.520873e+00 -1.848403e+00 5.523458e+01 -2.635082e+00 -4.888319e-01 1.042300e-01 8.458285e-01 1.706769e+00 3.854197e-01 9.992469e-01 1.631061e+00 1.106404e+00 1.545566e+00 5.295698e-01 3.983971e-01 -2.819583e+00 -7.707111e-02 -7.918165e-01 -8.607761e-01 -7.639577e-01 -8.281987e-01 -3.667565e-01 -5.059528e-01 -4.735824e-01 1.296645e-01 3.430916e-01 4.890302e-01 2.166120e-01 2.283820e+00
<VARIANCE> 39
 5.646931e+01 2.316899e+01 2.240633e+01 3.611475e+01 2.453884e+01 3.161283e+01 3.271806e+01 3.307477e+01 3.440465e+01 3.466767e+01 3.945697e+01 3.179446e+01 3.505695e+01 4.282603e+00 3.070415e+00 3.465919e+00 3.762712e+00 3.908984e+00 3.289139e+00 3.720834e+00 3.506642e+00 3.510796e+00 3.617711e+00 3.824580e+00 2.895132e+00 1.234923e+01 9.523797e-01 3.908700e-01 5.111554e-01 5.306804e-01 6.014956e-01 5.104345e-01 5.733133e-01 7.331377e-01 7.445549e-01 6.281976e-01 5.544381e-01 4.307183e-01 1.286295e+00
<GCONST> 1.284119e+02
<STATE> 3
<MEAN> 39
 -1.313797e+01 1.533523e-01 3.103928e-01 2.601407e+00 2.082462e+00 2.686694e+00 -4.232602e-02 3.913948e-02 5.122758e-01 1.059685e+00 1.353653e+00 1.707005e+00 5.744170e+01 4.917541e-01 -1.611613e+00 -1.706150e+00 -1.459543e+00 -1.222385e+00 -4.961127e-01 -9.971195e-01 -9.744805e-01 -4.921494e-01 5.174393e-01 6.573196e-01 2.976080e-01 5.148237e+00 1.496977e+00 3.020634e-01 -1.441355e-01 -7.399287e-01 -1.104000e+00 -1.115480e-01 -5.878232e-01 -8.609418e-01 -7.537460e-01 -8.855817e-01 -3.199992e-01 -4.512770e-01 1.509452e+00
<VARIANCE> 39
 1.589187e+01 2.483499e+01 2.034614e+01 1.982396e+01 1.925418e+01 1.975149e+01 2.485695e+01 2.366012e+01 2.026658e+01 1.882091e+01 1.686757e+01 1.463860e+01 9.278857e+01 7.459697e+00 3.438574e+00 3.481709e+00 4.095104e+00 3.959751e+00 3.418489e+00 3.541827e+00 4.042258e+00 4.084978e+00 4.169116e+00 3.144306e+00 2.885097e+00 6.657946e+00 6.296905e-01 7.271588e-01 6.268118e-01 7.324499e-01 6.818948e-01 7.624055e-01 8.722988e-01 8.626368e-01 7.048494e-01 5.577593e-01 7.528692e-01 7.551973e-01 2.063882e+00
<GCONST> 1.267892e+02
<STATE> 4
<MEAN> 39
 -4.728952e+00 -2.804019e-01 -3.735499e+00 -3.630259e+00 -5.118431e+00 6.229692e-01 -3.546369e+00 -5.794177e+00 -4.720108e+00 -2.797856e+00 -7.722526e-01 1.085559e-01 7.325146e+01 3.745456e+00 5.543783e-01 -8.479392e-01 -2.394161e+00 -3.322549e+00 -1.040441e-01 -7.248066e-01 -1.641485e+00 -9.952818e-01 -1.243366e+00 -4.934765e-01 -5.793281e-01 3.427858e+00 3.666053e-02 2.542064e-01 3.299710e-01 3.212234e-01 2.672698e-02 1.123173e-01 1.267321e-01 8.990648e-02 3.265941e-01 -8.322047e-02 -5.722152e-02 -6.767703e-02 -1.119483e+00
<VARIANCE> 39
 5.412853e+01 3.366525e+01 2.251659e+01 3.529365e+01 5.394394e+01 2.785316e+01 3.731484e+01 2.759358e+01 2.807334e+01 2.660659e+01 3.738102e+01 2.461890e+01 2.042860e+01 3.630927e+00 5.260554e+00 3.919713e+00 4.901117e+00 5.665221e+00 4.669544e+00 5.877896e+00 5.300930e+00 4.989163e+00 3.990996e+00 5.351581e+00 5.321251e+00 7.824123e+00 1.540925e+00 1.125332e+00 6.208279e-01 8.863961e-01 1.332672e+00 7.241379e-01 7.500197e-01 7.311916e-01 7.952036e-01 7.475876e-01 9.677338e-01 6.900601e-01 7.948098e-01
<GCONST> 1.357531e+02
<TRANSP> 5
 0.000000e+00 1.000000e+00 0.000000e+00 0.000000e+00 0.000000e+00
 0.000000e+00 5.848221e-01 4.151779e-01 0.000000e+00 0.000000e+00
 0.000000e+00 0.000000e+00 5.361916e-01 4.638084e-01 0.000000e+00
 0.000000e+00 0.000000e+00 0.000000e+00 6.062125e-01 3.937875e-01
 0.000000e+00 0.000000e+00 0.000000e+00 0.000000e+00 0.000000e+00
<ENDHMM>
~h "r"
<BEGINHMM>
<NUMSTATES> 5
<STATE> 2
<MEAN> 39
 -6.002858e-01 -1.372775e+00 -3.972559e+00 2.556799e+00 -6.798569e+00 -4.453440e+00 -7.920245e+00 -1.298375e+01 -5.284348e+00 -2.166236e+00 4.893113e-01 -1.499107e+00 7.716200e+01 1.179335e+00 -2.896846e-01 -1.268007e+00 1.328588e+00 -4.271674e-01 -3.485050e-03 2.915525e-01 -4.379914e-01 -6.098102e-01 -1.167793e-01 3.034977e-01 1.529110e-01 -4.648396e-01 -8.400186e-02 6.367255e-03 -1.449564e-01 -2.251396e-01 -4.473057e-01 3.016577e-01 -8.756274e-02 3.058809e-01 3.390471e-01 -5.618246e-01 8.945827e-02 -1.339587e-01 -3.254483e-02
<VARIANCE> 39
 1.737094e+01 1.978778e+01 4.205215e+01 4.317693e+01 6.411626e+01 5.866866e+01 6.720692e+01 5.263914e+01 5.602226e+01 3.953968e+01 4.527493e+01 5.167162e+01 1.383917e+01 1.886577e+00 1.556250e+00 3.285990e+00 3.292664e+00 5.568657e+00 4.156291e+00 4.110447e+00 4.229351e+00 5.610699e+00 4.116552e+00 4.442143e+00 3.075398e+00 1.530967e+00 4.056302e-01 3.529086e-01 5.901592e-01 7.339093e-01 1.242713e+00 7.188097e-01 7.737916e-01 9.365643e-01 1.208079e+00 8.517001e-01 7.270138e-01 5.636027e-01 4.300708e-01
<GCONST> 1.302263e+02
<STATE> 3
<MEAN> 39
 3.894717e+00 -1.012318e+00 -1.064017e+01 4.919902e+00 -8.614091e+00 -4.325710e+00 -5.232903e+00 -1.327182e+01 -5.585481e+00 -4.874391e+00 1.899124e+00 -5.228897e-01 7.637342e+01 7.309445e-01 -1.083945e-01 -7.786510e-01 6.644962e-02 -1.754836e+00 6.745996e-01 6.211568e-02 1.004332e-02 5.365397e-01 -7.694932e-01 1.900729e-01 -3.405386e-01 1.278884e-01 -4.318289e-01 9.288402e-02 6.930755e-01 -5.589992e-01 -1.427111e-01 2.715232e-01 1.338805e-02 2.366902e-01 3.618069e-01 -5.801610e-02 -3.466915e-01 -1.051924e-01 1.075148e-01
<VARIANCE> 39
 1.880913e+01 2.293600e+01 5.506941e+01 3.269835e+01 7.559547e+01 6.742208e+01 8.115014e+01 5.680236e+01 6.194872e+01 5.146059e+01 4.688747e+01 5.075697e+01 1.227080e+01 1.367467e+00 1.869572e+00 2.684539e+00 2.591888e+00 7.293041e+00 3.577384e+00 4.240471e+00 4.656119e+00 6.917590e+00 4.893373e+00 4.039651e+00 2.859666e+00 1.684884e+00 2.390898e-01 2.388233e-01 4.790618e-01 4.472529e-01 1.344425e+00 7.377145e-01 6.794828e-01 9.879340e-01 1.070919e+00 8.028405e-01 8.166106e-01 5.063336e-01 2.908807e-01
<GCONST> 1.290956e+02
<STATE> 4
<MEAN> 39
 3.065454e+00 -1.587574e+00 -7.961047e+00 3.272591e+00 -1.404787e+01 -1.063116e+00 -6.798271e+00 -1.312571e+01 -2.952366e+00 -6.370485e+00 1.388579e+00 -2.013409e+00 7.737408e+01 -3.875827e-01 4.211787e-01 1.189014e+00 -9.589747e-01 -3.290848e-01 1.167296e+00 1.326133e-02 8.906928e-01 4.649941e-01 -8.528233e-01 -7.250244e-01 -2.003547e-01 -3.628887e-01 -4.527941e-01 1.893429e-01 5.882410e-01 -2.704789e-01 9.023072e-01 -8.439992e-02 5.011287e-02 4.414988e-01 -1.801121e-01 1.235126e-01 -2.609045e-01 3.959462e-02 -3.257799e-01
<VARIANCE> 39
 2.074885e+01 3.058811e+01 4.739578e+01 4.059171e+01 6.681252e+01 7.814737e+01 1.099949e+02 6.054961e+01 8.656023e+01 5.212155e+01 6.801633e+01 6.516409e+01 1.920976e+01 1.592010e+00 2.473114e+00 3.085897e+00 2.749883e+00 7.950134e+00 3.341997e+00 4.722700e+00 4.543141e+00 5.032059e+00 3.924769e+00 4.335478e+00 2.938859e+00 3.696575e+00 2.978711e-01 2.594061e-01 5.275775e-01 4.648841e-01 8.946921e-01 7.013407e-01 7.952237e-01 7.211943e-01 1.077266e+00 7.328202e-01 6.990598e-01 5.733613e-01 3.380293e-01
<GCONST> 1.322901e+02
<TRANSP> 5
 0.000000e+00 1.000000e+00 0.000000e+00 0.000000e+00 0.000000e+00
 0.000000e+00 4.959316e-01 5.040684e-01 0.000000e+00 0.000000e+00
 0.000000e+00 0.000000e+00 4.799886e-01 5.200114e-01 0.000000e+00
 0.000000e+00 0.000000e+00 0.000000e+00 3.606156e-01 6.393844e-01
 0.000000e+00 0.000000e+00 0.000000e+00 0.000000e+00 0.000000e+00
<ENDHMM>
~h "s"
<BEGINHMM>
<NUMSTATES> 5
<STATE> 2
<MEAN> 39
 -2.577406e+01 7.694889e+00 6.450571e-01 -2.751414e+00 5.904480e+00 9.323206e-01 -4.667875e+00 -3.048180e+00 1.093708e+00 -1.892650e+00 -5.825649e-01 -2.327497e+00 7.637531e+01 -5.373276e+00 1.511038e-02 -1.643126e+00 -9.790795e-01 8.907362e-01 3.894629e-01 1.382931e+00 1.811568e+00 1.740660e+00 1.185427e+00 6.904700e-01 1.017830e+00 -2.788198e-01 1.091497e+00 -6.033877e-01 -3.899428e-01 -3.995242e-02 -9.704523e-01 -3.129283e-01 -3.724501e-01 -4.094770e-01 -3.287982e-01 -1.432289e-01 1.648329e-01 6.088080e-02 -1.804644e-01
<VARIANCE> 39
 7.055727e+01 2.083769e+01 5.228411e+01 3.311134e+01 2.631597e+01 4.968215e+01 3.942234e+01 4.357827e+01 4.128579e+01 3.252180e+01 3.062521e+01 2.926877e+01 1.322894e+01 6.489040e+00 2.978027e+00 3.519765e+00 5.128174e+00 4.527346e+00 4.129936e+00 4.850121e+00 3.916436e+00 3.210130e+00 2.870941e+00 3.342014e+00 3.116873e+00 1.324772e+00 1.314697e+00 5.085656e-01 7.777478e-01 5.893061e-01 6.208695e-01 8.104310e-01 8.289357e-01 8.309841e-01 8.040478e-01 6.543462e-01 5.925677e-01 4.657963e-01 1.819443e-01
<GCONST> 1.283317e+02
<STATE> 3
<MEAN> 39
 -3.360303e+01 5.174889e+00 -4.943091e+00 -5.488243e+00 3.355395e+00 3.067064e-01 -3.458496e+00 -1.723770e+00 3.170697e+00 7.765456e-01 1.601870e+00 7.816446e-01 7.285333e+01 9.672180e-01 -3.891656e-01 1.825642e-01 7.769400e-02 -4.081734e-01 1.520605e-02 -2.017821e-01 -3.945294e-01 -4.207322e-01 4.331532e-02 -7.885392e-02 8.547151e-02 -6.330628e-01 1.157331e+00 1.369562e-02 4.618573e-01 2.442608e-01 -6.069266e-02 6.055492e-02 -1.043602e-01 -2.798572e-01 -3.078344e-01 -2.300180e-01 -1.524041e-01 -1.639390e-01 -1.440232e-01
<VARIANCE> 39
 1.272993e+01 2.575452e+01 4.534404e+01 3.996476e+01 3.415763e+01 3.758348e+01 3.181345e+01 3.674768e+01 2.378887e+01 1.833743e+01 1.547403e+01 1.279426e+01 1.905572e+01 5.177132e+00 1.684572e+00 2.297177e+00 2.194879e+00 1.856537e+00 1.878380e+00 2.067628e+00 2.123558e+00 1.966046e+00 1.754080e+00 1.510327e+00 1.380511e+00 1.737065e+00 6.891335e-01 3.078774e-01 3.929325e-01 4.963160e-01 3.535201e-01 3.898423e-01 4.952294e-01 5.127312e-01 4.490143e-01 4.157834e-01 3.431097e-01 3.420298e-01 3.362009e-01
<GCONST> 1.110959e+02
<STATE> 4
<MEAN> 39
 -1.905426e+01 2.565479e+00 6.023984e-01 -3.384288e+00 1.258720e+00 1.360586e+00 -4.604715e+00 -5.502520e+00 -1.551283e+00 -1.429450e+00 -2.318149e-01 -4.550828e-02 6.825030e+01 4.855288e+00 -4.629498e-01 5.342724e-01 5.674422e-01 -1.162235e+00 -1.490159e-01 -1.612208e-01 -9.802468e-01 -1.505407e+00 -1.220213e+00 -3.173269e-01 -3.018354e-01 -1.968503e+00 -2.360837e-01 -5.548149e-02 -4.094675e-01 -1.460113e-01 -1.942347e-01 -1.002015e-01 7.550400e-02 1.857400e-01 1.915762e-01 -1.180604e-03 9.323951e-02 4.802175e-03 8.306806e-02
<VARIANCE> 39
 7.523956e+01 3.006086e+01 4.596812e+01 3.077990e+01 5.444519e+01 5.325280e+01 4.641460e+01 5.471475e+01 4.213113e+01 4.226025e+01 2.983945e+01 2.986549e+01 9.746671e+01 6.598229e+00 3.226388e+00 4.593147e+00 4.398561e+00 4.896610e+00 4.093246e+00 5.841874e+00 7.083214e+00 4.702732e+00 4.373725e+00 3.058892e+00 3.566529e+00 7.890079e+00 1.057942e+00 5.712563e-01 5.974283e-01 6.242688e-01 8.227658e-01 7.320139e-01 7.501125e-01 8.831037e-01 7.670344e-01 8.340284e-01 5.463516e-01 5.066061e-01 9.243134e-01
<GCONST> 1.373696e+02
<TRANSP> 5
 0.000000e+00 1.000000e+00 0.000000e+00 0.000000e+00 0.000000e+00
 0.000000e+00 7.106860e-01 2.893140e-01 0.000000e+00 0.000000e+00
 0.000000e+00 0.000000e+00 8.197065e-01 1.802935e-01 0.000000e+00
 0.000000e+00 0.000000e+00 0.000000e+00 5.973519e-01 4.026481e-01
 0.000000e+00 0.000000e+00 0.000000e+00 0.000000e+00 0.000000e+00
<ENDHMM>
~h "t"
<BEGINHMM>
<NUMSTATES> 5
<STATE> 2
<MEAN> 39
 -1.070522e+01 4.739368e+00 5.022694e+00 3.615412e+00 2.623777e+00 1.771986e+00 -4.150336e+00 -4.276776e+00 -3.469343e+00 -3.077651e+00 -5.963629e-01 -1.629605e+00 5.808875e+01 -1.763627e+00 -1.150473e+00 -2.286858e-01 6.400742e-02 5.493847e-01 6.657717e-01 1.287175e+00 1.601357e+00 1.178804e+00 8.983635e-01 2.271090e-02 5.395369e-01 -2.403035e+00 1.936979e-01 -7.387757e-01 -7.006131e-01 -6.952020e-01 -8.493960e-01 -4.004903e-01 -4.634601e-01 -3.447112e-01 1.169915e-01 1.049252e-01 1.377926e-01 7.261149e-02 2.050297e+00
<VARIANCE> 39
 5.392279e+01 2.103973e+01 3.480913e+01 3.173363e+01 2.552817e+01 4.377364e+01 3.986924e+01 3.628714e+01 3.665390e+01 3.356562e+01 3.476425e+01 4.253550e+01 6.371862e+01 5.172229e+00 4.108307e+00 4.131901e+00 4.518037e+00 4.379550e+00 3.680987e+00 3.984678e+00 3.621186e+00 3.096095e+00 3.368364e+00 3.011720e+00 3.621706e+00 1.502440e+01 6.458204e-01 6.166735e-01 5.579597e-01 6.096791e-01 6.364688e-01 5.983446e-01 7.850289e-01 8.150388e-01 7.009798e-01 5.638321e-01 5.058848e-01 5.411834e-01 2.263436e+00
<GCONST> 1.326412e+02
<STATE> 3
<MEAN> 39
 -1.623904e+01 -3.265682e+00 -1.799035e-01 -9.058292e-01 -3.177522e-01 1.837250e+00 -2.589702e+00 -5.856894e-01 9.177496e-01 1.108816e+00 9.900616e-01 1.522957e+00 6.450016e+01 6.159777e-01 -1.215966e+00 -1.243302e+00 -1.767941e+00 -1.609054e+00 -9.171254e-01 -1.725291e+00 -1.196816e+00 -1.440180e-01 2.870788e-01 3.416524e-02 -1.647663e-01 5.599514e+00 1.320501e+00 8.563169e-01 2.726032e-01 3.860985e-02 -4.135013e-01 -3.532220e-01 -8.343039e-01 -1.152322e+00 -7.392802e-01 -6.486642e-01 -9.753904e-02 -6.134397e-01 8.799161e-01
<VARIANCE> 39
 2.233681e+01 3.509960e+01 3.204869e+01 2.865543e+01 3.310693e+01 3.506907e+01 3.342414e+01 2.742101e+01 2.561863e+01 2.163944e+01 1.865555e+01 1.619659e+01 1.032229e+02 6.308050e+00 3.577727e+00 3.382619e+00 3.265299e+00 3.241935e+00 3.897262e+00 4.099759e+00 4.459792e+00 3.609259e+00 3.533375e+00 2.802382e+00 3.354850e+00 5.974920e+00 7.272887e-01 8.315660e-01 6.694586e-01 9.551434e-01 9.370733e-01 8.887305e-01 1.135284e+00 8.008342e-01 7.781873e-01 6.968383e-01 8.197266e-01 9.914537e-01 2.427868e+00
<GCONST> 1.320822e+02
<STATE> 4
<MEAN> 39
 -9.711985e+00 5.097139e-01 -3.125455e-01 -3.142923e+00 -2.892557e+00 -1.015911e+00 -8.952911e+00 -8.188129e+00 -3.174270e+00 -1.148241e+00 1.070224e-02 -1.559468e+00 7.589817e+01 3.974674e+00 1.097421e+00 7.108687e-02 -5.350771e-01 -1.911670e+00 -7.868133e-01 -1.520514e+00 -2.913729e+00 -1.318153e+00 -1.297297e+00 -2.059652e-03 -1.180186e+00 2.714766e+00 2.993397e-01 6.195260e-02 1.546607e-01 4.131171e-01 -1.817555e-01 1.978765e-01 6.047319e-01 2.180493e-01 1.173422e-01 -2.975019e-01 2.640849e-03 5.741511e-02 -1.327675e+00
<VARIANCE> 39
 4.301882e+01 2.774471e+01 2.791586e+01 2.509955e+01 3.367361e+01 4.800642e+01 4.301912e+01 3.795005e+01 3.197697e+01 2.456651e+01 2.571670e+01 3.500344e+01 1.335735e+01 2.606409e+00 4.397292e+00 2.828059e+00 5.435671e+00 5.053639e+00 4.944718e+00 8.520185e+00 4.688966e+00 5.080179e+00 4.045799e+00 4.704922e+00 5.632582e+00 6.236715e+00 1.112075e+00 8.532755e-01 5.396693e-01 5.603173e-01 6.928428e-01 7.472109e-01 8.700349e-01 9.050174e-01 7.955978e-01 6.780457e-01 6.224636e-01 6.200179e-01 6.392148e-01
<GCONST> 1.322065e+02
<TRANSP> 5
 0.000000e+00 1.000000e+00 0.000000e+00 0.000000e+00 0.000000e+00
 0.000000e+00 6.418002e-01 3.581997e-01 0.000000e+00 0.000000e+00
 0.000000e+00 0.000000e+00 5.127017e-01 4.872983e-01 0.000000e+00
 0.000000e+00 0.000000e+00 0.000000e+00 5.410137e-01 4.589863e-01
 0.000000e+00 0.000000e+00 0.000000e+00 0.000000e+00 0.000000e+00
<ENDHMM>
~h "u"
<BEGINHMM>
<NUMSTATES> 5
<STATE> 2
<MEAN> 39
 -1.255554e+00 4.391647e+00 1.297606e+00 -1.144608e+00 -7.805794e+00 -5.643940e-01 -9.242207e+00 -1.347133e+01 -5.627747e+00 -1.059653e+01 -1.943227e+00 -6.083758e-01 7.504708e+01 2.307568e+00 1.709998e-01 5.127648e-01 6.968903e-01 -1.147119e+00 -4.915312e-01 -7.658681e-01 -1.825553e+00 -1.080574e+00 -1.109266e+00 2.959304e-01 -1.646060e-01 5.850594e-01 -8.855979e-01 -2.324587e-01 -2.785373e-02 1.478690e-01 4.349850e-01 -6.746916e-02 3.354199e-01 6.713316e-01 3.391488e-01 4.330238e-01 2.844382e-02 3.248294e-02 -3.785783e-01
<VARIANCE> 39
 2.972166e+01 3.024380e+01 3.754287e+01 5.471926e+01 6.057388e+01 7.457737e+01 1.192918e+02 4.442660e+01 5.194027e+01 4.906797e+01 6.550085e+01 5.999967e+01 2.224343e+01 8.398833e+00 2.692750e+00 3.268790e+00 5.785469e+00 6.920788e+00 5.720688e+00 7.820241e+00 6.664797e+00 6.547269e+00 5.384329e+00 4.684447e+00 4.065740e+00 2.491002e+00 5.968240e-01 5.757383e-01 6.947132e-01 6.766462e-01 1.054474e+00 9.051529e-01 1.001130e+00 8.535683e-01 1.073798e+00 8.937142e-01 8.295251e-01 6.118087e-01 3.721051e-01
<GCONST> 1.396967e+02
<STATE> 3
<MEAN> 39
 -1.880157e-01 2.278543e+00 8.501679e-01 -7.978029e-01 -9.831166e+00 -7.036039e-01 -1.051293e+01 -1.587824e+01 -6.402192e+00 -1.055729e+01 5.214282e-01 -9.766018e-01 7.645352e+01 1.652037e-01 -1.243891e-01 3.868706e-01 9.691661e-01 2.740304e-01 -4.363607e-01 -1.682718e-01 5.013487e-02 1.299874e-02 1.413047e-01 2.025742e-02 -2.883365e-01 -9.500669e-02 -1.224770e+00 1.096101e-01 1.911995e-01 1.488205e-01 9.301853e-01 1.711764e-02 4.757470e-01 1.082958e+00 4.719231e-01 4.565633e-01 -4.095284e-01 -3.426247e-02 -4.574704e-01
<VARIANCE> 39
 1.355427e+01 2.448181e+01 3.477483e+01 6.416178e+01 4.832193e+01 7.767175e+01 1.498288e+02 4.888240e+01 5.738306e+01 4.675427e+01 7.368026e+01 7.563902e+01 1.496276e+01 4.567293e+00 2.793133e+00 2.579200e+00 4.429001e+00 7.332723e+00 5.425877e+00 5.796854e+00 4.693301e+00 5.205904e+00 5.126609e+00 4.109445e+00 3.020663e+00 2.245149e+00 8.921701e-01 5.402173e-01 5.405695e-01 7.483312e-01 8.392625e-01 9.851431e-01 1.432381e+00 1.009341e+00 1.215673e+00 9.010785e-01 9.152742e-01 7.483556e-01 4.209406e-01
<GCONST> 1.375188e+02
<STATE> 4
<MEAN> 39
 -2.163445e+00 3.206136e+00 2.674932e+00 1.977101e+00 -6.595984e+00 -2.041640e+00 -1.048076e+01 -1.286331e+01 -5.474951e+00 -9.507290e+00 -1.825879e+00 -2.261533e+00 7.493366e+01 -1.961481e+00 6.326607e-01 1.147846e+00 9.070375e-01 2.112901e+00 -1.406362e-01 8.359593e-01 1.828241e+00 5.324973e-01 5.423238e-01 -9.089661e-01 -2.992231e-01 -9.713397e-01 -8.942909e-01 -3.105868e-02 -5.059095e-02 -2.151840e-01 3.544072e-01 1.701744e-01 4.585286e-01 5.866051e-01 2.697076e-01 2.344795e-01 -4.904126e-02 1.365830e-01 -2.793185e-01
<VARIANCE> 39
 2.846572e+01 2.690873e+01 3.856384e+01 6.596783e+01 6.311703e+01 7.914140e+01 1.225976e+02 5.012963e+01 5.861420e+01 4.578308e+01 5.941698e+01 6.762186e+01 2.659228e+01 7.378527e+00 3.803810e+00 3.299366e+00 4.647918e+00 7.093524e+00 6.456067e+00 5.773084e+00 4.910157e+00 5.682634e+00 5.298972e+00 4.279234e+00 3.017761e+00 4.427983e+00 6.987498e-01 4.857545e-01 5.633565e-01 7.170801e-01 8.921602e-01 7.720895e-01 1.003985e+00 7.720575e-01 1.039330e+00 8.035771e-01 7.116578e-01 5.722838e-01 3.569765e-01
<GCONST> 1.388354e+02
<TRANSP> 5
 0.000000e+00 1.000000e+00 0.000000e+00 0.000000e+00 0.000000e+00
 0.000000e+00 2.109120e-01 7.890880e-01 0.000000e+00 0.000000e+00
 0.000000e+00 0.000000e+00 3.726239e-01 6.273761e-01 0.000000e+00
 0.000000e+00 0.000000e+00 0.000000e+00 2.664459e-01 7.335541e-01
 0.000000e+00 0.000000e+00 0.000000e+00 0.000000e+00 0.000000e+00
<ENDHMM>
~h "v"
<BEGINHMM>
<NUMSTATES> 5
<STATE> 2
<MEAN> 39
 -8.120478e-01 6.339135e+00 -8.006397e-01 -1.560598e+00 -7.162617e+00 2.547317e+00 -2.986984e+00 -8.706511e+00 -8.630573e+00 -1.047992e+01 -4.831182e+00 -2.377595e+00 7.126833e+01 3.642974e-01 4.804146e-01 -6.619090e-02 -5.847164e-01 -6.181276e-01 -1.268860e-01 5.642834e-01 2.491626e-01 -1.590806e-01 -3.363820e-01 -4.886390e-01 -5.599055e-02 -7.293910e-03 8.859125e-02 -6.713126e-01 -2.326445e-01 -6.004153e-01 -7.308270e-01 -8.103935e-02 -4.100570e-01 -2.558842e-01 5.054343e-01 3.417780e-01 6.404884e-01 6.413975e-02 6.603617e-01
<VARIANCE> 39
 2.444926e+01 2.787749e+01 2.184664e+01 4.110817e+01 4.707466e+01 2.655073e+01 4.291419e+01 3.956537e+01 4.289510e+01 3.390971e+01 4.423145e+01 4.355461e+01 2.157537e+01 4.013827e+00 3.430656e+00 2.049674e+00 5.975379e+00 7.246701e+00 3.348283e+00 3.634768e+00 3.656507e+00 2.932177e+00 3.120543e+00 4.522817e+00 2.608414e+00 3.576388e+00 7.156846e-01 6.250356e-01 4.608532e-01 1.069533e+00 1.047319e+00 8.892208e-01 7.975031e-01 7.957415e-01 7.151657e-01 7.307808e-01 7.853240e-01 6.339625e-01 5.313752e-01
<GCONST> 1.303307e+02
<STATE> 3
<MEAN> 39
 3.262260e+00 6.413713e+00 -2.573385e+00 -6.113604e+00 -1.631996e+01 -3.899448e-01 1.152906e+00 -1.063569e+01 -2.387724e+00 -9.730405e+00 -7.503046e+00 -3.521391e-01 7.367986e+01 5.597373e-01 -8.435667e-01 -3.806347e-01 -1.106225e+00 -1.231852e+00 4.363071e-02 -6.989963e-03 -5.693812e-01 5.614699e-01 1.107948e-01 7.240584e-01 4.131364e-01 8.755208e-01 -1.628712e-01 -3.118539e-01 -7.648350e-02 1.286525e-01 3.169504e-01 2.811401e-02 -2.204869e-01 -1.040562e-01 5.482300e-02 1.614967e-01 2.841117e-01 6.290240e-02 2.076675e-01
<VARIANCE> 39
 1.342862e+01 2.674498e+01 2.061882e+01 5.491446e+01 4.658918e+01 4.044299e+01 6.823353e+01 3.848929e+01 7.509710e+01 3.726352e+01 7.176245e+01 4.593495e+01 1.076534e+01 1.065902e+00 2.330829e+00 1.458445e+00 3.195544e+00 3.904513e+00 2.792608e+00 3.057379e+00 2.968974e+00 2.583465e+00 2.661092e+00 3.556281e+00 2.539777e+00 1.637542e+00 2.465293e-01 2.223617e-01 1.733338e-01 4.133360e-01 6.014575e-01 4.344229e-01 4.890735e-01 4.635923e-01 5.554283e-01 4.106036e-01 4.678980e-01 4.038086e-01 1.684347e-01
<GCONST> 1.167956e+02
<STATE> 4
<MEAN> 39
 2.871952e+00 1.736584e-01 -4.787130e+00 -1.031772e+01 -1.555820e+01 2.903106e+00 -3.179095e+00 -1.267174e+01 -5.046744e+00 -8.677623e+00 7.355721e-01 2.998725e-01 7.822292e+01 -2.403919e-02 -1.482453e+00 -6.002744e-01 -1.778678e-01 1.698716e-01 5.066179e-02 -1.292939e+00 -6.835445e-01 8.571951e-01 1.066208e+00 1.517748e+00 -1.707202e-01 1.328173e+00 -3.743135e-01 2.433479e-01 2.791119e-01 8.196023e-01 6.684961e-01 -2.956751e-01 -2.524807e-01 2.713939e-01 1.226521e-01 6.256502e-02 -4.443912e-01 -3.776762e-01 -3.160539e-01
<VARIANCE> 39
 9.223811e+00 2.784847e+01 2.601514e+01 7.327595e+01 4.187992e+01 4.974963e+01 8.170627e+01 5.763284e+01 5.567454e+01 4.130996e+01 8.800879e+01 9.517545e+01 1.228211e+01 8.494612e-01 1.773284e+00 1.205469e+00 3.334507e+00 4.290515e+00 3.036283e+00 3.970164e+00 3.186901e+00 3.723913e+00 2.772857e+00 3.560969e+00 3.235097e+00 1.206080e+00 1.892754e-01 2.189846e-01 2.107100e-01 4.294013e-01 6.259855e-01 4.867534e-01 4.613004e-01 5.250540e-01 5.436122e-01 5.184978e-01 7.366232e-01 4.857363e-01 1.428985e-01
<GCONST> 1.195995e+02
<TRANSP> 5
 0.000000e+00 1.000000e+00 0.000000e+00 0.000000e+00 0.000000e+00
 0.000000e+00 6.329857e-01 3.670143e-01 0.000000e+00 0.000000e+00
 0.000000e+00 0.000000e+00 6.248792e-01 3.751208e-01 0.000000e+00
 0.000000e+00 0.000000e+00 0.000000e+00 4.729508e-01 5.270491e-01
 0.000000e+00 0.000000e+00 0.000000e+00 0.000000e+00 0.000000e+00
<ENDHMM>
~h "w"
<BEGINHMM>
<NUMSTATES> 5
<STATE> 2
<MEAN> 39
 3.781034e+00 4.177374e+00 -3.675998e+00 -8.982841e+00 -1.744274e+01 1.879926e+00 -1.922910e+00 -1.170134e+01 -4.156794e+00 -1.113093e+01 -3.658065e+00 1.205983e+00 7.618088e+01 1.003863e-01 1.176775e+00 7.416717e-01 5.998938e-02 -2.523866e-01 -5.151614e-02 9.869501e-03 2.559605e-01 2.008931e-01 -1.134293e+00 -4.986732e-01 1.535267e-01 -8.365242e-01 -2.503028e-01 -9.948608e-02 1.153633e-01 4.765739e-01 7.088029e-01 -1.082854e-01 -3.472680e-01 -8.417798e-02 7.035384e-02 2.043459e-01 1.243777e-01 -9.905566e-02 -5.230101e-02
<VARIANCE> 39
 9.446689e+00 3.269517e+01 3.105067e+01 4.857317e+01 4.013805e+01 6.602782e+01 9.933048e+01 5.103788e+01 6.888332e+01 4.483952e+01 9.753828e+01 6.642265e+01 1.356308e+01 3.766637e-01 1.055459e+00 1.045080e+00 1.891614e+00 2.769390e+00 2.024825e+00 2.866392e+00 2.316023e+00 2.819899e+00 2.461681e+00 2.826896e+00 2.093537e+00 4.397371e-01 9.074292e-02 1.881007e-01 2.148330e-01 2.998757e-01 4.560519e-01 5.352467e-01 4.344976e-01 4.642761e-01 5.732491e-01 4.592288e-01 5.592204e-01 4.491879e-01 1.253571e-01
<GCONST> 1.122149e+02
<STATE> 3
<MEAN> 39
 3.037581e+00 6.326141e+00 -1.260000e+00 -6.657891e+00 -1.458152e+01 3.508103e+00 -4.406277e+00 -1.154617e+01 -4.951655e+00 -1.404931e+01 -2.491230e+00 2.491909e+00 7.426710e+01 -7.593564e-01 4.206685e-01 8.463971e-01 1.879780e+00 2.689693e+00 5.914237e-02 -9.753970e-01 -2.984434e-01 -4.224102e-01 2.067726e-01 4.308363e-01 7.726829e-03 -9.826215e-01 -5.254754e-01 -2.719529e-01 2.324099e-01 6.492643e-01 8.490300e-01 -2.900096e-01 -7.261279e-02 2.843461e-01 1.330065e-01 6.829001e-01 -3.766579e-02 -3.582740e-01 -1.715261e-01
<VARIANCE> 39
 9.498206e+00 3.839546e+01 2.856937e+01 4.595795e+01 3.676461e+01 7.934383e+01 1.080054e+02 4.795353e+01 8.813213e+01 4.706897e+01 1.055673e+02 6.760560e+01 1.915057e+01 9.499493e-01 2.421494e+00 1.999281e+00 2.729711e+00 3.430351e+00 3.960697e+00 3.947766e+00 4.703797e+00 5.022848e+00 4.057045e+00 4.498226e+00 2.977485e+00 2.387813e+00 4.001175e-01 3.857735e-01 4.148690e-01 3.874021e-01 6.657629e-01 9.422416e-01 8.226655e-01 7.287563e-01 1.078166e+00 7.462812e-01 8.985032e-01 5.598499e-01 4.079675e-01
<GCONST> 1.295075e+02
<STATE> 4
<MEAN> 39
 -1.275867e-01 5.193370e+00 7.847285e-01 -1.295069e+00 -6.896221e+00 2.547662e+00 -9.388992e+00 -1.190393e+01 -6.145257e+00 -1.053625e+01 -6.649885e-01 -2.726283e-01 7.313348e+01 -2.534745e+00 3.584002e-01 1.904193e+00 2.701083e+00 3.572957e+00 -1.071706e+00 -4.875599e-01 1.260023e+00 8.755553e-01 1.228639e+00 -6.040505e-01 -9.084591e-01 -1.355596e+00 -7.658153e-01 -2.507706e-01 -3.738406e-02 -2.748484e-01 -2.141061e-01 -1.531781e-01 6.045735e-01 6.146337e-01 3.728225e-01 2.428506e-01 -1.298967e-01 -1.433164e-03 -5.031243e-03
<VARIANCE> 39
 1.987874e+01 3.390393e+01 3.463886e+01 6.432356e+01 5.135451e+01 6.907904e+01 1.109980e+02 4.879020e+01 6.768484e+01 4.670096e+01 7.291885e+01 6.708272e+01 3.271218e+01 6.145261e+00 3.891535e+00 3.392875e+00 3.594777e+00 5.434482e+00 7.784302e+00 6.278768e+00 5.786335e+00 6.096145e+00 5.642593e+00 6.070234e+00 3.672817e+00 5.265470e+00 6.850984e-01 6.160498e-01 7.279161e-01 6.370696e-01 9.667218e-01 8.243520e-01 1.022553e+00 9.212634e-01 1.149452e+00 8.726396e-01 8.295102e-01 5.860327e-01 5.800534e-01
<GCONST> 1.408480e+02
<TRANSP> 5
 0.000000e+00 1.000000e+00 0.000000e+00 0.000000e+00 0.000000e+00
 0.000000e+00 7.024904e-01 2.975096e-01 0.000000e+00 0.000000e+00
 0.000000e+00 0.000000e+00 4.567513e-01 5.432487e-01 0.000000e+00
 0.000000e+00 0.000000e+00 0.000000e+00 4.010777e-01 5.989223e-01
 0.000000e+00 0.000000e+00 0.000000e+00 0.000000e+00 0.000000e+00
<ENDHMM>
~h "x"
<BEGINHMM>
<NUMSTATES> 5
<STATE> 2
<MEAN> 39
 -1.022196e+01 -2.272273e+00 -6.468340e+00 -3.731288e+00 2.750402e+00 9.564110e+00 -4.312501e+00 -4.426303e+00 2.096384e-01 -2.045465e+00 2.404069e+00 1.820910e+00 7.231618e+01 -2.285355e+00 -1.152035e+00 -2.309766e+00 -1.928249e+00 6.496940e-01 1.982360e+00 1.096604e+00 7.768751e-01 1.289470e+00 1.122435e+00 1.656552e+00 1.214554e+00 -8.277854e-01 2.630244e-01 -1.724703e-01 2.803199e-02 -1.463776e-01 -8.013421e-01 -7.987068e-01 -2.853430e-01 -1.336404e-01 -1.310740e-01 -1.781975e-01 -1.840050e-01 -1.175821e-01 2.680955e-01
<VARIANCE> 39
 3.495543e+01 3.363973e+01 4.114298e+01 5.761212e+01 4.183806e+01 5.884306e+01 6.946701e+01 4.427172e+01 3.536375e+01 5.517591e+01 4.395120e+01 6.442376e+01 1.983585e+01 2.780736e+00 1.880785e+00 4.193104e+00 4.599734e+00 5.481212e+00 6.289798e+00 4.576179e+00 3.944156e+00 4.404889e+00 4.974823e+00 5.388624e+00 3.101599e+00 2.051912e+00 5.674526e-01 4.839607e-01 9.333426e-01 6.577156e-01 7.480621e-01 7.973559e-01 6.581300e-01 6.859339e-01 6.758113e-01 9.214752e-01 8.927473e-01 5.465825e-01 2.189624e-01
<GCONST> 1.327368e+02
<STATE> 3
<MEAN> 39
 -1.444689e+01 -5.801133e+00 -1.186340e+01 -1.050335e+01 -2.941982e-01 9.344267e+00 -2.589162e+00 -3.319211e+00 2.138262e+00 -3.312500e-01 4.891224e+00 4.417322e+00 7.101577e+01 6.509085e-01 3.124042e-01 9.306753e-01 3.907130e-02 -2.409328e-01 -4.191216e-01 2.818304e-01 5.782758e-02 -3.842511e-01 -1.946943e-01 -5.976428e-01 -3.617438e-01 -2.111637e-02 8.623834e-01 5.569522e-01 8.555103e-01 5.838880e-01 -9.454869e-02 -3.634031e-01 -1.681760e-01 -2.144269e-01 -4.470577e-01 -3.778447e-01 -5.129462e-01 -4.280398e-01 2.182100e-01
<VARIANCE> 39
 1.460671e+01 3.124017e+01 3.290887e+01 5.482557e+01 4.701469e+01 5.487339e+01 6.631629e+01 3.846745e+01 3.121477e+01 4.507809e+01 3.727307e+01 3.551450e+01 1.181139e+01 2.564100e+00 2.053964e+00 3.610225e+00 3.125201e+00 2.292772e+00 3.025812e+00 2.226626e+00 2.542518e+00 2.834816e+00 3.062511e+00 2.467882e+00 2.297774e+00 7.269744e-01 3.075725e-01 3.012987e-01 5.918747e-01 5.267501e-01 6.354404e-01 7.133353e-01 5.710642e-01 6.073421e-01 6.367450e-01 6.743954e-01 5.640383e-01 5.067101e-01 2.035968e-01
<GCONST> 1.201537e+02
<STATE> 4
<MEAN> 39
 -5.282941e+00 -4.989499e-02 -2.779248e+00 -5.671958e+00 -6.290773e-01 5.509164e+00 -2.933047e+00 -4.459077e+00 -2.760493e+00 -3.571516e+00 -1.647784e+00 -4.675977e-01 7.265805e+01 3.622865e+00 1.329970e+00 1.282617e+00 2.004844e-01 -2.294739e+00 -1.981319e+00 -9.055504e-01 -7.881063e-01 -1.767266e+00 -1.469470e+00 -1.729121e+00 -1.408639e+00 1.367399e+00 -1.827707e-01 -5.510771e-01 -7.568405e-01 -4.053005e-01 -5.867860e-01 -8.709538e-02 -1.861102e-01 -1.117953e-01 2.349176e-01 1.877100e-01 3.673570e-01 2.049765e-01 2.912923e-01
<VARIANCE> 39
 4.395518e+01 6.205956e+01 3.346601e+01 4.777369e+01 5.680458e+01 6.323893e+01 6.402962e+01 4.797271e+01 5.243069e+01 5.455029e+01 4.029595e+01 5.618012e+01 2.239524e+01 1.818310e+00 2.987608e+00 5.834175e+00 3.931060e+00 4.326164e+00 4.614899e+00 3.624029e+00 4.558913e+00 5.005486e+00 5.598350e+00 3.969841e+00 4.442966e+00 1.611243e+00 6.443332e-01 4.875087e-01 5.649252e-01 4.111770e-01 5.871401e-01 7.083242e-01 5.128661e-01 6.947082e-01 7.075316e-01 7.887251e-01 5.491870e-01 5.379307e-01 3.035148e-01
<GCONST> 1.317559e+02
<TRANSP> 5
 0.000000e+00 1.000000e+00 0.000000e+00 0.000000e+00 0.000000e+00
 0.000000e+00 6.666808e-01 3.333192e-01 0.000000e+00 0.000000e+00
 0.000000e+00 0.000000e+00 7.594669e-01 2.405331e-01 0.000000e+00
 0.000000e+00 0.000000e+00 0.000000e+00 6.274801e-01 3.725199e-01
 0.000000e+00 0.000000e+00 0.000000e+00 0.000000e+00 0.000000e+00
<ENDHMM>
~h "z"
<BEGINHMM>
<NUMSTATES> 5
<STATE> 2
<MEAN> 39
 -1.201608e+01 1.051360e+01 2.380783e+00 -4.370479e+00 2.534041e+00 -2.129683e+00 -1.167814e+01 -1.392807e+01 -8.547128e+00 -6.000846e+00 7.778227e-01 -4.641435e+00 7.853638e+01 -3.949928e+00 3.304147e+00 4.601139e-01 5.329308e-02 3.007352e+00 9.163364e-01 1.237089e+00 9.335088e-01 -7.743313e-01 -2.109866e-01 -8.350836e-01 2.993035e-01 -3.751703e-01 2.640412e-01 -4.186428e-01 -1.128044e-01 4.793367e-01 -5.549793e-01 1.399385e-01 2.172241e-01 3.200805e-01 3.593844e-01 -1.487242e-01 -2.428607e-01 8.177282e-02 -2.258613e-01
<VARIANCE> 39
 3.221667e+01 2.551525e+01 4.327202e+01 3.884266e+01 3.814779e+01 7.530809e+01 5.128884e+01 2.891819e+01 3.278214e+01 3.095309e+01 3.625798e+01 7.725993e+01 4.292381e+00 2.086022e+00 2.144784e+00 2.846349e+00 4.316620e+00 3.108394e+00 4.540816e+00 5.160547e+00 4.000276e+00 3.995295e+00 3.017274e+00 3.362244e+00 2.208182e+00 8.028507e-01 7.789531e-01 5.554408e-01 3.402715e-01 3.515260e-01 5.302499e-01 6.197190e-01 7.582038e-01 6.047865e-01 4.902059e-01 5.248801e-01 4.612141e-01 4.609289e-01 1.322965e-01
<GCONST> 1.215716e+02
<STATE> 3
<MEAN> 39
 -2.056679e+01 1.532614e+01 3.660949e+00 -9.544280e-01 7.697066e+00 2.015265e+00 -7.412806e+00 -9.453439e+00 -7.741315e+00 -6.743397e+00 -1.921057e+00 -3.127769e+00 7.622839e+01 9.029629e-01 -2.132194e-01 1.618160e-01 7.150436e-01 -3.458054e-01 4.719404e-01 4.600863e-01 3.267226e-01 -1.214881e-01 -4.013095e-02 -2.286272e-01 2.831962e-01 -1.216475e+00 1.674478e+00 -7.426771e-01 -2.329516e-02 -6.998487e-02 -8.709152e-01 -3.206380e-01 -2.249777e-01 -3.348324e-01 -2.489453e-02 -1.124847e-02 2.368288e-01 2.005311e-03 -2.878762e-01
<VARIANCE> 39
 3.251477e+01 2.042355e+01 5.357538e+01 4.201696e+01 3.506537e+01 6.856166e+01 3.814548e+01 3.962477e+01 5.051390e+01 3.388248e+01 3.869119e+01 4.971209e+01 7.156254e+00 7.552975e+00 2.831278e+00 2.116644e+00 3.141318e+00 3.328277e+00 2.651829e+00 3.044724e+00 3.476022e+00 2.671377e+00 2.123417e+00 2.260032e+00 1.636144e+00 2.122059e+00 5.062897e-01 6.540512e-01 4.881451e-01 7.009698e-01 5.143226e-01 5.788534e-01 7.417521e-01 7.466258e-01 6.590304e-01 5.016203e-01 4.649254e-01 3.296598e-01 3.640046e-01
<GCONST> 1.232922e+02
<STATE> 4
<MEAN> 39
 -8.593258e+00 1.263557e+01 4.578720e+00 2.748951e-01 2.896007e+00 1.636798e+00 -6.477802e+00 -1.082240e+01 -9.297800e+00 -7.050299e+00 -1.044089e+00 -1.896703e+00 7.031299e+01 3.909834e+00 -9.189665e-01 9.656809e-02 5.205606e-01 -1.704962e+00 -4.229602e-01 6.357663e-01 3.061425e-01 1.434180e-01 -4.814357e-01 -2.809358e-01 7.492887e-02 -2.030505e+00 -3.793504e-01 -3.808692e-01 -2.201807e-01 -1.706742e-01 -1.073669e-01 -9.728283e-02 -4.048300e-02 2.121895e-01 3.379809e-01 -3.743283e-02 -2.001499e-01 -1.250243e-01 6.076785e-01
<VARIANCE> 39
 2.824868e+01 3.685296e+01 4.926757e+01 4.168923e+01 4.932065e+01 5.660967e+01 5.167509e+01 3.624037e+01 3.568543e+01 3.382744e+01 3.936282e+01 4.912027e+01 4.109207e+01 2.561223e+00 4.998551e+00 3.367474e+00 4.232343e+00 4.147188e+00 3.950796e+00 4.154453e+00 5.255425e+00 3.794299e+00 3.164045e+00 3.239898e+00 1.851068e+00 4.533566e+00 6.488848e-01 8.983138e-01 4.634469e-01 6.390872e-01 5.176981e-01 5.942862e-01 6.644025e-01 8.959905e-01 5.592543e-01 5.373786e-01 5.220022e-01 3.470390e-01 7.956429e-01
<GCONST> 1.303826e+02
<TRANSP> 5
 0.000000e+00 1.000000e+00 0.000000e+00 0.000000e+00 0.000000e+00
 0.000000e+00 6.621240e-01 3.378760e-01 0.000000e+00 0.000000e+00
 0.000000e+00 0.000000e+00 7.135451e-01 2.864549e-01 0.000000e+00
 0.000000e+00 0.000000e+00 0.000000e+00 5.307822e-01 4.692178e-01
 0.000000e+00 0.000000e+00 0.000000e+00 0.000000e+00 0.000000e+00
<ENDHMM>
~h "Aa"
<BEGINHMM>
<NUMSTATES> 5
<STATE> 2
<MEAN> 39
 3.421386e-01 -7.652782e+00 -8.304819e+00 -7.539330e+00 -8.477783e+00 2.090469e+00 -6.242248e+00 -7.597982e+00 7.618546e-03 -2.673230e+00 -2.150403e+00 -6.754052e+00 8.261815e+01 1.636988e-01 -1.490830e+00 -1.002820e+00 -3.165699e-01 5.696132e-01 1.032131e+00 8.510307e-01 4.713826e-01 -8.582442e-02 1.560517e-01 -9.741740e-01 -6.428670e-01 6.927120e-01 -3.265147e-01 4.748982e-01 3.382932e-01 3.828594e-01 3.881891e-01 -1.203957e-01 1.403062e-02 -3.108356e-03 -3.278008e-01 -1.148690e-01 3.810244e-02 3.394978e-01 -5.052011e-01
<VARIANCE> 39
 9.935176e+00 1.907118e+01 1.994159e+01 5.190228e+01 3.355189e+01 5.667561e+01 6.591426e+01 4.823836e+01 5.455988e+01 3.559480e+01 6.901263e+01 1.059333e+02 7.931493e+00 6.521880e-01 1.200173e+00 1.135658e+00 1.989438e+00 2.212810e+00 2.413310e+00 2.656942e+00 2.650160e+00 2.562546e+00 2.524436e+00 2.475519e+00 2.245812e+00 5.834033e-01 3.166389e-01 2.068707e-01 2.766748e-01 3.280267e-01 4.728694e-01 5.392511e-01 4.659803e-01 4.811530e-01 5.698869e-01 4.753128e-01 5.423994e-01 5.055114e-01 1.694284e-01
<GCONST> 1.128966e+02
<STATE> 3
<MEAN> 39
 8.035529e-01 -8.765636e+00 -1.034833e+01 -8.583324e+00 -7.905071e+00 3.596230e+00 -3.900266e+00 -7.960392e+00 -1.748023e+00 -2.969155e+00 -4.499469e+00 -7.042769e+00 8.267320e+01 -2.690839e-03 2.105534e-01 1.192788e-01 2.419450e-01 -3.006763e-01 -2.889124e-01 -7.694185e-02 8.561632e-02 9.077799e-02 -1.423117e-01 -1.104339e-01 7.799129e-02 -7.249922e-02 -1.292436e-02 2.798997e-01 2.188512e-01 1.030823e-01 -2.296246e-01 -2.319991e-01 -1.576931e-01 -6.382839e-02 2.458857e-02 -9.662459e-02 1.411367e-01 1.164851e-01 -1.187828e-01
<VARIANCE> 39
 1.118294e+01 2.283743e+01 1.810702e+01 6.789468e+01 3.579222e+01 4.987430e+01 6.753900e+01 5.614414e+01 5.738741e+01 4.783042e+01 6.042058e+01 1.051722e+02 8.342643e+00 2.155170e-01 6.753488e-01 6.594116e-01 1.154181e+00 1.620657e+00 1.622885e+00 1.485238e+00 1.665738e+00 1.492883e+00 1.167115e+00 1.281954e+00 1.182574e+00 1.237599e-01 3.405005e-02 8.319440e-02 1.037741e-01 1.491362e-01 2.108671e-01 1.917022e-01 2.118525e-01 2.598588e-01 2.388016e-01 2.208931e-01 2.156289e-01 2.062450e-01 2.657812e-02
<GCONST> 9.158698e+01
<STATE> 4
<MEAN> 39
 1.261567e-01 -5.924604e+00 -6.899493e+00 -3.365284e+00 -1.128032e+01 -1.572555e+00 -6.943087e+00 -7.145720e+00 3.750752e-01 -4.296800e+00 -3.606191e+00 -5.258723e+00 8.186046e+01 -1.581364e-02 1.461307e+00 1.582865e+00 1.229424e+00 -6.801504e-01 -1.217220e+00 -6.607265e-01 -4.452510e-01 -6.806818e-01 -9.481852e-01 7.247948e-01 9.741387e-01 -1.002311e+00 2.096949e-02 2.106416e-01 3.736625e-01 2.224859e-01 4.302667e-01 3.078934e-02 -2.118579e-02 -1.298739e-01 -4.359233e-01 -3.175068e-01 8.974728e-02 1.726677e-01 -3.391705e-01
<VARIANCE> 39
 1.301818e+01 1.999941e+01 2.709380e+01 5.672279e+01 6.381621e+01 7.801543e+01 8.430689e+01 7.979888e+01 5.757968e+01 5.022648e+01 6.748578e+01 8.882804e+01 1.024744e+01 5.418466e-01 8.596177e-01 1.637848e+00 2.349674e+00 3.232189e+00 2.313037e+00 2.468819e+00 3.220769e+00 3.030563e+00 3.004028e+00 2.494937e+00 2.176285e+00 6.459594e-01 1.028482e-01 1.386070e-01 2.720515e-01 3.101207e-01 4.198213e-01 4.445806e-01 4.390028e-01 6.091600e-01 4.797570e-01 4.076086e-01 4.206320e-01 3.832700e-01 8.700241e-02
<GCONST> 1.134119e+02
<TRANSP> 5
 0.000000e+00 1.000000e+00 0.000000e+00 0.000000e+00 0.000000e+00
 0.000000e+00 6.130978e-01 3.869022e-01 0.000000e+00 0.000000e+00
 0.000000e+00 0.000000e+00 8.395515e-01 1.604485e-01 0.000000e+00
 0.000000e+00 0.000000e+00 0.000000e+00 6.110310e-01 3.889690e-01
 0.000000e+00 0.000000e+00 0.000000e+00 0.000000e+00 0.000000e+00
<ENDHMM>
~h "Ea"
<BEGINHMM>
<NUMSTATES> 5
<STATE> 2
<MEAN> 39
 -1.391037e+00 -7.021389e+00 -4.227115e+00 -1.522821e-01 -1.307391e+01 -7.113874e+00 -1.103542e+01 -4.048797e+00 2.677022e+00 -2.722760e+00 -3.153991e+00 -5.995057e+00 8.306818e+01 3.823725e-01 -1.566832e+00 -1.970156e+00 -1.290640e+00 6.512481e-01 1.125953e+00 1.035908e+00 1.377321e+00 5.258896e-01 3.389684e-01 -1.035836e+00 -1.016202e+00 9.308463e-01 -2.741888e-01 2.917560e-01 3.812088e-01 1.772252e-01 6.764194e-01 4.168182e-01 3.553950e-01 -3.220009e-01 -5.824131e-01 -1.899401e-01 -9.411422e-02 2.326947e-01 -5.269953e-01
<VARIANCE> 39
 9.773593e+00 1.529029e+01 2.995050e+01 2.653753e+01 8.109585e+01 5.372027e+01 6.529030e+01 6.196392e+01 5.566488e+01 5.919902e+01 6.246144e+01 6.159801e+01 6.646627e+00 7.694544e-01 1.051916e+00 1.579785e+00 1.396207e+00 3.460475e+00 2.530328e+00 2.901644e+00 3.702663e+00 2.931444e+00 3.172079e+00 2.820792e+00 2.148266e+00 7.450944e-01 2.658289e-01 2.055604e-01 2.769574e-01 2.731404e-01 5.793274e-01 5.229854e-01 6.011025e-01 7.911156e-01 5.114027e-01 4.996635e-01 5.800071e-01 5.209697e-01 1.981422e-01
<GCONST> 1.155516e+02
<STATE> 3
<MEAN> 39
 -6.711890e-01 -1.016017e+01 -8.365221e+00 -3.857535e+00 -9.516728e+00 -2.687326e+00 -8.214630e+00 -3.050832e+00 3.242789e-01 -2.657393e+00 -6.148807e+00 -8.105371e+00 8.380286e+01 8.140132e-02 -2.652407e-06 -1.934596e-01 -2.084176e-01 1.394225e-01 3.486986e-01 2.192688e-01 -1.369623e-01 -2.673036e-01 -5.615795e-02 -4.070317e-02 1.092278e-01 -4.517296e-02 -3.079627e-02 3.185072e-01 3.026408e-01 2.338169e-01 -2.927247e-01 -2.284998e-01 -2.296633e-01 -2.220237e-01 -1.757017e-02 -8.813059e-02 2.482963e-01 1.659739e-01 -1.470670e-01
<VARIANCE> 39
 8.573812e+00 1.937059e+01 2.428090e+01 4.370346e+01 6.335279e+01 5.139630e+01 6.107669e+01 6.381105e+01 5.733718e+01 7.594963e+01 6.576305e+01 7.398615e+01 6.603069e+00 2.300303e-01 6.326163e-01 7.288113e-01 1.103802e+00 1.606630e+00 1.657278e+00 1.385740e+00 1.811322e+00 1.410045e+00 1.275087e+00 1.248994e+00 1.174614e+00 1.068215e-01 3.815335e-02 7.875938e-02 1.140095e-01 1.398329e-01 2.256722e-01 2.039454e-01 2.368367e-01 2.969753e-01 2.461302e-01 2.653899e-01 2.354668e-01 2.073352e-01 2.723327e-02
<GCONST> 9.232683e+01
<STATE> 4
<MEAN> 39
 -2.978223e-01 -6.907598e+00 -6.279597e+00 -1.538180e+00 -1.084523e+01 -4.121047e+00 -7.623804e+00 -5.731048e+00 2.098258e-01 -2.963478e+00 -4.253029e+00 -5.026304e+00 8.236062e+01 6.546117e-02 1.242252e+00 1.092095e+00 6.937249e-01 -7.150851e-01 -3.282432e-01 -4.269309e-01 -7.534509e-01 -7.550766e-01 -9.017960e-01 8.377170e-01 8.563634e-01 -8.096136e-01 -2.402623e-02 2.826175e-01 3.975343e-01 2.126769e-01 2.563604e-01 -8.205271e-02 -8.783645e-02 -2.990287e-02 -3.126414e-01 -3.325225e-01 4.766141e-02 1.551055e-01 -2.918838e-01
<VARIANCE> 39
 1.268012e+01 1.451536e+01 2.920570e+01 5.251116e+01 8.258215e+01 8.029926e+01 7.297649e+01 7.104471e+01 5.107533e+01 5.941783e+01 5.811042e+01 7.594454e+01 8.613079e+00 5.156908e-01 7.181374e-01 1.288406e+00 2.229527e+00 2.162188e+00 2.542747e+00 2.491840e+00 2.735349e+00 2.350549e+00 2.963622e+00 2.340201e+00 1.791892e+00 5.242378e-01 8.337843e-02 1.144521e-01 2.373018e-01 2.960633e-01 4.402907e-01 4.098465e-01 3.676926e-01 4.921519e-01 4.007320e-01 3.689486e-01 3.387814e-01 3.721724e-01 8.153240e-02
<GCONST> 1.093402e+02
<TRANSP> 5
 0.000000e+00 1.000000e+00 0.000000e+00 0.000000e+00 0.000000e+00
 0.000000e+00 6.260129e-01 3.739871e-01 0.000000e+00 0.000000e+00
 0.000000e+00 0.000000e+00 8.055374e-01 1.944626e-01 0.000000e+00
 0.000000e+00 0.000000e+00 0.000000e+00 6.529335e-01 3.470665e-01
 0.000000e+00 0.000000e+00 0.000000e+00 0.000000e+00 0.000000e+00
<ENDHMM>
~h "Ee"
<BEGINHMM>
<NUMSTATES> 5
<STATE> 2
<MEAN> 39
 -5.606660e+00 8.074603e-01 9.897563e+00 1.017544e+01 -1.638267e+01 -1.406726e+01 -5.316786e+00 -1.325599e+01 -6.355378e+00 -1.086611e+01 -3.252465e+00 1.447900e+00 7.997460e+01 -4.968353e-02 -1.987833e-01 -4.238404e-01 -3.130151e-01 -7.903215e-01 -3.999500e-01 1.607316e-01 1.282768e-01 3.814160e-01 1.976868e-01 4.967180e-01 7.699025e-02 4.046454e-01 -7.187510e-03 3.968405e-02 -1.838303e-01 -1.026082e-01 5.926542e-01 3.231011e-01 -1.407092e-01 3.766663e-01 2.098335e-02 1.494827e-01 -1.179498e-02 -1.349428e-01 -2.609350e-01
<VARIANCE> 39
 8.744144e+00 1.888920e+01 3.805499e+01 2.518200e+01 1.093264e+02 4.069396e+01 6.437579e+01 3.099641e+01 9.000954e+01 1.995142e+01 5.298733e+01 2.640284e+01 7.437358e+00 3.870607e-01 7.130302e-01 9.353362e-01 9.049588e-01 1.709127e+00 1.276193e+00 1.576553e+00 1.697291e+00 1.479749e+00 1.173219e+00 1.170441e+00 9.844704e-01 2.725985e-01 1.743049e-01 1.476317e-01 2.053977e-01 2.193085e-01 4.338863e-01 3.493157e-01 3.720782e-01 3.850904e-01 3.705414e-01 3.497213e-01 3.304513e-01 2.276160e-01 8.708421e-02
<GCONST> 9.843380e+01
<STATE> 3
<MEAN> 39
 -5.078130e+00 -2.688310e+00 3.539319e+00 7.377567e+00 -2.153593e+01 -1.360058e+01 -1.081083e+01 -8.533398e+00 1.278312e-01 -1.126724e+01 -7.733267e-01 -1.734846e+00 8.162393e+01 1.597338e-01 -1.572139e-01 -4.658111e-01 -1.448419e-01 1.700849e-01 1.971359e-01 -3.346081e-01 4.698329e-01 1.210233e-01 9.948610e-02 -1.181989e-02 -1.836671e-01 9.843424e-03 4.275406e-02 7.238604e-02 3.804207e-03 1.851224e-02 2.589941e-01 9.965096e-02 -9.240188e-02 -5.331152e-02 -7.534199e-02 2.988013e-02 -8.305926e-02 -6.862491e-02 -1.221012e-01
<VARIANCE> 39
 5.779490e+00 1.702626e+01 3.742807e+01 4.000776e+01 1.700270e+02 4.444346e+01 6.094292e+01 4.573393e+01 6.725881e+01 2.617263e+01 5.935747e+01 4.360234e+01 7.577186e+00 1.481304e-01 3.404692e-01 6.546954e-01 6.263757e-01 8.589928e-01 8.247604e-01 1.046866e+00 1.287991e+00 9.946011e-01 1.050286e+00 1.024433e+00 7.559984e-01 1.066378e-01 3.078430e-02 6.143105e-02 8.766803e-02 1.094457e-01 1.779030e-01 1.836804e-01 1.768629e-01 2.025071e-01 1.940685e-01 1.882757e-01 1.712539e-01 1.363987e-01 3.453540e-02
<GCONST> 8.332383e+01
<STATE> 4
<MEAN> 39
 -3.688442e+00 -1.914217e+00 2.489920e+00 7.094828e+00 -1.536776e+01 -1.118400e+01 -1.394266e+01 -7.306900e+00 -1.201642e+00 -9.288909e+00 -7.558922e-01 -2.667775e+00 8.059632e+01 2.372328e-01 8.934634e-01 -9.260529e-02 -2.756135e-01 2.629012e+00 1.243329e+00 -1.432677e-01 -9.823018e-02 -4.258489e-01 7.017958e-01 -1.928672e-01 -4.640852e-01 -1.632641e+00 -2.923450e-01 2.244457e-01 3.450992e-01 3.999710e-02 5.227114e-01 3.583493e-01 5.902822e-01 -4.894365e-02 -1.548780e-01 3.558648e-02 -4.577707e-02 1.330115e-01 -6.651899e-01
<VARIANCE> 39
 7.660980e+00 2.210177e+01 3.853279e+01 4.032833e+01 1.150757e+02 5.631473e+01 7.195113e+01 5.728153e+01 8.344071e+01 3.669686e+01 6.040056e+01 4.697004e+01 1.214117e+01 1.121439e+00 1.497668e+00 2.168468e+00 2.328165e+00 4.295688e+00 3.034352e+00 4.238763e+00 3.653368e+00 3.720379e+00 2.644862e+00 2.971119e+00 2.341887e+00 3.084280e+00 3.534746e-01 2.711000e-01 3.163604e-01 3.837488e-01 5.959120e-01 4.595777e-01 6.107863e-01 6.470939e-01 5.925931e-01 4.915923e-01 4.615739e-01 3.922626e-01 4.081859e-01
<GCONST> 1.220143e+02
<TRANSP> 5
 0.000000e+00 1.000000e+00 0.000000e+00 0.000000e+00 0.000000e+00
 0.000000e+00 6.765717e-01 3.234283e-01 0.000000e+00 0.000000e+00
 0.000000e+00 0.000000e+00 8.160156e-01 1.839844e-01 0.000000e+00
 0.000000e+00 0.000000e+00 0.000000e+00 5.777447e-01 4.222553e-01
 0.000000e+00 0.000000e+00 0.000000e+00 0.000000e+00 0.000000e+00
<ENDHMM>
~h "Ie"
<BEGINHMM>
<NUMSTATES> 5
<STATE> 2
<MEAN> 39
 -7.838777e+00 2.628217e+00 1.414692e+01 1.035091e+01 -1.371406e+01 -1.139339e+01 -4.767381e+00 -1.506344e+01 -8.375043e+00 -1.287427e+01 -5.258497e+00 -4.431159e-01 7.789719e+01 7.164011e-01 -5.165991e-01 -7.647281e-01 -1.814701e-01 -2.104107e+00 -1.168214e+00 -2.681504e-01 -8.039713e-01 7.449916e-01 -4.149849e-01 5.209004e-01 3.220401e-01 1.106368e+00 -2.059128e-01 -2.703875e-01 -8.081727e-01 -3.701742e-01 3.617775e-01 2.497319e-01 -1.877631e-01 8.289421e-01 5.613482e-01 5.706431e-01 3.392365e-01 8.169673e-03 -1.259369e-01
<VARIANCE> 39
 9.629089e+00 1.793793e+01 2.878243e+01 3.535959e+01 8.813206e+01 4.613187e+01 6.252693e+01 2.778124e+01 7.376910e+01 2.549977e+01 3.243978e+01 3.335839e+01 8.576148e+00 1.986329e+00 1.934183e+00 2.406583e+00 1.925510e+00 3.918073e+00 2.936866e+00 3.128663e+00 4.086923e+00 3.691025e+00 2.690435e+00 2.225863e+00 1.893836e+00 7.181992e-01 4.688201e-01 3.198920e-01 3.614649e-01 3.974031e-01 5.126808e-01 5.742664e-01 5.312021e-01 7.275840e-01 5.056243e-01 5.578316e-01 3.933816e-01 3.935749e-01 1.270360e-01
<GCONST> 1.162684e+02
<STATE> 3
<MEAN> 39
 -6.058813e+00 -1.117076e+00 6.748901e+00 7.537112e+00 -2.007942e+01 -1.398837e+01 -9.259015e+00 -1.128393e+01 -9.549142e-01 -1.213295e+01 -1.338761e+00 -9.227332e-01 8.118371e+01 6.993508e-01 -9.500802e-01 -2.123526e+00 -8.807067e-01 -3.490498e-01 5.573751e-02 -1.061784e+00 1.590701e+00 1.470988e+00 1.145106e+00 6.215744e-01 -2.712256e-01 6.560782e-01 4.314325e-02 5.588512e-02 -9.557769e-02 -1.643339e-01 6.665443e-01 5.553579e-01 -1.924003e-02 1.465644e-01 -2.241692e-01 2.572002e-01 -2.521730e-01 -2.563697e-01 -2.348278e-01
<VARIANCE> 39
 8.856653e+00 1.535513e+01 2.915491e+01 3.467020e+01 1.325072e+02 4.350095e+01 5.389924e+01 3.364462e+01 7.817617e+01 3.260020e+01 4.471923e+01 4.167332e+01 8.760582e+00 3.166007e-01 6.003089e-01 1.239780e+00 1.218840e+00 1.873556e+00 1.785583e+00 1.578544e+00 3.008150e+00 1.781525e+00 2.102946e+00 2.415513e+00 1.585211e+00 2.240906e-01 9.858630e-02 1.379269e-01 2.245969e-01 2.106815e-01 4.067420e-01 3.922445e-01 3.579035e-01 5.644056e-01 4.713492e-01 4.257457e-01 4.258944e-01 2.903261e-01 7.460809e-02
<GCONST> 1.028246e+02
<STATE> 4
<MEAN> 39
 -2.658301e+00 -4.665138e+00 -1.545968e+00 2.622107e+00 -1.582481e+01 -8.523144e+00 -1.379738e+01 -5.986456e+00 1.262827e+00 -7.040442e+00 -1.894262e+00 -5.302479e+00 8.212460e+01 6.887357e-01 3.824615e-01 -7.138972e-01 -8.010157e-01 2.119467e+00 1.706158e+00 1.031195e-02 -2.128904e-01 -8.227535e-01 3.872623e-01 -9.159777e-02 -3.105431e-01 -9.770980e-01 -2.112917e-01 4.982040e-01 7.094213e-01 3.062162e-01 4.538553e-01 -9.599052e-03 4.822609e-01 -3.679613e-01 -6.083555e-01 -4.969601e-01 5.222359e-02 3.862727e-01 -6.304747e-01
<VARIANCE> 39
 9.815112e+00 1.730894e+01 3.272886e+01 4.007564e+01 1.069228e+02 5.590240e+01 5.661721e+01 5.448521e+01 6.351112e+01 4.663406e+01 6.055980e+01 7.591681e+01 9.786711e+00 9.267764e-01 1.764216e+00 2.694412e+00 2.830489e+00 3.230912e+00 3.010014e+00 3.163033e+00 4.173723e+00 4.087572e+00 3.795495e+00 3.337063e+00 3.518716e+00 1.573569e+00 2.464668e-01 1.973113e-01 3.723710e-01 3.879175e-01 5.594233e-01 6.359636e-01 5.453792e-01 7.735116e-01 7.379687e-01 8.236667e-01 6.580399e-01 5.314001e-01 1.946548e-01
<GCONST> 1.224258e+02
<TRANSP> 5
 0.000000e+00 1.000000e+00 0.000000e+00 0.000000e+00 0.000000e+00
 0.000000e+00 6.303753e-01 3.696247e-01 0.000000e+00 0.000000e+00
 0.000000e+00 0.000000e+00 7.276830e-01 2.723170e-01 0.000000e+00
 0.000000e+00 0.000000e+00 0.000000e+00 7.482342e-01 2.517658e-01
 0.000000e+00 0.000000e+00 0.000000e+00 0.000000e+00 0.000000e+00
<ENDHMM>
~h "Ii"
<BEGINHMM>
<NUMSTATES> 5
<STATE> 2
<MEAN> 39
 -8.175915e+00 5.161604e+00 1.728769e+01 1.054973e+01 -1.203923e+01 -8.958512e+00 -9.772733e-01 -1.593785e+01 -9.938564e+00 -1.158321e+01 -6.409432e+00 3.148718e-01 7.597222e+01 1.039976e-01 4.754332e-02 2.801256e-01 2.684031e-01 -1.269368e+00 -6.951882e-01 5.162025e-01 -1.078150e+00 -7.264763e-02 -5.403928e-01 -6.579631e-02 1.487370e-01 4.904796e-01 -5.475980e-02 -1.628881e-01 -5.702963e-01 -1.168609e-01 4.264527e-01 1.176263e-01 -2.370297e-01 5.473986e-01 2.771353e-01 1.422865e-01 2.380883e-01 -3.190057e-02 -1.823624e-01
<VARIANCE> 39
 9.814967e+00 2.251531e+01 2.690700e+01 3.971212e+01 6.546861e+01 4.022085e+01 5.966024e+01 3.914682e+01 6.963987e+01 2.852496e+01 2.993119e+01 2.981257e+01 9.968680e+00 1.363178e+00 1.688059e+00 2.099716e+00 1.904431e+00 3.326722e+00 2.623578e+00 2.337877e+00 3.492938e+00 2.814330e+00 2.458020e+00 1.895341e+00 1.581565e+00 9.759414e-01 3.347009e-01 2.937648e-01 3.260953e-01 3.724734e-01 4.958224e-01 4.986828e-01 4.510276e-01 5.699391e-01 4.662037e-01 4.745548e-01 3.317204e-01 3.295766e-01 1.683772e-01
<GCONST> 1.131752e+02
<STATE> 3
<MEAN> 39
 -8.319366e+00 2.503392e+00 1.194249e+01 9.576566e+00 -1.810641e+01 -1.266557e+01 -4.548266e+00 -1.538949e+01 -5.153758e+00 -1.667754e+01 -5.058214e+00 -1.882765e+00 7.827850e+01 4.065413e-01 -2.530055e-01 -9.826433e-01 2.805010e-01 2.800360e-01 -3.758527e-01 -6.770339e-01 6.075181e-01 5.216919e-01 -2.534585e-01 2.100784e-01 3.646734e-02 -2.384058e-02 1.292031e-01 1.144695e-01 -2.028658e-01 -1.040831e-01 6.989927e-01 3.187528e-01 -2.197020e-01 3.449623e-01 -9.931443e-03 3.915640e-01 -2.184899e-02 -1.148149e-01 -4.218383e-01
<VARIANCE> 39
 6.912910e+00 1.709130e+01 3.395789e+01 5.464762e+01 1.258682e+02 3.576361e+01 5.637520e+01 3.399990e+01 6.980287e+01 3.925518e+01 3.485438e+01 4.689923e+01 8.902775e+00 6.113545e-01 7.944579e-01 1.419107e+00 1.197975e+00 2.383557e+00 1.390683e+00 2.054750e+00 1.992646e+00 1.823608e+00 1.555611e+00 1.305577e+00 1.059921e+00 5.335236e-01 1.646031e-01 1.675910e-01 1.909298e-01 2.379488e-01 4.915821e-01 4.338572e-01 3.277879e-01 3.944035e-01 4.575763e-01 4.053345e-01 2.771708e-01 2.291363e-01 2.459396e-01
<GCONST> 1.044858e+02
<STATE> 4
<MEAN> 39
 -5.029592e+00 2.375935e+00 7.795319e+00 1.130895e+01 -9.803298e+00 -1.178272e+01 -9.164740e+00 -1.145691e+01 -3.653212e+00 -1.384836e+01 -4.601068e+00 -1.606395e+00 7.564230e+01 8.880400e-01 8.573491e-01 -1.092781e+00 -6.039381e-01 3.298635e+00 2.001803e+00 -3.068582e-01 1.480911e+00 2.012774e-01 1.815387e+00 1.372555e-01 -5.997053e-01 -2.852133e+00 -3.831842e-01 1.769662e-01 3.030418e-01 -3.804238e-01 1.750070e-01 6.990622e-01 7.324692e-01 9.994440e-02 -2.627158e-01 3.857930e-01 4.570795e-02 -3.834661e-03 -5.983024e-01
<VARIANCE> 39
 1.583680e+01 2.374856e+01 4.098486e+01 4.273021e+01 1.011754e+02 4.604034e+01 6.773401e+01 3.615178e+01 7.374239e+01 4.139604e+01 3.993692e+01 4.191159e+01 2.350434e+01 3.435394e+00 1.781334e+00 2.928436e+00 2.358835e+00 4.171980e+00 3.196737e+00 4.258391e+00 3.895975e+00 5.350208e+00 3.123492e+00 3.040818e+00 1.987678e+00 4.177265e+00 3.571816e-01 5.224493e-01 5.254236e-01 4.168343e-01 8.116881e-01 5.908679e-01 5.840121e-01 6.154774e-01 8.198234e-01 5.730515e-01 4.921095e-01 3.906808e-01 6.749961e-01
<GCONST> 1.273642e+02
<TRANSP> 5
 0.000000e+00 1.000000e+00 0.000000e+00 0.000000e+00 0.000000e+00
 0.000000e+00 7.036419e-01 2.963581e-01 0.000000e+00 0.000000e+00
 0.000000e+00 0.000000e+00 7.556183e-01 2.443818e-01 0.000000e+00
 0.000000e+00 0.000000e+00 0.000000e+00 5.597197e-01 4.402803e-01
 0.000000e+00 0.000000e+00 0.000000e+00 0.000000e+00 0.000000e+00
<ENDHMM>
~h "Oo"
<BEGINHMM>
<NUMSTATES> 5
<STATE> 2
<MEAN> 39
 2.940871e+00 4.086434e+00 -2.671961e+00 -1.121055e+01 -1.848541e+01 1.022006e+00 -1.366850e+00 -1.139810e+01 -2.866760e+00 -9.389759e+00 -3.412203e+00 -1.486140e-01 7.728277e+01 7.066247e-01 -1.761688e-01 -3.345576e-01 -1.704669e+00 -2.019433e+00 5.517198e-01 1.350723e+00 4.469822e-01 4.192568e-01 -3.720318e-01 -5.604808e-01 -1.365446e-01 3.435158e-01 -4.586841e-01 -2.518685e-01 1.186719e-01 4.866446e-01 8.667361e-01 -4.048511e-03 -1.310402e-01 3.611011e-01 -8.671291e-02 9.194241e-02 -1.061674e-02 -7.871035e-03 -2.392112e-01
<VARIANCE> 39
 1.111457e+01 2.896689e+01 3.957398e+01 6.347800e+01 5.188705e+01 7.391193e+01 7.694670e+01 5.291869e+01 5.989565e+01 3.673491e+01 7.803472e+01 6.614406e+01 1.443821e+01 1.017708e+00 1.335039e+00 1.865112e+00 2.756449e+00 3.804333e+00 3.632546e+00 2.871251e+00 3.180663e+00 3.230459e+00 2.559150e+00 2.954539e+00 2.437654e+00 9.040137e-01 3.187927e-01 3.043994e-01 4.366506e-01 4.496230e-01 7.073197e-01 6.131341e-01 6.437330e-01 6.200953e-01 8.072419e-01 5.965118e-01 6.050575e-01 4.656653e-01 1.563400e-01
<GCONST> 1.219593e+02
<STATE> 3
<MEAN> 39
 3.062371e+00 2.201527e+00 -4.212679e+00 -1.475689e+01 -2.061424e+01 2.543048e+00 8.274841e-01 -9.245392e+00 -2.409089e+00 -9.909360e+00 -5.029254e+00 -2.440273e+00 7.818215e+01 -9.562076e-02 -4.224747e-01 -3.256111e-01 1.624158e-01 6.645838e-01 2.758240e-01 -1.923908e-01 -1.852287e-01 -4.417201e-01 -3.983500e-02 5.194090e-01 9.636164e-02 1.834889e-01 -1.153186e-01 2.749719e-02 7.111245e-02 4.279799e-01 4.900633e-01 -1.026680e-01 -4.001472e-01 -2.462056e-01 -8.830602e-02 7.993229e-02 2.322506e-01 6.979283e-02 -9.018826e-02
<VARIANCE> 39
 9.688474e+00 3.008180e+01 3.660758e+01 7.214619e+01 3.926923e+01 8.177826e+01 6.564301e+01 6.430920e+01 5.873326e+01 3.646091e+01 8.456574e+01 7.805014e+01 1.249306e+01 2.301621e-01 7.032696e-01 7.796758e-01 1.435061e+00 2.126956e+00 1.579354e+00 2.056640e+00 2.179382e+00 2.051318e+00 1.874584e+00 2.286466e+00 1.556364e+00 2.581460e-01 4.562744e-02 1.125976e-01 1.571682e-01 2.016675e-01 3.216336e-01 3.628747e-01 3.343569e-01 3.563551e-01 3.852978e-01 3.679993e-01 3.361362e-01 2.947163e-01 7.779472e-02
<GCONST> 1.030906e+02
<STATE> 4
<MEAN> 39
 1.230004e+00 1.305260e-01 -3.891926e+00 -8.258415e+00 -1.204514e+01 2.112420e+00 -6.639879e+00 -1.294848e+01 -4.834453e+00 -8.439420e+00 7.516706e-01 -1.108885e+00 7.841148e+01 -9.120776e-01 4.019995e-01 1.245787e+00 2.858189e+00 2.529330e+00 -8.953943e-01 -1.838185e+00 -1.157268e-01 3.813421e-01 4.274685e-01 -7.819599e-02 -1.582988e-01 -1.339164e+00 -3.220170e-01 1.792653e-01 3.891597e-01 3.427826e-01 5.562665e-02 -1.331892e-01 3.301632e-01 5.810418e-01 2.037039e-01 -2.879620e-02 -4.911129e-01 -1.425827e-01 -5.503446e-01
<VARIANCE> 39
 1.079948e+01 3.960517e+01 3.467538e+01 6.047889e+01 4.452389e+01 7.062700e+01 9.990852e+01 6.360113e+01 5.438314e+01 4.299769e+01 8.656693e+01 1.096872e+02 1.881516e+01 1.142269e+00 2.275129e+00 2.291171e+00 2.715812e+00 4.904817e+00 6.710454e+00 4.475207e+00 5.429402e+00 4.885746e+00 4.444640e+00 4.855961e+00 3.930873e+00 3.462693e+00 2.821650e-01 3.901728e-01 4.458056e-01 5.154172e-01 8.227996e-01 8.244739e-01 9.805536e-01 7.446038e-01 9.687096e-01 8.618092e-01 7.792058e-01 7.146850e-01 3.606297e-01
<GCONST> 1.326159e+02
<TRANSP> 5
 0.000000e+00 1.000000e+00 0.000000e+00 0.000000e+00 0.000000e+00
 0.000000e+00 5.961671e-01 4.038330e-01 0.000000e+00 0.000000e+00
 0.000000e+00 0.000000e+00 8.301646e-01 1.698353e-01 0.000000e+00
 0.000000e+00 0.000000e+00 0.000000e+00 6.974648e-01 3.025353e-01
 0.000000e+00 0.000000e+00 0.000000e+00 0.000000e+00 0.000000e+00
<ENDHMM>
~h "Uo"
<BEGINHMM>
<NUMSTATES> 5
<STATE> 2
<MEAN> 39
 3.689705e+00 6.844332e+00 -1.114740e+00 -8.432925e+00 -1.909937e+01 -7.238889e-01 -2.428916e-01 -1.163424e+01 -1.530198e+00 -1.263188e+01 -6.723284e+00 6.242799e-01 7.457396e+01 2.870137e-01 -7.566912e-01 -8.748201e-01 -1.234094e+00 -1.145827e+00 8.203083e-01 4.551218e-01 1.100418e-01 1.267544e-01 9.448426e-02 5.777061e-01 3.080126e-01 7.463024e-01 -3.391034e-01 -5.333169e-01 -1.015022e-01 3.298094e-01 8.769692e-01 1.405372e-01 -3.281728e-01 -1.012902e-01 -2.352823e-01 4.348603e-01 4.464673e-01 5.097346e-03 1.834650e-01
<VARIANCE> 39
 9.008168e+00 2.592375e+01 3.595084e+01 5.192509e+01 5.804431e+01 8.112451e+01 9.832388e+01 4.979863e+01 6.750436e+01 3.430581e+01 8.021423e+01 5.629080e+01 1.395037e+01 7.112433e-01 2.155009e+00 1.476607e+00 1.954912e+00 4.740917e+00 3.029736e+00 2.726296e+00 2.896262e+00 3.844586e+00 2.852199e+00 3.889198e+00 2.248459e+00 7.489201e-01 1.963283e-01 2.935463e-01 3.114951e-01 3.335993e-01 6.059188e-01 5.917563e-01 5.659817e-01 5.238293e-01 6.894872e-01 6.419701e-01 6.214915e-01 4.320193e-01 9.727473e-02
<GCONST> 1.190870e+02
<STATE> 3
<MEAN> 39
 2.122381e+00 -2.324833e+00 -6.242164e+00 -1.210696e+01 -1.606413e+01 5.719608e+00 -4.580985e+00 -1.260976e+01 -5.062496e+00 -7.646405e+00 1.859718e+00 -6.645595e-01 8.036426e+01 -5.402551e-01 -1.808824e+00 -4.438927e-01 8.699118e-01 2.230678e+00 -1.668132e-01 -1.821132e+00 -3.237638e-01 2.593815e-01 1.873216e+00 1.198078e+00 -1.027464e+00 9.134220e-01 -1.371069e-01 4.308798e-01 5.053277e-01 5.825957e-01 1.566647e-01 -7.609047e-01 -3.479916e-01 2.559192e-01 4.861964e-01 -5.345359e-02 -5.990946e-01 -4.235265e-01 -3.348437e-01
<VARIANCE> 39
 7.395568e+00 2.404643e+01 2.136349e+01 5.525828e+01 4.587433e+01 7.047215e+01 8.670346e+01 6.933376e+01 4.439516e+01 3.317863e+01 7.154556e+01 1.187895e+02 1.018539e+01 2.885537e-01 1.373481e+00 1.100223e+00 1.950351e+00 1.840077e+00 3.652672e+00 2.594030e+00 2.629212e+00 3.097188e+00 2.813272e+00 4.614598e+00 2.956925e+00 3.938164e-01 7.051054e-02 2.286736e-01 1.920316e-01 2.200158e-01 5.295319e-01 5.363084e-01 4.966614e-01 5.746040e-01 5.024791e-01 5.577927e-01 6.541309e-01 5.167748e-01 9.043840e-02
<GCONST> 1.123235e+02
<STATE> 4
<MEAN> 39
 -4.817435e-01 -4.369829e+00 -4.182780e+00 -5.555733e+00 -1.115371e+01 -1.501013e+00 -1.273022e+01 -1.049039e+01 -1.473373e+00 -4.040919e+00 1.289017e-01 -6.450422e+00 8.084965e+01 -8.572478e-01 1.028914e+00 1.588300e+00 2.156788e+00 1.495362e+00 -1.676574e+00 -7.051916e-01 8.024933e-01 2.768694e-01 -1.428196e-01 -8.968621e-01 -2.710301e-01 -1.326844e+00 -2.279806e-01 5.417057e-01 3.540946e-01 8.638790e-02 5.512420e-02 3.049541e-01 7.157896e-01 2.306954e-01 -3.693163e-01 -4.515001e-01 -1.869601e-01 4.194059e-01 -7.921770e-01
<VARIANCE> 39
 8.921051e+00 2.811269e+01 2.226290e+01 5.398385e+01 4.803655e+01 7.964426e+01 8.240553e+01 6.953393e+01 4.100303e+01 3.595726e+01 7.079657e+01 1.160508e+02 1.065316e+01 1.186137e+00 2.483434e+00 1.581002e+00 1.853559e+00 4.884018e+00 5.217082e+00 4.434561e+00 4.404066e+00 4.350599e+00 3.094688e+00 3.993993e+00 3.889834e+00 3.586258e+00 3.166641e-01 3.774988e-01 3.430375e-01 3.627127e-01 7.487467e-01 6.864743e-01 6.382796e-01 8.076456e-01 6.171117e-01 6.293653e-01 8.372771e-01 5.589331e-01 4.020821e-01
<GCONST> 1.267053e+02
<TRANSP> 5
 0.000000e+00 1.000000e+00 0.000000e+00 0.000000e+00 0.000000e+00
 0.000000e+00 8.055702e-01 1.944298e-01 0.000000e+00 0.000000e+00
 0.000000e+00 0.000000e+00 6.963179e-01 3.036822e-01 0.000000e+00
 0.000000e+00 0.000000e+00 0.000000e+00 7.076665e-01 2.923335e-01
 0.000000e+00 0.000000e+00 0.000000e+00 0.000000e+00 0.000000e+00
<ENDHMM>
~h "Uu"
<BEGINHMM>
<NUMSTATES> 5
<STATE> 2
<MEAN> 39
 3.292831e+00 1.029706e+01 2.338083e+00 -6.346331e+00 -1.483092e+01 -4.981254e+00 -6.946468e-01 -1.141995e+01 -1.980729e+00 -1.246643e+01 -8.671469e+00 -5.960637e-01 7.138776e+01 5.830078e-01 5.923396e-01 3.648701e-01 -1.151183e+00 -1.371344e+00 1.048579e-01 7.025962e-01 -2.046332e-01 4.716444e-01 -1.033996e+00 -6.534181e-01 2.853152e-01 -9.834278e-02 -4.265163e-01 -2.855105e-01 -7.703772e-02 3.653989e-01 6.815571e-01 3.438265e-01 -1.274591e-01 1.418850e-01 -1.762715e-01 1.087278e-01 2.449894e-01 7.171152e-02 -6.258617e-02
<VARIANCE> 39
 9.988980e+00 3.188151e+01 4.636334e+01 5.745670e+01 5.454956e+01 6.468458e+01 9.619396e+01 4.410159e+01 6.253332e+01 5.858854e+01 5.151734e+01 5.729320e+01 1.530763e+01 1.581010e+00 2.169408e+00 2.148410e+00 2.932077e+00 5.397010e+00 4.245018e+00 3.634606e+00 3.362816e+00 3.767155e+00 3.697684e+00 3.242423e+00 2.293947e+00 1.200793e+00 2.966617e-01 3.083197e-01 4.152350e-01 4.697985e-01 7.611769e-01 7.269108e-01 7.359654e-01 8.072263e-01 9.464337e-01 6.892272e-01 5.529518e-01 4.646722e-01 2.339618e-01
<GCONST> 1.259284e+02
<STATE> 3
<MEAN> 39
 2.075595e+00 8.271511e+00 1.328620e+00 -8.894276e+00 -1.474923e+01 8.146107e-02 -1.102786e+00 -1.306207e+01 -4.702531e+00 -1.784118e+01 -7.139932e+00 8.740636e-01 7.291025e+01 -7.590644e-01 -6.726784e-01 -3.348884e-01 1.046523e+00 1.887663e+00 1.416559e+00 -7.445448e-01 -6.708542e-01 -1.250378e+00 8.652200e-02 1.380973e+00 5.844815e-01 9.045440e-02 -5.181339e-01 -2.801813e-01 1.256307e-01 8.976047e-01 8.714880e-01 -2.041835e-01 -5.642182e-01 1.830964e-01 8.677208e-02 9.651027e-01 3.938633e-01 -3.195863e-01 -1.724780e-01
<VARIANCE> 39
 6.741634e+00 3.446552e+01 5.206194e+01 5.641526e+01 4.251212e+01 6.549049e+01 9.509574e+01 4.131568e+01 5.866726e+01 5.245833e+01 6.498827e+01 5.764873e+01 1.715949e+01 1.000782e+00 2.169753e+00 1.825580e+00 2.926639e+00 3.974043e+00 4.471575e+00 4.109090e+00 5.699996e+00 5.199565e+00 4.663483e+00 3.324274e+00 3.249789e+00 2.484596e+00 3.214982e-01 5.124590e-01 5.011178e-01 4.128827e-01 6.247892e-01 9.436564e-01 7.511432e-01 9.129732e-01 1.012607e+00 7.201753e-01 8.285366e-01 5.661346e-01 4.249544e-01
<GCONST> 1.291692e+02
<STATE> 4
<MEAN> 39
 -2.325597e+00 5.716212e+00 2.062842e+00 -1.695477e+00 -6.935760e+00 1.107372e+00 -8.250490e+00 -1.482748e+01 -6.794162e+00 -1.267248e+01 -2.018869e+00 -8.090405e-01 7.346681e+01 -2.528110e+00 -5.797679e-01 1.179125e+00 2.477229e+00 3.146155e+00 -7.555366e-02 -1.103140e+00 1.519158e+00 7.070503e-01 2.297602e+00 5.606943e-01 -1.031314e+00 -1.050263e+00 -5.370674e-01 -1.285892e-01 3.696038e-02 -2.643628e-01 -1.554620e-01 -2.894902e-01 5.097764e-01 8.280075e-01 5.719580e-01 2.052277e-01 -2.958464e-01 -8.764656e-02 -3.734496e-01
<VARIANCE> 39
 2.493125e+01 3.078844e+01 4.508266e+01 6.207825e+01 6.004267e+01 7.680188e+01 1.266576e+02 5.775029e+01 6.131843e+01 4.104565e+01 5.228173e+01 7.110574e+01 3.326138e+01 5.882907e+00 4.540958e+00 4.323689e+00 3.716148e+00 5.092114e+00 8.507528e+00 6.207717e+00 7.234087e+00 6.367065e+00 4.605498e+00 5.608798e+00 3.624777e+00 6.344836e+00 5.274279e-01 7.454759e-01 8.333876e-01 7.550982e-01 8.553030e-01 1.251994e+00 1.191825e+00 1.331675e+00 1.356189e+00 8.930717e-01 8.615258e-01 8.959745e-01 1.036741e+00
<GCONST> 1.441231e+02
<TRANSP> 5
 0.000000e+00 1.000000e+00 0.000000e+00 0.000000e+00 0.000000e+00
 0.000000e+00 7.681992e-01 2.318008e-01 0.000000e+00 0.000000e+00
 0.000000e+00 0.000000e+00 6.169695e-01 3.830305e-01 0.000000e+00
 0.000000e+00 0.000000e+00 0.000000e+00 5.289507e-01 4.710493e-01
 0.000000e+00 0.000000e+00 0.000000e+00 0.000000e+00 0.000000e+00
<ENDHMM>
~h "aA"
<BEGINHMM>
<NUMSTATES> 5
<STATE> 2
<MEAN> 39
 4.412777e-01 -8.226341e+00 -8.825935e+00 -7.210784e+00 -8.710772e+00 2.038474e+00 -6.474927e+00 -7.103691e+00 -1.257408e-01 -3.001975e+00 -2.558676e+00 -7.138842e+00 8.265201e+01 8.364128e-02 -1.392766e+00 -8.938152e-01 -5.052763e-01 8.591172e-01 9.235035e-01 7.581356e-01 4.852776e-01 -2.288840e-01 2.445938e-01 -9.049377e-01 -5.380553e-01 6.201083e-01 -2.789655e-01 3.990367e-01 2.906630e-01 3.548269e-01 3.531667e-01 -1.981954e-01 -2.681732e-02 3.597316e-03 -2.619840e-01 -4.068782e-02 7.322875e-02 3.306853e-01 -4.285400e-01
<VARIANCE> 39
 1.033772e+01 1.997838e+01 2.118307e+01 5.276014e+01 3.954110e+01 5.891049e+01 6.611903e+01 5.159418e+01 5.901720e+01 4.256443e+01 6.872555e+01 1.049046e+02 7.707886e+00 5.442774e-01 1.063155e+00 1.076680e+00 1.684929e+00 2.080095e+00 2.086056e+00 2.339472e+00 2.512443e+00 2.218414e+00 2.340668e+00 2.080144e+00 1.979838e+00 4.816945e-01 2.675233e-01 1.781760e-01 2.262759e-01 3.009019e-01 4.707400e-01 4.557626e-01 4.251971e-01 4.679278e-01 5.204317e-01 4.259924e-01 4.678127e-01 4.662516e-01 1.620153e-01
<GCONST> 1.105552e+02
<STATE> 3
<MEAN> 39
 6.887212e-01 -9.657076e+00 -1.067508e+01 -7.996979e+00 -6.592082e+00 3.535257e+00 -4.480983e+00 -7.290704e+00 -1.643438e+00 -2.674443e+00 -4.604799e+00 -7.508391e+00 8.287667e+01 -6.674397e-02 1.665725e-01 7.005043e-02 2.388826e-01 -8.740946e-02 -2.990314e-01 -2.497605e-01 1.887829e-01 1.130555e-01 2.745672e-02 -2.538819e-02 -5.052555e-02 -3.061384e-02 -2.297147e-02 2.979392e-01 2.313504e-01 1.364374e-01 -1.916497e-01 -2.002028e-01 -1.911916e-01 -6.390816e-02 3.274563e-02 -6.824121e-02 1.480635e-01 9.344333e-02 -1.387862e-01
<VARIANCE> 39
 1.106126e+01 2.102732e+01 1.770046e+01 5.829110e+01 3.282637e+01 4.246833e+01 6.196997e+01 5.288712e+01 5.098792e+01 5.006520e+01 5.991745e+01 1.025202e+02 7.988179e+00 1.871509e-01 6.404945e-01 5.869104e-01 9.727780e-01 1.526619e+00 1.393694e+00 1.391129e+00 1.588779e+00 1.284108e+00 1.097933e+00 1.168814e+00 1.067951e+00 1.142032e-01 3.668949e-02 9.011046e-02 1.170533e-01 1.418186e-01 2.101753e-01 1.824693e-01 2.151608e-01 2.731068e-01 2.302973e-01 2.252455e-01 1.989861e-01 1.968462e-01 4.023217e-02
<GCONST> 8.999048e+01
<STATE> 4
<MEAN> 39
 -1.188081e-02 -5.394736e+00 -7.089830e+00 -3.706810e+00 -9.133830e+00 -1.051456e+00 -8.771179e+00 -6.102130e+00 -5.924367e-01 -2.994723e+00 -2.630428e+00 -5.721189e+00 8.116850e+01 -4.787942e-01 2.161266e+00 2.088412e+00 1.631888e+00 3.728684e-01 -7.829141e-01 -5.838175e-01 -5.088094e-01 -6.555808e-01 -7.224014e-01 5.229908e-01 9.732272e-01 -1.961829e+00 -3.985197e-01 1.830839e-01 4.074795e-01 2.709335e-01 6.826649e-01 2.973830e-01 3.957097e-01 -1.132943e-02 -2.674744e-01 -1.521557e-01 -1.195852e-01 1.192925e-01 -6.787428e-01
<VARIANCE> 39
 1.241039e+01 2.284819e+01 2.682714e+01 5.061308e+01 5.908920e+01 6.829435e+01 7.491537e+01 6.899390e+01 5.921189e+01 4.942681e+01 6.597746e+01 9.151361e+01 1.273581e+01 1.436389e+00 1.427931e+00 1.937998e+00 2.632146e+00 4.657444e+00 3.166853e+00 3.734716e+00 4.093781e+00 3.133407e+00 3.309827e+00 2.841310e+00 2.552459e+00 2.519226e+00 4.061139e-01 3.200018e-01 3.846979e-01 3.782130e-01 5.315048e-01 5.768431e-01 6.464087e-01 8.217342e-01 6.154367e-01 5.078651e-01 5.115380e-01 4.813426e-01 3.254998e-01
<GCONST> 1.241639e+02
<TRANSP> 5
 0.000000e+00 1.000000e+00 0.000000e+00 0.000000e+00 0.000000e+00
 0.000000e+00 6.297578e-01 3.702423e-01 0.000000e+00 0.000000e+00
 0.000000e+00 0.000000e+00 8.517414e-01 1.482586e-01 0.000000e+00
 0.000000e+00 0.000000e+00 0.000000e+00 6.722198e-01 3.277802e-01
 0.000000e+00 0.000000e+00 0.000000e+00 0.000000e+00 0.000000e+00
<ENDHMM>
~h "aa"
<BEGINHMM>
<NUMSTATES> 5
<STATE> 2
<MEAN> 39
 5.964112e-01 -5.765034e+00 -6.742662e+00 -4.358532e+00 -8.567397e+00 2.121250e+00 -7.226306e+00 -7.185040e+00 3.883869e-01 -3.265731e+00 -2.286705e+00 -7.393087e+00 7.925190e+01 3.276391e-02 -4.925391e-02 8.357781e-02 4.187977e-01 3.198228e-01 1.751013e-01 2.883339e-01 2.181702e-01 -2.535034e-01 -4.809608e-02 -3.800943e-01 -9.778625e-02 -3.166477e-01 -1.376678e-01 3.854085e-01 3.294495e-01 2.937493e-01 2.977902e-01 -7.730129e-02 6.480146e-02 3.767762e-03 -3.152885e-01 -2.227511e-01 3.036006e-02 3.017924e-01 -4.532343e-01
<VARIANCE> 39
 8.238372e+00 1.710597e+01 1.614548e+01 3.946832e+01 3.693478e+01 6.953517e+01 8.255109e+01 7.473241e+01 4.811739e+01 3.581169e+01 6.203651e+01 1.224809e+02 1.917889e+01 4.206221e-01 1.188021e+00 1.074399e+00 1.601103e+00 1.964159e+00 2.250850e+00 2.207092e+00 2.372504e+00 2.298035e+00 1.897351e+00 1.962861e+00 2.291666e+00 6.973867e-01 1.939694e-01 1.900045e-01 2.449130e-01 2.399032e-01 3.962096e-01 4.381450e-01 4.374753e-01 4.866143e-01 4.388373e-01 4.421607e-01 4.140858e-01 4.419581e-01 1.574368e-01
<GCONST> 1.099890e+02
<STATE> 3
<MEAN> 39
 1.356836e+00 -2.529891e+00 -3.920544e+00 5.325490e-02 -5.182050e+00 3.044473e+00 -4.756640e+00 -8.573390e+00 -2.367718e+00 -4.561350e+00 -3.649474e+00 -4.589273e+00 7.419855e+01 -3.238031e-01 1.215600e+00 1.599470e+00 1.559902e+00 1.622566e+00 2.333324e-01 5.134871e-01 5.475470e-01 -9.536784e-01 -9.839420e-01 -1.869368e-01 5.975333e-01 -2.427506e+00 -4.532498e-01 1.843919e-01 2.664817e-01 1.662656e-01 4.136361e-01 -1.725040e-03 1.111820e-01 2.707975e-01 6.837998e-02 -2.446502e-02 7.432209e-02 1.095449e-01 -5.887296e-01
<VARIANCE> 39
 1.010940e+01 1.480207e+01 1.942764e+01 4.674137e+01 5.893980e+01 8.427975e+01 9.409389e+01 7.247745e+01 5.987283e+01 3.966531e+01 6.705319e+01 1.143187e+02 4.124623e+01 9.753181e-01 1.430086e+00 1.975132e+00 2.152713e+00 3.045561e+00 3.064632e+00 2.834902e+00 3.606589e+00 2.814404e+00 3.021404e+00 2.547499e+00 2.529530e+00 2.252182e+00 3.039300e-01 2.194143e-01 3.240255e-01 4.510553e-01 4.916470e-01 5.495532e-01 5.727455e-01 6.252578e-01 6.669762e-01 5.196497e-01 5.281342e-01 5.003014e-01 2.885312e-01
<GCONST> 1.218259e+02
<STATE> 4
<MEAN> 39
 -1.268124e+00 -1.475829e-02 5.848134e-01 4.754691e+00 1.393693e+00 4.680296e+00 -3.361491e+00 -5.396007e+00 -3.873383e+00 -6.662344e+00 -3.203219e+00 -2.541159e+00 6.609507e+01 -1.915342e+00 9.285392e-01 1.152155e+00 9.499570e-01 1.291426e+00 -2.349958e-01 3.439884e-01 8.953384e-01 -1.586496e-01 -1.181416e-01 3.477767e-01 8.101009e-01 -2.937686e+00 -4.512089e-01 -2.206628e-01 -4.077434e-01 -5.350814e-01 -5.224521e-01 -2.444785e-01 1.293384e-03 1.091724e-02 3.130969e-01 4.208700e-01 1.250929e-01 -3.197417e-05 2.612981e-02
<VARIANCE> 39
 1.648160e+01 1.750670e+01 3.354086e+01 4.491047e+01 9.423633e+01 8.285865e+01 7.398473e+01 6.443336e+01 4.750439e+01 3.665492e+01 6.378909e+01 9.762468e+01 8.621123e+01 2.712002e+00 1.929080e+00 3.169040e+00 4.158991e+00 4.960702e+00 4.137955e+00 3.669495e+00 4.116826e+00 4.361011e+00 3.961743e+00 3.500146e+00 3.481939e+00 3.452592e+00 3.849143e-01 2.610629e-01 4.466610e-01 5.277508e-01 7.674466e-01 6.675172e-01 5.479779e-01 6.310552e-01 6.129540e-01 5.515672e-01 5.102945e-01 5.403795e-01 3.119174e-01
<GCONST> 1.302957e+02
<TRANSP> 5
 0.000000e+00 1.000000e+00 0.000000e+00 0.000000e+00 0.000000e+00
 0.000000e+00 7.963737e-01 2.036262e-01 0.000000e+00 0.000000e+00
 0.000000e+00 0.000000e+00 5.086938e-01 4.913062e-01 0.000000e+00
 0.000000e+00 0.000000e+00 0.000000e+00 4.382276e-01 5.617724e-01
 0.000000e+00 0.000000e+00 0.000000e+00 0.000000e+00 0.000000e+00
<ENDHMM>
~h "dZ"
<BEGINHMM>
<NUMSTATES> 5
<STATE> 2
<MEAN> 39
 -8.324148e+00 -1.245219e+00 8.545097e+00 7.353653e+00 4.410572e+00 -2.031854e+00 -5.325092e+00 -6.971448e+00 -4.936162e+00 -2.141246e+00 -2.412048e+00 -2.907398e+00 7.256142e+01 -3.128217e+00 -6.530265e-01 2.086630e+00 1.902121e-01 1.877994e+00 -1.049220e-01 1.440890e+00 4.635361e-01 -7.153158e-01 1.501890e-01 9.003554e-02 1.599641e-01 7.073755e-01 -3.947282e-02 -1.752523e-01 -2.942775e-01 -2.106149e-01 -4.940853e-01 -3.345514e-02 -2.109478e-01 -1.193544e-01 1.769804e-01 -8.022599e-02 1.703142e-01 -2.336662e-02 5.897908e-01
<VARIANCE> 39
 9.068355e+01 4.990072e+01 5.226525e+01 4.159827e+01 5.280887e+01 3.475000e+01 7.124554e+01 4.673665e+01 3.502016e+01 3.227871e+01 4.236082e+01 2.446050e+01 4.209224e+01 6.090233e+00 5.831923e+00 4.586905e+00 2.767899e+00 6.214408e+00 5.269569e+00 4.943674e+00 5.514398e+00 4.447992e+00 2.973011e+00 3.636070e+00 2.381787e+00 6.789328e+00 2.023379e+00 1.264526e+00 6.314762e-01 5.927481e-01 8.356297e-01 7.189345e-01 8.909971e-01 8.758518e-01 7.195274e-01 5.261083e-01 7.267147e-01 4.319819e-01 1.046509e+00
<GCONST> 1.377945e+02
<STATE> 3
<MEAN> 39
 -1.730141e+01 -3.889430e+00 1.392268e+01 5.660919e+00 3.042349e+00 -3.103174e+00 -6.441748e+00 -9.404205e+00 -7.440609e+00 -2.534214e+00 -4.610666e+00 -4.691659e+00 7.927369e+01 3.361402e-01 3.813168e-01 -3.330158e-01 -4.004743e-01 -5.397466e-01 -1.886290e-01 -2.585757e-01 -7.564548e-01 -4.761651e-01 -8.883595e-02 3.367769e-01 -3.107421e-03 5.737484e-01 1.416297e+00 2.812432e-01 -1.103736e+00 -3.375437e-01 -7.780322e-01 2.397590e-01 -4.912260e-01 -1.728154e-01 2.134321e-01 -1.266647e-01 1.968030e-01 -5.934086e-02 -3.145069e-01
<VARIANCE> 39
 4.018350e+01 1.021932e+01 3.653671e+01 3.208753e+01 6.485197e+01 2.854536e+01 6.414392e+01 6.047271e+01 3.633871e+01 3.910723e+01 6.383867e+01 3.188091e+01 7.039043e+00 1.300307e+01 2.164426e+00 7.582414e+00 2.966367e+00 4.121017e+00 3.727610e+00 5.639986e+00 3.576004e+00 2.982833e+00 2.942032e+00 1.817155e+00 2.284544e+00 9.590896e-01 9.897906e-01 3.426579e-01 4.390112e-01 4.441293e-01 5.702581e-01 9.430424e-01 7.376266e-01 7.176089e-01 7.275307e-01 7.107087e-01 4.765393e-01 4.852636e-01 3.280702e-01
<GCONST> 1.259069e+02
<STATE> 4
<MEAN> 39
 -7.010644e+00 9.274581e-02 2.829080e+00 4.858650e+00 -2.258354e-02 -3.417214e+00 -5.113682e+00 -1.193544e+01 -8.192573e+00 -5.133885e+00 -1.696776e-01 -1.792513e+00 7.782233e+01 3.101435e+00 1.081774e+00 -2.159050e+00 -1.231609e+00 -1.756791e+00 1.141234e+00 -3.878762e-01 4.613592e-02 5.422030e-01 -1.225831e+00 4.108579e-01 -1.534525e-02 -1.019178e+00 -1.084028e-01 -2.260358e-01 3.069194e-01 -1.310009e-01 -4.910104e-02 2.891689e-01 2.316247e-01 3.763545e-01 2.843137e-01 -1.944465e-01 -1.515195e-01 -7.285566e-02 -1.770945e-01
<VARIANCE> 39
 6.869698e+01 2.044372e+01 7.036891e+01 4.129015e+01 6.664494e+01 3.922868e+01 8.054649e+01 3.816825e+01 5.146420e+01 4.228593e+01 4.366137e+01 3.687122e+01 1.337298e+01 5.689671e+00 3.099154e+00 4.981671e+00 2.822649e+00 6.132481e+00 3.867552e+00 3.790672e+00 4.302389e+00 4.067961e+00 4.180186e+00 3.219592e+00 2.373080e+00 2.170463e+00 1.481217e+00 3.685172e-01 9.795420e-01 5.603897e-01 6.689400e-01 6.672477e-01 7.495217e-01 7.766858e-01 8.451208e-01 5.464517e-01 4.473939e-01 3.511852e-01 3.326285e-01
<GCONST> 1.312972e+02
<TRANSP> 5
 0.000000e+00 1.000000e+00 0.000000e+00 0.000000e+00 0.000000e+00
 0.000000e+00 6.960679e-01 3.039322e-01 0.000000e+00 0.000000e+00
 0.000000e+00 0.000000e+00 7.162650e-01 2.837350e-01 0.000000e+00
 0.000000e+00 0.000000e+00 0.000000e+00 6.541317e-01 3.458683e-01
 0.000000e+00 0.000000e+00 0.000000e+00 0.000000e+00 0.000000e+00
<ENDHMM>
~h "eA"
<BEGINHMM>
<NUMSTATES> 5
<STATE> 2
<MEAN> 39
 -1.357121e+00 -7.357115e+00 -4.836292e+00 -5.473143e-01 -1.163628e+01 -6.718159e+00 -9.830550e+00 -4.606959e+00 3.058647e+00 -2.464443e+00 -4.111442e+00 -6.340318e+00 8.311227e+01 2.740352e-01 -1.449222e+00 -1.764991e+00 -1.237846e+00 7.140783e-01 1.288544e+00 1.020081e+00 1.101771e+00 4.262181e-01 3.271079e-01 -8.946341e-01 -9.154829e-01 8.167638e-01 -1.960050e-01 2.932154e-01 3.809390e-01 1.856885e-01 6.233040e-01 2.967854e-01 1.885374e-01 -1.954466e-01 -5.842285e-01 -2.144568e-01 -1.425040e-02 2.693262e-01 -4.857726e-01
<VARIANCE> 39
 9.258912e+00 1.506216e+01 2.904430e+01 2.697812e+01 7.059492e+01 5.401854e+01 7.375641e+01 7.217818e+01 5.412861e+01 5.930867e+01 6.708011e+01 6.428431e+01 7.315611e+00 6.472666e-01 1.041728e+00 1.339745e+00 1.353457e+00 3.116571e+00 1.926872e+00 2.437555e+00 2.946141e+00 2.663172e+00 2.713072e+00 2.612304e+00 1.782526e+00 6.664108e-01 2.617258e-01 1.996228e-01 2.590138e-01 2.674080e-01 6.105800e-01 4.955185e-01 6.333964e-01 6.526665e-01 4.586927e-01 4.821507e-01 5.832322e-01 4.499111e-01 1.851046e-01
<GCONST> 1.133795e+02
<STATE> 3
<MEAN> 39
 -4.922328e-01 -1.030707e+01 -8.682574e+00 -3.839438e+00 -8.225201e+00 -1.498929e+00 -6.934312e+00 -3.791316e+00 4.974614e-01 -2.896056e+00 -6.994739e+00 -8.367060e+00 8.347056e+01 5.855359e-02 1.304001e-01 -1.240959e-01 -1.078036e-01 3.434158e-02 2.851428e-01 -4.907725e-02 -2.585004e-02 -1.969949e-01 4.648939e-02 1.237581e-01 -2.216829e-03 -8.537199e-02 -2.850714e-02 3.048181e-01 2.752237e-01 1.864674e-01 -2.009556e-01 -2.203005e-01 -2.302433e-01 -1.562624e-01 -6.178068e-03 -3.818744e-02 2.049840e-01 1.278478e-01 -1.436644e-01
<VARIANCE> 39
 8.570273e+00 1.969692e+01 1.950387e+01 3.501301e+01 5.134988e+01 4.235020e+01 6.837201e+01 6.658026e+01 5.514618e+01 7.184705e+01 6.222832e+01 7.019527e+01 7.890325e+00 1.843421e-01 6.978649e-01 6.308296e-01 8.232647e-01 1.431836e+00 1.333697e+00 1.224068e+00 1.554073e+00 1.116678e+00 1.044045e+00 1.110478e+00 1.005617e+00 9.994300e-02 3.926022e-02 8.405105e-02 1.210073e-01 1.284930e-01 2.221326e-01 1.918597e-01 2.161237e-01 2.822701e-01 2.223313e-01 2.291902e-01 2.022370e-01 1.808081e-01 3.560243e-02
<GCONST> 8.926664e+01
<STATE> 4
<MEAN> 39
 -3.936912e-01 -5.727184e+00 -6.135948e+00 -1.949960e+00 -9.767553e+00 -2.958309e+00 -9.866570e+00 -5.361917e+00 4.126443e-02 -2.531069e+00 -3.175063e+00 -6.275981e+00 8.156471e+01 -2.284129e-01 2.006447e+00 1.988917e+00 1.161947e+00 5.549127e-01 -2.206568e-01 -5.990654e-01 -1.121645e+00 -9.763581e-01 -7.799945e-01 7.691299e-01 1.083856e+00 -1.787889e+00 -3.619647e-01 2.022434e-01 5.334983e-01 3.075547e-01 6.555598e-01 1.954206e-01 3.140622e-01 -8.996932e-02 -2.344408e-01 -2.454432e-01 -1.806349e-01 1.679773e-01 -5.824394e-01
<VARIANCE> 39
 1.033568e+01 1.928818e+01 2.649269e+01 4.309688e+01 7.348370e+01 5.564826e+01 7.892403e+01 7.154501e+01 5.329222e+01 5.768864e+01 6.156158e+01 8.334792e+01 1.086288e+01 1.457435e+00 1.411338e+00 2.102203e+00 2.245910e+00 3.758973e+00 2.804827e+00 3.816834e+00 4.323065e+00 2.960060e+00 3.634690e+00 2.608697e+00 2.326818e+00 1.880802e+00 4.494174e-01 2.725268e-01 3.381935e-01 3.496611e-01 4.461407e-01 4.950846e-01 6.200516e-01 8.414922e-01 6.155252e-01 4.701409e-01 4.640637e-01 4.617195e-01 2.845257e-01
<GCONST> 1.217369e+02
<TRANSP> 5
 0.000000e+00 1.000000e+00 0.000000e+00 0.000000e+00 0.000000e+00
 0.000000e+00 6.760005e-01 3.239995e-01 0.000000e+00 0.000000e+00
 0.000000e+00 0.000000e+00 8.508652e-01 1.491349e-01 0.000000e+00
 0.000000e+00 0.000000e+00 0.000000e+00 6.725823e-01 3.274177e-01
 0.000000e+00 0.000000e+00 0.000000e+00 0.000000e+00 0.000000e+00
<ENDHMM>
~h "eE"
<BEGINHMM>
<NUMSTATES> 5
<STATE> 2
<MEAN> 39
 -5.897529e+00 -1.538719e-01 8.329205e+00 8.556357e+00 -1.718634e+01 -1.453330e+01 -7.054399e+00 -1.250026e+01 -5.106031e+00 -1.008290e+01 -2.428259e+00 4.618158e-01 8.028534e+01 3.832613e-02 -1.479138e-01 -3.343077e-01 -1.440155e-01 -4.509123e-01 -1.267920e-01 2.114509e-02 2.290255e-01 2.174105e-01 9.688708e-02 3.074774e-01 4.179829e-02 1.716951e-01 3.501935e-02 2.547606e-02 -1.256229e-01 -3.172783e-02 3.568456e-01 2.067571e-01 -1.129515e-01 2.235069e-01 2.292377e-02 6.531647e-02 -4.486625e-02 -9.629962e-02 -1.655278e-01
<VARIANCE> 39
 9.835743e+00 1.786130e+01 4.888784e+01 3.869178e+01 1.457984e+02 3.826496e+01 6.002662e+01 4.122886e+01 8.403999e+01 3.272897e+01 5.398141e+01 3.317786e+01 8.468987e+00 2.341120e-01 4.312397e-01 6.939207e-01 7.058209e-01 1.161844e+00 1.071837e+00 1.255970e+00 1.450339e+00 1.235817e+00 1.013244e+00 9.623872e-01 7.852697e-01 2.235113e-01 8.700190e-02 9.009289e-02 1.410392e-01 1.556780e-01 3.287722e-01 2.528663e-01 2.836746e-01 3.215777e-01 2.884207e-01 2.539082e-01 2.262974e-01 1.783501e-01 6.830583e-02
<GCONST> 9.258003e+01
<STATE> 3
<MEAN> 39
 -4.515132e+00 -3.940725e+00 2.400942e+00 6.134110e+00 -2.177981e+01 -1.157356e+01 -1.415190e+01 -5.487366e+00 1.043937e+00 -1.073780e+01 1.253325e+00 -3.402670e+00 8.181114e+01 3.300315e-01 -1.438156e-01 -7.595668e-01 -3.117211e-01 6.819577e-01 5.196308e-01 -5.248521e-01 8.183004e-01 1.016181e-01 3.342621e-01 -1.635250e-01 -5.482098e-01 -1.649960e-01 2.961337e-02 1.557244e-01 7.743406e-02 -7.633737e-02 5.169969e-01 2.471476e-01 2.271855e-02 -1.932456e-01 -1.914312e-01 9.854174e-02 -1.541015e-01 -9.145383e-02 -2.389163e-01
<VARIANCE> 39
 6.134150e+00 1.857585e+01 3.349887e+01 4.278016e+01 1.088667e+02 4.149123e+01 5.897352e+01 4.982232e+01 8.700380e+01 3.201608e+01 4.570387e+01 4.272675e+01 1.133738e+01 2.497818e-01 5.608082e-01 1.023041e+00 1.103963e+00 1.621035e+00 1.496675e+00 1.888993e+00 1.924437e+00 1.592740e+00 1.721297e+00 1.765489e+00 1.190591e+00 2.893874e-01 7.512590e-02 1.045273e-01 1.460146e-01 1.951825e-01 3.076518e-01 3.207278e-01 3.334425e-01 3.700334e-01 3.474389e-01 3.102232e-01 2.754235e-01 2.394945e-01 6.616824e-02
<GCONST> 9.838852e+01
<STATE> 4
<MEAN> 39
 -2.990892e+00 -1.549065e+00 1.815895e+00 6.313419e+00 -1.224815e+01 -9.073333e+00 -1.270727e+01 -5.980815e+00 -2.153530e+00 -8.204564e+00 -1.311942e+00 -4.023580e+00 7.829717e+01 -1.552343e-01 9.551499e-01 -1.631310e-01 -8.476930e-01 2.972203e+00 1.813761e+00 4.705815e-01 -2.476559e-01 -6.310958e-01 6.944549e-01 -2.880890e-01 -3.767515e-01 -1.550811e+00 -5.481617e-01 2.825170e-01 2.693601e-01 -1.527421e-01 3.229102e-01 2.938221e-01 5.790864e-01 -1.338231e-01 -1.310343e-01 -1.114892e-02 3.764762e-02 2.731805e-01 -3.625011e-01
<VARIANCE> 39
 9.507280e+00 2.395687e+01 3.883363e+01 4.606829e+01 9.487713e+01 7.113139e+01 8.681297e+01 6.648429e+01 7.905368e+01 4.560765e+01 6.319227e+01 5.237987e+01 3.288261e+01 3.377657e+00 2.070480e+00 2.418746e+00 3.445293e+00 4.478069e+00 3.769278e+00 5.377483e+00 4.506660e+00 4.851641e+00 3.735169e+00 3.653566e+00 3.407851e+00 2.278953e+00 6.103817e-01 2.981846e-01 4.058715e-01 4.373429e-01 6.988597e-01 6.489403e-01 7.491946e-01 7.438903e-01 7.413741e-01 6.438896e-01 5.991358e-01 4.839835e-01 2.996275e-01
<GCONST> 1.301918e+02
<TRANSP> 5
 0.000000e+00 1.000000e+00 0.000000e+00 0.000000e+00 0.000000e+00
 0.000000e+00 8.210726e-01 1.789273e-01 0.000000e+00 0.000000e+00
 0.000000e+00 0.000000e+00 6.948084e-01 3.051916e-01 0.000000e+00
 0.000000e+00 0.000000e+00 0.000000e+00 6.249961e-01 3.750038e-01
 0.000000e+00 0.000000e+00 0.000000e+00 0.000000e+00 0.000000e+00
<ENDHMM>
~h "dz"
<BEGINHMM>
<NUMSTATES> 5
<STATE> 2
<MEAN> 39
 -3.598782e+00 5.674773e+00 3.979840e+00 -1.900470e+00 -4.875471e+00 5.483650e+00 -1.150815e+01 -1.097672e+01 -8.266968e+00 -6.459757e+00 4.961171e+00 9.771757e-01 7.541379e+01 -2.219271e+00 2.364004e+00 1.233645e+00 1.664727e+00 2.478361e+00 8.913738e-01 -2.031470e-01 1.669051e-01 -3.388009e-01 4.084418e-01 6.432892e-01 -7.675567e-01 -1.594842e+00 -5.180337e-01 3.307639e-01 -1.145414e-02 2.992552e-02 6.485019e-02 1.431121e-02 7.508587e-01 -1.174645e-01 3.283295e-01 -2.563889e-01 -7.472650e-01 4.427046e-02 -5.072270e-02
<VARIANCE> 39
 1.835233e+01 6.958682e+01 5.971581e+01 3.243568e+01 6.389917e+01 1.064754e+02 2.117516e+01 2.800623e+01 2.481099e+01 3.034749e+01 4.758243e+01 1.320508e+02 5.634222e+01 4.529017e+00 4.773288e+00 1.715825e+00 5.429450e+00 2.243722e+00 3.209440e+00 2.844370e+00 2.577690e+00 2.132038e+00 2.314640e+00 6.175677e+00 1.745188e+00 6.781203e+00 4.084958e-01 1.000065e+00 2.771618e-01 3.970315e-01 5.825518e-01 4.708033e-01 5.506815e-01 8.693591e-01 2.175508e-01 5.397090e-01 6.985472e-01 3.087401e-01 1.083546e+00
<GCONST> 1.274415e+02
<STATE> 3
<MEAN> 39
 -1.064573e+01 1.433739e+01 4.278608e+00 5.370461e+00 3.090338e+00 3.370616e+00 -8.972009e+00 -1.033244e+01 -7.209503e+00 -4.711016e+00 1.072524e+00 -4.712986e+00 7.076344e+01 -4.336109e+00 2.814175e+00 2.631452e-01 1.418413e+00 2.250069e+00 6.915783e-01 1.320032e+00 3.609379e-01 2.171775e-01 -3.202104e-01 -1.603501e+00 -5.036952e-01 -2.172245e-01 -1.219910e-01 -1.028850e+00 -3.252711e-01 -8.569547e-01 -4.859113e-01 -3.833469e-02 -5.686866e-02 1.225860e-02 2.570122e-01 -2.444828e-01 2.546690e-01 2.908397e-01 1.092859e+00
<VARIANCE> 39
 6.332956e+01 4.698405e+01 7.426288e+01 2.360338e+01 2.798301e+01 5.222230e+01 3.211827e+01 1.483479e+01 1.909573e+01 1.472355e+01 3.196898e+01 5.142498e+01 3.537590e+01 2.817686e+00 7.011055e+00 2.927708e+00 2.814485e+00 1.217738e+00 3.275110e+00 3.864986e+00 2.365957e+00 1.538498e+00 4.047145e+00 3.335981e+00 1.610397e+00 6.515632e+00 1.432514e+00 7.492523e-01 4.442968e-01 4.120277e-01 1.757298e-01 7.166174e-01 5.649055e-01 3.085658e-01 2.348840e-01 3.861749e-01 5.130935e-01 2.164252e-01 6.544475e-01
<GCONST> 1.208129e+02
<STATE> 4
<MEAN> 39
 -1.855368e+01 1.319061e+01 3.756126e+00 5.970479e-01 5.928220e+00 1.194994e+00 -1.004944e+01 -9.743840e+00 -7.987923e+00 -7.753668e+00 -7.488512e-01 -4.781426e+00 7.702110e+01 2.037419e+00 -1.601080e+00 2.678589e-01 -1.085373e+00 -9.632984e-01 -1.274630e-01 -3.480187e-01 -3.821195e-01 -3.045545e-01 -1.952940e-01 4.559583e-01 8.977486e-01 8.222917e-02 1.141239e+00 -2.253914e-01 -6.027897e-02 1.464552e-01 -6.346933e-01 -1.787451e-02 8.259824e-02 -1.790059e-02 -1.445206e-01 8.810855e-02 3.080174e-02 -1.119197e-02 -5.170361e-01
<VARIANCE> 39
 5.876842e+01 3.566511e+01 3.182935e+01 4.031994e+01 2.364987e+01 4.954022e+01 5.340946e+01 3.419065e+01 3.115714e+01 2.783305e+01 3.251671e+01 3.767647e+01 9.105290e+00 1.132290e+01 3.182192e+00 2.428940e+00 4.278355e+00 3.870386e+00 3.299407e+00 4.556046e+00 3.651147e+00 2.087078e+00 2.221003e+00 2.618968e+00 8.276695e-01 4.988300e+00 1.714829e+00 9.649845e-01 4.376757e-01 8.740547e-01 4.353815e-01 7.975935e-01 9.523680e-01 7.544486e-01 4.593037e-01 4.701848e-01 4.625800e-01 2.419224e-01 4.821945e-01
<GCONST> 1.260441e+02
<TRANSP> 5
 0.000000e+00 1.000000e+00 0.000000e+00 0.000000e+00 0.000000e+00
 0.000000e+00 4.057902e-01 5.942098e-01 0.000000e+00 0.000000e+00
 0.000000e+00 0.000000e+00 6.379129e-01 3.620871e-01 0.000000e+00
 0.000000e+00 0.000000e+00 0.000000e+00 8.414760e-01 1.585240e-01
 0.000000e+00 0.000000e+00 0.000000e+00 0.000000e+00 0.000000e+00
<ENDHMM>
~h "ea"
<BEGINHMM>
<NUMSTATES> 5
<STATE> 2
<MEAN> 39
 -1.307415e+00 -5.676022e+00 -3.601488e+00 8.513627e-01 -1.199779e+01 -5.732994e+00 -1.028085e+01 -3.631429e+00 2.497984e+00 -3.691638e+00 -3.852685e+00 -7.228831e+00 8.031647e+01 2.516390e-01 -1.780932e-01 -5.832891e-01 -3.578614e-01 7.826036e-01 8.452523e-01 4.783146e-01 1.841025e-02 -2.224591e-01 2.879746e-01 -1.538836e-01 -4.244633e-01 -2.048501e-01 -1.459128e-01 3.937517e-01 3.511010e-01 2.106790e-01 3.717192e-01 1.695286e-01 1.014847e-01 -2.825779e-01 -4.414271e-01 -1.871016e-01 8.980335e-02 2.077231e-01 -4.076329e-01
<VARIANCE> 39
 7.294027e+00 1.435344e+01 2.043064e+01 3.143635e+01 6.625993e+01 5.682020e+01 7.510150e+01 8.096454e+01 4.997283e+01 4.339629e+01 6.428132e+01 6.966812e+01 1.615869e+01 3.876609e-01 1.059540e+00 1.191197e+00 1.452549e+00 2.209280e+00 2.088195e+00 2.063958e+00 3.003760e+00 2.337559e+00 1.827721e+00 2.048636e+00 2.120355e+00 5.621107e-01 1.974514e-01 1.724376e-01 1.948677e-01 2.042098e-01 4.633972e-01 4.160824e-01 5.145642e-01 5.769114e-01 4.123620e-01 3.965061e-01 4.308402e-01 3.473975e-01 1.313876e-01
<GCONST> 1.087633e+02
<STATE> 3
<MEAN> 39
 2.108664e-01 -3.578719e+00 -3.292814e+00 1.513102e+00 -6.588397e+00 -1.885659e+00 -7.984813e+00 -8.041717e+00 -9.925109e-01 -2.871129e+00 -3.208921e+00 -5.295011e+00 7.686793e+01 -5.765046e-02 1.354305e+00 8.799464e-01 5.742704e-01 1.817585e+00 1.239877e+00 8.279577e-01 -3.885076e-01 -1.360277e+00 -6.732683e-01 1.353910e-01 5.552403e-01 -2.025526e+00 -5.988541e-01 3.902167e-01 4.870402e-01 2.872122e-01 4.633012e-01 -6.061767e-02 2.555093e-01 4.066536e-01 3.547665e-02 -2.682803e-01 -8.622392e-02 1.957186e-01 -6.047275e-01
<VARIANCE> 39
 9.868615e+00 1.394734e+01 2.268629e+01 4.675925e+01 6.131351e+01 7.910788e+01 1.003545e+02 7.048874e+01 4.926611e+01 4.329790e+01 7.089617e+01 9.204675e+01 3.062226e+01 1.214453e+00 1.459158e+00 1.742334e+00 2.183203e+00 2.557142e+00 2.997548e+00 2.565043e+00 4.041683e+00 2.553140e+00 3.154695e+00 2.650215e+00 2.475074e+00 2.006988e+00 4.829035e-01 2.506868e-01 3.424273e-01 4.641634e-01 4.358305e-01 5.861301e-01 6.898127e-01 6.014191e-01 5.598928e-01 5.775859e-01 5.792906e-01 5.177370e-01 3.278148e-01
<GCONST> 1.220938e+02
<STATE> 4
<MEAN> 39
 -1.577842e+00 -6.026804e-02 3.078469e-01 4.426374e+00 -3.599102e-01 7.336395e-01 -5.700291e+00 -6.428525e+00 -3.861624e+00 -5.632738e+00 -3.402057e+00 -3.945291e+00 6.976325e+01 -2.215421e+00 1.595347e+00 1.268460e+00 6.650880e-01 2.188069e+00 7.035682e-01 9.853885e-01 6.881446e-01 -3.619809e-01 -4.528343e-01 2.101971e-01 8.499856e-01 -2.685661e+00 -7.986757e-01 -2.048319e-01 -2.598994e-01 -3.156121e-01 -3.678714e-01 -2.418634e-01 8.747286e-02 3.477419e-01 4.809476e-01 3.230060e-01 9.417498e-02 1.024246e-01 -4.618563e-03
<VARIANCE> 39
 1.800068e+01 1.707985e+01 2.926193e+01 4.308727e+01 8.808961e+01 8.556229e+01 7.333757e+01 6.015231e+01 4.799810e+01 4.090121e+01 7.282256e+01 9.398625e+01 7.744118e+01 4.993240e+00 2.566098e+00 3.002060e+00 3.701810e+00 4.477376e+00 4.223766e+00 5.257536e+00 4.432284e+00 4.099123e+00 4.098057e+00 3.983763e+00 3.195960e+00 4.037957e+00 5.849484e-01 2.765274e-01 4.423524e-01 5.596757e-01 6.851842e-01 6.697013e-01 5.319456e-01 6.469453e-01 5.977253e-01 5.959072e-01 5.803744e-01 6.124077e-01 2.776039e-01
<GCONST> 1.320240e+02
<TRANSP> 5
 0.000000e+00 1.000000e+00 0.000000e+00 0.000000e+00 0.000000e+00
 0.000000e+00 7.773725e-01 2.226275e-01 0.000000e+00 0.000000e+00
 0.000000e+00 0.000000e+00 5.004458e-01 4.995542e-01 0.000000e+00
 0.000000e+00 0.000000e+00 0.000000e+00 4.112360e-01 5.887640e-01
 0.000000e+00 0.000000e+00 0.000000e+00 0.000000e+00 0.000000e+00
<ENDHMM>
~h "ee"
<BEGINHMM>
<NUMSTATES> 5
<STATE> 2
<MEAN> 39
 -4.745064e+00 -2.738302e-01 5.228442e+00 7.813830e+00 -1.875430e+01 -1.295843e+01 -1.057422e+01 -8.934468e+00 -2.749020e+00 -1.145043e+01 -7.662509e-01 -1.919433e+00 7.950426e+01 1.843914e-01 -2.509170e-01 -5.410653e-01 -7.522985e-02 -3.766941e-01 -5.780274e-02 -1.498841e-01 3.639952e-01 4.776686e-01 2.778597e-01 2.458795e-01 -1.487606e-01 2.309283e-01 -4.779998e-02 1.455250e-01 -6.632634e-02 -1.183123e-01 8.329359e-01 4.429678e-01 1.620554e-02 1.464005e-01 -1.553584e-01 1.863843e-01 -1.625529e-01 -1.086378e-01 -3.985585e-01
<VARIANCE> 39
 7.791588e+00 1.728860e+01 3.291956e+01 2.974728e+01 1.172543e+02 4.365932e+01 7.677129e+01 4.691995e+01 8.418486e+01 4.148633e+01 5.192725e+01 3.982734e+01 1.349451e+01 6.213961e-01 8.281854e-01 1.152285e+00 1.070110e+00 2.937679e+00 1.591001e+00 2.612976e+00 2.151849e+00 1.852724e+00 1.729593e+00 1.899664e+00 1.280399e+00 5.199473e-01 2.608655e-01 1.797963e-01 2.317933e-01 2.714307e-01 4.972604e-01 4.424678e-01 5.574585e-01 5.527560e-01 5.141476e-01 4.623394e-01 4.104380e-01 3.266938e-01 1.385155e-01
<GCONST> 1.088660e+02
<STATE> 3
<MEAN> 39
 -2.926203e+00 -1.798482e+00 2.316610e+00 7.447515e+00 -1.357446e+01 -9.502824e+00 -1.326078e+01 -7.000399e+00 4.940993e-01 -7.704527e+00 -6.403493e-01 -2.695387e+00 7.955845e+01 3.455949e-01 4.455877e-01 -4.621986e-01 -3.638915e-01 2.005865e+00 1.270319e+00 8.880568e-02 -1.086624e-02 -6.062069e-01 5.643958e-01 -2.216394e-01 -3.420919e-01 -9.308421e-01 -3.012038e-01 4.192969e-01 3.339025e-01 -6.889844e-02 7.702734e-01 4.496537e-01 5.264353e-01 -7.060829e-02 -4.129015e-01 -7.497679e-02 -1.088259e-01 1.101455e-01 -5.940268e-01
<VARIANCE> 39
 7.657111e+00 1.831804e+01 3.043915e+01 2.959649e+01 7.685751e+01 6.403226e+01 8.626479e+01 6.411338e+01 7.624720e+01 5.012994e+01 6.453805e+01 4.241874e+01 2.173354e+01 9.630839e-01 1.084002e+00 1.680435e+00 1.949776e+00 3.248840e+00 2.422239e+00 2.737040e+00 2.811311e+00 3.149294e+00 2.770169e+00 2.723326e+00 2.200479e+00 1.092759e+00 4.035717e-01 2.367460e-01 2.642026e-01 3.006037e-01 4.996158e-01 5.152026e-01 6.877872e-01 6.379535e-01 5.860454e-01 4.910534e-01 5.129793e-01 4.187781e-01 2.894032e-01
<GCONST> 1.180790e+02
<STATE> 4
<MEAN> 39
 -2.653944e+00 9.674386e-01 2.919616e+00 7.041597e+00 -6.737893e+00 -6.177607e+00 -9.940013e+00 -7.388912e+00 -3.540056e+00 -8.034088e+00 -2.272639e+00 -2.577576e+00 7.442655e+01 -1.159841e+00 1.238127e+00 4.671431e-01 -4.827617e-01 3.166220e+00 1.884342e+00 1.353000e+00 3.061999e-01 -5.576534e-01 2.581778e-01 -3.056383e-01 5.421875e-02 -2.168387e+00 -7.850804e-01 3.422120e-02 4.838797e-02 -1.701383e-01 -7.675005e-02 7.344302e-02 3.951252e-01 2.626620e-01 2.449242e-01 8.605045e-02 1.109829e-01 1.778744e-01 -2.379259e-01
<VARIANCE> 39
 1.627906e+01 2.041278e+01 3.793131e+01 3.908225e+01 8.277648e+01 8.144125e+01 8.541957e+01 6.418750e+01 6.190499e+01 4.762004e+01 6.552104e+01 4.903273e+01 4.997009e+01 5.634232e+00 2.425931e+00 3.075205e+00 3.036575e+00 5.132279e+00 4.146185e+00 5.253999e+00 4.176239e+00 4.987640e+00 3.920630e+00 3.984479e+00 3.140529e+00 4.016419e+00 6.043087e-01 3.031580e-01 5.494797e-01 5.075498e-01 6.867311e-01 6.753022e-01 6.900303e-01 5.807463e-01 7.302978e-01 6.560741e-01 6.468361e-01 4.739564e-01 3.475269e-01
<GCONST> 1.324390e+02
<TRANSP> 5
 0.000000e+00 1.000000e+00 0.000000e+00 0.000000e+00 0.000000e+00
 0.000000e+00 7.266675e-01 2.733325e-01 0.000000e+00 0.000000e+00
 0.000000e+00 0.000000e+00 4.517825e-01 5.482175e-01 0.000000e+00
 0.000000e+00 0.000000e+00 0.000000e+00 4.120685e-01 5.879316e-01
 0.000000e+00 0.000000e+00 0.000000e+00 0.000000e+00 0.000000e+00
<ENDHMM>
~h "iE"
<BEGINHMM>
<NUMSTATES> 5
<STATE> 2
<MEAN> 39
 -7.134117e+00 2.143665e+00 1.161409e+01 9.230848e+00 -1.687484e+01 -1.234578e+01 -4.901987e+00 -1.449953e+01 -6.195944e+00 -1.328538e+01 -4.537152e+00 -3.831554e-01 7.885817e+01 4.030438e-01 -8.031177e-01 -1.251414e+00 -2.739932e-01 -1.292273e+00 -8.593880e-01 -5.992528e-01 4.518653e-01 1.093815e+00 2.146624e-01 7.081179e-01 1.479449e-01 8.399779e-01 5.758588e-02 -1.383160e-01 -4.961539e-01 -2.272994e-01 5.043959e-01 2.393036e-01 -3.085356e-01 5.735866e-01 2.577340e-01 4.432223e-01 1.109098e-01 -1.246780e-01 -1.264728e-01
<VARIANCE> 39
 9.358647e+00 1.838835e+01 3.083053e+01 3.890354e+01 1.113989e+02 4.970250e+01 6.365308e+01 2.794559e+01 7.853416e+01 2.482454e+01 4.281182e+01 3.590594e+01 8.507228e+00 7.026911e-01 1.027098e+00 1.856068e+00 1.336577e+00 2.645984e+00 1.841564e+00 2.154688e+00 3.448893e+00 2.321882e+00 1.885471e+00 1.807610e+00 1.317328e+00 3.432854e-01 1.933351e-01 1.759978e-01 2.814018e-01 2.931117e-01 4.577105e-01 4.797588e-01 3.750768e-01 5.378132e-01 4.373828e-01 4.347874e-01 4.206963e-01 2.742552e-01 6.586957e-02
<GCONST> 1.069864e+02
<STATE> 3
<MEAN> 39
 -4.618163e+00 -3.574564e+00 2.317144e+00 5.697741e+00 -2.005521e+01 -1.269718e+01 -1.286868e+01 -6.747220e+00 1.755759e+00 -9.752153e+00 -7.124306e-01 -3.064248e+00 8.232883e+01 7.525383e-01 -8.293431e-01 -1.880726e+00 -1.048001e+00 9.330398e-01 8.656181e-01 -1.200443e+00 1.288130e+00 7.077913e-01 1.481709e+00 -1.867796e-03 -8.693559e-01 2.737443e-01 -4.677072e-02 3.162928e-01 3.212579e-01 -9.311500e-02 6.031634e-01 4.698865e-01 2.380543e-01 -3.974985e-01 -5.090972e-01 2.933287e-03 -1.737230e-01 -1.038808e-01 -3.469035e-01
<VARIANCE> 39
 7.153320e+00 1.600436e+01 2.968639e+01 3.540574e+01 1.111289e+02 4.493060e+01 5.485025e+01 4.959782e+01 6.824482e+01 3.302621e+01 4.846420e+01 4.721611e+01 7.934565e+00 2.875997e-01 7.979975e-01 1.384316e+00 1.325508e+00 1.990646e+00 1.815041e+00 1.754718e+00 3.264644e+00 2.398374e+00 2.206670e+00 3.345345e+00 1.682147e+00 2.681254e-01 7.991774e-02 1.410463e-01 2.115532e-01 2.254557e-01 3.753232e-01 3.991517e-01 3.355067e-01 5.556617e-01 3.725474e-01 4.036014e-01 4.575685e-01 3.368185e-01 7.185711e-02
<GCONST> 1.040653e+02
<STATE> 4
<MEAN> 39
 -1.749714e+00 -3.551805e+00 -1.528875e+00 1.729495e+00 -1.153719e+01 -7.212247e+00 -1.429712e+01 -7.309493e+00 -2.691443e-01 -4.645268e+00 -1.336926e+00 -5.203668e+00 8.050785e+01 -1.622458e-01 1.352188e+00 1.861530e-01 -5.589747e-01 2.677418e+00 1.766007e+00 8.101971e-01 -5.996782e-01 -1.178638e+00 2.818107e-01 1.706039e-01 1.932781e-01 -1.721197e+00 -7.146847e-01 4.520893e-01 5.724004e-01 3.621685e-01 3.302374e-01 3.901279e-02 7.244776e-01 9.468372e-02 -1.750828e-01 -4.419281e-01 -9.117542e-02 3.773117e-01 -6.230203e-01
<VARIANCE> 39
 1.045079e+01 2.258029e+01 3.021514e+01 4.432686e+01 8.103040e+01 6.511426e+01 6.659499e+01 6.388202e+01 5.365197e+01 4.302977e+01 6.248365e+01 8.374210e+01 1.361625e+01 2.991557e+00 1.850342e+00 2.498448e+00 3.361053e+00 4.217184e+00 3.837589e+00 4.379479e+00 3.978985e+00 3.595978e+00 3.580409e+00 3.207267e+00 3.556960e+00 2.599869e+00 5.706623e-01 3.334305e-01 4.184161e-01 4.462879e-01 5.410168e-01 6.196690e-01 6.469278e-01 9.066164e-01 7.342473e-01 6.790119e-01 6.800108e-01 5.691132e-01 3.749905e-01
<GCONST> 1.280220e+02
<TRANSP> 5
 0.000000e+00 1.000000e+00 0.000000e+00 0.000000e+00 0.000000e+00
 0.000000e+00 7.659361e-01 2.340639e-01 0.000000e+00 0.000000e+00
 0.000000e+00 0.000000e+00 7.122181e-01 2.877819e-01 0.000000e+00
 0.000000e+00 0.000000e+00 0.000000e+00 6.878101e-01 3.121899e-01
 0.000000e+00 0.000000e+00 0.000000e+00 0.000000e+00 0.000000e+00
<ENDHMM>
~h "iI"
<BEGINHMM>
<NUMSTATES> 5
<STATE> 2
<MEAN> 39
 -8.337394e+00 4.166988e+00 1.552829e+01 9.934525e+00 -1.437813e+01 -1.002555e+01 -2.106338e+00 -1.612059e+01 -8.505555e+00 -1.312677e+01 -6.528055e+00 -7.963697e-01 7.668244e+01 4.641793e-02 -8.134038e-03 -1.206396e-01 1.122399e-01 -6.308137e-01 -4.011508e-01 3.015454e-01 -3.486562e-01 2.507085e-02 -3.204122e-01 1.810276e-01 1.031828e-01 2.283370e-01 6.242562e-04 -6.849505e-02 -3.094623e-01 -2.469474e-02 3.788518e-01 4.904391e-02 -2.281571e-01 4.189977e-01 1.005558e-01 8.734599e-02 1.454950e-01 -5.499681e-02 -1.477716e-01
<VARIANCE> 39
 9.554042e+00 2.331471e+01 3.242371e+01 5.230776e+01 9.638242e+01 4.113283e+01 6.093771e+01 3.894682e+01 6.805267e+01 3.778769e+01 3.162983e+01 3.613156e+01 1.012498e+01 5.589834e-01 8.952820e-01 1.176635e+00 1.243270e+00 2.115083e+00 1.594430e+00 1.561868e+00 2.430819e+00 1.897902e+00 1.642045e+00 1.411426e+00 1.181569e+00 4.612071e-01 1.709623e-01 1.686357e-01 2.313280e-01 2.388391e-01 4.009525e-01 3.464872e-01 3.340662e-01 4.492283e-01 3.895795e-01 3.602071e-01 2.759709e-01 2.409279e-01 1.142711e-01
<GCONST> 1.037408e+02
<STATE> 3
<MEAN> 39
 -7.266602e+00 1.490379e+00 1.124631e+01 1.102529e+01 -1.689662e+01 -1.297885e+01 -6.084230e+00 -1.351419e+01 -5.285151e+00 -1.713284e+01 -3.272841e+00 -1.109521e+00 7.808723e+01 4.176603e-01 -3.603268e-02 -1.364888e+00 2.671363e-02 1.536858e+00 -1.390852e-01 -1.351501e+00 1.305090e+00 3.672743e-01 1.684599e-01 3.228717e-01 -1.449045e-01 -3.740010e-01 -1.719862e-01 2.188340e-01 -1.311245e-01 -3.876446e-01 9.868830e-01 6.463029e-01 -1.545824e-01 3.010260e-01 -1.607368e-02 6.786306e-01 -1.383281e-01 -1.571790e-01 -4.431910e-01
<VARIANCE> 39
 7.765477e+00 1.988293e+01 3.569456e+01 5.017318e+01 1.097288e+02 3.663269e+01 6.366154e+01 3.312116e+01 8.677515e+01 4.166934e+01 4.133997e+01 4.661259e+01 1.156138e+01 9.691461e-01 1.075474e+00 1.800727e+00 1.550492e+00 3.200911e+00 2.469938e+00 2.735294e+00 2.917342e+00 3.215587e+00 2.817590e+00 2.398058e+00 1.662714e+00 9.098464e-01 3.042377e-01 2.075347e-01 2.721531e-01 3.337508e-01 5.602085e-01 5.275149e-01 5.543806e-01 6.171903e-01 7.516444e-01 4.939463e-01 4.966370e-01 3.194216e-01 2.610386e-01
<GCONST> 1.154419e+02
<STATE> 4
<MEAN> 39
 -6.668031e+00 3.047809e+00 8.278450e+00 1.007380e+01 -7.602334e+00 -1.053873e+01 -9.581813e+00 -1.011767e+01 -5.383862e+00 -1.314761e+01 -4.061399e+00 -1.712708e+00 7.548497e+01 -9.068087e-01 7.099392e-01 -1.302397e+00 -1.326737e+00 3.657167e+00 2.305931e+00 -2.014036e-01 1.489369e+00 4.024162e-01 1.997682e+00 1.045881e-01 -3.742528e-01 -1.753844e+00 -6.604500e-01 -4.519712e-02 -8.125588e-02 -4.296592e-01 -3.726798e-02 5.646999e-01 7.816605e-01 5.065592e-02 8.995429e-02 3.677891e-01 1.277342e-01 1.300714e-01 -2.713681e-01
<VARIANCE> 39
 2.317736e+01 2.323982e+01 4.676334e+01 4.214552e+01 8.461563e+01 5.131353e+01 6.959153e+01 4.092131e+01 7.300813e+01 4.169765e+01 3.999623e+01 4.594225e+01 2.049701e+01 5.869749e+00 2.504096e+00 3.231509e+00 3.603251e+00 5.351796e+00 5.164300e+00 5.758686e+00 4.981626e+00 6.744008e+00 4.083372e+00 4.193800e+00 2.585615e+00 4.321095e+00 4.478086e-01 4.009129e-01 7.154025e-01 4.853901e-01 8.175657e-01 7.114257e-01 7.352690e-01 6.924696e-01 1.029500e+00 6.676614e-01 6.270092e-01 4.600719e-01 4.426005e-01
<GCONST> 1.329960e+02
<TRANSP> 5
 0.000000e+00 1.000000e+00 0.000000e+00 0.000000e+00 0.000000e+00
 0.000000e+00 8.201342e-01 1.798658e-01 0.000000e+00 0.000000e+00
 0.000000e+00 0.000000e+00 5.761001e-01 4.238999e-01 0.000000e+00
 0.000000e+00 0.000000e+00 0.000000e+00 4.818091e-01 5.181909e-01
 0.000000e+00 0.000000e+00 0.000000e+00 0.000000e+00 0.000000e+00
<ENDHMM>
~h "ie"
<BEGINHMM>
<NUMSTATES> 5
<STATE> 2
<MEAN> 39
 -5.500233e+00 2.623316e-01 9.457726e+00 1.047251e+01 -1.538512e+01 -1.282581e+01 -9.577761e+00 -1.183274e+01 -4.960984e+00 -1.316017e+01 -2.626234e+00 -3.619687e-01 7.917847e+01 7.569916e-01 -4.844410e-01 -9.768071e-01 -2.775289e-01 -2.096478e+00 -7.936696e-01 -8.023586e-01 -1.259803e-01 9.814315e-01 -7.924224e-02 8.770048e-01 1.647586e-01 1.134199e+00 -2.253619e-01 2.495142e-03 -5.390457e-01 -4.684148e-01 8.888521e-01 6.690416e-01 8.044425e-02 5.744335e-01 2.823912e-01 7.820656e-01 9.149173e-02 -1.724525e-01 -4.180475e-01
<VARIANCE> 39
 1.042337e+01 1.655071e+01 3.259938e+01 2.990639e+01 9.838161e+01 4.727351e+01 6.953622e+01 3.619881e+01 8.359758e+01 3.621072e+01 5.352807e+01 3.389755e+01 8.110013e+00 1.788653e+00 1.567377e+00 2.443017e+00 2.035797e+00 4.657250e+00 2.797235e+00 3.723522e+00 3.838588e+00 3.609809e+00 3.659089e+00 2.752028e+00 2.186681e+00 7.426294e-01 4.360433e-01 3.353798e-01 4.144069e-01 3.823021e-01 6.537079e-01 5.828797e-01 7.173032e-01 6.953980e-01 7.700724e-01 6.045021e-01 5.992225e-01 4.971603e-01 1.847609e-01
<GCONST> 1.204480e+02
<STATE> 3
<MEAN> 39
 -4.365403e+00 -2.064681e+00 3.621184e+00 7.122319e+00 -1.877958e+01 -1.200004e+01 -1.435575e+01 -8.413704e+00 4.274337e-01 -1.051023e+01 2.067798e-02 -2.833942e+00 8.120092e+01 4.962206e-01 -2.240798e-01 -1.209536e+00 -9.146687e-01 7.344173e-01 8.529521e-01 -5.474045e-01 5.914620e-01 4.074431e-01 1.168307e+00 7.843100e-02 -6.342058e-01 9.826223e-02 -8.213752e-02 3.103404e-01 2.510351e-01 -5.464858e-02 9.161656e-01 4.558256e-01 3.047190e-01 -1.342579e-01 -5.177616e-01 3.583640e-03 -2.282049e-01 -7.618594e-02 -5.051699e-01
<VARIANCE> 39
 8.268053e+00 1.492804e+01 2.922731e+01 3.196785e+01 1.035929e+02 4.706151e+01 6.401601e+01 4.686862e+01 6.930510e+01 4.191512e+01 5.373957e+01 4.805794e+01 8.322820e+00 4.603122e-01 8.514082e-01 1.526168e+00 1.698048e+00 2.446259e+00 2.015676e+00 2.057322e+00 2.625194e+00 2.749573e+00 2.540058e+00 3.144897e+00 1.988546e+00 4.570590e-01 2.011845e-01 1.814213e-01 2.597152e-01 2.818670e-01 4.792766e-01 4.474520e-01 5.222717e-01 6.594548e-01 5.416700e-01 5.378563e-01 5.247096e-01 4.491993e-01 1.400837e-01
<GCONST> 1.108978e+02
<STATE> 4
<MEAN> 39
 -2.167188e+00 -1.577214e+00 1.197399e+00 4.124805e+00 -1.076020e+01 -6.579060e+00 -1.480988e+01 -9.005878e+00 -1.317394e+00 -6.058927e+00 -2.837868e-01 -3.980872e+00 7.964520e+01 -2.052624e-01 1.345604e+00 4.303082e-01 -6.149453e-01 3.077142e+00 1.767677e+00 1.293542e+00 -1.645969e-01 -1.357416e+00 1.852021e-01 -4.542791e-02 1.549562e-01 -1.993026e+00 -6.228663e-01 2.381199e-01 5.753155e-01 3.231016e-01 3.866178e-01 -4.390761e-02 6.668603e-01 2.026639e-01 -1.706011e-01 -3.889165e-01 -5.212337e-02 3.627862e-01 -6.952494e-01
<VARIANCE> 39
 1.198602e+01 2.062506e+01 3.723211e+01 4.477262e+01 7.863797e+01 7.093867e+01 6.773883e+01 4.836048e+01 5.525499e+01 4.767086e+01 6.575743e+01 6.609119e+01 1.260697e+01 3.055757e+00 1.512743e+00 2.455187e+00 3.022028e+00 4.209575e+00 3.752660e+00 4.285597e+00 4.331190e+00 4.201464e+00 4.026311e+00 3.897866e+00 3.805068e+00 3.052247e+00 6.214187e-01 3.871568e-01 4.615920e-01 5.350198e-01 6.181921e-01 6.965228e-01 6.500855e-01 6.364823e-01 9.848540e-01 8.069113e-01 7.189517e-01 6.106608e-01 4.407555e-01
<GCONST> 1.295512e+02
<TRANSP> 5
 0.000000e+00 1.000000e+00 0.000000e+00 0.000000e+00 0.000000e+00
 0.000000e+00 4.951144e-01 5.048856e-01 0.000000e+00 0.000000e+00
 0.000000e+00 0.000000e+00 6.712583e-01 3.287416e-01 0.000000e+00
 0.000000e+00 0.000000e+00 0.000000e+00 5.440126e-01 4.559874e-01
 0.000000e+00 0.000000e+00 0.000000e+00 0.000000e+00 0.000000e+00
<ENDHMM>
~h "ii"
<BEGINHMM>
<NUMSTATES> 5
<STATE> 2
<MEAN> 39
 -7.137646e+00 3.488836e+00 1.232278e+01 1.030962e+01 -1.489850e+01 -1.038533e+01 -6.679432e+00 -1.440519e+01 -7.303867e+00 -1.403391e+01 -3.062365e+00 -1.191568e+00 7.649869e+01 7.966952e-01 -6.788352e-02 -3.130424e-02 8.163003e-01 -1.316831e+00 -7.897063e-01 -6.771220e-02 -8.946647e-01 1.940586e-01 -8.990805e-01 2.042498e-01 1.605679e-01 5.869775e-01 -2.024005e-01 -8.127446e-02 -5.736138e-01 -4.220122e-01 7.153867e-01 4.689257e-01 1.543048e-02 6.364990e-01 2.251543e-01 5.179611e-01 1.316635e-01 -3.995743e-03 -4.204679e-01
<VARIANCE> 39
 1.179770e+01 2.233094e+01 4.133260e+01 3.565517e+01 9.001374e+01 4.368886e+01 6.486373e+01 4.089939e+01 8.942387e+01 3.736862e+01 3.781044e+01 3.279124e+01 1.842754e+01 2.716398e+00 1.726071e+00 3.214137e+00 2.055006e+00 4.537137e+00 3.206659e+00 4.098866e+00 4.590881e+00 3.614866e+00 3.381696e+00 2.635032e+00 1.950943e+00 2.484425e+00 4.737092e-01 3.452977e-01 4.686483e-01 4.759209e-01 7.393047e-01 6.181305e-01 6.892435e-01 7.272929e-01 7.436460e-01 6.490109e-01 4.505391e-01 3.993809e-01 3.376503e-01
<GCONST> 1.246399e+02
<STATE> 3
<MEAN> 39
 -5.573218e+00 1.813215e+00 8.296771e+00 1.136095e+01 -1.488619e+01 -1.248785e+01 -8.444231e+00 -1.248875e+01 -3.272997e+00 -1.490621e+01 -3.060403e+00 -1.116042e+00 7.736867e+01 5.429227e-01 1.189466e-01 -9.195665e-01 -2.100029e-01 1.230967e+00 5.857765e-01 -4.473992e-01 6.551803e-01 2.411390e-01 5.473740e-01 1.517976e-02 -1.149852e-01 -6.347693e-01 -1.873369e-01 2.023343e-01 -6.596303e-02 -3.784090e-01 8.508120e-01 6.147073e-01 1.795349e-01 3.606606e-01 -2.260998e-01 4.811619e-01 -8.113144e-02 -9.911693e-02 -5.334296e-01
<VARIANCE> 39
 1.020499e+01 1.910082e+01 3.451369e+01 3.787800e+01 1.169955e+02 5.072956e+01 7.775997e+01 3.727730e+01 8.079879e+01 4.299041e+01 5.712638e+01 4.224766e+01 1.697788e+01 1.385815e+00 1.186311e+00 2.312382e+00 1.596899e+00 3.858209e+00 2.675915e+00 2.941483e+00 2.941494e+00 3.007509e+00 2.811661e+00 2.212651e+00 1.599716e+00 1.371405e+00 4.005191e-01 2.606108e-01 3.130182e-01 3.682619e-01 6.532955e-01 5.640247e-01 6.969945e-01 6.302576e-01 7.448856e-01 5.687591e-01 5.176888e-01 3.414008e-01 3.254781e-01
<GCONST> 1.196149e+02
<STATE> 4
<MEAN> 39
 -3.905534e+00 3.198851e+00 6.226861e+00 9.620617e+00 -6.728834e+00 -7.059733e+00 -8.942956e+00 -9.861337e+00 -4.407248e+00 -1.101770e+01 -3.216910e+00 -1.856331e+00 7.287486e+01 -3.320458e-01 7.106709e-01 -5.728789e-01 -1.041224e+00 2.960084e+00 2.134356e+00 7.581175e-01 1.287848e+00 -3.401784e-01 1.371224e+00 -1.097324e-01 -1.861989e-01 -2.288928e+00 -6.018239e-01 -9.567867e-02 6.926604e-02 -2.675543e-01 -1.155734e-01 1.782141e-01 4.776982e-01 1.956210e-01 3.882720e-02 1.200040e-01 8.444481e-02 1.073658e-01 -2.089302e-01
<VARIANCE> 39
 2.124365e+01 2.418444e+01 4.531485e+01 3.712941e+01 7.885548e+01 6.840063e+01 8.228893e+01 4.836433e+01 7.047792e+01 4.190245e+01 5.094099e+01 4.252872e+01 4.687637e+01 4.617167e+00 2.574241e+00 3.511579e+00 2.945982e+00 5.482932e+00 4.065197e+00 4.562234e+00 4.090888e+00 5.924055e+00 4.159639e+00 3.729907e+00 2.496287e+00 4.466796e+00 4.396979e-01 3.899471e-01 6.684592e-01 4.675418e-01 8.019487e-01 7.280609e-01 7.558816e-01 6.385382e-01 8.303738e-01 6.427777e-01 6.108863e-01 4.088420e-01 4.791950e-01
<GCONST> 1.325791e+02
<TRANSP> 5
 0.000000e+00 1.000000e+00 0.000000e+00 0.000000e+00 0.000000e+00
 0.000000e+00 5.212051e-01 4.787949e-01 0.000000e+00 0.000000e+00
 0.000000e+00 0.000000e+00 5.949003e-01 4.050997e-01 0.000000e+00
 0.000000e+00 0.000000e+00 0.000000e+00 3.778649e-01 6.221351e-01
 0.000000e+00 0.000000e+00 0.000000e+00 0.000000e+00 0.000000e+00
<ENDHMM>
~h "oO"
<BEGINHMM>
<NUMSTATES> 5
<STATE> 2
<MEAN> 39
 2.460083e+00 2.762819e+00 -3.104890e+00 -9.502936e+00 -1.648966e+01 1.052113e+00 -3.494237e+00 -1.302810e+01 -4.583280e+00 -8.832582e+00 -1.074935e+00 1.721554e-01 7.795556e+01 7.970115e-01 -1.276870e-01 -4.161842e-01 -2.115620e+00 -1.843575e+00 9.838705e-01 1.410223e+00 5.771654e-01 -1.075346e-01 -4.414748e-01 -1.967827e-01 -4.673770e-02 2.553340e-01 -5.066935e-01 -1.927341e-01 2.746680e-01 5.724010e-01 7.153437e-01 -1.806189e-01 -1.056847e-01 4.324439e-01 1.261570e-01 1.186014e-01 -2.115308e-01 -1.030135e-01 -2.414983e-01
<VARIANCE> 39
 1.065385e+01 3.372400e+01 3.265759e+01 7.341013e+01 5.581756e+01 7.368761e+01 1.035729e+02 5.567949e+01 5.748326e+01 3.798264e+01 8.664556e+01 7.127184e+01 1.453974e+01 1.089242e+00 1.254265e+00 1.614442e+00 3.467664e+00 4.548383e+00 3.915547e+00 3.192400e+00 3.821129e+00 3.770153e+00 2.729271e+00 3.484158e+00 2.773264e+00 8.757003e-01 3.035738e-01 2.673713e-01 4.228609e-01 4.984087e-01 7.602277e-01 6.299086e-01 7.285146e-01 6.849919e-01 7.303195e-01 6.463450e-01 7.174120e-01 5.049131e-01 1.680480e-01
<GCONST> 1.242519e+02
<STATE> 3
<MEAN> 39
 2.383488e+00 1.299007e+00 -4.012448e+00 -1.516800e+01 -1.962346e+01 3.634747e+00 -2.114594e+00 -9.475203e+00 -3.895764e+00 -9.258590e+00 -2.645863e+00 -3.545981e+00 7.847697e+01 -1.405261e-01 -2.265179e-01 -6.946684e-02 2.394968e-01 7.126112e-01 1.244249e-01 -3.092283e-01 -3.358507e-02 -2.555331e-01 7.654832e-02 3.745959e-01 -1.262179e-01 3.291182e-02 -1.997873e-01 1.160855e-01 1.533962e-01 4.670911e-01 5.281057e-01 -1.584546e-01 -3.464789e-01 -1.640600e-01 -3.600239e-02 7.201907e-02 1.174546e-01 1.357859e-02 -1.151646e-01
<VARIANCE> 39
 9.895222e+00 3.295802e+01 3.198759e+01 7.625514e+01 4.098282e+01 7.658159e+01 8.867430e+01 7.030183e+01 5.526476e+01 3.577118e+01 8.316132e+01 8.531349e+01 1.426194e+01 2.909907e-01 7.517681e-01 8.058608e-01 1.812858e+00 2.351355e+00 1.794310e+00 2.282735e+00 2.152397e+00 2.009835e+00 1.777731e+00 2.273051e+00 1.501893e+00 2.998203e-01 1.053079e-01 1.452902e-01 1.763784e-01 2.374440e-01 4.101617e-01 4.041971e-01 3.885922e-01 4.061681e-01 4.000148e-01 3.678791e-01 3.852156e-01 3.079304e-01 7.470977e-02
<GCONST> 1.067163e+02
<STATE> 4
<MEAN> 39
 -1.760647e-02 1.382290e+00 -2.000086e+00 -7.573488e+00 -1.032654e+01 2.343534e+00 -7.713347e+00 -1.179329e+01 -6.225544e+00 -7.485454e+00 1.467602e+00 -2.764814e+00 7.776505e+01 -2.356449e+00 1.123897e+00 1.468099e+00 2.295377e+00 3.457778e+00 -6.067707e-01 -1.032275e+00 5.252579e-01 3.275612e-01 5.544574e-01 -4.429010e-01 -2.698266e-01 -8.953042e-01 -9.715824e-01 2.486743e-01 2.096911e-01 1.564255e-01 3.238578e-01 -8.364318e-02 4.498954e-01 5.994570e-01 3.689542e-01 5.828319e-02 -4.177447e-01 1.135091e-01 -2.700520e-01
<VARIANCE> 39
 1.745230e+01 2.938601e+01 2.732035e+01 5.923738e+01 5.131182e+01 6.957460e+01 1.233652e+02 6.423402e+01 4.823614e+01 3.833101e+01 7.727536e+01 9.136581e+01 1.845467e+01 5.830770e+00 3.136708e+00 2.443199e+00 3.398466e+00 5.162796e+00 7.155552e+00 5.991292e+00 5.560898e+00 5.018133e+00 4.927532e+00 5.201450e+00 3.853071e+00 2.391479e+00 7.158561e-01 4.497312e-01 5.627956e-01 5.990211e-01 8.557563e-01 7.339795e-01 1.007858e+00 7.497104e-01 9.205441e-01 7.678921e-01 7.508946e-01 6.346539e-01 2.887424e-01
<GCONST> 1.356841e+02
<TRANSP> 5
 0.000000e+00 1.000000e+00 0.000000e+00 0.000000e+00 0.000000e+00
 0.000000e+00 5.907636e-01 4.092364e-01 0.000000e+00 0.000000e+00
 0.000000e+00 0.000000e+00 8.153078e-01 1.846922e-01 0.000000e+00
 0.000000e+00 0.000000e+00 0.000000e+00 6.299666e-01 3.700335e-01
 0.000000e+00 0.000000e+00 0.000000e+00 0.000000e+00 0.000000e+00
<ENDHMM>
~h "oo"
<BEGINHMM>
<NUMSTATES> 5
<STATE> 2
<MEAN> 39
 1.965104e+00 1.925282e+00 -2.645536e+00 -7.852217e+00 -1.445370e+01 9.963516e-01 -5.540460e+00 -1.200948e+01 -3.958381e+00 -7.862808e+00 -4.062928e-01 -1.024659e+00 7.713634e+01 9.714234e-01 -4.348898e-01 -3.314226e-01 -6.331112e-01 -9.664719e-01 4.026784e-01 1.469150e-01 -6.312674e-01 -4.458793e-01 -1.963273e-01 5.208909e-01 -1.241251e-01 8.564113e-01 -6.869416e-01 -7.840067e-02 2.137134e-01 5.780112e-01 8.387486e-01 -5.078725e-02 -2.604484e-02 4.969916e-01 1.148504e-01 9.527614e-02 -1.251269e-01 4.531436e-02 -5.265219e-01
<VARIANCE> 39
 1.122634e+01 3.413802e+01 2.863758e+01 7.354462e+01 5.157334e+01 7.149336e+01 1.159109e+02 6.162804e+01 5.331800e+01 4.789618e+01 9.275437e+01 7.775883e+01 2.279690e+01 2.502822e+00 1.789411e+00 1.993015e+00 4.536885e+00 5.917823e+00 4.100094e+00 4.944032e+00 3.738904e+00 3.609142e+00 3.711166e+00 4.164377e+00 3.369107e+00 3.133690e+00 4.653882e-01 4.034478e-01 5.286399e-01 5.977148e-01 8.128960e-01 7.943742e-01 8.320684e-01 7.337964e-01 8.202007e-01 7.807549e-01 8.306953e-01 6.050395e-01 3.312923e-01
<GCONST> 1.324121e+02
<STATE> 3
<MEAN> 39
 1.608589e+00 -1.419176e-01 -3.475831e+00 -7.924548e+00 -1.357888e+01 2.352210e+00 -6.930877e+00 -1.144196e+01 -4.901826e+00 -7.508188e+00 9.939927e-01 -2.420779e+00 7.804006e+01 -2.375783e-01 2.126330e-01 4.858700e-01 1.116730e+00 1.111828e+00 -1.970846e-01 -4.535455e-01 2.331549e-01 -7.132368e-02 -1.329930e-01 -2.233659e-01 -9.679201e-02 -5.795388e-01 -3.721711e-01 3.013243e-01 4.208593e-01 5.556237e-01 6.137324e-01 -1.982876e-01 -6.601266e-03 2.887374e-01 7.219793e-02 -1.169294e-01 -3.277243e-01 9.945221e-03 -4.833002e-01
<VARIANCE> 39
 9.105443e+00 2.793536e+01 2.622306e+01 6.643481e+01 4.149477e+01 6.821776e+01 1.287025e+02 7.643072e+01 5.288889e+01 4.274355e+01 8.824515e+01 1.005361e+02 2.035203e+01 6.186842e-01 1.324625e+00 1.366876e+00 3.025448e+00 3.034366e+00 3.077918e+00 3.587447e+00 2.844939e+00 3.222068e+00 3.012961e+00 3.152775e+00 2.541245e+00 1.239424e+00 3.050495e-01 2.477855e-01 2.885267e-01 3.462929e-01 6.177602e-01 6.022138e-01 7.000114e-01 6.790932e-01 6.114584e-01 5.358590e-01 6.518641e-01 5.201207e-01 2.520538e-01
<GCONST> 1.218007e+02
<STATE> 4
<MEAN> 39
 1.449976e-01 2.211908e+00 -3.970517e-01 -1.877305e+00 -7.691486e+00 1.344685e+00 -7.832063e+00 -1.089373e+01 -4.803031e+00 -8.427898e+00 -1.013926e+00 -1.761331e+00 7.447636e+01 -1.868489e+00 9.915977e-01 1.672705e+00 2.095773e+00 2.780555e+00 -2.878661e-01 1.511265e-01 1.418744e+00 2.738708e-01 -1.087974e-01 -9.053102e-01 -1.958064e-01 -1.886891e+00 -7.297352e-01 -4.711432e-03 3.583197e-02 -1.153882e-01 1.270547e-01 -3.134483e-02 4.283049e-01 3.974369e-01 1.937402e-01 1.845715e-01 -2.585477e-02 9.891300e-02 -2.760548e-01
<VARIANCE> 39
 1.638643e+01 2.897346e+01 2.874709e+01 5.741685e+01 5.116265e+01 7.699426e+01 1.410270e+02 6.166351e+01 6.062482e+01 4.674079e+01 7.954591e+01 7.843476e+01 4.258957e+01 4.799298e+00 2.830293e+00 2.722234e+00 3.807200e+00 5.559268e+00 6.238784e+00 5.661198e+00 4.720696e+00 4.836303e+00 4.590479e+00 4.786521e+00 3.472332e+00 4.433058e+00 6.617281e-01 4.564402e-01 5.007075e-01 5.593478e-01 7.671541e-01 6.798845e-01 9.592001e-01 7.246340e-01 9.556457e-01 7.869918e-01 7.211455e-01 5.805413e-01 3.570823e-01
<GCONST> 1.365468e+02
<TRANSP> 5
 0.000000e+00 1.000000e+00 0.000000e+00 0.000000e+00 0.000000e+00
 0.000000e+00 4.296077e-01 5.703923e-01 0.000000e+00 0.000000e+00
 0.000000e+00 0.000000e+00 6.245030e-01 3.754970e-01 0.000000e+00
 0.000000e+00 0.000000e+00 0.000000e+00 3.937777e-01 6.062223e-01
 0.000000e+00 0.000000e+00 0.000000e+00 0.000000e+00 0.000000e+00
<ENDHMM>
~h "tS"
<BEGINHMM>
<NUMSTATES> 5
<STATE> 2
<MEAN> 39
 -1.477231e+01 -4.810927e+00 7.263744e+00 4.884640e+00 8.402532e-01 -2.775515e+00 -4.095628e+00 -6.820659e+00 -3.674707e+00 -2.955705e+00 -2.616948e+00 -1.949560e+00 7.170052e+01 -5.310629e+00 -2.353406e+00 7.454768e-01 -6.931037e-01 1.159887e+00 6.955233e-01 2.390733e+00 1.567243e+00 6.175356e-01 1.131521e+00 4.362412e-01 8.563826e-01 -1.671234e-01 -8.446790e-02 -4.693995e-01 -6.601235e-01 -6.418770e-01 -6.859579e-01 -7.006644e-02 -3.153703e-01 -1.119369e-01 2.031191e-01 1.259710e-01 4.357622e-01 3.581172e-02 7.998958e-01
<VARIANCE> 39
 7.592957e+01 3.909427e+01 5.011359e+01 4.649187e+01 5.261328e+01 4.065551e+01 6.001651e+01 4.353992e+01 3.963168e+01 4.561580e+01 4.083094e+01 3.725537e+01 4.768779e+01 5.133934e+00 4.069591e+00 5.990200e+00 4.741457e+00 5.588697e+00 5.568480e+00 5.495866e+00 4.008813e+00 2.839763e+00 3.926047e+00 4.590052e+00 3.851484e+00 6.958877e+00 1.135203e+00 8.071615e-01 9.988513e-01 8.121421e-01 9.309331e-01 1.072421e+00 8.748641e-01 8.312122e-01 5.968348e-01 6.116357e-01 8.937861e-01 6.279590e-01 9.166632e-01
<GCONST> 1.395055e+02
<STATE> 3
<MEAN> 39
 -3.040067e+01 -1.356029e+01 6.173990e+00 -3.376335e-01 -3.590042e-01 -3.596841e+00 8.164835e-02 -2.798757e+00 -9.289514e-01 1.818906e+00 1.305732e+00 1.783326e-01 7.736246e+01 -6.532465e-01 -4.369690e-01 -5.236581e-01 -4.267650e-01 4.935771e-02 -1.237577e-01 -1.671734e-01 7.456891e-02 4.650416e-01 7.370704e-01 3.992664e-01 1.990332e-01 6.233255e-01 1.459212e+00 8.174191e-01 -7.648611e-02 2.586792e-01 6.592592e-02 4.673185e-02 -4.827303e-01 -3.906263e-01 -1.415744e-01 -3.047898e-01 -2.487982e-01 -1.507265e-01 -3.369920e-01
<VARIANCE> 39
 1.595995e+01 2.378868e+01 4.084825e+01 4.372116e+01 3.990072e+01 4.049335e+01 5.793790e+01 2.799841e+01 3.476954e+01 3.308364e+01 2.103308e+01 1.743606e+01 1.260911e+01 6.893331e+00 3.285096e+00 2.188329e+00 3.004280e+00 2.168641e+00 2.338996e+00 2.018628e+00 2.137546e+00 2.095864e+00 2.143323e+00 2.117782e+00 1.773754e+00 1.749969e+00 7.866000e-01 4.766554e-01 4.223229e-01 4.612649e-01 4.502540e-01 5.687093e-01 5.245682e-01 4.602210e-01 4.161397e-01 4.515160e-01 4.109355e-01 4.239776e-01 3.907446e-01
<GCONST> 1.170852e+02
<STATE> 4
<MEAN> 39
 -1.769945e+01 -6.894258e+00 3.484684e+00 1.278690e-01 1.260088e+00 -3.358925e+00 -3.855039e+00 -6.426037e+00 -1.617476e+00 8.204948e-01 -2.473185e-01 -6.432340e-01 7.657181e+01 5.306427e+00 2.618805e+00 -1.079717e+00 1.292973e-01 -9.025456e-01 8.442754e-02 -1.680227e+00 -1.168243e+00 -7.567406e-01 -1.364182e+00 -8.193990e-01 -7.584438e-01 -9.701730e-01 1.235489e-01 -2.276783e-01 -3.101434e-01 -7.544738e-02 -6.211352e-01 4.173717e-04 -5.439488e-03 9.090042e-02 -8.778189e-02 -2.302238e-01 7.418586e-02 -6.209948e-02 -7.404824e-02
<VARIANCE> 39
 1.267394e+02 5.593638e+01 5.081983e+01 5.604640e+01 4.975393e+01 4.849195e+01 6.371238e+01 3.779100e+01 6.023352e+01 5.366996e+01 3.884886e+01 3.188126e+01 1.479739e+01 7.421034e+00 4.372318e+00 3.835695e+00 3.261263e+00 6.168372e+00 6.259016e+00 4.880040e+00 4.734761e+00 4.276552e+00 4.040416e+00 3.283745e+00 4.001113e+00 4.028778e+00 2.111806e+00 1.047994e+00 6.232672e-01 5.656573e-01 7.815421e-01 8.267640e-01 7.097912e-01 7.715647e-01 7.659780e-01 8.114232e-01 6.257530e-01 5.665922e-01 5.497214e-01
<GCONST> 1.381905e+02
<TRANSP> 5
 0.000000e+00 1.000000e+00 0.000000e+00 0.000000e+00 0.000000e+00
 0.000000e+00 6.896170e-01 3.103830e-01 0.000000e+00 0.000000e+00
 0.000000e+00 0.000000e+00 7.949054e-01 2.050946e-01 0.000000e+00
 0.000000e+00 0.000000e+00 0.000000e+00 6.709809e-01 3.290190e-01
 0.000000e+00 0.000000e+00 0.000000e+00 0.000000e+00 0.000000e+00
<ENDHMM>
~h "uO"
<BEGINHMM>
<NUMSTATES> 5
<STATE> 2
<MEAN> 39
 3.392036e+00 7.243242e+00 -1.200361e+00 -5.590969e+00 -1.573134e+01 -2.097710e+00 -2.423584e+00 -1.251947e+01 -2.800761e+00 -1.182832e+01 -6.825136e+00 -6.583755e-02 7.375034e+01 8.506448e-01 -2.167528e-01 -6.853732e-01 -1.884270e+00 -2.171479e+00 8.961139e-01 7.415853e-01 7.870495e-03 -1.844250e-01 -4.092606e-01 3.503201e-01 3.146526e-01 7.414465e-01 -5.128980e-01 -6.588455e-01 -9.511194e-02 2.000440e-01 6.003693e-01 1.389957e-01 -1.084619e-01 2.243378e-01 -4.196914e-02 4.979588e-01 4.191749e-01 9.087217e-02 1.486675e-01
<VARIANCE> 39
 1.069688e+01 2.790906e+01 3.122458e+01 6.364341e+01 8.243365e+01 8.162930e+01 1.133123e+02 4.716454e+01 7.381718e+01 4.106506e+01 8.170378e+01 4.774992e+01 1.512972e+01 1.822286e+00 2.528722e+00 1.975912e+00 3.175753e+00 5.233240e+00 4.534005e+00 3.655650e+00 3.521257e+00 4.420844e+00 3.824632e+00 4.878873e+00 2.802655e+00 1.099748e+00 3.108282e-01 3.687767e-01 4.851920e-01 4.647813e-01 8.518640e-01 7.170139e-01 7.601209e-01 7.486605e-01 9.175031e-01 7.709294e-01 7.205937e-01 4.674009e-01 1.316028e-01
<GCONST> 1.278208e+02
<STATE> 3
<MEAN> 39
 2.549121e+00 -3.053766e-01 -5.209804e+00 -1.101447e+01 -1.756153e+01 3.795270e+00 -4.712228e+00 -1.179591e+01 -4.953568e+00 -8.717520e+00 2.669936e-01 -5.376065e-01 7.909764e+01 -2.371768e-01 -1.485439e+00 -5.738498e-01 -1.754886e-01 1.218769e+00 5.556515e-01 -7.149549e-01 8.038279e-02 -2.007944e-01 1.449571e+00 1.150600e+00 -4.373430e-01 8.222882e-01 -2.098777e-01 1.726205e-01 3.244146e-01 6.213059e-01 5.761467e-01 -4.559170e-01 -3.457369e-01 5.276677e-02 2.736439e-01 6.491618e-02 -3.145544e-01 -3.378448e-01 -2.241421e-01
<VARIANCE> 39
 7.435441e+00 2.430914e+01 2.404327e+01 5.824113e+01 5.397702e+01 7.730916e+01 1.139879e+02 6.128148e+01 4.580055e+01 3.506904e+01 8.547792e+01 8.462696e+01 1.118057e+01 3.395174e-01 1.246794e+00 1.076855e+00 3.139546e+00 3.040860e+00 2.469222e+00 3.116807e+00 2.865360e+00 2.776632e+00 2.733336e+00 3.339152e+00 2.802397e+00 4.694205e-01 1.147592e-01 2.766151e-01 2.347091e-01 2.741798e-01 6.309319e-01 5.609622e-01 4.704830e-01 5.257261e-01 5.085245e-01 6.094367e-01 6.234756e-01 4.701681e-01 1.059024e-01
<GCONST> 1.147868e+02
<STATE> 4
<MEAN> 39
 8.929279e-02 -3.559093e+00 -4.355297e+00 -5.972305e+00 -1.126039e+01 3.179056e-01 -1.222098e+01 -1.003395e+01 -3.533806e+00 -4.301327e+00 7.516055e-01 -6.110085e+00 7.991351e+01 -1.350012e+00 9.346876e-01 1.409875e+00 1.820894e+00 2.042144e+00 -1.097374e+00 -4.158336e-01 7.149534e-01 2.526335e-01 -6.692149e-02 -9.162356e-01 -4.107141e-01 -8.960912e-01 -6.171294e-01 5.344832e-01 3.748940e-01 1.548240e-01 2.744501e-01 5.090835e-02 6.014813e-01 2.167825e-01 -8.034397e-02 -3.886287e-01 -2.586905e-01 3.754579e-01 -4.854123e-01
<VARIANCE> 39
 1.128451e+01 2.556314e+01 2.284969e+01 5.872488e+01 5.227717e+01 7.658859e+01 1.140179e+02 6.590843e+01 4.401107e+01 3.580285e+01 7.056361e+01 1.142119e+02 1.570469e+01 3.154532e+00 2.972045e+00 2.544884e+00 2.950695e+00 5.390201e+00 5.300556e+00 5.404185e+00 4.452599e+00 4.352141e+00 4.049809e+00 3.852886e+00 3.856840e+00 2.286105e+00 6.500099e-01 4.097427e-01 4.660491e-01 4.951935e-01 8.156822e-01 7.367427e-01 8.569993e-01 8.297143e-01 8.092156e-01 6.876463e-01 7.500085e-01 6.035858e-01 2.835460e-01
<GCONST> 1.317778e+02
<TRANSP> 5
 0.000000e+00 1.000000e+00 0.000000e+00 0.000000e+00 0.000000e+00
 0.000000e+00 6.978644e-01 3.021357e-01 0.000000e+00 0.000000e+00
 0.000000e+00 0.000000e+00 7.490546e-01 2.509454e-01 0.000000e+00
 0.000000e+00 0.000000e+00 0.000000e+00 7.074221e-01 2.925780e-01
 0.000000e+00 0.000000e+00 0.000000e+00 0.000000e+00 0.000000e+00
<ENDHMM>
~h "ts"
<BEGINHMM>
<NUMSTATES> 5
<STATE> 2
<MEAN> 39
 -1.632923e+01 7.992622e+00 6.321684e-01 2.073705e+00 2.082466e+00 7.090687e-01 -6.313312e+00 -5.369998e+00 -5.652508e+00 -2.082293e+00 -6.640898e-01 -2.427416e+00 6.978778e+01 -6.184200e+00 9.082631e-01 -5.547699e-01 2.371144e-01 1.384704e+00 8.024114e-01 1.659164e+00 2.194857e+00 1.049662e+00 5.286007e-01 -1.429551e-01 8.013602e-01 -1.684929e+00 -7.919647e-02 -8.869290e-01 -6.635401e-01 -7.339264e-01 -6.685257e-01 -2.612546e-01 -1.579624e-01 -3.201164e-02 5.859405e-01 1.001002e-01 2.559126e-01 4.424918e-02 8.868234e-01
<VARIANCE> 39
 7.484792e+01 3.217754e+01 3.845655e+01 3.280792e+01 2.815167e+01 3.116668e+01 3.291333e+01 3.128605e+01 2.839797e+01 2.909674e+01 3.592196e+01 4.021107e+01 3.968830e+01 2.862194e+00 5.151482e+00 4.662135e+00 5.267007e+00 3.809639e+00 3.694091e+00 4.742196e+00 3.562817e+00 3.845676e+00 2.904128e+00 3.676975e+00 4.605303e+00 5.142457e+00 1.373732e+00 7.271736e-01 5.176239e-01 5.770653e-01 5.329608e-01 6.273767e-01 8.639024e-01 8.590425e-01 6.067994e-01 5.185742e-01 5.273604e-01 4.900542e-01 8.158838e-01
<GCONST> 1.309187e+02
<STATE> 3
<MEAN> 39
 -3.380843e+01 6.023351e+00 -5.796868e+00 -3.659795e+00 2.889684e+00 -1.549312e-01 -3.414158e+00 -6.687433e-01 9.636533e-01 -2.193605e-01 1.394156e+00 -1.950261e-01 7.297678e+01 -7.504362e-01 -6.035234e-01 -5.317557e-01 -1.108560e+00 -4.830503e-02 -3.988694e-01 -1.169880e-01 -7.020267e-02 8.164910e-01 2.200753e-01 3.711189e-01 1.656379e-01 1.099887e+00 1.455909e+00 -2.764587e-02 4.758473e-01 2.248601e-01 -1.287237e-01 -2.271075e-03 -3.154204e-01 -4.410914e-01 -3.662494e-01 -1.225656e-01 -9.796681e-02 -1.703904e-01 -7.318243e-02
<VARIANCE> 39
 1.113943e+01 2.158467e+01 3.427208e+01 4.649694e+01 2.108552e+01 2.902481e+01 2.089185e+01 2.050783e+01 1.991740e+01 1.608455e+01 1.337772e+01 1.332329e+01 1.806840e+01 6.025755e+00 1.823381e+00 2.397716e+00 2.486202e+00 2.005504e+00 1.905869e+00 2.144275e+00 2.255888e+00 2.134110e+00 1.515783e+00 1.703555e+00 1.495995e+00 2.499599e+00 7.215883e-01 3.585928e-01 4.304689e-01 5.505146e-01 3.857898e-01 4.644459e-01 5.052296e-01 5.360181e-01 3.951346e-01 3.385066e-01 3.648364e-01 4.303615e-01 5.776378e-01
<GCONST> 1.107525e+02
<STATE> 4
<MEAN> 39
 -2.228013e+01 3.436626e+00 -1.527209e+00 -4.815513e+00 1.252798e+00 5.027371e-02 -6.317094e+00 -5.399475e+00 2.843500e-01 -9.910449e-01 1.238125e+00 -6.903785e-01 7.547139e+01 5.132235e+00 -4.303243e-01 1.108442e+00 4.636357e-01 -1.086790e+00 2.155492e-01 -6.707501e-01 -1.674057e+00 -1.374424e+00 -7.650634e-01 -3.369867e-01 -4.241226e-01 -5.051489e-01 3.368674e-01 -1.387797e-01 -2.116002e-01 2.412797e-02 -3.555251e-01 3.724940e-02 1.634338e-01 5.280006e-02 -1.811978e-01 -1.690573e-01 -2.981577e-02 -6.209834e-03 -3.117319e-01
<VARIANCE> 39
 1.093476e+02 2.002511e+01 4.089603e+01 3.303264e+01 4.002246e+01 4.582195e+01 3.714906e+01 4.802200e+01 3.776985e+01 2.745140e+01 2.807198e+01 3.068220e+01 2.578683e+01 6.725434e+00 2.961731e+00 3.888060e+00 4.671772e+00 4.065717e+00 4.012361e+00 5.664443e+00 5.417171e+00 3.820713e+00 3.211038e+00 2.949063e+00 4.529455e+00 5.866985e+00 1.817613e+00 5.073212e-01 7.199394e-01 6.653134e-01 6.524568e-01 7.533050e-01 7.849985e-01 1.023746e+00 8.808563e-01 6.315522e-01 5.347367e-01 5.819883e-01 6.874161e-01
<GCONST> 1.336310e+02
<TRANSP> 5
 0.000000e+00 1.000000e+00 0.000000e+00 0.000000e+00 0.000000e+00
 0.000000e+00 6.990734e-01 3.009266e-01 0.000000e+00 0.000000e+00
 0.000000e+00 0.000000e+00 8.102962e-01 1.897038e-01 0.000000e+00
 0.000000e+00 0.000000e+00 0.000000e+00 6.846241e-01 3.153758e-01
 0.000000e+00 0.000000e+00 0.000000e+00 0.000000e+00 0.000000e+00
<ENDHMM>
~h "uU"
<BEGINHMM>
<NUMSTATES> 5
<STATE> 2
<MEAN> 39
 2.662967e+00 8.732727e+00 9.234272e-01 -5.196192e+00 -1.418951e+01 -3.589405e+00 -2.815677e+00 -1.304161e+01 -3.005644e+00 -1.427119e+01 -7.489408e+00 1.040511e-01 7.231727e+01 4.368637e-01 5.056555e-01 -1.160130e-04 -9.738870e-01 -9.089438e-01 1.578726e-01 7.461487e-01 2.654268e-01 1.375618e-01 -7.024494e-01 -2.990957e-01 3.299842e-01 -2.289557e-01 -2.965365e-01 -2.850817e-01 5.624453e-02 3.715215e-01 4.460372e-01 2.065696e-02 -1.466266e-01 1.718022e-01 -6.528710e-02 2.168507e-01 1.814674e-01 -3.408301e-02 -1.921910e-02
<VARIANCE> 39
 9.720045e+00 3.753835e+01 4.799952e+01 7.741775e+01 6.941392e+01 7.267722e+01 1.105108e+02 5.739544e+01 6.400839e+01 5.426662e+01 7.468306e+01 7.053119e+01 1.569263e+01 8.066965e-01 1.672267e+00 1.532487e+00 3.295168e+00 3.880983e+00 3.511441e+00 3.095160e+00 3.040210e+00 3.547421e+00 3.414371e+00 2.919469e+00 2.336206e+00 6.826450e-01 2.283625e-01 2.682072e-01 3.611943e-01 4.278882e-01 5.944722e-01 6.866754e-01 6.345260e-01 7.361130e-01 7.544717e-01 6.868852e-01 5.816489e-01 4.766130e-01 1.324736e-01
<GCONST> 1.230799e+02
<STATE> 3
<MEAN> 39
 2.355949e+00 7.236536e+00 1.144907e+00 -4.328446e+00 -1.241540e+01 -5.834765e-01 -2.394214e+00 -1.227219e+01 -5.545616e+00 -1.625519e+01 -4.727878e+00 3.251172e+00 7.274266e+01 -3.757838e-01 -6.772344e-01 -7.517840e-02 1.221436e+00 1.642495e+00 4.234076e-01 -5.981783e-01 -1.133532e-01 -7.958388e-01 6.495714e-01 1.118016e+00 6.791130e-03 -1.851010e-01 -3.160110e-01 -1.363319e-01 2.509657e-01 6.239042e-01 6.430718e-01 -1.936704e-01 -3.194534e-01 1.654633e-01 1.698540e-01 5.978948e-01 5.454718e-02 -3.870022e-01 -2.245057e-01
<VARIANCE> 39
 8.184855e+00 4.019515e+01 4.456332e+01 6.009903e+01 5.597758e+01 8.496374e+01 8.529777e+01 6.164860e+01 6.592022e+01 4.846567e+01 6.854884e+01 7.734447e+01 2.432782e+01 6.524935e-01 1.881161e+00 1.848388e+00 2.861300e+00 3.336033e+00 4.601412e+00 3.724053e+00 5.290547e+00 4.654640e+00 3.890917e+00 4.004592e+00 3.112698e+00 2.056993e+00 2.256502e-01 3.727270e-01 3.606406e-01 4.527566e-01 6.945702e-01 1.012078e+00 6.355710e-01 7.733675e-01 8.494053e-01 7.675583e-01 6.690115e-01 5.313319e-01 2.914253e-01
<GCONST> 1.279151e+02
<STATE> 4
<MEAN> 39
 -1.210961e-01 5.882656e+00 2.077349e+00 9.358970e-01 -5.689540e+00 1.684642e-01 -5.965136e+00 -1.223022e+01 -7.227004e+00 -1.214513e+01 -2.553230e+00 -5.063826e-01 7.067430e+01 -1.709477e+00 -5.104222e-01 1.001697e+00 1.900106e+00 2.489694e+00 -1.349871e-01 -5.357226e-01 1.339327e+00 6.098921e-01 1.732025e+00 1.605565e-01 -1.076388e+00 -1.095148e+00 -4.834994e-01 -5.896304e-02 3.039511e-02 -1.647980e-01 -1.584311e-01 -2.194685e-01 2.746264e-01 4.698392e-01 4.181220e-01 1.206962e-01 -2.357022e-01 5.446786e-02 -2.032502e-01
<VARIANCE> 39
 1.824020e+01 3.487427e+01 4.243737e+01 6.704705e+01 6.715696e+01 6.635991e+01 1.084366e+02 8.496278e+01 6.350914e+01 3.968085e+01 6.329711e+01 7.260362e+01 5.561427e+01 4.064219e+00 3.374480e+00 3.377691e+00 3.964390e+00 5.119551e+00 8.039408e+00 5.287413e+00 5.282236e+00 5.847233e+00 4.761240e+00 4.467842e+00 3.050379e+00 4.697960e+00 4.796018e-01 4.805009e-01 6.099490e-01 6.195722e-01 8.649577e-01 8.870755e-01 8.373005e-01 1.138574e+00 9.794933e-01 7.162694e-01 7.742903e-01 5.773002e-01 3.975886e-01
<GCONST> 1.388103e+02
<TRANSP> 5
 0.000000e+00 1.000000e+00 0.000000e+00 0.000000e+00 0.000000e+00
 0.000000e+00 8.069438e-01 1.930563e-01 0.000000e+00 0.000000e+00
 0.000000e+00 0.000000e+00 6.056521e-01 3.943479e-01 0.000000e+00
 0.000000e+00 0.000000e+00 0.000000e+00 4.516760e-01 5.483240e-01
 0.000000e+00 0.000000e+00 0.000000e+00 0.000000e+00 0.000000e+00
<ENDHMM>
~h "uo"
<BEGINHMM>
<NUMSTATES> 5
<STATE> 2
<MEAN> 39
 2.625853e+00 3.321054e+00 -2.613887e+00 -5.744443e+00 -1.406980e+01 -1.274928e-01 -2.855236e+00 -1.389580e+01 -4.668435e+00 -1.009872e+01 -3.219541e+00 1.293164e+00 7.670126e+01 7.138226e-01 -6.274391e-01 -9.943591e-01 -8.660969e-01 -1.072127e+00 6.841152e-01 8.759297e-02 -5.735999e-01 -1.950246e-01 1.374876e-01 1.102150e+00 1.779148e-01 8.783936e-01 -5.990183e-01 -3.607732e-01 3.099894e-01 5.589732e-01 8.697467e-01 -6.677700e-02 -3.543326e-01 3.558406e-01 1.808788e-01 4.580786e-01 1.962443e-01 -1.976358e-01 -1.903126e-01
<VARIANCE> 39
 1.056709e+01 2.523832e+01 2.758920e+01 5.647504e+01 5.423484e+01 7.823516e+01 1.397280e+02 5.553271e+01 5.649397e+01 4.196223e+01 1.014196e+02 5.480400e+01 1.491193e+01 1.991238e+00 1.989287e+00 1.689197e+00 3.542294e+00 5.996528e+00 3.560186e+00 4.391057e+00 3.630675e+00 3.955996e+00 3.854412e+00 4.625450e+00 3.002325e+00 1.030069e+00 4.172823e-01 4.434275e-01 4.836485e-01 5.502542e-01 7.333137e-01 8.063353e-01 8.344244e-01 7.874618e-01 9.580395e-01 8.353896e-01 9.911723e-01 5.501227e-01 1.969277e-01
<GCONST> 1.289904e+02
<STATE> 3
<MEAN> 39
 1.271463e+00 -1.746894e+00 -4.175276e+00 -7.724488e+00 -1.372719e+01 3.328202e+00 -8.954190e+00 -1.330853e+01 -4.406282e+00 -6.278503e+00 2.446633e+00 -2.583260e+00 8.006042e+01 -2.787629e-01 -4.988382e-01 2.505219e-01 8.070445e-01 1.010834e+00 -2.873519e-01 -1.097393e+00 3.230368e-01 5.003949e-01 7.722621e-01 2.877006e-01 -8.562906e-01 9.388796e-02 -3.574521e-01 4.205367e-01 6.564473e-01 5.951609e-01 6.237902e-01 -4.195033e-01 -4.666337e-02 3.339788e-01 2.475248e-02 -2.861105e-01 -5.123658e-01 7.851311e-03 -4.942316e-01
<VARIANCE> 39
 6.986416e+00 1.961529e+01 2.208359e+01 6.185078e+01 3.662063e+01 6.673621e+01 1.171950e+02 6.051481e+01 3.981483e+01 3.561339e+01 7.935686e+01 1.009938e+02 1.072602e+01 6.104875e-01 1.383476e+00 1.372807e+00 3.091457e+00 2.788740e+00 2.808949e+00 3.094508e+00 2.650912e+00 3.122773e+00 2.899818e+00 3.335266e+00 2.669039e+00 7.486542e-01 2.900508e-01 2.558050e-01 2.846886e-01 3.138316e-01 6.584633e-01 5.469341e-01 6.640912e-01 7.351543e-01 6.445766e-01 5.561277e-01 6.522989e-01 6.267675e-01 1.951929e-01
<GCONST> 1.183348e+02
<STATE> 4
<MEAN> 39
 -3.825951e-01 -5.846910e-01 -8.795069e-01 -1.906209e+00 -9.640060e+00 -8.664098e-01 -1.318797e+01 -1.100659e+01 -3.220895e+00 -5.984856e+00 3.859355e-01 -4.554698e+00 7.828181e+01 -1.749728e+00 1.525989e+00 2.096903e+00 1.927536e+00 2.668636e+00 -8.663323e-01 2.784292e-01 1.370131e+00 -5.021606e-02 -5.550961e-01 -1.285397e+00 -6.418867e-02 -1.570934e+00 -8.623845e-01 4.009317e-01 1.682540e-01 -8.180426e-02 4.499907e-01 1.915512e-01 8.596904e-01 3.499277e-01 -1.085701e-01 -1.690679e-01 -1.947843e-01 3.703923e-01 -4.736188e-01
<VARIANCE> 39
 1.182178e+01 2.337786e+01 2.492007e+01 5.664392e+01 5.302416e+01 7.155688e+01 1.167452e+02 5.759593e+01 4.966886e+01 4.136783e+01 6.657435e+01 8.782761e+01 1.460677e+01 4.469305e+00 2.817287e+00 2.412331e+00 3.104739e+00 5.004889e+00 5.624532e+00 6.364337e+00 4.820999e+00 4.587508e+00 4.497947e+00 4.089261e+00 3.728850e+00 3.327876e+00 7.798463e-01 4.652454e-01 5.360669e-01 6.109372e-01 7.418206e-01 6.326435e-01 8.755707e-01 7.530078e-01 9.823908e-01 6.927530e-01 6.877989e-01 6.136485e-01 3.820488e-01
<GCONST> 1.333379e+02
<TRANSP> 5
 0.000000e+00 1.000000e+00 0.000000e+00 0.000000e+00 0.000000e+00
 0.000000e+00 5.251425e-01 4.748576e-01 0.000000e+00 0.000000e+00
 0.000000e+00 0.000000e+00 6.362314e-01 3.637686e-01 0.000000e+00
 0.000000e+00 0.000000e+00 0.000000e+00 5.096111e-01 4.903889e-01
 0.000000e+00 0.000000e+00 0.000000e+00 0.000000e+00 0.000000e+00
<ENDHMM>
~h "uu"
<BEGINHMM>
<NUMSTATES> 5
<STATE> 2
<MEAN> 39
 1.147746e+00 5.646914e+00 -2.772094e-01 -1.178373e+00 -1.059912e+01 -2.929415e-01 -7.381227e+00 -1.530708e+01 -6.719488e+00 -1.274971e+01 -2.696146e+00 2.600221e-01 7.333304e+01 1.079078e+00 6.771376e-01 -9.511244e-02 -6.924766e-01 -1.147739e+00 3.694305e-01 7.624305e-01 -5.645865e-02 -3.537570e-01 -1.173280e+00 -8.110502e-02 5.228781e-01 -2.586657e-01 -7.002411e-01 -2.961207e-01 2.571164e-01 3.758384e-01 5.968525e-01 -1.948784e-01 8.756568e-02 7.815907e-01 3.504456e-01 4.518187e-01 -9.085885e-02 -1.227767e-01 -2.812711e-01
<VARIANCE> 39
 1.135831e+01 3.106332e+01 3.189365e+01 7.603104e+01 5.993524e+01 6.795901e+01 1.259953e+02 5.334999e+01 6.832187e+01 4.837988e+01 6.767936e+01 5.126653e+01 1.922363e+01 2.581270e+00 2.744749e+00 2.247058e+00 4.569494e+00 5.569432e+00 4.693374e+00 5.165290e+00 5.897193e+00 5.255973e+00 4.639286e+00 4.553567e+00 2.890062e+00 1.480574e+00 5.408682e-01 4.957277e-01 5.062852e-01 6.998675e-01 9.329341e-01 9.259817e-01 1.058059e+00 9.621239e-01 1.133301e+00 9.573131e-01 9.022239e-01 5.816951e-01 3.144733e-01
<GCONST> 1.346014e+02
<STATE> 3
<MEAN> 39
 2.302785e+00 6.214633e+00 1.482635e+00 -2.732236e-01 -1.073324e+01 -9.347538e-01 -4.167779e+00 -9.102086e+00 -5.204843e+00 -1.271086e+01 -3.934508e+00 1.025250e+00 7.061936e+01 -3.559795e-01 -2.014424e-02 5.284418e-01 9.631144e-01 1.308369e+00 5.713061e-02 2.207829e-01 9.081504e-01 1.128239e-02 4.771098e-01 -1.311244e-02 -4.708298e-01 -9.371547e-01 -4.761265e-01 -1.020561e-01 1.487166e-01 2.664498e-01 6.024041e-01 8.921006e-02 5.142885e-02 2.166089e-01 6.378321e-02 3.548386e-01 -7.375424e-03 -1.729748e-01 -2.984297e-01
<VARIANCE> 39
 1.185035e+01 3.550399e+01 3.815968e+01 5.705949e+01 5.904840e+01 6.628717e+01 1.003828e+02 8.223063e+01 7.431183e+01 4.300610e+01 6.745841e+01 6.982165e+01 3.507777e+01 1.202340e+00 1.870568e+00 1.921907e+00 2.760677e+00 4.313395e+00 4.077957e+00 3.737522e+00 3.848254e+00 3.885934e+00 3.281108e+00 3.822748e+00 2.577799e+00 2.266433e+00 3.946172e-01 4.025528e-01 3.599998e-01 4.666161e-01 6.303580e-01 7.422658e-01 6.822863e-01 8.711940e-01 8.077486e-01 6.353318e-01 6.709984e-01 5.108985e-01 2.709970e-01
<GCONST> 1.284982e+02
<STATE> 4
<MEAN> 39
 -7.720384e-01 5.373587e+00 3.161053e+00 3.545245e+00 -3.867150e+00 6.975101e-01 -5.013796e+00 -8.821244e+00 -6.070268e+00 -1.055139e+01 -3.357854e+00 -1.618954e+00 6.802706e+01 -1.803712e+00 -2.582643e-01 7.106733e-01 9.004780e-01 2.076846e+00 3.645754e-01 4.917280e-01 1.468198e+00 7.253133e-01 1.252956e+00 -5.279016e-02 -5.325847e-01 -1.713197e+00 -5.138652e-01 -2.120316e-01 -2.389544e-01 -3.280877e-01 -1.591080e-01 -1.428831e-01 1.096033e-01 1.600691e-01 2.542285e-01 2.737657e-01 7.192902e-02 1.852987e-01 -9.708748e-02
<VARIANCE> 39
 2.049703e+01 3.181141e+01 3.660917e+01 6.190225e+01 6.684529e+01 6.362296e+01 1.120103e+02 7.668156e+01 5.842579e+01 4.050307e+01 6.272527e+01 6.259919e+01 8.000513e+01 4.596439e+00 3.413013e+00 3.386453e+00 4.024156e+00 5.199288e+00 5.660057e+00 4.418808e+00 4.704796e+00 5.076701e+00 4.467735e+00 3.925894e+00 2.762907e+00 4.690278e+00 4.221045e-01 4.795835e-01 5.153400e-01 5.737240e-01 7.922145e-01 6.787311e-01 8.524930e-01 8.387590e-01 8.161933e-01 6.483738e-01 7.429358e-01 4.981622e-01 4.101477e-01
<GCONST> 1.362625e+02
<TRANSP> 5
 0.000000e+00 1.000000e+00 0.000000e+00 0.000000e+00 0.000000e+00
 0.000000e+00 5.752780e-01 4.247221e-01 0.000000e+00 0.000000e+00
 0.000000e+00 0.000000e+00 5.760611e-01 4.239390e-01 0.000000e+00
 0.000000e+00 0.000000e+00 0.000000e+00 3.045676e-01 6.954324e-01
 0.000000e+00 0.000000e+00 0.000000e+00 0.000000e+00 0.000000e+00
<ENDHMM>
~h "k_pal"
<BEGINHMM>
<NUMSTATES> 5
<STATE> 2
<MEAN> 39
 -1.114696e+01 3.179072e+00 4.867502e+00 8.040236e+00 3.653919e-01 -8.695955e-01 -4.094775e+00 -2.370577e+00 -2.632483e+00 -7.876890e+00 -1.091761e+00 5.132580e-01 6.032944e+01 -2.353122e+00 -1.859445e+00 -1.274138e+00 -5.561454e-01 6.062637e-01 9.507740e-01 1.212063e+00 9.863703e-01 5.961056e-01 1.922393e+00 7.481596e-01 -2.383022e-01 -1.438836e+00 -8.767720e-02 -7.043217e-01 -4.053609e-01 -7.949631e-01 -1.148351e+00 -4.653333e-01 -2.985058e-01 -4.567304e-01 -4.056156e-02 1.646723e-01 2.461840e-01 -2.823498e-02 1.965057e+00
<VARIANCE> 39
 4.867293e+01 3.478548e+01 4.979590e+01 5.045290e+01 6.033732e+01 5.625180e+01 4.967070e+01 3.866532e+01 5.973988e+01 4.987989e+01 3.684955e+01 4.348183e+01 5.842284e+01 4.268802e+00 6.041724e+00 5.337966e+00 6.147913e+00 8.885528e+00 5.848146e+00 5.436020e+00 4.740958e+00 5.254066e+00 4.672495e+00 3.836959e+00 3.769028e+00 1.533186e+01 5.203620e-01 8.000754e-01 9.046850e-01 7.217013e-01 9.540842e-01 9.092183e-01 8.897916e-01 8.057262e-01 8.690738e-01 9.018133e-01 6.525024e-01 6.111894e-01 1.614016e+00
<GCONST> 1.421583e+02
<STATE> 3
<MEAN> 39
 -1.820877e+01 -6.940718e+00 -1.431218e+00 5.258587e-01 -6.070854e+00 -9.937470e-01 -3.551750e+00 -2.601907e+00 -1.617171e+00 -1.942334e+00 3.444149e+00 4.075106e-01 7.117321e+01 -8.101174e-01 -3.205871e-01 6.338140e-01 -1.013915e+00 -1.398189e+00 -9.431015e-01 -5.128843e-01 -7.458084e-01 -4.769502e-01 2.727317e-01 2.940955e-01 -1.772277e-01 3.455588e+00 1.060867e+00 1.298140e+00 1.190153e+00 8.255584e-01 1.785759e-01 -5.289773e-01 -4.638383e-01 -3.755597e-01 -3.531335e-01 -9.697073e-01 -6.645260e-01 -1.152144e-01 -2.801637e-01
<VARIANCE> 39
 2.253752e+01 3.128419e+01 4.274177e+01 3.790768e+01 6.057626e+01 4.159782e+01 3.615153e+01 3.529224e+01 3.704879e+01 3.254538e+01 2.631988e+01 2.348951e+01 5.629597e+01 5.373714e+00 6.899935e+00 6.659377e+00 5.499221e+00 6.269942e+00 4.666145e+00 4.159554e+00 4.284273e+00 4.611708e+00 5.190415e+00 3.468995e+00 2.726091e+00 8.058973e+00 8.196459e-01 8.643853e-01 8.365718e-01 1.027172e+00 1.267027e+00 1.059438e+00 9.849193e-01 9.002180e-01 9.527436e-01 8.092647e-01 7.026879e-01 6.569927e-01 2.012433e+00
<GCONST> 1.384848e+02
<STATE> 4
<MEAN> 39
 -1.383555e+01 1.012936e+00 8.277373e+00 5.044294e+00 -5.762373e+00 -5.680848e+00 -6.078318e+00 -6.114104e+00 -4.908916e+00 -6.547148e+00 -7.871345e-01 -1.069783e+00 7.425253e+01 3.076605e+00 1.416861e+00 1.948605e+00 1.929502e+00 -1.022895e+00 -2.073020e+00 -1.676325e+00 -1.448661e+00 -4.041883e-01 -2.032982e+00 -1.530307e+00 -3.160814e-01 9.800673e-01 4.339843e-01 -5.008410e-01 -7.848361e-01 -2.898999e-03 -2.091967e-01 1.016126e-01 -1.064200e-01 2.906750e-02 4.338382e-01 2.547963e-02 8.862574e-02 1.032417e-01 -3.772960e-01
<VARIANCE> 39
 4.617667e+01 2.480885e+01 4.854768e+01 4.253798e+01 7.448985e+01 4.810734e+01 4.542657e+01 3.763591e+01 4.941475e+01 4.402428e+01 3.483041e+01 2.583467e+01 1.572219e+01 5.070492e+00 4.709245e+00 5.583112e+00 4.310890e+00 6.303953e+00 5.899762e+00 5.352842e+00 4.640633e+00 5.676564e+00 5.292295e+00 4.148513e+00 3.662890e+00 3.054562e+00 9.312497e-01 7.405924e-01 9.292305e-01 1.002274e+00 1.034495e+00 1.000165e+00 8.339485e-01 7.622446e-01 8.224192e-01 1.003696e+00 7.644434e-01 4.948202e-01 7.195024e-01
<GCONST> 1.372921e+02
<TRANSP> 5
 0.000000e+00 1.000000e+00 0.000000e+00 0.000000e+00 0.000000e+00
 0.000000e+00 6.347048e-01 3.652953e-01 0.000000e+00 0.000000e+00
 0.000000e+00 0.000000e+00 6.150680e-01 3.849320e-01 0.000000e+00
 0.000000e+00 0.000000e+00 0.000000e+00 5.802402e-01 4.197597e-01
 0.000000e+00 0.000000e+00 0.000000e+00 0.000000e+00 0.000000e+00
<ENDHMM>
~h "x_pal"
<BEGINHMM>
<NUMSTATES> 5
<STATE> 2
<MEAN> 39
 -1.655263e+01 -1.532417e+00 6.594513e+00 3.165433e+00 -3.668575e+00 1.377748e-01 -2.939927e+00 -2.567158e+00 -2.727850e+00 -2.224498e+00 1.349739e+00 9.106734e-01 7.370148e+01 -3.120661e+00 -1.040555e+00 -7.191072e-01 -1.927118e+00 5.327003e-01 1.240154e+00 1.462146e+00 6.355878e-01 1.100593e+00 1.884934e+00 1.106420e+00 6.661441e-01 -6.983343e-01 3.989123e-01 -1.075626e-01 -2.740869e-01 -1.703114e-01 -5.614288e-01 -5.471684e-01 -4.260450e-01 -2.814664e-01 -7.163622e-02 -2.551195e-01 -3.896634e-02 -8.965108e-02 2.389342e-01
<VARIANCE> 39
 5.230014e+01 2.162836e+01 7.410915e+01 5.317467e+01 5.180635e+01 6.018177e+01 3.486159e+01 4.325763e+01 5.386919e+01 4.440080e+01 3.048891e+01 3.791261e+01 9.435786e+00 2.805855e+00 1.717498e+00 3.725670e+00 3.763830e+00 5.193897e+00 5.531180e+00 4.487545e+00 3.743849e+00 4.978755e+00 4.676237e+00 3.886823e+00 2.978665e+00 1.001609e+00 6.758195e-01 5.002133e-01 8.607358e-01 8.654317e-01 7.313152e-01 8.683574e-01 6.773790e-01 6.473616e-01 9.536276e-01 9.830025e-01 7.144361e-01 5.302766e-01 1.818781e-01
<GCONST> 1.300215e+02
<STATE> 3
<MEAN> 39
 -2.332343e+01 -4.361951e+00 4.786692e+00 -2.936546e+00 -5.774002e+00 -1.274257e+00 -1.493303e+00 -1.967289e+00 -1.229641e+00 4.869053e-01 3.474979e+00 1.929205e+00 7.311275e+01 9.820597e-01 7.263279e-01 1.006137e+00 6.048174e-01 8.050664e-02 -5.012010e-01 -6.720570e-02 -1.470620e-01 -7.188254e-01 -9.917339e-01 -6.345637e-01 -4.368740e-01 -6.713702e-02 1.190009e+00 5.299181e-01 3.506187e-01 8.286389e-01 8.798104e-03 -3.124862e-01 -3.918780e-01 -2.391974e-01 -3.024254e-01 -7.608625e-01 -4.885950e-01 -2.650223e-01 1.228803e-01
<VARIANCE> 39
 2.073100e+01 1.385832e+01 2.636923e+01 3.814304e+01 3.064310e+01 3.777459e+01 2.736394e+01 3.396553e+01 2.963663e+01 2.759090e+01 1.956593e+01 2.000840e+01 7.487674e+00 4.355601e+00 1.897444e+00 2.874022e+00 3.825724e+00 2.738354e+00 3.102182e+00 2.242883e+00 2.421409e+00 2.662309e+00 3.689832e+00 2.512525e+00 1.869439e+00 7.981707e-01 3.259692e-01 3.028939e-01 5.068710e-01 4.710126e-01 6.953894e-01 6.963331e-01 6.424320e-01 6.245817e-01 6.167287e-01 7.524893e-01 5.257773e-01 4.590842e-01 2.198770e-01
<GCONST> 1.156870e+02
<STATE> 4
<MEAN> 39
 -1.148575e+01 2.044054e+00 1.055351e+01 5.635240e+00 -4.096949e+00 -4.754107e+00 -3.551643e+00 -4.306575e+00 -6.167423e+00 -7.895204e+00 -2.446703e+00 -1.285112e+00 7.334931e+01 4.437791e+00 1.400899e+00 2.610567e-01 2.066283e+00 -1.624099e+00 -2.512104e+00 -2.153465e+00 -1.624271e+00 -9.018798e-01 -2.854842e+00 -1.508401e+00 -8.138711e-01 9.982473e-01 -2.838055e-01 -5.651804e-01 -8.814802e-01 -5.002043e-01 -6.248258e-01 -1.592119e-01 -2.914214e-01 -1.300247e-01 5.384528e-01 3.717467e-01 4.023467e-01 2.254517e-01 2.736125e-01
<VARIANCE> 39
 3.900077e+01 1.826660e+01 3.965526e+01 3.404613e+01 8.698228e+01 4.984909e+01 3.857475e+01 4.002097e+01 4.671026e+01 3.812676e+01 2.665727e+01 3.332667e+01 1.887689e+01 1.724400e+00 2.943766e+00 3.643948e+00 3.263117e+00 5.599876e+00 5.718632e+00 4.847630e+00 3.279002e+00 4.539687e+00 5.566551e+00 3.730028e+00 3.339680e+00 1.926710e+00 6.109699e-01 4.175652e-01 4.846048e-01 5.809696e-01 8.119411e-01 7.515495e-01 5.698777e-01 6.278962e-01 6.502000e-01 8.568402e-01 5.125750e-01 4.729617e-01 2.952149e-01
<GCONST> 1.277461e+02
<TRANSP> 5
 0.000000e+00 1.000000e+00 0.000000e+00 0.000000e+00 0.000000e+00
 0.000000e+00 7.051556e-01 2.948444e-01 0.000000e+00 0.000000e+00
 0.000000e+00 0.000000e+00 7.587658e-01 2.412342e-01 0.000000e+00
 0.000000e+00 0.000000e+00 0.000000e+00 5.439953e-01 4.560047e-01
 0.000000e+00 0.000000e+00 0.000000e+00 0.000000e+00 0.000000e+00
<ENDHMM>
~h "n_pal"
<BEGINHMM>
<NUMSTATES> 5
<STATE> 2
<MEAN> 39
 3.296677e-01 4.072801e+00 6.143361e+00 6.551387e+00 -7.183494e+00 -7.297648e+00 -9.539563e+00 -7.451940e+00 -6.538046e+00 -1.588586e+01 -1.720299e+00 -9.758266e-01 7.290693e+01 1.479887e+00 1.231766e+00 9.061696e-01 1.984362e-01 1.546255e+00 -3.610175e-01 -2.334089e-01 8.430558e-01 -2.167773e+00 -1.673877e+00 8.805376e-01 5.179235e-01 -1.489040e+00 -3.731912e-01 -2.449770e-01 -3.134991e-01 -1.882815e-01 -2.490995e-01 6.818740e-03 1.130888e-01 -1.374091e-01 3.013006e-01 5.542846e-01 -1.291295e-01 -2.133471e-02 2.927898e-01
<VARIANCE> 39
 1.196150e+01 2.546252e+01 4.834951e+01 2.183824e+01 9.045067e+01 5.708253e+01 6.947116e+01 5.415069e+01 7.989040e+01 3.606852e+01 4.991796e+01 6.441770e+01 2.291484e+01 1.570076e+00 2.344976e+00 3.604327e+00 3.052132e+00 5.141936e+00 3.584823e+00 3.639758e+00 5.492561e+00 3.934767e+00 4.769527e+00 3.230299e+00 2.856401e+00 3.201744e+00 4.480442e-01 3.366722e-01 4.800311e-01 4.399286e-01 8.160682e-01 5.644003e-01 5.288216e-01 6.728159e-01 8.441710e-01 7.238410e-01 6.039304e-01 4.528145e-01 3.459343e-01
<GCONST> 1.281368e+02
<STATE> 3
<MEAN> 39
 2.414458e+00 6.346672e+00 6.683294e+00 6.247659e+00 -4.308950e+00 -8.458462e+00 -9.626108e+00 -6.311581e+00 -1.021733e+01 -1.781636e+01 -7.037985e-02 6.475282e-01 7.072890e+01 -4.464197e-01 4.228819e-03 9.815411e-02 -1.960538e-01 -3.234995e-01 -5.744873e-02 -6.296895e-03 -1.435084e-01 2.439687e-01 6.408287e-01 -7.040398e-01 -1.088782e-01 4.257205e-01 -8.824009e-01 -6.148244e-01 -2.684946e-01 -6.039151e-02 -8.500888e-01 1.824889e-01 2.355081e-01 -3.973716e-01 1.043257e+00 9.185488e-01 -5.247871e-01 -3.093668e-01 7.499069e-01
<VARIANCE> 39
 6.724715e+00 3.446735e+01 4.414302e+01 2.190287e+01 5.914319e+01 6.486395e+01 7.368732e+01 6.311359e+01 6.881488e+01 3.153017e+01 4.364296e+01 6.763618e+01 1.010149e+01 1.540269e+00 2.295708e+00 2.106946e+00 1.839066e+00 4.767373e+00 2.749706e+00 2.678484e+00 3.361525e+00 3.542957e+00 3.297764e+00 2.665696e+00 2.020471e+00 2.847447e+00 3.066167e-01 5.160830e-01 7.652993e-01 6.112895e-01 9.737057e-01 7.975692e-01 6.545857e-01 1.107787e+00 7.469969e-01 9.458407e-01 6.472999e-01 5.855326e-01 3.670912e-01
<GCONST> 1.257589e+02
<STATE> 4
<MEAN> 39
 -1.602570e+00 3.470651e+00 6.093806e+00 5.671403e+00 -9.464148e+00 -8.525035e+00 -8.810927e+00 -9.417676e+00 -4.957612e+00 -1.238867e+01 -5.440960e+00 -1.495437e+00 7.566327e+01 -1.232532e+00 -1.087789e+00 -7.568738e-01 -1.259800e-01 -1.754601e+00 9.251615e-02 6.027356e-01 -8.373416e-01 1.983536e+00 1.738739e+00 -8.023686e-01 -6.278486e-01 1.467068e+00 -1.595607e-02 -1.026620e-01 -3.133920e-01 -8.246125e-02 1.071512e-01 1.673858e-01 1.388569e-01 8.331729e-02 5.597319e-02 -4.043095e-04 3.877183e-01 5.102049e-02 -8.565849e-02
<VARIANCE> 39
 9.905335e+00 2.804188e+01 4.108972e+01 2.297223e+01 9.366183e+01 4.672460e+01 8.099900e+01 4.779400e+01 7.534763e+01 3.583567e+01 4.290517e+01 4.725599e+01 2.080174e+01 1.770746e+00 2.471094e+00 3.850002e+00 2.574317e+00 6.017972e+00 3.889128e+00 3.543020e+00 4.779582e+00 3.887545e+00 4.299279e+00 3.244294e+00 2.563863e+00 2.461164e+00 4.846528e-01 5.021405e-01 4.279100e-01 4.348231e-01 9.324169e-01 5.014604e-01 5.881927e-01 6.037098e-01 7.890422e-01 6.691443e-01 4.488092e-01 3.874228e-01 3.733802e-01
<GCONST> 1.266736e+02
<TRANSP> 5
 0.000000e+00 1.000000e+00 0.000000e+00 0.000000e+00 0.000000e+00
 0.000000e+00 4.891664e-01 5.108336e-01 0.000000e+00 0.000000e+00
 0.000000e+00 0.000000e+00 5.444935e-01 4.555064e-01 0.000000e+00
 0.000000e+00 0.000000e+00 0.000000e+00 5.264645e-01 4.735354e-01
 0.000000e+00 0.000000e+00 0.000000e+00 0.000000e+00 0.000000e+00
<ENDHMM>
~h "ts_pal"
<BEGINHMM>
<NUMSTATES> 5
<STATE> 2
<MEAN> 39
 -2.163109e+01 8.809078e+00 2.236587e-01 5.032953e+00 1.830976e+00 -2.985725e-01 -4.732920e+00 -2.272430e+00 -3.343092e+00 -2.194584e+00 -1.936039e+00 -1.821358e+00 6.771825e+01 -5.153777e+00 4.084627e-01 -1.403320e+00 -1.233599e+00 7.384800e-01 1.051782e+00 1.842010e+00 1.374276e+00 6.655622e-01 7.303559e-01 6.890519e-01 8.436805e-01 -7.804486e-01 3.899364e-01 -7.303015e-01 -3.900014e-01 -6.267689e-01 -6.388938e-01 -5.732951e-01 -2.781803e-01 -1.468514e-01 2.534878e-01 -1.714890e-01 2.538174e-01 1.098411e-01 1.028934e+00
<VARIANCE> 39
 8.412187e+01 2.918776e+01 5.604344e+01 3.408484e+01 2.923794e+01 2.831362e+01 3.067699e+01 2.625512e+01 2.562907e+01 2.791272e+01 2.661041e+01 2.224592e+01 2.959871e+01 4.291697e+00 4.201854e+00 4.300083e+00 3.942364e+00 3.938244e+00 4.406023e+00 3.844895e+00 2.931652e+00 3.105002e+00 2.951042e+00 2.993088e+00 3.047778e+00 6.765203e+00 1.409916e+00 6.212323e-01 9.264225e-01 5.251334e-01 5.219449e-01 6.595769e-01 7.760397e-01 6.294731e-01 5.189907e-01 5.072221e-01 4.706008e-01 4.632564e-01 6.770652e-01
<GCONST> 1.282450e+02
<STATE> 3
<MEAN> 39
 -3.358305e+01 5.328236e+00 -4.408179e+00 -3.867162e+00 8.705689e-02 -2.833765e+00 -1.573424e+00 7.526931e-01 2.134600e-01 -2.267533e+00 1.664118e+00 1.473751e+00 7.408663e+01 8.274369e-01 -7.888036e-01 1.040476e+00 -5.949975e-01 -5.047900e-01 -1.118615e+00 -2.199404e-01 -2.757348e-03 6.911224e-02 -5.007539e-01 -4.073035e-02 8.415110e-02 1.329057e+00 1.572623e+00 1.109031e-01 8.302130e-01 8.399848e-01 -6.066937e-02 -1.301483e-01 -5.079573e-01 -4.651200e-01 -3.915724e-01 -2.869514e-01 -3.786406e-01 -3.471118e-01 -2.370891e-01
<VARIANCE> 39
 1.124412e+01 2.261344e+01 3.763212e+01 4.451982e+01 2.286065e+01 2.745131e+01 2.008799e+01 1.828715e+01 2.073815e+01 1.750492e+01 1.452537e+01 1.202264e+01 1.267324e+01 6.096264e+00 1.914955e+00 4.252848e+00 4.767431e+00 2.245899e+00 2.134955e+00 2.251744e+00 2.124859e+00 2.352978e+00 1.748724e+00 1.928228e+00 1.505574e+00 1.550750e+00 5.637197e-01 4.359933e-01 4.341291e-01 6.838685e-01 5.293104e-01 5.179530e-01 5.648040e-01 4.984099e-01 3.981292e-01 3.870612e-01 3.763469e-01 3.669843e-01 2.768425e-01
<GCONST> 1.117895e+02
<STATE> 4
<MEAN> 39
 -1.843124e+01 4.513144e+00 6.671869e+00 1.834344e+00 -1.184075e+00 -7.449594e+00 -6.233222e+00 -3.377535e+00 -3.263352e+00 -6.558913e+00 -2.107899e+00 -1.346585e+00 7.661512e+01 6.383173e+00 -2.356886e-01 2.044214e+00 2.675322e+00 -1.332590e+00 -1.728512e+00 -2.629335e+00 -2.920033e+00 -1.309937e+00 -1.682566e+00 -1.035007e+00 -1.202977e+00 4.283180e-01 -1.170266e-01 -2.536069e-01 -9.360988e-01 -1.859943e-01 -4.405176e-01 1.543343e-01 -4.310520e-02 -2.661866e-01 2.956719e-01 1.276224e-01 2.693554e-01 1.272201e-01 -1.043523e-01
<VARIANCE> 39
 7.096115e+01 1.827910e+01 5.899760e+01 3.930946e+01 3.677275e+01 4.852643e+01 4.506784e+01 4.115719e+01 5.009965e+01 3.968932e+01 2.237616e+01 2.012204e+01 7.731529e+00 2.134038e+00 3.197988e+00 5.378871e+00 4.474512e+00 5.530443e+00 4.867009e+00 5.297554e+00 2.866888e+00 4.081391e+00 3.221782e+00 3.335205e+00 3.739006e+00 1.346408e+00 1.280721e+00 4.584708e-01 5.019540e-01 7.289631e-01 4.880863e-01 8.705848e-01 9.398029e-01 8.382227e-01 7.210609e-01 7.008542e-01 4.869655e-01 4.878651e-01 2.017614e-01
<GCONST> 1.275158e+02
<TRANSP> 5
 0.000000e+00 1.000000e+00 0.000000e+00 0.000000e+00 0.000000e+00
 0.000000e+00 7.448077e-01 2.551923e-01 0.000000e+00 0.000000e+00
 0.000000e+00 0.000000e+00 7.942135e-01 2.057865e-01 0.000000e+00
 0.000000e+00 0.000000e+00 0.000000e+00 5.967826e-01 4.032174e-01
 0.000000e+00 0.000000e+00 0.000000e+00 0.000000e+00 0.000000e+00
<ENDHMM>
~h "d_pal"
<BEGINHMM>
<NUMSTATES> 5
<STATE> 2
<MEAN> 39
 -6.584268e-01 9.208265e+00 9.071097e+00 9.868778e+00 -3.593690e-01 -5.731584e+00 -8.360120e+00 -6.019447e+00 -3.055722e+00 -7.277395e+00 -3.718358e+00 -5.282932e+00 6.480977e+01 1.232720e-01 1.563209e+00 9.864253e-01 1.896218e-01 1.642396e+00 6.560901e-01 1.206569e+00 1.285089e+00 -2.045082e-01 5.970483e-01 -6.733904e-01 -6.881562e-01 -2.080519e+00 -6.544148e-01 -8.897028e-01 -5.789034e-01 -5.112616e-01 -5.831941e-01 -1.194053e-01 -1.173545e-01 -4.220216e-01 -1.734811e-01 -6.687007e-02 1.382729e-01 4.096239e-01 1.384234e+00
<VARIANCE> 39
 2.352249e+01 2.653447e+01 3.552156e+01 2.580567e+01 4.340489e+01 4.385452e+01 4.194831e+01 3.435482e+01 4.592059e+01 3.679032e+01 3.906622e+01 4.005175e+01 3.488855e+01 3.696234e+00 3.442819e+00 2.996040e+00 2.880654e+00 4.122903e+00 3.990801e+00 4.268486e+00 4.215267e+00 3.479621e+00 3.269482e+00 2.952149e+00 2.221915e+00 7.154935e+00 5.555627e-01 5.026410e-01 4.370106e-01 4.695334e-01 7.078737e-01 7.478677e-01 6.412529e-01 8.755871e-01 7.322468e-01 6.173579e-01 5.239462e-01 4.098412e-01 1.288654e+00
<GCONST> 1.286170e+02
<STATE> 3
<MEAN> 39
 -5.877480e+00 8.626974e+00 7.895889e+00 7.482408e+00 2.174455e+00 -3.380646e+00 -5.547690e+00 -4.802641e+00 -5.404776e+00 -6.068963e+00 -5.273317e+00 -5.258415e+00 6.735795e+01 -1.959736e+00 -1.943112e+00 -6.134194e-01 -6.711580e-01 -7.861758e-01 -6.284596e-01 -4.955859e-02 -1.095512e+00 -7.481526e-01 -4.455840e-01 -5.076242e-02 9.662034e-01 3.446588e+00 2.294222e-01 -7.135125e-01 -1.782589e-01 1.865951e-01 -1.331296e+00 -9.251962e-01 -7.044210e-01 -8.603733e-01 3.305983e-01 -5.022186e-01 2.945668e-01 3.929071e-01 1.113935e+00
<VARIANCE> 39
 3.517233e+01 3.111324e+01 3.135906e+01 2.716914e+01 3.104789e+01 3.435103e+01 3.048304e+01 2.328139e+01 2.975073e+01 3.491728e+01 3.551805e+01 3.223633e+01 4.211237e+01 3.036266e+00 2.640670e+00 2.776668e+00 3.059631e+00 4.082197e+00 4.932481e+00 3.811824e+00 3.964792e+00 3.523956e+00 3.151344e+00 3.149137e+00 2.430252e+00 3.163191e+00 7.587469e-01 7.100303e-01 6.760364e-01 6.918961e-01 8.818560e-01 8.999517e-01 9.503609e-01 7.988827e-01 9.223986e-01 6.199191e-01 8.162696e-01 5.044629e-01 1.175711e+00
<GCONST> 1.290530e+02
<STATE> 4
<MEAN> 39
 -7.000042e+00 2.851484e+00 7.112395e+00 8.293672e+00 -4.640292e+00 -1.068456e+01 -8.962852e+00 -1.129948e+01 -5.417572e+00 -9.556141e+00 -4.715453e+00 -1.857245e+00 7.738231e+01 4.098740e-01 -1.670305e+00 -2.526135e-01 4.491180e-01 -3.521240e+00 -2.341093e+00 -1.277883e+00 -2.001835e+00 1.101263e+00 -9.997275e-01 5.001372e-01 9.509591e-01 2.574009e+00 6.049978e-01 3.746604e-01 -3.068652e-02 9.514274e-02 -1.778820e-01 3.028234e-01 3.689565e-04 3.412084e-01 4.528176e-01 1.964736e-01 1.683842e-01 -2.311063e-01 -7.999396e-01
<VARIANCE> 39
 1.405043e+01 1.467305e+01 3.750847e+01 3.474539e+01 7.510233e+01 4.545430e+01 4.785245e+01 3.755484e+01 5.474315e+01 3.296438e+01 2.724733e+01 2.534559e+01 1.002636e+01 1.767722e+00 2.432263e+00 2.734511e+00 2.864031e+00 4.182671e+00 4.132658e+00 4.579743e+00 4.449753e+00 4.764926e+00 3.277642e+00 4.096601e+00 1.973884e+00 2.980513e+00 3.292367e-01 3.157964e-01 3.892580e-01 4.372118e-01 8.217040e-01 8.708157e-01 6.135695e-01 6.609544e-01 5.569913e-01 5.012057e-01 4.811017e-01 4.214611e-01 3.418505e-01
<GCONST> 1.222438e+02
<TRANSP> 5
 0.000000e+00 1.000000e+00 0.000000e+00 0.000000e+00 0.000000e+00
 0.000000e+00 5.755987e-01 4.244013e-01 0.000000e+00 0.000000e+00
 0.000000e+00 0.000000e+00 5.219716e-01 4.780284e-01 0.000000e+00
 0.000000e+00 0.000000e+00 0.000000e+00 5.193892e-01 4.806108e-01
 0.000000e+00 0.000000e+00 0.000000e+00 0.000000e+00 0.000000e+00
<ENDHMM>
~h "M_pal"
<BEGINHMM>
<NUMSTATES> 5
<STATE> 2
<MEAN> 39
 4.235363e+00 -1.198886e+00 2.616091e+00 5.865328e+00 -4.894799e+00 -4.016107e+00 -1.034978e+01 -1.247816e+01 -6.710065e+00 -1.489698e+01 -5.779335e+00 1.812996e+00 7.326498e+01 4.282648e-01 8.870459e-01 1.413580e+00 5.781330e-01 1.650317e+00 -1.643726e-01 -3.881992e-01 4.791984e-01 -1.810696e+00 -1.212760e+00 2.340361e-01 9.025664e-01 -1.402447e+00 -4.037134e-01 1.725886e-01 -8.818362e-02 -5.227391e-02 -3.874754e-01 -3.902567e-01 1.694919e-01 2.240730e-01 3.010024e-01 3.860840e-01 7.115626e-02 -2.911685e-01 2.240499e-01
<VARIANCE> 39
 5.210946e+00 1.489024e+01 4.509714e+01 3.149214e+01 6.081905e+01 5.902553e+01 8.140900e+01 5.413295e+01 7.561872e+01 3.862066e+01 5.520604e+01 7.959557e+01 8.333962e+00 5.915886e-01 9.949504e-01 2.922854e+00 2.375392e+00 3.799178e+00 3.319088e+00 2.091926e+00 2.104179e+00 4.417624e+00 5.104771e+00 2.557134e+00 3.132013e+00 8.262554e-01 9.140673e-02 1.363712e-01 4.737599e-01 2.908144e-01 3.977803e-01 5.004099e-01 3.253165e-01 3.489769e-01 4.591640e-01 8.337837e-01 3.320193e-01 4.610453e-01 9.233899e-02
<GCONST> 1.134055e+02
<STATE> 3
<MEAN> 39
 4.058675e+00 3.176639e+00 6.099490e+00 6.627769e+00 1.160849e-01 -7.074749e+00 -1.163639e+01 -8.123709e+00 -1.119975e+01 -1.600945e+01 -2.501607e+00 3.238452e+00 7.046011e+01 -6.497994e-01 1.460044e+00 6.384149e-01 1.688133e-01 5.994548e-01 -5.288624e-01 4.105893e-01 8.097945e-01 -3.890911e-01 2.308087e-01 -1.290898e-01 -3.900371e-01 -9.772328e-01 -7.063017e-01 -1.236032e-01 -9.602479e-02 -8.155305e-02 -3.641921e-01 4.852823e-01 3.723958e-01 -4.969814e-02 6.574643e-01 6.774332e-01 -2.562135e-01 -5.055233e-01 1.211061e-01
<VARIANCE> 39
 5.479414e+00 1.979066e+01 3.237365e+01 2.081873e+01 8.175114e+01 6.829914e+01 6.384213e+01 5.752313e+01 1.159659e+02 3.741280e+01 5.786290e+01 8.009510e+01 7.106585e+00 1.018569e+00 1.157614e+00 1.632446e+00 1.235673e+00 2.502623e+00 2.756388e+00 2.393118e+00 2.582735e+00 3.356385e+00 3.572659e+00 2.080722e+00 2.484937e+00 1.001620e+00 3.219496e-01 3.068979e-01 6.249949e-01 4.299496e-01 9.364771e-01 8.540443e-01 5.306057e-01 5.932094e-01 9.318665e-01 8.712514e-01 5.873140e-01 7.570224e-01 3.361967e-01
<GCONST> 1.201213e+02
<STATE> 4
<MEAN> 39
 -7.065028e-02 6.494649e+00 7.803959e+00 6.371583e+00 -4.616842e-01 -5.316407e+00 -8.868147e+00 -7.695202e+00 -1.014419e+01 -1.308544e+01 -5.066137e+00 -2.842220e-02 6.819659e+01 -3.213229e+00 3.985173e-01 5.460602e-01 -7.202132e-02 5.797540e-01 1.404014e+00 1.248863e+00 8.204617e-01 1.354218e+00 2.089465e+00 -3.959533e-01 -1.270068e+00 -1.031544e+00 -7.622847e-01 -7.350105e-01 -4.701897e-01 -2.007852e-01 -1.732883e-02 1.865969e-01 2.168496e-01 1.696238e-01 5.527670e-01 4.029438e-01 2.807326e-01 9.431668e-02 2.108457e-01
<VARIANCE> 39
 2.025686e+01 2.266972e+01 3.499402e+01 1.917915e+01 5.989611e+01 4.610650e+01 5.256843e+01 4.987308e+01 6.590710e+01 3.437249e+01 4.544430e+01 6.323379e+01 2.813178e+01 4.198266e+00 3.942003e+00 4.806048e+00 3.684104e+00 6.547222e+00 7.733869e+00 4.452690e+00 4.653341e+00 5.560395e+00 5.648361e+00 4.171662e+00 4.790332e+00 5.778789e+00 6.170182e-01 5.171325e-01 7.502042e-01 4.808412e-01 7.577292e-01 8.572895e-01 6.515155e-01 7.643757e-01 6.677286e-01 7.724856e-01 5.897607e-01 6.162060e-01 6.768139e-01
<GCONST> 1.346137e+02
<TRANSP> 5
 0.000000e+00 1.000000e+00 0.000000e+00 0.000000e+00 0.000000e+00
 0.000000e+00 7.015772e-01 2.984228e-01 0.000000e+00 0.000000e+00
 0.000000e+00 0.000000e+00 6.238069e-01 3.761931e-01 0.000000e+00
 0.000000e+00 0.000000e+00 0.000000e+00 4.900004e-01 5.099995e-01
 0.000000e+00 0.000000e+00 0.000000e+00 0.000000e+00 0.000000e+00
<ENDHMM>
~h "Z_pal"
<BEGINHMM>
<NUMSTATES> 5
<STATE> 2
<MEAN> 39
 -6.865866e+00 -8.192495e-01 1.212105e+01 8.415217e+00 -6.411666e+00 -1.187546e+01 -8.097682e+00 -1.015351e+01 -5.759884e+00 -8.777676e+00 -7.731694e+00 -3.311742e+00 7.712477e+01 -3.076237e+00 4.325308e-01 3.354704e+00 -5.286562e-01 2.382863e+00 -1.976462e-01 2.033683e+00 7.099326e-01 -5.216424e-01 2.423409e-01 -8.805220e-01 -7.828811e-02 2.243183e-01 -5.815454e-01 -6.638671e-02 -2.007701e-01 -2.647477e-01 9.123147e-02 7.348166e-01 1.480952e-01 1.380792e-01 2.735693e-01 7.477844e-02 3.757510e-01 4.434799e-02 2.274216e-02
<VARIANCE> 39
 3.084863e+01 1.230996e+01 6.279144e+01 7.549477e+01 1.271532e+02 4.134160e+01 8.954617e+01 3.214854e+01 3.393022e+01 5.215922e+01 3.513802e+01 2.525449e+01 1.559339e+01 2.884353e+00 1.441897e+00 2.634656e+00 3.830506e+00 3.965859e+00 4.806740e+00 5.526340e+00 5.579494e+00 3.696646e+00 4.736209e+00 5.048918e+00 2.375000e+00 1.830980e+00 3.561463e-01 2.343877e-01 5.554643e-01 6.656075e-01 8.198863e-01 5.167176e-01 8.331217e-01 6.123316e-01 4.985332e-01 6.420676e-01 5.810314e-01 4.189787e-01 1.724294e-01
<GCONST> 1.263719e+02
<STATE> 3
<MEAN> 39
 -2.040441e+01 -1.538792e+00 2.027981e+01 7.323479e+00 1.743986e+00 -6.449147e+00 -1.403233e+00 -5.912808e+00 -4.788552e+00 -6.109450e+00 -6.446698e+00 -2.949024e+00 7.832395e+01 -9.400782e-01 -2.423151e-01 7.619492e-02 5.764893e-02 4.088124e-01 3.190728e-01 2.560511e-01 2.942384e-01 1.778055e-01 9.798250e-02 2.035392e-01 7.167125e-02 7.907412e-02 1.316672e+00 1.022493e-01 -7.972249e-01 7.095340e-02 -6.629865e-01 -4.240335e-01 -7.101433e-01 -3.929089e-01 -2.889435e-02 -2.538553e-01 3.673708e-02 4.854920e-02 -7.813540e-02
<VARIANCE> 39
 3.632678e+01 1.386729e+01 3.497330e+01 8.107153e+01 4.751271e+01 3.630850e+01 3.638161e+01 3.554005e+01 2.211406e+01 7.265079e+01 3.423733e+01 2.135709e+01 5.388972e+00 6.879694e+00 1.455615e+00 2.332330e+00 1.286406e+00 2.481027e+00 3.446000e+00 3.850933e+00 2.423338e+00 1.852553e+00 2.210090e+00 1.760831e+00 1.233599e+00 2.881360e-01 5.836793e-01 3.778182e-01 3.902898e-01 3.148713e-01 4.572995e-01 6.688061e-01 6.270424e-01 5.325540e-01 4.829083e-01 5.647401e-01 5.483650e-01 3.044755e-01 8.998276e-02
<GCONST> 1.134639e+02
<STATE> 4
<MEAN> 39
 -1.047792e+01 -5.955074e-01 1.370435e+01 7.898168e+00 -2.570506e+00 -1.147266e+01 -7.030340e+00 -9.522041e+00 -5.349082e+00 -8.296682e+00 -7.165576e+00 -2.339132e+00 7.792027e+01 3.639328e+00 3.388924e-01 -2.639022e+00 -2.955072e-03 -2.190728e+00 -5.958927e-01 -1.735732e+00 -1.061742e+00 2.879639e-01 -4.631492e-01 3.410582e-01 2.002916e-01 -2.305582e-01 -1.658792e-01 -1.052362e-01 -2.379171e-01 -5.790276e-02 -2.026139e-01 5.720232e-01 2.238518e-01 1.427130e-01 2.556400e-01 8.356842e-02 2.443746e-01 -2.002008e-02 -1.714711e-02
<VARIANCE> 39
 4.676392e+01 1.001398e+01 5.690759e+01 7.180402e+01 9.621870e+01 3.554475e+01 5.834763e+01 3.048091e+01 3.300075e+01 4.849086e+01 3.073879e+01 2.021929e+01 8.702243e+00 3.218969e+00 2.094226e+00 2.731743e+00 2.672263e+00 3.976650e+00 4.826135e+00 4.505566e+00 4.497993e+00 3.955783e+00 4.923959e+00 4.781013e+00 2.384876e+00 1.002662e+00 8.385677e-01 2.618930e-01 4.150736e-01 3.241054e-01 6.665478e-01 6.330068e-01 6.346143e-01 5.477589e-01 4.971767e-01 5.413127e-01 5.387679e-01 4.052479e-01 1.349773e-01
<GCONST> 1.227232e+02
<TRANSP> 5
 0.000000e+00 1.000000e+00 0.000000e+00 0.000000e+00 0.000000e+00
 0.000000e+00 6.681646e-01 3.318355e-01 0.000000e+00 0.000000e+00
 0.000000e+00 0.000000e+00 7.939633e-01 2.060367e-01 0.000000e+00
 0.000000e+00 0.000000e+00 0.000000e+00 6.799462e-01 3.200538e-01
 0.000000e+00 0.000000e+00 0.000000e+00 0.000000e+00 0.000000e+00
<ENDHMM>
~h "g_pal"
<BEGINHMM>
<NUMSTATES> 5
<STATE> 2
<MEAN> 39
 -1.240337e+00 9.008088e+00 9.454221e+00 1.235778e+01 -5.438502e+00 -7.457017e+00 -7.937486e+00 -4.059924e+00 -3.932493e+00 -1.413484e+01 -2.056116e+00 -3.560361e-02 6.528634e+01 -5.458304e-01 4.118548e-01 8.725737e-01 3.813489e-01 7.166832e-01 1.346233e-01 9.740270e-01 5.806412e-01 -4.386631e-01 7.748957e-01 -6.603752e-02 -7.773250e-01 -6.047659e-01 -6.650640e-01 -9.623614e-01 -2.605964e-01 -5.743816e-01 -3.451644e-01 1.958048e-01 5.448483e-03 -6.651980e-01 -6.013229e-02 3.819487e-01 -3.388350e-02 -6.223929e-02 1.315846e+00
<VARIANCE> 39
 2.422935e+01 3.216088e+01 4.129555e+01 3.975331e+01 6.401566e+01 3.859289e+01 5.763701e+01 4.069807e+01 1.035785e+02 5.002913e+01 4.633161e+01 6.654933e+01 3.478769e+01 4.793713e+00 6.323257e+00 3.041752e+00 4.332694e+00 5.450190e+00 5.935795e+00 4.923098e+00 5.524610e+00 4.731721e+00 5.048357e+00 3.852780e+00 2.836334e+00 8.892622e+00 6.284889e-01 6.228801e-01 4.404781e-01 5.499932e-01 8.207248e-01 8.707640e-01 8.209770e-01 9.717421e-01 1.040403e+00 9.776090e-01 7.826089e-01 5.922425e-01 1.127061e+00
<GCONST> 1.384175e+02
<STATE> 3
<MEAN> 39
 -9.712876e+00 2.845612e+00 1.011853e+01 9.002930e+00 -4.658116e+00 -3.164626e+00 -5.078777e+00 -6.869588e+00 -7.348261e+00 -9.459675e+00 -2.044709e+00 -4.147442e+00 7.333396e+01 -1.677362e+00 -1.793707e+00 4.000272e-01 -3.253671e-01 -1.175144e+00 -6.425713e-01 -2.459058e-01 -1.683818e+00 -2.554176e-01 -1.547091e-01 -3.339828e-01 3.330134e-01 3.174673e+00 7.970161e-01 2.544925e-01 -5.375303e-02 1.907718e-01 -7.747916e-01 -8.228097e-01 -5.536278e-01 -3.011211e-01 3.305198e-01 -6.148400e-01 -8.955881e-03 5.224437e-01 -5.841218e-02
<VARIANCE> 39
 2.346899e+01 4.120232e+01 4.493162e+01 3.685519e+01 4.900851e+01 4.394180e+01 4.040930e+01 2.846325e+01 5.170024e+01 4.493447e+01 3.544174e+01 4.668213e+01 3.352209e+01 3.700199e+00 4.678427e+00 2.888519e+00 3.325381e+00 5.174293e+00 6.323854e+00 3.945385e+00 3.789587e+00 3.920938e+00 4.417917e+00 3.607434e+00 2.947652e+00 3.311873e+00 6.284237e-01 1.195879e+00 6.118407e-01 7.527316e-01 8.942378e-01 1.117436e+00 8.790346e-01 7.887092e-01 1.000869e+00 8.233005e-01 8.682635e-01 5.836337e-01 1.098872e+00
<GCONST> 1.348732e+02
<STATE> 4
<MEAN> 39
 -7.104548e+00 1.424117e+00 1.022083e+01 1.114060e+01 -1.163035e+01 -1.230505e+01 -8.553538e+00 -1.179557e+01 -4.647984e+00 -1.443342e+01 -3.951873e+00 4.951789e-01 7.805009e+01 1.057600e+00 -7.862095e-01 -6.192302e-01 -1.058426e-01 -1.998753e+00 -1.462398e+00 -1.142661e+00 -9.025862e-01 1.288675e+00 -8.646218e-02 1.473106e-02 6.041599e-01 1.172014e+00 3.951716e-01 1.659252e-01 -4.943747e-01 -2.752946e-01 4.001974e-01 6.172456e-01 -2.401411e-02 4.729808e-01 2.116408e-01 4.319811e-01 1.912616e-01 -2.939166e-01 -5.694057e-01
<VARIANCE> 39
 1.150980e+01 1.546892e+01 3.228555e+01 4.110843e+01 1.041705e+02 4.521537e+01 6.348118e+01 3.749075e+01 7.854735e+01 3.568023e+01 5.716659e+01 4.649814e+01 1.050760e+01 1.087948e+00 2.563805e+00 2.945156e+00 2.727357e+00 4.557590e+00 4.858989e+00 3.282818e+00 4.349308e+00 4.502132e+00 4.623940e+00 4.066324e+00 3.048718e+00 1.480011e+00 3.073048e-01 3.510411e-01 3.674333e-01 4.053791e-01 8.634216e-01 7.336336e-01 5.939966e-01 5.999407e-01 6.690860e-01 5.702968e-01 7.342404e-01 4.736721e-01 2.657845e-01
<GCONST> 1.243051e+02
<TRANSP> 5
 0.000000e+00 1.000000e+00 0.000000e+00 0.000000e+00 0.000000e+00
 0.000000e+00 6.426332e-01 3.573668e-01 0.000000e+00 0.000000e+00
 0.000000e+00 0.000000e+00 5.631447e-01 4.368553e-01 0.000000e+00
 0.000000e+00 0.000000e+00 0.000000e+00 5.652755e-01 4.347245e-01
 0.000000e+00 0.000000e+00 0.000000e+00 0.000000e+00 0.000000e+00
<ENDHMM>
~h "t_pal"
<BEGINHMM>
<NUMSTATES> 5
<STATE> 2
<MEAN> 39
 -1.175622e+01 4.807941e+00 5.958473e+00 7.040961e+00 1.643140e+00 -1.611386e+00 -4.359979e+00 -2.840346e+00 -2.708552e+00 -4.265181e+00 -1.995944e+00 -1.828230e+00 5.888704e+01 -1.743637e+00 -8.590454e-01 -8.306616e-01 -9.140728e-01 8.656764e-01 1.350252e+00 1.602860e+00 1.291551e+00 5.980505e-01 1.236180e+00 4.168440e-01 5.693807e-01 -2.485079e+00 3.277527e-02 -5.689521e-01 -6.714000e-01 -6.783057e-01 -8.413115e-01 -4.636947e-01 -2.733769e-01 -2.273388e-01 -3.196103e-02 -3.674963e-02 1.810024e-01 2.017560e-01 1.936501e+00
<VARIANCE> 39
 5.924458e+01 2.186875e+01 4.163113e+01 3.586196e+01 3.319509e+01 3.727525e+01 3.667655e+01 3.087009e+01 3.843371e+01 3.110205e+01 2.726159e+01 2.682942e+01 6.248730e+01 5.054427e+00 3.492961e+00 4.939720e+00 4.563097e+00 4.581748e+00 3.717627e+00 3.818546e+00 3.377842e+00 2.927880e+00 3.021944e+00 2.717234e+00 2.917795e+00 1.344188e+01 5.877153e-01 5.655634e-01 7.441632e-01 6.510527e-01 6.272997e-01 7.632372e-01 7.067427e-01 6.538940e-01 5.994130e-01 5.309668e-01 4.776030e-01 4.345957e-01 2.062527e+00
<GCONST> 1.310211e+02
<STATE> 3
<MEAN> 39
 -1.792735e+01 -1.078240e+00 -1.525571e+00 -1.071515e+00 -1.178006e+00 -6.667285e-01 -1.092808e+00 -1.525400e-02 -1.329407e+00 -1.297906e-01 1.060290e+00 1.974192e+00 6.641747e+01 -3.386099e-02 -3.304578e-01 -2.663849e-01 -1.060111e+00 -1.499034e+00 -1.559678e+00 -8.317189e-01 -4.327322e-01 -5.844350e-01 -3.918354e-01 -2.276511e-01 8.926341e-02 4.600768e+00 1.207012e+00 6.612118e-01 1.046844e+00 1.054748e+00 -3.826155e-01 -8.788169e-01 -9.874746e-01 -8.416124e-01 -3.284959e-01 -9.380301e-01 -4.901280e-01 -5.831091e-01 5.032734e-01
<VARIANCE> 39
 2.521464e+01 2.273705e+01 2.576377e+01 2.661243e+01 3.035997e+01 2.588922e+01 2.408272e+01 2.292166e+01 2.643864e+01 2.013248e+01 1.764910e+01 1.532740e+01 8.276723e+01 5.871092e+00 3.112512e+00 5.909149e+00 5.319568e+00 3.366201e+00 4.131988e+00 4.354430e+00 3.501623e+00 3.424294e+00 3.796531e+00 2.856681e+00 2.840472e+00 6.287971e+00 8.037033e-01 5.465546e-01 7.880018e-01 9.586957e-01 1.019681e+00 9.860812e-01 9.319710e-01 7.231473e-01 7.288842e-01 6.559534e-01 6.920028e-01 6.928720e-01 2.134448e+00
<GCONST> 1.298336e+02
<STATE> 4
<MEAN> 39
 -1.265763e+01 3.437896e+00 5.461551e+00 3.209939e+00 -3.087059e+00 -7.292120e+00 -6.603725e+00 -4.387836e+00 -4.602569e+00 -5.487802e+00 -3.117296e+00 -1.110771e+00 7.452103e+01 3.492358e+00 5.827758e-01 2.087179e+00 2.488900e+00 -1.845113e+00 -2.630922e+00 -2.598703e+00 -2.631566e+00 -4.347475e-01 -2.228469e+00 -9.803869e-01 -1.150205e+00 2.186973e+00 3.815758e-01 -3.507178e-01 -2.684617e-01 3.289819e-01 -1.851180e-01 3.148922e-01 5.125017e-02 -1.836729e-01 4.028116e-01 4.077209e-02 2.444484e-01 1.812508e-02 -9.393199e-01
<VARIANCE> 39
 3.787857e+01 1.839908e+01 4.710126e+01 3.420115e+01 4.948698e+01 3.739028e+01 3.852211e+01 3.355408e+01 3.762007e+01 3.396988e+01 2.113915e+01 1.825568e+01 1.312623e+01 2.314879e+00 3.125027e+00 3.906866e+00 3.833064e+00 6.514533e+00 5.147944e+00 5.668186e+00 3.841775e+00 4.279226e+00 3.850702e+00 4.223800e+00 3.596090e+00 3.660479e+00 9.026569e-01 4.735733e-01 8.865801e-01 8.983974e-01 6.170654e-01 8.579435e-01 8.493710e-01 8.096730e-01 6.120509e-01 6.873670e-01 5.547029e-01 4.993915e-01 6.147048e-01
<GCONST> 1.293541e+02
<TRANSP> 5
 0.000000e+00 1.000000e+00 0.000000e+00 0.000000e+00 0.000000e+00
 0.000000e+00 6.631612e-01 3.368389e-01 0.000000e+00 0.000000e+00
 0.000000e+00 0.000000e+00 6.002616e-01 3.997384e-01 0.000000e+00
 0.000000e+00 0.000000e+00 0.000000e+00 5.226964e-01 4.773036e-01
 0.000000e+00 0.000000e+00 0.000000e+00 0.000000e+00 0.000000e+00
<ENDHMM>
~h "j_pal"
<BEGINHMM>
<NUMSTATES> 5
<STATE> 2
<MEAN> 39
 -5.852426e+00 1.564363e+00 8.975589e+00 9.582125e+00 -1.434501e+01 -9.572575e+00 -9.634124e+00 -1.221795e+01 -3.133630e+00 -1.262893e+01 -3.099756e+00 -1.547223e+00 7.649540e+01 -1.986919e-01 3.481529e-01 1.253514e+00 7.668357e-01 -6.499820e-01 -6.709453e-01 3.134525e-01 -5.739970e-01 -3.352033e-01 -7.472891e-01 -3.506112e-01 9.241795e-02 5.272102e-01 1.877254e-02 -1.442420e-01 -4.882116e-01 -4.544548e-01 2.726363e-01 3.520559e-01 2.703753e-02 1.807409e-01 1.817919e-02 3.600010e-01 1.872865e-01 -1.527319e-02 -1.479612e-01
<VARIANCE> 39
 1.580263e+01 3.467386e+01 6.573586e+01 4.146827e+01 1.055729e+02 5.402133e+01 8.569675e+01 5.420364e+01 7.265918e+01 5.274447e+01 5.029174e+01 3.870280e+01 4.010084e+01 1.640693e+00 1.528910e+00 4.089484e+00 2.355916e+00 3.551618e+00 3.425873e+00 4.023000e+00 3.855128e+00 2.912951e+00 3.401647e+00 2.742371e+00 1.931550e+00 3.685139e+00 2.367783e-01 2.808361e-01 4.993244e-01 4.243799e-01 5.245042e-01 5.497344e-01 5.403407e-01 6.908796e-01 5.587782e-01 5.558323e-01 4.069065e-01 3.478077e-01 2.072912e-01
<GCONST> 1.250033e+02
<STATE> 3
<MEAN> 39
 -6.347031e+00 2.130192e+00 1.091464e+01 1.121182e+01 -1.362230e+01 -1.126618e+01 -6.857313e+00 -1.350806e+01 -4.664450e+00 -1.256421e+01 -4.326872e+00 -2.908913e-01 7.722928e+01 3.594338e-01 -4.067954e-01 -9.280189e-01 -1.039473e-01 -1.568099e-02 -3.679703e-01 -5.849985e-01 4.153562e-01 5.609819e-01 2.494968e-01 1.597858e-01 3.277393e-02 3.218613e-01 1.886732e-01 -1.356146e-01 -5.207058e-01 -2.838976e-01 1.186095e-01 1.788833e-01 -2.305480e-01 1.312311e-01 2.091852e-01 2.381812e-01 9.911592e-02 -5.163901e-02 2.922116e-02
<VARIANCE> 39
 1.385154e+01 2.212260e+01 5.129581e+01 3.747603e+01 1.148236e+02 5.718088e+01 7.299099e+01 4.369951e+01 7.307188e+01 4.725623e+01 5.656623e+01 3.403698e+01 1.382921e+01 5.599719e-01 8.441497e-01 2.224223e+00 1.273930e+00 1.880230e+00 1.830930e+00 2.020423e+00 2.095948e+00 1.905395e+00 1.841050e+00 1.618991e+00 1.122942e+00 6.868633e-01 1.111546e-01 1.387240e-01 3.163902e-01 3.165658e-01 4.172785e-01 4.946081e-01 3.912845e-01 4.604459e-01 3.774849e-01 4.330707e-01 3.720629e-01 2.545066e-01 1.162940e-01
<GCONST> 1.085216e+02
<STATE> 4
<MEAN> 39
 -2.644522e+00 -8.527500e-01 1.921365e+00 8.045364e+00 -1.196599e+01 -1.087020e+01 -1.238725e+01 -1.241549e+01 7.209121e-01 -9.144826e+00 -3.138574e+00 -1.455668e+00 7.882462e+01 9.266441e-01 -2.994164e-01 -1.968992e+00 -1.958046e+00 4.114428e-01 1.534721e+00 -3.332478e-01 -1.250356e-01 1.880795e-01 1.306823e+00 7.177059e-01 -3.301316e-01 2.173799e-01 -3.932556e-02 1.764937e-01 2.384528e-01 -3.526975e-01 7.044475e-02 4.996808e-01 5.469270e-01 5.570839e-03 -5.052970e-01 -9.275035e-02 5.778986e-02 -5.845260e-05 -2.121777e-01
<VARIANCE> 39
 1.153339e+01 2.026118e+01 3.973207e+01 4.910358e+01 1.088974e+02 5.342326e+01 9.261813e+01 6.975737e+01 5.529567e+01 5.526537e+01 6.736510e+01 4.907255e+01 1.430466e+01 5.127718e-01 1.075355e+00 2.332090e+00 3.072211e+00 3.096941e+00 3.088350e+00 3.382657e+00 3.846224e+00 3.533633e+00 3.797612e+00 3.510096e+00 2.405208e+00 4.807900e-01 1.004254e-01 1.355358e-01 3.014123e-01 4.731260e-01 5.966290e-01 5.797303e-01 5.291354e-01 6.152260e-01 4.728242e-01 6.206846e-01 5.175551e-01 3.667422e-01 8.397535e-02
<GCONST> 1.173402e+02
<TRANSP> 5
 0.000000e+00 1.000000e+00 0.000000e+00 0.000000e+00 0.000000e+00
 0.000000e+00 5.007793e-01 4.992207e-01 0.000000e+00 0.000000e+00
 0.000000e+00 0.000000e+00 6.970922e-01 3.029078e-01 0.000000e+00
 0.000000e+00 0.000000e+00 0.000000e+00 5.501358e-01 4.498642e-01
 0.000000e+00 0.000000e+00 0.000000e+00 0.000000e+00 0.000000e+00
<ENDHMM>
~h "S_pal"
<BEGINHMM>
<NUMSTATES> 5
<STATE> 2
<MEAN> 39
 -1.770662e+01 -3.964939e+00 1.431945e+01 6.330674e+00 -4.798928e-01 -6.470789e+00 -2.611833e+00 -4.374600e+00 -2.479666e+00 -4.986814e+00 -4.756392e+00 -1.291853e+00 7.766642e+01 -5.636516e+00 -2.223223e+00 7.917116e-01 -1.269799e+00 1.697429e+00 1.004557e+00 2.737304e+00 1.910496e+00 1.484092e+00 1.853863e+00 9.507871e-01 8.593267e-01 5.845672e-01 3.220193e-02 -4.439839e-01 -1.047094e+00 -5.482612e-01 -9.333270e-01 -5.459499e-02 -2.971840e-01 -1.654066e-01 1.907533e-01 5.429294e-02 4.475162e-01 2.003619e-01 -2.721530e-02
<VARIANCE> 39
 7.349185e+01 2.453742e+01 5.040050e+01 6.102745e+01 5.649246e+01 3.380375e+01 4.303949e+01 3.500297e+01 3.316453e+01 6.544328e+01 3.094192e+01 2.043482e+01 1.298679e+01 1.940695e+00 2.880010e+00 5.261704e+00 2.928842e+00 6.082460e+00 4.806139e+00 4.158356e+00 3.699789e+00 4.218496e+00 3.752807e+00 4.291616e+00 2.550714e+00 1.722058e+00 1.188258e+00 6.582094e-01 4.022309e-01 4.642168e-01 6.929445e-01 7.627898e-01 8.172359e-01 7.264426e-01 7.511951e-01 7.695311e-01 6.594892e-01 4.121490e-01 2.148530e-01
<GCONST> 1.285658e+02
<STATE> 3
<MEAN> 39
 -3.118446e+01 -1.240674e+01 9.576991e+00 -8.924286e-01 -2.607155e+00 -6.517529e+00 1.308174e+00 -1.079290e+00 1.237288e+00 -3.781387e-01 -4.047927e-03 2.361767e+00 7.803949e+01 -3.710683e-01 -3.662330e-01 -6.767440e-01 -5.172668e-01 -3.491085e-01 -4.017656e-01 -2.107987e-01 -3.189992e-02 1.703218e-01 1.219225e-01 2.647603e-01 1.796114e-01 -2.350892e-01 1.286945e+00 7.418076e-01 9.892619e-02 5.179846e-01 7.961348e-02 -2.889641e-02 -4.530251e-01 -3.333265e-01 -2.572425e-01 -4.196924e-01 -2.994905e-01 -2.657160e-01 -2.545955e-01
<VARIANCE> 39
 1.359154e+01 1.776307e+01 3.056627e+01 5.439476e+01 2.720655e+01 5.422359e+01 2.169343e+01 1.883585e+01 2.360008e+01 3.027035e+01 1.381034e+01 1.199440e+01 6.405239e+00 4.443596e+00 2.901890e+00 1.731858e+00 2.762343e+00 1.858826e+00 2.035436e+00 1.890917e+00 1.661414e+00 1.820603e+00 1.872878e+00 1.738906e+00 1.502923e+00 8.554058e-01 4.283065e-01 3.732253e-01 3.140965e-01 3.060874e-01 4.531155e-01 5.622979e-01 4.719938e-01 4.054677e-01 4.351128e-01 3.680421e-01 3.447413e-01 2.789453e-01 1.797612e-01
<GCONST> 1.069705e+02
<STATE> 4
<MEAN> 39
 -1.935799e+01 -6.236414e+00 8.856542e+00 3.862249e+00 -1.272233e+00 -8.128915e+00 -3.540702e+00 -4.483606e+00 -7.960966e-01 -3.602782e+00 -2.568644e+00 -1.671845e-01 7.585114e+01 5.327986e+00 2.784787e+00 -2.050042e-01 1.412376e+00 -5.532628e-01 -8.369519e-02 -2.097503e+00 -1.901371e+00 -1.328505e+00 -1.745986e+00 -9.870133e-01 -9.103236e-01 -6.928105e-01 2.342140e-01 -1.514147e-01 -3.194476e-01 -2.204768e-01 -5.767382e-01 9.451842e-02 -1.097174e-01 -1.818500e-01 -9.323804e-02 -4.665695e-02 1.389125e-01 1.001517e-01 1.297665e-01
<VARIANCE> 39
 9.200559e+01 4.069239e+01 4.604061e+01 6.455738e+01 6.204142e+01 4.093276e+01 4.187753e+01 3.512598e+01 3.989991e+01 4.496019e+01 2.933012e+01 2.154658e+01 1.084871e+01 4.815031e+00 3.017843e+00 3.489319e+00 3.488415e+00 6.225866e+00 6.059179e+00 5.215344e+00 3.620020e+00 4.368796e+00 4.111375e+00 3.782280e+00 3.106558e+00 2.984445e+00 1.489759e+00 9.216334e-01 5.489767e-01 6.462742e-01 7.351337e-01 8.123002e-01 8.344378e-01 7.405429e-01 8.389385e-01 7.685966e-01 6.201993e-01 5.491347e-01 2.709220e-01
<GCONST> 1.330119e+02
<TRANSP> 5
 0.000000e+00 1.000000e+00 0.000000e+00 0.000000e+00 0.000000e+00
 0.000000e+00 6.514108e-01 3.485892e-01 0.000000e+00 0.000000e+00
 0.000000e+00 0.000000e+00 8.181760e-01 1.818240e-01 0.000000e+00
 0.000000e+00 0.000000e+00 0.000000e+00 6.383970e-01 3.616030e-01
 0.000000e+00 0.000000e+00 0.000000e+00 0.000000e+00 0.000000e+00
<ENDHMM>
~h "m_pal"
<BEGINHMM>
<NUMSTATES> 5
<STATE> 2
<MEAN> 39
 3.915629e+00 1.166303e+00 4.593989e+00 6.546406e+00 -1.060995e+00 -3.685075e+00 -1.024351e+01 -1.168360e+01 -7.410330e+00 -1.353849e+01 -4.825600e+00 2.699368e+00 7.144231e+01 9.531133e-01 7.484205e-01 1.481443e+00 1.031537e+00 1.918057e+00 -4.343273e-01 -9.383700e-01 -1.607264e-01 -1.505586e+00 -1.531265e+00 -1.779512e-01 1.288964e+00 -1.190175e+00 -6.179585e-01 -2.085967e-01 -4.607836e-01 -3.105642e-01 -8.057243e-01 -1.355947e-01 1.288715e-01 9.504899e-02 6.401198e-01 6.903565e-01 1.479721e-01 -4.497614e-01 6.344794e-01
<VARIANCE> 39
 7.859838e+00 2.381894e+01 4.106716e+01 2.379255e+01 6.153039e+01 6.174955e+01 7.945329e+01 5.964486e+01 7.425872e+01 4.450924e+01 5.430092e+01 6.151564e+01 1.454795e+01 1.616041e+00 2.249571e+00 3.364706e+00 3.304772e+00 5.530005e+00 4.245515e+00 3.122546e+00 3.562556e+00 3.851537e+00 3.963954e+00 2.924598e+00 2.922984e+00 2.678993e+00 3.069855e-01 3.592930e-01 6.360722e-01 5.119627e-01 7.550284e-01 6.630479e-01 5.566096e-01 6.449782e-01 6.947334e-01 8.824266e-01 4.927722e-01 5.773689e-01 2.823986e-01
<GCONST> 1.264627e+02
<STATE> 3
<MEAN> 39
 4.023943e+00 2.023574e+00 5.122156e+00 7.759958e+00 -1.103344e+00 -5.615222e+00 -1.277625e+01 -1.236646e+01 -8.278115e+00 -1.352908e+01 -4.547034e+00 2.701207e+00 7.113601e+01 -4.866986e-01 -3.553972e-01 -8.054255e-01 -1.548673e-01 -1.107955e+00 -2.738518e-01 -1.269879e-02 -1.116414e-01 8.480340e-01 1.137633e+00 -8.203053e-02 -9.979075e-01 1.048623e+00 -5.719599e-01 -4.068570e-01 -5.532967e-01 -3.822234e-01 -1.012581e+00 4.061019e-02 4.746872e-01 9.163892e-02 8.265251e-01 7.026358e-01 -4.248596e-02 -7.016335e-01 7.076703e-01
<VARIANCE> 39
 5.804444e+00 2.560639e+01 3.368351e+01 2.129483e+01 7.362838e+01 6.772876e+01 6.808975e+01 5.873387e+01 7.359355e+01 3.775196e+01 4.498038e+01 6.592023e+01 8.997805e+00 8.042624e-01 1.993218e+00 2.848331e+00 2.163647e+00 3.623354e+00 2.421635e+00 2.255163e+00 2.141131e+00 2.958772e+00 3.103604e+00 2.116198e+00 2.481186e+00 1.659555e+00 2.815876e-01 3.726733e-01 7.244141e-01 5.841763e-01 9.403883e-01 8.644340e-01 5.671842e-01 6.449636e-01 7.407846e-01 8.041010e-01 6.230816e-01 5.669809e-01 2.506694e-01
<GCONST> 1.213336e+02
<STATE> 4
<MEAN> 39
 1.159313e+00 -9.009565e-01 4.243829e-01 5.913864e+00 -7.907674e+00 -6.833257e+00 -1.078754e+01 -1.278986e+01 -2.359791e+00 -7.645699e+00 -5.396073e+00 -3.011555e+00 7.702127e+01 -1.355163e+00 -8.882783e-01 -8.109481e-01 -6.176534e-01 -2.673636e+00 -6.094129e-01 1.107190e+00 1.765963e-01 2.174053e+00 1.340221e+00 -9.484462e-02 -1.539966e+00 1.859145e+00 -1.570034e-01 2.003011e-01 3.689951e-01 -7.981985e-02 2.539531e-01 1.114502e-01 1.933074e-01 2.122361e-01 -2.043436e-01 -4.341801e-01 1.154801e-01 3.386039e-01 -2.614959e-01
<VARIANCE> 39
 7.895010e+00 1.871073e+01 4.390141e+01 3.392981e+01 6.797191e+01 5.297841e+01 7.687183e+01 4.505149e+01 5.511232e+01 4.335157e+01 5.407227e+01 5.325807e+01 1.546512e+01 1.170743e+00 2.312658e+00 4.848336e+00 3.264344e+00 5.568265e+00 5.042893e+00 3.554957e+00 4.289844e+00 4.191355e+00 5.767867e+00 3.937541e+00 3.244672e+00 1.550040e+00 2.784626e-01 3.214869e-01 4.131169e-01 3.660450e-01 7.385139e-01 4.490438e-01 5.216091e-01 4.345998e-01 6.802310e-01 5.995285e-01 4.409277e-01 3.975374e-01 2.108585e-01
<GCONST> 1.237040e+02
<TRANSP> 5
 0.000000e+00 1.000000e+00 0.000000e+00 0.000000e+00 0.000000e+00
 0.000000e+00 5.093492e-01 4.906507e-01 0.000000e+00 0.000000e+00
 0.000000e+00 0.000000e+00 5.983809e-01 4.016191e-01 0.000000e+00
 0.000000e+00 0.000000e+00 0.000000e+00 5.352504e-01 4.647496e-01
 0.000000e+00 0.000000e+00 0.000000e+00 0.000000e+00 0.000000e+00
<ENDHMM>
~h "z_pal"
<BEGINHMM>
<NUMSTATES> 5
<STATE> 2
<MEAN> 39
 -1.158884e+01 9.391907e+00 3.191125e+00 1.542839e+00 2.004922e+00 -7.976397e+00 -1.349079e+01 -1.080528e+01 -5.914062e+00 -7.073746e+00 -2.724789e+00 -5.896770e+00 7.832935e+01 -3.942802e+00 3.376578e+00 7.562485e-01 -2.428873e-01 3.235204e+00 1.186767e+00 1.038624e+00 9.184248e-01 -5.283356e-01 1.525310e-01 -8.038242e-01 -1.163341e-01 -4.860959e-01 7.729584e-02 -2.794185e-01 -1.589755e-01 2.504556e-01 -4.839261e-01 3.982667e-01 3.601449e-01 1.802240e-01 2.469826e-01 -7.194436e-02 -3.873511e-02 1.565148e-01 -1.993434e-01
<VARIANCE> 39
 2.962578e+01 2.451601e+01 4.480630e+01 3.772892e+01 4.139488e+01 8.093480e+01 3.830119e+01 3.261238e+01 3.066522e+01 3.113926e+01 3.509114e+01 5.463893e+01 4.716051e+00 1.847379e+00 1.679115e+00 3.281728e+00 3.400199e+00 2.718195e+00 4.819708e+00 6.800259e+00 3.867094e+00 3.632154e+00 3.676647e+00 3.762526e+00 2.286147e+00 9.276742e-01 6.329017e-01 5.150050e-01 3.340803e-01 4.181998e-01 4.800649e-01 7.062092e-01 6.755097e-01 5.956607e-01 4.385865e-01 5.715538e-01 4.455737e-01 3.799294e-01 1.373799e-01
<GCONST> 1.207453e+02
<STATE> 3
<MEAN> 39
 -2.129744e+01 1.521323e+01 5.088209e+00 3.275297e+00 8.255611e+00 -1.865065e+00 -8.407319e+00 -7.246483e+00 -5.172095e+00 -6.654860e+00 -3.813340e+00 -4.563622e+00 7.609351e+01 -1.469218e-01 5.244070e-02 2.173120e-01 7.036809e-01 2.205876e-01 5.307467e-01 5.407102e-01 5.707281e-01 8.400092e-02 1.452698e-01 -2.339875e-01 1.589142e-01 -1.024509e+00 1.563506e+00 -8.800786e-01 -1.594796e-02 1.731287e-01 -8.794250e-01 -5.699318e-01 -3.837325e-01 -2.661216e-01 3.622679e-02 -7.487853e-02 1.577010e-01 7.096861e-02 -1.686646e-01
<VARIANCE> 39
 3.095770e+01 1.699748e+01 5.507722e+01 4.323259e+01 2.776152e+01 5.948820e+01 3.820237e+01 3.851677e+01 3.170470e+01 3.877646e+01 4.186694e+01 3.392134e+01 7.374938e+00 5.765108e+00 2.963155e+00 1.888376e+00 2.651438e+00 2.732929e+00 3.795715e+00 3.141209e+00 2.149413e+00 1.911428e+00 2.037880e+00 1.860539e+00 1.400747e+00 1.868484e+00 4.080263e-01 4.586777e-01 5.241744e-01 5.197973e-01 4.646521e-01 6.276155e-01 7.926127e-01 5.613980e-01 5.016050e-01 4.664299e-01 4.258375e-01 2.953666e-01 3.209116e-01
<GCONST> 1.187527e+02
<STATE> 4
<MEAN> 39
 -1.291014e+01 1.163295e+01 6.361817e+00 5.982194e+00 4.976875e+00 -3.933978e+00 -9.630521e+00 -7.661232e+00 -5.190088e+00 -6.197789e+00 -3.821728e+00 -3.798844e+00 7.221271e+01 3.623978e+00 -1.224664e+00 4.066308e-01 1.244460e+00 -1.659707e+00 -1.272500e+00 -2.461672e-01 -7.072119e-02 1.597391e-01 -2.944848e-01 6.695023e-02 1.698619e-01 -1.545029e+00 1.111188e-02 -3.066132e-01 -8.628953e-02 -6.345387e-02 -3.671587e-01 -1.011426e-01 1.197669e-01 -7.575059e-02 6.129023e-02 -1.586921e-01 7.145062e-02 -2.134029e-02 3.707272e-01
<VARIANCE> 39
 3.880146e+01 3.177374e+01 4.890836e+01 4.245416e+01 4.007619e+01 7.752063e+01 3.369892e+01 3.640902e+01 3.437750e+01 3.530275e+01 3.584081e+01 3.170436e+01 3.265825e+01 2.652225e+00 3.729705e+00 3.520748e+00 3.023238e+00 3.915712e+00 4.762726e+00 4.835385e+00 4.724478e+00 3.395845e+00 2.691297e+00 2.580847e+00 1.580254e+00 4.535865e+00 7.734651e-01 6.650784e-01 4.752834e-01 6.013254e-01 5.683450e-01 8.772784e-01 7.375181e-01 6.196211e-01 5.477186e-01 4.713038e-01 4.379354e-01 3.062988e-01 6.543187e-01
<GCONST> 1.278672e+02
<TRANSP> 5
 0.000000e+00 1.000000e+00 0.000000e+00 0.000000e+00 0.000000e+00
 0.000000e+00 6.275612e-01 3.724387e-01 0.000000e+00 0.000000e+00
 0.000000e+00 0.000000e+00 7.051930e-01 2.948070e-01 0.000000e+00
 0.000000e+00 0.000000e+00 0.000000e+00 5.349590e-01 4.650410e-01
 0.000000e+00 0.000000e+00 0.000000e+00 0.000000e+00 0.000000e+00
<ENDHMM>
~h "sil"
<BEGINHMM>
<NUMSTATES> 5
<STATE> 2
<MEAN> 39
 -1.055383e+01 2.588280e-01 -1.426886e-02 2.632778e+00 2.145000e+00 3.650783e+00 5.399640e-01 -5.910758e-01 -2.095067e+00 -2.953367e+00 -1.470487e+00 7.048634e-01 4.784663e+01 -9.329299e-01 -1.235651e-01 -3.777533e-01 -4.786986e-01 -2.557738e-01 -3.131647e-01 -1.018281e-01 2.555136e-01 3.983114e-01 6.486708e-01 4.222856e-01 2.232767e-01 -1.588748e+00 2.251065e-02 4.022266e-02 -7.802889e-03 -6.582178e-02 -2.011427e-01 -1.508030e-01 -8.412012e-02 -6.412673e-02 3.984832e-02 2.562661e-02 -2.268344e-02 -4.108737e-02 1.962803e-01
<VARIANCE> 39
 3.399823e+01 1.504094e+01 2.397607e+01 2.753359e+01 2.958893e+01 3.437409e+01 3.035445e+01 2.959962e+01 2.979408e+01 3.065566e+01 2.870014e+01 3.728797e+01 1.322441e+02 2.285086e+00 1.158890e+00 1.615383e+00 2.263872e+00 2.559549e+00 2.743697e+00 2.250936e+00 2.447721e+00 2.535971e+00 2.712384e+00 2.498912e+00 2.576384e+00 3.869198e+00 2.408891e-01 1.792177e-01 2.751029e-01 3.751373e-01 4.715270e-01 4.202443e-01 3.680151e-01 3.971329e-01 3.842060e-01 4.033718e-01 3.393563e-01 3.315736e-01 2.412462e-01
<GCONST> 1.134529e+02
<STATE> 3
<MEAN> 39
 -1.386393e+01 7.499364e-01 -1.368398e+00 9.630382e-01 3.666607e-01 1.337200e+00 -5.710914e-02 1.897509e-01 -1.289247e-01 -3.455692e-02 -1.488191e-01 7.460824e-01 4.429361e+01 -9.386893e-02 2.438769e-02 -1.660893e-04 2.327031e-02 -3.517333e-02 -3.221518e-02 -8.965123e-03 7.316078e-02 1.090549e-01 1.340029e-01 7.616591e-02 1.625317e-02 -1.547387e-01 7.966346e-02 -5.623130e-03 5.833456e-02 5.473146e-02 5.169139e-02 6.484429e-02 2.295949e-02 -3.366514e-02 -4.086679e-02 -7.560514e-02 -2.428809e-02 -1.047171e-02 2.301726e-01
<VARIANCE> 39
 5.504879e+00 4.928575e+00 6.811016e+00 7.764567e+00 9.188193e+00 1.063028e+01 1.324358e+01 1.427969e+01 1.390265e+01 1.450051e+01 1.246687e+01 1.255472e+01 1.528145e+01 4.314151e-01 4.853226e-01 6.536180e-01 7.919501e-01 9.971632e-01 1.230367e+00 1.368798e+00 1.521747e+00 1.469403e+00 1.514552e+00 1.373722e+00 1.341230e+00 1.687289e+00 1.252703e-01 1.169372e-01 1.500429e-01 1.872443e-01 2.188026e-01 2.653871e-01 2.820207e-01 3.178690e-01 3.121123e-01 3.207421e-01 2.904101e-01 2.814271e-01 1.976180e-01
<GCONST> 8.302554e+01
<STATE> 4
<MEAN> 39
 -1.327600e+01 1.891776e-01 -9.052742e-01 1.204199e+00 1.300088e-02 1.353599e+00 -3.450778e-01 -9.453195e-02 4.610218e-03 -1.582889e-01 9.413797e-02 5.557792e-01 4.357675e+01 5.889629e-01 1.928972e-01 5.802634e-01 2.140164e-01 -3.372825e-01 -2.616642e-01 -3.960659e-01 -4.921713e-01 -3.470469e-01 -6.061838e-01 -8.419573e-02 -1.810156e-01 1.919988e+00 2.348056e-01 4.616974e-02 1.267634e-01 -3.135237e-02 -1.973637e-01 -1.557620e-01 -2.143246e-01 -2.621353e-01 -1.739565e-01 -2.717738e-01 -8.093965e-02 -5.531743e-02 7.334360e-01
<VARIANCE> 39
 2.307313e+01 1.612487e+01 1.652549e+01 1.663314e+01 1.728464e+01 2.102687e+01 2.182138e+01 2.333693e+01 2.165017e+01 2.135874e+01 1.709933e+01 1.637514e+01 1.585903e+02 4.405192e+00 2.749799e+00 3.134797e+00 2.884484e+00 3.215449e+00 3.128789e+00 3.077605e+00 3.667845e+00 3.169083e+00 3.539003e+00 2.344150e+00 2.175765e+00 1.349741e+01 5.654098e-01 4.072366e-01 4.230770e-01 4.210444e-01 4.952247e-01 4.781758e-01 5.003692e-01 5.515717e-01 4.590501e-01 4.864728e-01 3.805358e-01 3.530138e-01 1.249589e+00
<GCONST> 1.190509e+02
<TRANSP> 5
 0.000000e+00 1.000000e+00 0.000000e+00 0.000000e+00 0.000000e+00
 0.000000e+00 6.155025e-01 2.915776e-01 9.291992e-02 0.000000e+00
 0.000000e+00 0.000000e+00 8.081979e-01 1.918021e-01 0.000000e+00
 0.000000e+00 6.374928e-02 0.000000e+00 5.544168e-01 3.818339e-01
 0.000000e+00 0.000000e+00 0.000000e+00 0.000000e+00 0.000000e+00
<ENDHMM>
~h "p_pal"
<BEGINHMM>
<NUMSTATES> 5
<STATE> 2
<MEAN> 39
 -6.452540e+00 3.924026e+00 4.997468e+00 6.550688e+00 1.624756e+00 6.629255e-01 -4.045856e+00 -4.423289e+00 -3.513887e+00 -5.232807e+00 -2.995608e+00 -1.883202e+00 5.699313e+01 -2.403465e+00 -1.135923e-01 1.885285e-01 3.491004e-01 1.623567e+00 8.716949e-01 1.611006e+00 1.902471e+00 1.004132e+00 1.346286e+00 3.239394e-01 3.503604e-01 -3.592839e+00 -2.972400e-01 -7.421299e-01 -6.847700e-01 -5.957343e-01 -7.708148e-01 -4.835851e-01 -4.013350e-01 -1.690013e-01 3.414875e-01 3.763323e-01 3.678549e-01 1.283622e-01 2.030425e+00
<VARIANCE> 39
 6.871854e+01 2.332328e+01 2.475946e+01 4.461837e+01 2.367626e+01 3.680860e+01 3.560387e+01 3.015723e+01 3.626086e+01 3.381599e+01 3.952439e+01 3.357952e+01 4.145268e+01 4.427250e+00 2.713590e+00 3.191252e+00 3.714454e+00 3.622701e+00 3.294623e+00 3.844701e+00 2.931841e+00 3.222264e+00 3.516785e+00 3.431933e+00 2.693177e+00 1.000757e+01 7.569638e-01 4.025433e-01 5.439386e-01 5.703003e-01 6.203072e-01 5.606948e-01 7.060567e-01 7.853422e-01 6.151213e-01 5.306270e-01 4.944506e-01 4.018875e-01 1.590099e+00
<GCONST> 1.283791e+02
<STATE> 3
<MEAN> 39
 -1.349925e+01 8.217049e-01 1.944182e+00 3.932472e+00 2.727267e+00 2.337097e+00 -2.399994e-01 9.124130e-01 1.372779e+00 1.009444e+00 1.042297e+00 1.095065e+00 5.545669e+01 -4.800661e-01 -1.829046e+00 -9.989910e-01 -5.430028e-01 -7.937784e-01 -1.037474e+00 -9.950445e-01 -2.267572e-01 5.887622e-01 1.141026e+00 5.054051e-01 1.244139e-01 4.483812e+00 1.135630e+00 -3.591895e-02 1.665997e-01 1.963777e-01 -9.245533e-01 -8.193883e-01 -1.197864e+00 -1.087982e+00 -5.559555e-01 -8.799165e-01 -3.868834e-01 -4.743137e-01 1.989568e+00
<VARIANCE> 39
 2.111223e+01 2.421915e+01 1.913708e+01 2.372052e+01 1.993601e+01 2.132870e+01 2.462889e+01 2.229777e+01 2.113459e+01 2.123954e+01 1.872819e+01 1.630796e+01 7.583315e+01 6.902490e+00 3.041400e+00 3.866345e+00 4.509055e+00 3.449639e+00 4.354301e+00 5.175050e+00 4.424430e+00 3.943519e+00 4.383898e+00 3.318112e+00 3.189724e+00 8.534412e+00 6.035374e-01 5.311143e-01 6.646152e-01 6.800596e-01 7.912780e-01 7.577615e-01 8.502687e-01 6.248794e-01 6.203789e-01 7.506236e-01 6.998509e-01 5.991139e-01 1.627557e+00
<GCONST> 1.274245e+02
<STATE> 4
<MEAN> 39
 -9.302772e+00 -3.146413e+00 1.234289e+00 4.830622e+00 -1.456816e+00 -4.177131e+00 -8.264297e+00 -5.369192e+00 -8.743015e-01 -8.552289e-01 -8.988593e-01 -1.529953e+00 7.349947e+01 2.370837e+00 -3.092914e-01 5.533357e-01 8.990245e-01 -2.461391e+00 -2.272256e+00 -2.446939e+00 -2.327214e+00 -7.183431e-01 -1.770994e+00 -7.366771e-01 -9.396700e-01 4.209458e+00 3.464606e-01 5.292678e-01 3.768187e-01 2.135836e-01 -3.488049e-01 1.296309e-01 2.854343e-01 -8.789021e-02 -1.176205e-01 -5.965164e-01 -8.929975e-02 1.625652e-02 -1.102625e+00
<VARIANCE> 39
 3.914421e+01 1.942942e+01 3.282749e+01 3.643361e+01 4.304086e+01 3.393085e+01 4.520776e+01 3.447614e+01 2.978084e+01 3.697351e+01 2.934115e+01 2.107438e+01 1.971094e+01 4.840011e+00 3.099930e+00 4.614851e+00 5.048980e+00 6.811319e+00 5.135291e+00 6.820762e+00 4.391292e+00 4.178753e+00 5.973642e+00 4.164037e+00 3.512111e+00 7.583195e+00 1.080338e+00 6.499335e-01 7.919253e-01 8.761290e-01 8.897304e-01 9.006344e-01 1.051433e+00 9.238427e-01 8.471217e-01 1.050600e+00 7.941420e-01 6.172406e-01 7.871111e-01
<GCONST> 1.351468e+02
<TRANSP> 5
 0.000000e+00 1.000000e+00 0.000000e+00 0.000000e+00 0.000000e+00
 0.000000e+00 6.033913e-01 3.966087e-01 0.000000e+00 0.000000e+00
 0.000000e+00 0.000000e+00 5.113209e-01 4.886792e-01 0.000000e+00
 0.000000e+00 0.000000e+00 0.000000e+00 5.751817e-01 4.248182e-01
 0.000000e+00 0.000000e+00 0.000000e+00 0.000000e+00 0.000000e+00
<ENDHMM>
~h "L_pal"
<BEGINHMM>
<NUMSTATES> 5
<STATE> 2
<MEAN> 39
 -2.260410e+00 -4.081998e+00 3.213130e+00 -2.365583e-01 -1.557034e+01 -5.945919e+00 -1.944588e+01 -1.040754e+01 -4.336456e-01 -9.628856e+00 -3.310425e+00 -6.682423e+00 7.906910e+01 -1.763538e-01 8.712207e-01 1.950275e+00 4.181274e-01 1.004111e+00 7.384602e-01 -2.940524e-02 -2.017136e+00 -1.093005e+00 -4.578902e-01 -4.839384e-01 -2.984231e-01 -1.093821e+00 -1.836269e-01 1.449642e-01 -4.864381e-02 6.787404e-02 3.072572e-01 -9.508885e-02 4.012681e-01 1.106772e-01 -1.716850e-01 2.731294e-02 -1.185822e-01 -6.294997e-02 -2.622107e-02
<VARIANCE> 39
 1.423541e+01 2.250754e+01 4.059431e+01 5.640532e+01 8.143719e+01 5.774136e+01 8.015363e+01 7.630293e+01 5.704414e+01 6.995105e+01 5.504664e+01 6.995187e+01 7.968552e+00 4.583493e-01 1.081902e+00 2.322885e+00 1.704481e+00 2.945615e+00 3.437810e+00 3.891972e+00 6.170885e+00 4.371968e+00 2.702558e+00 3.396564e+00 2.496543e+00 4.854305e-01 9.290096e-02 1.760582e-01 3.024496e-01 2.552897e-01 4.492018e-01 6.866997e-01 6.453006e-01 1.194257e+00 6.770896e-01 5.400777e-01 6.008133e-01 4.597387e-01 9.197336e-02
<GCONST> 1.182437e+02
<STATE> 3
<MEAN> 39
 -1.973349e+00 -2.276945e+00 1.015952e+01 4.137263e+00 -7.331523e+00 -2.987842e+00 -1.292603e+01 -1.668857e+01 -6.242208e+00 -6.668680e+00 -3.421448e+00 -4.124065e+00 7.630897e+01 -6.150994e-01 7.918764e-01 5.185822e-01 9.986681e-01 1.352762e+00 -8.617239e-01 6.815381e-01 8.706404e-01 -7.117901e-01 -7.317179e-01 -7.215363e-01 2.401713e-01 -5.875359e-01 -1.066445e-01 8.155042e-02 -7.094427e-01 2.369391e-01 -1.001032e-01 -3.528732e-01 4.516639e-02 9.894799e-01 5.557982e-01 -1.061530e-01 1.726584e-01 2.483611e-01 5.962677e-02
<VARIANCE> 39
 1.972174e+01 2.067916e+01 5.157497e+01 5.202813e+01 7.010439e+01 5.809041e+01 6.639734e+01 3.615615e+01 5.203098e+01 4.598981e+01 6.477964e+01 5.453760e+01 6.487259e+00 9.626455e-01 1.380784e+00 2.861452e+00 2.176170e+00 3.544272e+00 3.946333e+00 4.164999e+00 5.446756e+00 5.677767e+00 3.673391e+00 3.734618e+00 2.984589e+00 7.738509e-01 2.158041e-01 2.783801e-01 4.388981e-01 4.015176e-01 7.508891e-01 8.935587e-01 7.879215e-01 1.135476e+00 1.071079e+00 6.800293e-01 7.888883e-01 4.929551e-01 2.301763e-01
<GCONST> 1.247753e+02
<STATE> 4
<MEAN> 39
 -3.385342e+00 2.979705e-01 6.425616e+00 7.669081e+00 -4.932511e+00 -7.462302e+00 -1.248287e+01 -1.038211e+01 -5.390532e+00 -1.030048e+01 -4.923473e+00 -2.406097e+00 7.498618e+01 -8.218444e-01 1.378120e+00 -3.482380e-01 1.353660e+00 1.427952e+00 1.729273e-01 1.313820e+00 1.811470e+00 1.560825e-01 -4.056582e-01 1.743388e-01 3.050365e-01 -1.713452e+00 -2.453357e-01 -4.164534e-02 -5.830455e-02 -3.969033e-01 3.966540e-03 5.648187e-01 3.999785e-01 -2.881024e-02 1.323150e-01 4.862529e-01 3.089613e-01 -6.892225e-02 -3.355610e-01
<VARIANCE> 39
 3.215247e+01 2.926566e+01 4.289806e+01 7.648154e+01 9.503522e+01 4.852406e+01 7.644833e+01 4.617365e+01 7.335069e+01 4.850454e+01 4.619110e+01 4.665172e+01 1.528908e+01 2.790143e+00 2.445554e+00 2.511687e+00 3.487267e+00 4.946115e+00 5.484437e+00 6.825096e+00 4.774989e+00 6.456927e+00 4.847060e+00 4.460807e+00 2.732098e+00 3.091630e+00 4.713703e-01 6.130595e-01 5.659611e-01 6.591306e-01 1.099363e+00 8.326357e-01 1.076913e+00 9.051722e-01 1.175048e+00 8.017120e-01 7.258878e-01 6.080669e-01 6.052364e-01
<GCONST> 1.360313e+02
<TRANSP> 5
 0.000000e+00 1.000000e+00 0.000000e+00 0.000000e+00 0.000000e+00
 0.000000e+00 6.284398e-01 3.715602e-01 0.000000e+00 0.000000e+00
 0.000000e+00 0.000000e+00 6.136656e-01 3.863344e-01 0.000000e+00
 0.000000e+00 0.000000e+00 0.000000e+00 5.610263e-01 4.389738e-01
 0.000000e+00 0.000000e+00 0.000000e+00 0.000000e+00 0.000000e+00
<ENDHMM>
~h "f_pal"
<BEGINHMM>
<NUMSTATES> 5
<STATE> 2
<MEAN> 39
 -1.789781e+01 2.414550e+00 6.102800e-02 6.437295e+00 1.212708e+00 2.001386e+00 -3.223865e+00 -1.882469e+00 -1.310857e+00 -2.544567e+00 -2.101133e+00 -2.276536e+00 6.959971e+01 -4.115883e+00 -9.280595e-01 -1.189957e+00 -1.858851e-01 3.221323e-01 4.834614e-01 1.258003e+00 1.290288e+00 1.439385e+00 1.359246e+00 7.273083e-01 8.634741e-01 -1.206627e+00 7.691345e-01 -6.178788e-01 -3.011941e-01 -5.962235e-01 -8.842174e-01 -6.554849e-01 -5.687143e-01 -3.599210e-01 1.506706e-02 -1.219256e-01 1.867944e-01 5.664427e-02 6.268022e-01
<VARIANCE> 39
 5.214222e+01 2.470716e+01 2.549464e+01 2.488672e+01 2.180832e+01 2.269169e+01 2.516838e+01 2.461653e+01 2.924509e+01 3.202895e+01 3.164089e+01 2.599137e+01 3.474589e+01 5.287875e+00 3.517568e+00 2.786453e+00 3.809114e+00 4.188011e+00 3.760982e+00 3.790444e+00 3.290826e+00 2.901616e+00 3.192596e+00 3.687143e+00 3.114997e+00 3.350924e+00 1.200626e+00 5.639458e-01 4.990294e-01 5.009286e-01 5.793009e-01 6.116709e-01 6.026122e-01 5.131714e-01 5.876098e-01 5.732399e-01 6.165264e-01 4.946766e-01 5.611635e-01
<GCONST> 1.246285e+02
<STATE> 3
<MEAN> 39
 -2.409605e+01 -4.083962e+00 -5.302216e+00 2.126801e+00 -2.727812e+00 -1.175642e+00 -3.528406e+00 -3.656109e-01 2.328145e+00 6.628433e-01 6.534548e-01 5.972159e-01 7.085058e+01 1.520390e+00 -3.812865e-01 5.396327e-01 3.338680e-02 -5.224242e-01 -9.262018e-01 -8.495408e-01 -2.845730e-01 8.139316e-02 -1.950442e-01 -1.400807e-01 -3.264288e-01 8.291990e-01 1.582568e+00 6.503149e-01 8.906556e-01 4.839699e-01 3.756692e-02 -1.676115e-01 -5.368516e-01 -5.564954e-01 -5.206456e-01 -6.047140e-01 -3.071762e-01 -3.773902e-01 2.952116e-01
<VARIANCE> 39
 1.283213e+01 2.040856e+01 2.338691e+01 1.950249e+01 1.979720e+01 2.505316e+01 2.537107e+01 2.298252e+01 1.906124e+01 2.019773e+01 1.794781e+01 1.394859e+01 2.552678e+01 5.694293e+00 2.838431e+00 4.241465e+00 3.171737e+00 2.469037e+00 2.513432e+00 2.661203e+00 2.327489e+00 2.299229e+00 2.179978e+00 2.051685e+00 1.965663e+00 2.155988e+00 5.496905e-01 4.275243e-01 4.605558e-01 5.285750e-01 6.380550e-01 6.097727e-01 7.527573e-01 6.233824e-01 5.791436e-01 5.338278e-01 5.060794e-01 5.057517e-01 4.839415e-01
<GCONST> 1.156400e+02
<STATE> 4
<MEAN> 39
 -1.130163e+01 7.313621e-02 2.222880e+00 6.696091e+00 -1.667060e+00 -3.774378e+00 -7.792480e+00 -3.973003e+00 -6.184617e-01 -2.814025e+00 -2.369020e+00 -2.890676e+00 7.331023e+01 5.224012e+00 9.230151e-01 1.816161e+00 8.415027e-01 -1.346324e+00 -1.924984e+00 -2.490395e+00 -2.715925e+00 -1.493184e+00 -2.099543e+00 -6.400586e-01 -7.504238e-01 1.477201e+00 -2.988772e-01 -2.177338e-01 -4.967519e-01 -3.773396e-01 -4.887096e-01 -5.237503e-02 -1.439029e-03 -3.405501e-01 5.091686e-02 -1.633391e-01 2.079410e-01 2.653321e-01 7.531373e-02
<VARIANCE> 39
 5.278513e+01 2.052781e+01 2.976202e+01 3.592675e+01 3.148931e+01 3.070614e+01 3.541197e+01 3.381963e+01 2.583978e+01 3.061809e+01 2.813743e+01 1.795416e+01 1.466923e+01 1.924875e+00 2.807826e+00 3.552779e+00 3.677513e+00 5.717014e+00 4.625632e+00 6.302801e+00 3.710525e+00 3.777116e+00 3.925551e+00 3.899424e+00 4.000297e+00 3.514793e+00 8.987260e-01 4.567392e-01 4.435236e-01 4.600388e-01 4.997096e-01 5.917358e-01 6.836009e-01 6.860688e-01 6.829641e-01 5.474862e-01 4.474952e-01 4.643412e-01 2.711161e-01
<GCONST> 1.242558e+02
<TRANSP> 5
 0.000000e+00 1.000000e+00 0.000000e+00 0.000000e+00 0.000000e+00
 0.000000e+00 6.586480e-01 3.413520e-01 0.000000e+00 0.000000e+00
 0.000000e+00 0.000000e+00 7.105338e-01 2.894662e-01 0.000000e+00
 0.000000e+00 0.000000e+00 0.000000e+00 5.162355e-01 4.837645e-01
 0.000000e+00 0.000000e+00 0.000000e+00 0.000000e+00 0.000000e+00
<ENDHMM>
~h "dZ_pal"
<BEGINHMM>
<NUMSTATES> 5
<STATE> 2
<MEAN> 39
 -1.373289e+01 2.114148e+00 1.731984e+01 6.832839e+00 3.214976e-01 -4.863506e+00 -1.236112e+00 -7.451870e+00 -4.119943e+00 -6.703426e+00 -6.021455e+00 -4.327816e+00 7.275158e+01 -2.999924e+00 -6.243361e-01 1.334479e+00 -4.656330e-01 1.048385e+00 3.200408e-01 1.168933e+00 7.833188e-01 1.402526e-01 5.354882e-01 1.910483e-01 2.410409e-01 6.725446e-01 4.761826e-01 -3.208442e-01 -6.686042e-01 9.182177e-02 -5.985545e-01 -3.958742e-01 -7.207881e-01 -1.955357e-01 -2.249718e-02 -1.995798e-01 1.173256e-01 1.858361e-01 5.177531e-01
<VARIANCE> 39
 7.871584e+01 2.264994e+01 4.655892e+01 8.742381e+01 4.511832e+01 5.413211e+01 5.012850e+01 3.080508e+01 2.560067e+01 6.404413e+01 3.055401e+01 2.607020e+01 2.282044e+01 4.712951e+00 3.394038e+00 4.236569e+00 3.752147e+00 3.792618e+00 4.465692e+00 4.647732e+00 3.352434e+00 3.042348e+00 3.206632e+00 3.108120e+00 2.308043e+00 4.165269e+00 2.120953e+00 6.667940e-01 6.181079e-01 8.491653e-01 7.237570e-01 1.117050e+00 9.660712e-01 6.463636e-01 6.030387e-01 6.992649e-01 7.206507e-01 4.964060e-01 6.922933e-01
<GCONST> 1.333761e+02
<STATE> 3
<MEAN> 39
 -1.739028e+01 -1.436312e+00 1.719765e+01 8.224815e+00 7.991034e-01 -9.653944e+00 -3.541655e+00 -6.731408e+00 -4.957646e+00 -7.259263e+00 -6.087081e+00 -2.424829e+00 7.828557e+01 3.609201e+00 -9.495319e-02 -2.184216e+00 3.942665e-01 -1.300311e+00 -1.898711e+00 -2.991219e+00 -1.101561e+00 -2.042169e-01 -5.556760e-01 -3.758042e-01 1.735497e-01 5.461649e-01 1.279248e+00 1.967161e-01 -8.617597e-01 -9.754325e-02 -5.743842e-01 3.712471e-01 -4.157838e-01 -3.792406e-01 2.207904e-01 6.584349e-02 1.737955e-01 -1.203412e-01 -3.610039e-01
<VARIANCE> 39
 4.391951e+01 9.990423e+00 3.849915e+01 9.010709e+01 6.549086e+01 3.514389e+01 4.996531e+01 3.291464e+01 3.008828e+01 5.022572e+01 2.048911e+01 1.606450e+01 7.922592e+00 4.978380e+00 1.909395e+00 2.648849e+00 2.644068e+00 4.170084e+00 4.344143e+00 4.016266e+00 3.357974e+00 3.029480e+00 3.478734e+00 3.013810e+00 1.880823e+00 8.385193e-01 1.241949e+00 3.591330e-01 3.927930e-01 4.873773e-01 4.136644e-01 1.006016e+00 9.419187e-01 7.586453e-01 6.367832e-01 5.654995e-01 5.862666e-01 4.164051e-01 1.297819e-01
<GCONST> 1.217103e+02
<STATE> 4
<MEAN> 39
 -3.187479e+00 -1.818846e+00 4.909205e+00 7.794225e+00 -6.469245e+00 -1.123562e+01 -1.302932e+01 -1.196870e+01 -3.058221e+00 -6.769214e+00 -5.703248e+00 -2.974751e+00 7.835560e+01 2.837842e+00 -2.134864e-01 -3.267439e+00 -8.067071e-01 -2.341394e+00 1.502757e+00 -1.268467e+00 -1.025346e+00 8.208913e-01 2.937333e-01 1.274583e+00 1.259191e-01 1.144003e-01 -9.702736e-01 8.337252e-02 4.601085e-01 -4.134051e-01 2.102742e-01 8.208567e-01 9.853135e-01 3.974868e-01 -4.926906e-02 -7.209896e-02 2.097712e-01 9.434101e-02 -9.834433e-02
<VARIANCE> 39
 1.259308e+01 1.434204e+01 4.980236e+01 5.009061e+01 1.428481e+02 5.340937e+01 1.012968e+02 4.235361e+01 4.270233e+01 3.799229e+01 4.928212e+01 3.590475e+01 1.173496e+01 2.719724e+00 1.837105e+00 2.649743e+00 3.650860e+00 3.450652e+00 5.023885e+00 5.965923e+00 5.944211e+00 4.063722e+00 4.482890e+00 5.418263e+00 3.485935e+00 5.152100e-01 2.805008e-01 2.196621e-01 3.788735e-01 3.676902e-01 8.722548e-01 8.869514e-01 7.725195e-01 7.430894e-01 6.557938e-01 6.526006e-01 6.896148e-01 4.907868e-01 7.610050e-02
<GCONST> 1.247317e+02
<TRANSP> 5
 0.000000e+00 1.000000e+00 0.000000e+00 0.000000e+00 0.000000e+00
 0.000000e+00 7.855977e-01 2.144023e-01 0.000000e+00 0.000000e+00
 0.000000e+00 0.000000e+00 6.747730e-01 3.252270e-01 0.000000e+00
 0.000000e+00 0.000000e+00 0.000000e+00 6.093035e-01 3.906965e-01
 0.000000e+00 0.000000e+00 0.000000e+00 0.000000e+00 0.000000e+00
<ENDHMM>
~h "s_pal"
<BEGINHMM>
<NUMSTATES> 5
<STATE> 2
<MEAN> 39
 -2.054855e+01 8.453294e+00 4.409123e+00 9.330342e-01 4.085864e+00 -3.218003e+00 -6.855085e+00 -3.183361e+00 -1.607468e+00 -5.559659e+00 -3.621341e+00 -2.982441e+00 7.763137e+01 -6.315514e+00 9.722925e-01 -1.176391e+00 -1.365987e+00 2.083292e+00 1.593199e+00 2.657472e+00 2.535815e+00 1.702860e+00 1.235239e+00 4.722778e-01 1.061660e+00 -3.739946e-01 3.717879e-01 -8.126124e-01 -9.266271e-01 -2.513421e-01 -1.080534e+00 -1.663157e-01 -5.921967e-02 -1.789329e-01 7.189850e-02 9.634143e-02 5.042130e-01 2.499198e-01 -1.421740e-01
<VARIANCE> 39
 7.538052e+01 1.703259e+01 4.676593e+01 3.261517e+01 2.737966e+01 6.247174e+01 4.550915e+01 4.137093e+01 4.895516e+01 4.228315e+01 3.239297e+01 2.879923e+01 6.042330e+00 2.617494e+00 3.590106e+00 5.816730e+00 4.457570e+00 5.137906e+00 5.156117e+00 5.438237e+00 3.724754e+00 3.841715e+00 3.288749e+00 4.212434e+00 3.246661e+00 1.311570e+00 1.505860e+00 3.855214e-01 5.621833e-01 5.335010e-01 6.132373e-01 1.095322e+00 1.041518e+00 8.982717e-01 8.331459e-01 7.154602e-01 6.087110e-01 3.999561e-01 1.493785e-01
<GCONST> 1.285825e+02
<STATE> 3
<MEAN> 39
 -3.357639e+01 5.575458e+00 -4.402231e+00 -3.892063e+00 2.135160e+00 -2.411152e+00 -1.730152e+00 1.511448e+00 2.074414e+00 -1.755477e+00 7.568211e-01 1.304046e+00 7.524686e+01 3.346624e-01 -6.570143e-01 -1.156597e-01 -7.693978e-02 -7.042540e-01 -4.169060e-01 -1.451842e-01 -4.506668e-02 -1.855828e-01 1.040144e-01 1.240760e-01 1.861127e-01 -3.618136e-01 1.587688e+00 1.562998e-02 8.036408e-01 5.687771e-01 -1.506638e-01 -2.325065e-01 -5.799696e-01 -5.509747e-01 -4.239506e-01 -4.010059e-01 -3.132465e-01 -3.297758e-01 1.042230e-02
<VARIANCE> 39
 1.049821e+01 2.216615e+01 4.297255e+01 4.566425e+01 2.376877e+01 2.807868e+01 2.259809e+01 2.213349e+01 3.226539e+01 1.900861e+01 1.391093e+01 1.207515e+01 1.106823e+01 6.963431e+00 1.825121e+00 5.406860e+00 3.729833e+00 2.100040e+00 2.397485e+00 2.393579e+00 2.142343e+00 2.199894e+00 2.280358e+00 2.082386e+00 1.713775e+00 1.376477e+00 5.501812e-01 3.766682e-01 4.725380e-01 6.517156e-01 5.019222e-01 5.337671e-01 5.606188e-01 5.171960e-01 4.485274e-01 4.150178e-01 3.780401e-01 3.627461e-01 2.799951e-01
<GCONST> 1.131280e+02
<STATE> 4
<MEAN> 39
 -1.808885e+01 4.392409e+00 4.596890e+00 1.437177e+00 1.061260e-01 -5.455425e+00 -7.147315e+00 -3.456953e+00 -2.400241e+00 -5.730114e+00 -2.582173e+00 -1.250141e+00 7.500288e+01 6.031926e+00 -1.978156e-01 1.613689e+00 2.115991e+00 -1.328932e+00 -1.478966e+00 -2.348403e+00 -2.617197e+00 -1.506321e+00 -1.637496e+00 -6.282357e-01 -9.369111e-01 -1.404569e-01 -1.466370e-01 -2.181769e-01 -6.709313e-01 -2.169056e-01 -3.807731e-01 3.579887e-02 6.549852e-02 -1.092473e-01 3.032534e-01 1.032757e-01 2.823032e-01 9.772883e-02 9.694573e-02
<VARIANCE> 39
 8.412829e+01 2.047583e+01 6.244339e+01 3.677992e+01 4.607576e+01 5.640179e+01 4.414337e+01 4.707002e+01 5.178430e+01 4.648604e+01 2.437221e+01 2.284074e+01 1.781375e+01 3.915481e+00 2.789150e+00 5.499568e+00 4.229012e+00 5.509430e+00 5.242159e+00 5.608171e+00 4.055663e+00 4.438097e+00 4.069049e+00 3.316433e+00 3.874068e+00 3.506988e+00 1.384607e+00 4.829322e-01 7.552274e-01 7.114620e-01 6.429051e-01 9.142573e-01 9.150444e-01 8.842347e-01 7.668070e-01 7.838853e-01 4.861280e-01 5.104716e-01 3.461381e-01
<GCONST> 1.333540e+02
<TRANSP> 5
 0.000000e+00 1.000000e+00 0.000000e+00 0.000000e+00 0.000000e+00
 0.000000e+00 6.636891e-01 3.363109e-01 0.000000e+00 0.000000e+00
 0.000000e+00 0.000000e+00 8.104412e-01 1.895588e-01 0.000000e+00
 0.000000e+00 0.000000e+00 0.000000e+00 5.952753e-01 4.047246e-01
 0.000000e+00 0.000000e+00 0.000000e+00 0.000000e+00 0.000000e+00
<ENDHMM>
~h "v_pal"
<BEGINHMM>
<NUMSTATES> 5
<STATE> 2
<MEAN> 39
 -3.595261e+00 4.905788e+00 3.491440e+00 9.637383e+00 -7.587815e-01 -2.442842e+00 -9.578037e+00 -1.027549e+01 -5.971838e+00 -8.015889e+00 -4.070717e+00 -3.082245e+00 6.984912e+01 3.059227e-01 6.844354e-02 1.194378e-01 6.146494e-01 -4.416224e-02 -4.228572e-01 -4.303794e-01 -4.100662e-01 -1.415219e-01 -1.724323e-01 -3.014242e-01 -2.243422e-01 4.160367e-01 -2.525339e-01 -7.865828e-01 -1.582396e-02 -4.301064e-01 -1.010907e+00 -5.930272e-01 -1.976196e-01 4.057064e-02 5.018247e-01 -2.213787e-02 2.940586e-01 1.223883e-01 8.156919e-01
<VARIANCE> 39
 2.623095e+01 2.314918e+01 2.766726e+01 3.065561e+01 4.208998e+01 3.424185e+01 3.679657e+01 2.811919e+01 3.672432e+01 4.212239e+01 3.713917e+01 3.082990e+01 2.751881e+01 5.033582e+00 3.220172e+00 2.337385e+00 2.785907e+00 5.533532e+00 4.240392e+00 4.492195e+00 3.799096e+00 3.039517e+00 3.277097e+00 2.751190e+00 1.972440e+00 4.527998e+00 6.985410e-01 4.939046e-01 5.240422e-01 4.864537e-01 9.753230e-01 8.202363e-01 9.145854e-01 7.909707e-01 8.897928e-01 7.154805e-01 5.718690e-01 4.951313e-01 6.317844e-01
<GCONST> 1.277479e+02
<STATE> 3
<MEAN> 39
 -2.783787e+00 1.345126e+00 2.565319e+00 1.071352e+01 -3.109671e+00 -6.297286e+00 -1.104320e+01 -1.232040e+01 -4.134014e+00 -7.552482e+00 -5.059895e+00 -2.838285e+00 7.416132e+01 3.625172e-01 -1.474832e+00 2.673973e-01 -1.724006e-02 -2.146574e+00 -1.846956e+00 -7.266209e-01 -6.678942e-01 9.692772e-01 -4.671624e-01 2.524897e-01 1.995877e-01 1.779074e+00 -1.749503e-01 -1.323254e-01 1.008310e-01 -3.903702e-01 -5.468122e-01 -1.721672e-01 2.105502e-01 6.522988e-02 2.488747e-01 -5.211520e-02 2.127041e-01 1.197674e-01 3.274878e-01
<VARIANCE> 39
 1.996430e+01 1.541630e+01 2.859591e+01 4.612072e+01 4.897601e+01 3.249287e+01 5.286784e+01 3.640081e+01 3.606517e+01 4.725589e+01 4.803967e+01 2.625005e+01 1.133377e+01 1.805785e+00 1.896331e+00 2.284977e+00 2.303310e+00 4.684370e+00 3.481152e+00 4.399670e+00 3.384368e+00 3.848225e+00 3.500839e+00 3.136836e+00 2.234912e+00 1.947527e+00 5.117282e-01 2.457864e-01 3.046578e-01 2.937673e-01 6.454831e-01 5.652126e-01 5.496200e-01 7.004510e-01 5.967514e-01 4.751191e-01 3.872312e-01 3.476251e-01 2.780930e-01
<GCONST> 1.191374e+02
<STATE> 4
<MEAN> 39
 -2.497932e+00 -1.434472e+00 3.256536e+00 9.296309e+00 -9.297873e+00 -1.096020e+01 -1.192547e+01 -1.403041e+01 -1.307982e+00 -9.614018e+00 -3.797969e+00 -2.210116e+00 7.801675e+01 -6.703312e-02 -7.438710e-01 3.199592e-01 -6.911471e-01 -2.125355e+00 -1.124627e+00 -1.087025e-01 -1.927889e-01 8.032595e-01 -2.657660e-01 5.952313e-01 2.123382e-01 1.486513e+00 -1.921370e-01 3.869231e-01 -4.093655e-02 -1.987732e-01 3.634529e-01 5.021907e-01 3.116934e-01 2.505757e-01 -2.278767e-01 1.625580e-01 -1.001325e-02 -6.043326e-02 -3.175118e-01
<VARIANCE> 39
 1.430799e+01 1.476089e+01 4.424961e+01 5.906943e+01 8.205078e+01 4.894904e+01 9.471059e+01 4.691132e+01 4.499892e+01 6.784969e+01 6.775234e+01 4.113265e+01 1.054907e+01 9.459352e-01 1.359683e+00 2.067380e+00 1.658676e+00 3.926140e+00 2.758906e+00 3.199846e+00 3.534442e+00 4.062605e+00 2.824444e+00 2.252848e+00 2.120830e+00 1.216514e+00 2.398753e-01 2.240608e-01 2.276294e-01 2.861474e-01 5.189626e-01 3.939892e-01 5.777330e-01 4.460086e-01 4.205736e-01 4.772237e-01 4.272194e-01 2.755525e-01 1.924424e-01
<GCONST> 1.164092e+02
<TRANSP> 5
 0.000000e+00 1.000000e+00 0.000000e+00 0.000000e+00 0.000000e+00
 0.000000e+00 5.482932e-01 4.517068e-01 0.000000e+00 0.000000e+00
 0.000000e+00 0.000000e+00 3.416588e-01 6.583412e-01 0.000000e+00
 0.000000e+00 0.000000e+00 0.000000e+00 4.478620e-01 5.521380e-01
 0.000000e+00 0.000000e+00 0.000000e+00 0.000000e+00 0.000000e+00
<ENDHMM>
~h "R_pal"
<BEGINHMM>
<NUMSTATES> 5
<STATE> 2
<MEAN> 39
 -2.390266e+00 -4.044497e+00 1.074381e+00 7.998972e+00 -1.106941e+01 -7.353648e+00 -1.432698e+01 -1.078080e+01 -4.311690e-01 -4.941849e+00 -1.581166e+00 -3.246070e+00 7.900228e+01 -1.236499e-01 5.535298e-02 9.790241e-01 1.368347e+00 3.778210e-01 4.951521e-01 -4.628625e-01 2.545826e-01 -8.906388e-01 -6.252580e-01 -4.201807e-01 -1.054655e-01 -8.101794e-01 -9.842964e-02 1.717128e-01 5.561205e-02 -2.349169e-01 -8.036733e-03 -4.853959e-02 -1.498974e-02 1.791168e-01 -8.077828e-02 -4.122370e-01 -3.820202e-02 -1.574967e-02 6.668358e-02
<VARIANCE> 39
 1.489827e+01 1.173135e+01 4.696086e+01 4.804047e+01 6.792038e+01 5.195584e+01 6.298326e+01 6.404938e+01 6.077097e+01 3.972469e+01 4.129630e+01 3.216003e+01 1.299642e+01 7.899651e-01 9.752003e-01 2.594122e+00 2.570310e+00 4.466274e+00 2.782520e+00 3.037043e+00 3.278634e+00 3.795835e+00 4.285158e+00 3.611772e+00 2.276930e+00 9.844674e-01 1.561022e-01 1.900930e-01 4.453463e-01 4.800938e-01 8.509955e-01 6.254880e-01 6.301098e-01 6.349692e-01 7.538000e-01 7.025390e-01 6.179441e-01 4.108792e-01 2.344972e-01
<GCONST> 1.198500e+02
<STATE> 3
<MEAN> 39
 -3.083958e+00 -3.515403e+00 2.872355e+00 9.524781e+00 -1.132160e+01 -7.345574e+00 -1.596044e+01 -9.162684e+00 -3.906401e+00 -8.952392e+00 -2.784634e+00 -4.007062e+00 7.778566e+01 -3.625648e-01 8.564186e-01 9.455274e-01 5.686682e-01 4.525622e-01 -2.240713e-01 -6.165091e-03 4.871892e-01 -9.742609e-01 -1.124757e+00 -4.114334e-01 5.501287e-02 -6.794159e-01 -3.128192e-01 4.959603e-01 4.705436e-02 -4.054931e-01 4.957561e-01 -9.349871e-02 7.049025e-01 7.513176e-02 1.760679e-01 2.427380e-01 -9.898925e-02 1.282009e-01 -3.144363e-01
<VARIANCE> 39
 2.219187e+01 1.098120e+01 5.018259e+01 6.932705e+01 9.086345e+01 4.602900e+01 9.059551e+01 5.471421e+01 6.524416e+01 5.043100e+01 4.129542e+01 3.587239e+01 9.869634e+00 1.639094e+00 1.236338e+00 3.614434e+00 2.561958e+00 5.814608e+00 2.983294e+00 3.899831e+00 3.554429e+00 4.156575e+00 3.737247e+00 4.070291e+00 2.464725e+00 1.180338e+00 4.841464e-01 2.620378e-01 6.922351e-01 6.359728e-01 1.510792e+00 7.156275e-01 1.061084e+00 6.725351e-01 8.686329e-01 8.837315e-01 7.559969e-01 4.793942e-01 5.590940e-01
<GCONST> 1.284876e+02
<STATE> 4
<MEAN> 39
 -4.550308e+00 -3.890857e-01 5.111681e+00 9.454388e+00 -8.119641e+00 -8.013747e+00 -1.333532e+01 -8.738577e+00 -5.493852e+00 -9.401097e+00 -4.632339e+00 -2.577149e+00 7.585133e+01 -1.766064e+00 1.910626e+00 1.575815e+00 -2.247862e-01 2.738151e+00 3.517034e-01 2.125744e+00 8.331211e-01 -4.247831e-01 6.205994e-02 -7.033868e-01 1.753255e-01 -2.150914e+00 -6.722438e-01 -1.107759e-01 -1.757001e-01 -4.179276e-01 3.646394e-01 3.651652e-01 6.291103e-01 2.784692e-01 4.812278e-01 5.417154e-01 3.208463e-01 -7.929265e-03 -3.648577e-01
<VARIANCE> 39
 3.349015e+01 1.564430e+01 5.281657e+01 6.808485e+01 6.304101e+01 4.195533e+01 5.893964e+01 4.855405e+01 6.675508e+01 5.504591e+01 5.042869e+01 4.524567e+01 1.561845e+01 3.487545e+00 2.013111e+00 3.395546e+00 2.863273e+00 5.678991e+00 4.230620e+00 5.441495e+00 4.350494e+00 4.336612e+00 3.560652e+00 3.071085e+00 2.251458e+00 5.064724e+00 6.467599e-01 4.332563e-01 6.281155e-01 5.515606e-01 9.987738e-01 6.746854e-01 7.624204e-01 7.140002e-01 8.380753e-01 7.458453e-01 8.421311e-01 5.899208e-01 6.461239e-01
<GCONST> 1.325744e+02
<TRANSP> 5
 0.000000e+00 1.000000e+00 0.000000e+00 0.000000e+00 0.000000e+00
 0.000000e+00 5.591090e-01 4.408910e-01 0.000000e+00 0.000000e+00
 0.000000e+00 0.000000e+00 4.542296e-01 5.457704e-01 0.000000e+00
 0.000000e+00 0.000000e+00 0.000000e+00 3.685774e-01 6.314226e-01
 0.000000e+00 0.000000e+00 0.000000e+00 0.000000e+00 0.000000e+00
<ENDHMM>
~h "l_pal"
<BEGINHMM>
<NUMSTATES> 5
<STATE> 2
<MEAN> 39
 -1.412260e+00 -2.566531e+00 5.495168e+00 5.840904e+00 -1.125118e+01 -3.844427e+00 -1.524214e+01 -1.464879e+01 -3.240684e+00 -7.820224e+00 -2.450836e+00 -5.068237e+00 7.689677e+01 1.173983e-01 5.721708e-01 2.550302e+00 9.295943e-01 6.285740e-01 9.003253e-01 2.463754e-01 -2.336973e+00 -1.230298e+00 -2.630852e-01 -6.837763e-01 -8.805723e-01 -1.137981e+00 -2.156889e-01 1.661097e-02 -3.407986e-01 -2.493811e-01 -4.145196e-02 -5.040832e-02 3.725646e-01 4.610890e-01 6.094136e-02 3.374020e-02 4.795318e-02 1.426615e-01 1.012073e-01
<VARIANCE> 39
 1.917806e+01 2.039527e+01 5.826757e+01 5.073278e+01 1.111137e+02 4.686478e+01 7.394049e+01 5.233086e+01 5.972900e+01 5.324400e+01 4.767635e+01 5.993519e+01 1.569315e+01 1.326368e+00 1.898444e+00 3.394734e+00 2.996881e+00 5.107219e+00 3.803307e+00 4.819252e+00 6.020228e+00 5.533543e+00 3.486267e+00 3.300228e+00 3.320111e+00 1.925706e+00 1.843327e-01 3.343363e-01 6.772846e-01 4.699462e-01 8.649552e-01 7.662264e-01 7.364078e-01 1.329067e+00 1.012242e+00 6.052248e-01 6.372176e-01 6.389301e-01 2.590617e-01
<GCONST> 1.297151e+02
<STATE> 3
<MEAN> 39
 -2.150504e+00 -1.188029e+00 1.085063e+01 7.865912e+00 -8.543974e+00 -1.736372e+00 -1.174411e+01 -1.830527e+01 -6.351456e+00 -7.264620e+00 -3.540307e+00 -5.671179e+00 7.469534e+01 -1.325266e-01 -1.653187e-01 -4.219140e-01 2.535543e-01 -4.656299e-01 -7.240389e-01 -2.621965e-01 1.049243e+00 2.999904e-01 -3.195398e-01 -1.266614e-01 6.721730e-01 4.026254e-01 -5.967383e-02 -1.969879e-01 -1.075177e+00 -1.459886e-01 -5.958850e-01 -5.598840e-01 -2.701141e-01 9.932987e-01 7.206627e-01 -1.358760e-01 3.016350e-01 5.547310e-01 5.516139e-01
<VARIANCE> 39
 2.068561e+01 2.004087e+01 5.320782e+01 5.175045e+01 9.284737e+01 3.863647e+01 6.229506e+01 3.608463e+01 4.345039e+01 4.383425e+01 4.471667e+01 5.832399e+01 9.219069e+00 8.516498e-01 1.378970e+00 3.829874e+00 2.284478e+00 4.501386e+00 3.341395e+00 3.763063e+00 6.028090e+00 5.276889e+00 2.561768e+00 2.993364e+00 2.978046e+00 1.335325e+00 1.971675e-01 3.226992e-01 5.370455e-01 5.717188e-01 8.664119e-01 7.695498e-01 8.739585e-01 1.347322e+00 1.127260e+00 6.523800e-01 7.143818e-01 6.701055e-01 2.140181e-01
<GCONST> 1.256475e+02
<STATE> 4
<MEAN> 39
 -1.747426e+00 -2.778109e+00 3.996906e+00 8.599039e+00 -1.257241e+01 -7.109005e+00 -1.463680e+01 -1.244401e+01 -1.867297e+00 -9.356799e+00 -2.901859e+00 -1.382875e+00 7.823096e+01 -1.007330e-01 1.342776e-01 -1.383548e+00 -1.303060e-01 -1.200593e+00 -1.018481e+00 -1.568340e-02 1.078926e+00 9.623166e-01 -4.911778e-01 5.788661e-01 1.026111e+00 7.484004e-01 -7.309248e-02 2.810920e-01 2.264250e-01 -2.226303e-01 3.724611e-01 3.247931e-01 4.899103e-01 -2.705399e-01 -3.091553e-01 7.738027e-02 2.227818e-02 -2.448761e-01 -2.956427e-01
<VARIANCE> 39
 1.765386e+01 1.559358e+01 4.917857e+01 6.359106e+01 8.449747e+01 4.394399e+01 7.958964e+01 6.280846e+01 6.787220e+01 4.661816e+01 4.855937e+01 4.706643e+01 1.161203e+01 7.880712e-01 1.691878e+00 2.913970e+00 3.717053e+00 4.831836e+00 4.060638e+00 4.301287e+00 6.157705e+00 5.993403e+00 3.583537e+00 4.187179e+00 2.850468e+00 1.305033e+00 1.285909e-01 1.897495e-01 3.403160e-01 4.867868e-01 7.611265e-01 5.108766e-01 5.743362e-01 9.680929e-01 8.067048e-01 4.858464e-01 6.289452e-01 5.123556e-01 1.539164e-01
<GCONST> 1.240787e+02
<TRANSP> 5
 0.000000e+00 1.000000e+00 0.000000e+00 0.000000e+00 0.000000e+00
 0.000000e+00 4.680509e-01 5.319491e-01 0.000000e+00 0.000000e+00
 0.000000e+00 0.000000e+00 5.963687e-01 4.036313e-01 0.000000e+00
 0.000000e+00 0.000000e+00 0.000000e+00 5.360036e-01 4.639963e-01
 0.000000e+00 0.000000e+00 0.000000e+00 0.000000e+00 0.000000e+00
<ENDHMM>
~h "dz_pal"
<BEGINHMM>
<NUMSTATES> 5
<STATE> 2
<MEAN> 39
 -2.587707e+00 1.627378e+00 1.204437e-01 3.675927e+00 -4.576627e+00 -5.466499e+00 -1.563390e+01 -1.046743e+01 -3.549053e+00 -3.920989e+00 -1.501069e+00 -6.353487e+00 7.710490e+01 -1.995936e+00 4.378341e+00 1.372847e+00 2.135999e+00 3.589482e+00 6.946933e-01 1.826989e+00 -1.246728e-01 -1.429891e+00 -2.182449e-01 -9.226992e-01 -1.260813e-01 -2.967157e+00 -7.636065e-01 5.507084e-01 -1.601655e-01 -2.178647e-02 2.331899e-01 3.359891e-01 7.918349e-01 5.313368e-01 -8.566444e-02 2.977419e-02 -1.941002e-01 6.907937e-02 -2.003887e-01
<VARIANCE> 39
 8.781321e+00 1.900494e+01 4.002443e+01 7.514686e+01 3.077153e+01 7.120594e+01 4.067250e+01 3.633858e+01 4.647085e+01 3.036442e+01 4.308962e+01 7.829001e+01 2.091910e+01 2.599613e+00 2.084606e+00 2.399543e+00 4.207191e+00 2.140700e+00 4.380664e+00 5.229604e+00 5.387289e+00 3.995339e+00 5.000668e+00 3.747348e+00 2.539940e+00 1.761384e+00 3.218894e-01 3.486126e-01 3.153832e-01 6.230461e-01 5.977684e-01 4.860115e-01 5.649330e-01 8.482541e-01 4.906859e-01 5.040945e-01 4.099653e-01 4.110082e-01 3.985719e-01
<GCONST> 1.237195e+02
<STATE> 3
<MEAN> 39
 -1.030028e+01 1.442267e+01 3.871367e+00 9.020613e+00 4.005195e+00 -3.226151e+00 -8.463413e+00 -6.785641e+00 -5.909298e+00 -4.349792e+00 -4.504780e+00 -6.343116e+00 6.904771e+01 -3.594539e+00 2.372895e+00 4.732458e-01 2.150517e-01 2.108662e+00 8.395090e-01 1.546192e+00 1.208277e+00 -5.250348e-02 -2.234838e-01 -4.365888e-01 1.118680e-01 -5.261737e-01 -1.740424e-01 -1.091349e+00 -2.960392e-01 -5.925970e-01 -5.513229e-01 -1.733156e-01 -2.195840e-01 -3.891433e-02 3.276583e-01 -1.020954e-01 2.471532e-01 2.601675e-01 1.020873e+00
<VARIANCE> 39
 4.717712e+01 2.993840e+01 5.954422e+01 3.662850e+01 2.638537e+01 3.523866e+01 1.627113e+01 2.732685e+01 2.951754e+01 4.106671e+01 4.546527e+01 4.525349e+01 2.771755e+01 4.467957e+00 4.847084e+00 2.820737e+00 3.704735e+00 1.985574e+00 2.862420e+00 3.390506e+00 3.062803e+00 2.575200e+00 2.671996e+00 2.011215e+00 2.151489e+00 4.436606e+00 1.090348e+00 6.040080e-01 5.523557e-01 6.741063e-01 3.227356e-01 4.982079e-01 6.724907e-01 7.672805e-01 5.821511e-01 6.940848e-01 5.081699e-01 2.951000e-01 5.381159e-01
<GCONST> 1.246667e+02
<STATE> 4
<MEAN> 39
 -1.956152e+01 1.112821e+01 5.153213e+00 4.746887e+00 6.531331e+00 -3.870965e+00 -6.966111e+00 -5.647303e+00 -4.658919e+00 -6.963306e+00 -3.808352e+00 -2.587080e+00 7.615945e+01 1.471421e+00 -1.803136e+00 6.153122e-01 -3.200407e-01 -1.094052e+00 -1.595219e+00 -9.368000e-01 -4.841693e-01 1.769268e-01 -6.950811e-01 2.478342e-01 6.581237e-01 9.466162e-01 1.199093e+00 -3.309596e-01 1.223615e-02 2.840788e-01 -6.921973e-01 -2.791543e-01 -2.767358e-01 -2.357867e-01 5.246515e-02 5.515641e-02 7.955140e-02 -1.412194e-01 -3.157284e-01
<VARIANCE> 39
 5.673680e+01 3.179211e+01 4.384291e+01 3.905542e+01 4.911675e+01 7.166314e+01 4.858435e+01 2.987658e+01 3.514411e+01 3.267263e+01 2.499976e+01 2.774394e+01 1.232670e+01 1.138349e+01 3.863414e+00 3.232920e+00 3.238629e+00 5.303250e+00 4.817852e+00 5.088110e+00 3.531768e+00 3.635217e+00 3.368948e+00 3.449860e+00 2.087151e+00 3.808289e+00 1.712128e+00 8.105876e-01 6.171570e-01 5.963740e-01 6.577737e-01 9.739521e-01 1.204638e+00 7.691824e-01 5.387481e-01 6.824406e-01 5.375824e-01 4.360189e-01 4.288043e-01
<GCONST> 1.317534e+02
<TRANSP> 5
 0.000000e+00 1.000000e+00 0.000000e+00 0.000000e+00 0.000000e+00
 0.000000e+00 4.039010e-01 5.960990e-01 0.000000e+00 0.000000e+00
 0.000000e+00 0.000000e+00 7.287692e-01 2.712308e-01 0.000000e+00
 0.000000e+00 0.000000e+00 0.000000e+00 8.150830e-01 1.849170e-01
 0.000000e+00 0.000000e+00 0.000000e+00 0.000000e+00 0.000000e+00
<ENDHMM>
~h "b_pal"
<BEGINHMM>
<NUMSTATES> 5
<STATE> 2
<MEAN> 39
 4.080070e+00 7.170178e+00 6.432127e+00 9.017418e+00 3.598656e-01 -8.676849e-01 -6.579888e+00 -9.120931e+00 -6.414844e+00 -8.550644e+00 -4.386466e+00 -2.455344e+00 6.180745e+01 8.380211e-01 2.016556e+00 9.976704e-01 5.188565e-01 1.869457e+00 7.622387e-01 7.138908e-01 4.890077e-01 -8.377531e-01 2.455232e-01 -5.492625e-01 -1.798563e-01 -2.026020e+00 -8.981555e-01 -7.105970e-01 -4.568640e-01 -4.418635e-01 -6.691992e-01 -4.266798e-01 -3.530002e-01 -1.127369e-01 4.006606e-01 3.657443e-01 2.272147e-01 -4.310634e-02 1.263098e+00
<VARIANCE> 39
 1.595430e+01 2.918947e+01 2.621044e+01 2.620291e+01 3.350688e+01 4.194360e+01 5.190339e+01 2.903825e+01 4.065092e+01 3.375728e+01 5.048037e+01 4.881053e+01 2.463090e+01 2.942424e+00 2.421431e+00 2.503133e+00 2.983699e+00 4.593454e+00 3.784822e+00 4.532516e+00 4.161480e+00 3.150395e+00 3.703202e+00 3.096430e+00 2.236490e+00 7.281095e+00 2.732869e-01 5.758821e-01 4.715089e-01 4.359264e-01 7.544184e-01 7.467532e-01 8.222380e-01 7.555671e-01 6.485494e-01 6.189269e-01 5.798664e-01 4.311166e-01 1.234742e+00
<GCONST> 1.267316e+02
<STATE> 3
<MEAN> 39
 2.116838e+00 9.441989e+00 6.722548e+00 8.539037e+00 2.897136e+00 1.909590e-01 -5.941923e+00 -8.599953e+00 -7.162096e+00 -6.154637e+00 -4.618289e+00 -3.192317e+00 6.150035e+01 -1.825931e+00 -1.985317e+00 -1.058640e+00 -3.815141e-01 -8.264850e-01 -1.224395e+00 -1.294455e+00 -3.469071e-01 8.487716e-01 9.565597e-01 2.669117e-01 -2.544357e-01 3.435025e+00 -2.967589e-01 -1.319548e+00 -5.202068e-01 -1.814331e-01 -1.479455e+00 -9.714676e-01 -7.529576e-01 -4.859553e-01 6.847779e-01 -2.033743e-01 3.033081e-01 1.633700e-01 1.788188e+00
<VARIANCE> 39
 2.460079e+01 2.341917e+01 1.765490e+01 1.763756e+01 2.502979e+01 2.011656e+01 3.732100e+01 2.303775e+01 3.060410e+01 3.631693e+01 4.152632e+01 4.449700e+01 2.558061e+01 1.886970e+00 3.678117e+00 2.173912e+00 2.804142e+00 4.857651e+00 3.614702e+00 3.855787e+00 3.988387e+00 3.175350e+00 3.183608e+00 3.499970e+00 2.589136e+00 4.121975e+00 5.384866e-01 5.127541e-01 4.839884e-01 5.637865e-01 9.207623e-01 6.981740e-01 8.469733e-01 9.798520e-01 8.392358e-01 8.886871e-01 8.367452e-01 5.136675e-01 7.524183e-01
<GCONST> 1.251711e+02
<STATE> 4
<MEAN> 39
 -2.286579e+00 -1.013836e+00 2.209411e+00 7.347703e+00 -4.934716e+00 -7.179601e+00 -1.266511e+01 -1.175094e+01 -2.412957e+00 -5.225421e+00 -2.955886e+00 -2.832541e+00 7.659194e+01 -4.973279e-01 -2.690984e+00 -1.036825e+00 -3.553961e-01 -3.827156e+00 -2.618711e+00 -1.687874e+00 -1.249332e+00 1.725795e+00 -3.522260e-01 8.517219e-01 4.665110e-01 4.197064e+00 4.394785e-01 6.149635e-01 3.662373e-01 -2.458574e-02 -1.306134e-01 3.210032e-01 5.504184e-01 1.754856e-01 -1.542387e-01 -3.391421e-01 5.559851e-02 8.080634e-02 -8.455200e-01
<VARIANCE> 39
 1.382785e+01 1.490149e+01 2.805556e+01 4.015400e+01 7.171447e+01 4.265787e+01 6.921448e+01 4.488987e+01 3.874270e+01 4.131972e+01 4.370392e+01 3.070103e+01 1.656481e+01 2.022978e+00 3.135792e+00 3.223274e+00 3.622950e+00 5.474340e+00 3.939963e+00 5.103673e+00 6.540614e+00 5.313703e+00 5.276558e+00 4.667645e+00 2.993448e+00 3.409182e+00 3.065164e-01 5.657761e-01 3.492672e-01 4.111932e-01 1.128622e+00 7.203535e-01 7.734383e-01 7.958664e-01 7.203813e-01 6.427687e-01 6.186877e-01 5.372767e-01 5.640277e-01
<GCONST> 1.287395e+02
<TRANSP> 5
 0.000000e+00 1.000000e+00 0.000000e+00 0.000000e+00 0.000000e+00
 0.000000e+00 5.930148e-01 4.069853e-01 0.000000e+00 0.000000e+00
 0.000000e+00 0.000000e+00 5.275747e-01 4.724254e-01 0.000000e+00
 0.000000e+00 0.000000e+00 0.000000e+00 5.461659e-01 4.538341e-01
 0.000000e+00 0.000000e+00 0.000000e+00 0.000000e+00 0.000000e+00
<ENDHMM>
~h "r_pal"
<BEGINHMM>
<NUMSTATES> 5
<STATE> 2
<MEAN> 39
 -3.243081e+00 -1.339279e+00 3.555009e+00 9.005588e+00 -8.056864e+00 -8.467863e+00 -1.162252e+01 -1.077720e+01 -2.136866e+00 -6.091719e+00 -3.009598e+00 -2.485067e+00 7.696866e+01 2.683644e-01 -6.166290e-01 1.047031e+00 1.578274e+00 -6.568589e-01 1.243218e-01 -3.033963e-01 3.364356e-01 -4.068721e-01 -4.549129e-01 -4.560400e-01 -2.609090e-01 -3.558559e-01 -6.324175e-02 -4.068651e-02 -1.996704e-01 -2.475198e-01 -4.096882e-01 3.341319e-01 -1.243616e-01 1.657303e-01 2.802569e-02 -3.250226e-01 2.139840e-01 9.140776e-02 3.505912e-02
<VARIANCE> 39
 1.907595e+01 1.363257e+01 5.081654e+01 5.158870e+01 6.818608e+01 4.598994e+01 6.758971e+01 5.555610e+01 4.451029e+01 4.121469e+01 3.659215e+01 3.004614e+01 1.642043e+01 1.681860e+00 1.474716e+00 3.184146e+00 3.697298e+00 5.616415e+00 4.252431e+00 4.716477e+00 3.960001e+00 3.925686e+00 3.700702e+00 3.516449e+00 2.499252e+00 1.785491e+00 3.635394e-01 2.876139e-01 6.120408e-01 7.206647e-01 1.198611e+00 8.997600e-01 9.523140e-01 9.086697e-01 9.109652e-01 8.785124e-01 7.577524e-01 4.764709e-01 5.100057e-01
<GCONST> 1.285501e+02
<STATE> 3
<MEAN> 39
 -2.624029e+00 -3.483029e+00 5.229163e+00 1.208691e+01 -1.213227e+01 -7.242688e+00 -1.409146e+01 -9.096824e+00 -2.783977e+00 -8.951179e+00 -3.195274e+00 -2.864284e+00 7.723968e+01 3.154901e-01 -4.139125e-01 1.774961e-01 7.614523e-01 -1.868404e+00 3.377659e-01 -9.823938e-01 2.238054e-01 1.180715e-02 -1.019828e+00 2.375337e-01 9.643019e-02 3.245333e-01 -1.354301e-01 3.048290e-01 -2.889305e-01 -5.501745e-01 5.580243e-02 -1.685436e-01 2.047223e-01 -8.999828e-02 1.477051e-01 7.651597e-02 1.101817e-01 1.505821e-01 1.562676e-01
<VARIANCE> 39
 1.621446e+01 1.183671e+01 4.532368e+01 5.697084e+01 8.880448e+01 4.820892e+01 7.963361e+01 4.853118e+01 5.777419e+01 4.291450e+01 3.528136e+01 2.889154e+01 1.061809e+01 1.064805e+00 1.101774e+00 3.131117e+00 2.266835e+00 5.412656e+00 2.912559e+00 3.481243e+00 3.265257e+00 4.592924e+00 4.175580e+00 3.738921e+00 1.962517e+00 1.221509e+00 2.018018e-01 2.164950e-01 4.046401e-01 6.288946e-01 1.016373e+00 6.341265e-01 7.724905e-01 6.995212e-01 7.000810e-01 6.409376e-01 6.426094e-01 4.091555e-01 2.561259e-01
<GCONST> 1.219191e+02
<STATE> 4
<MEAN> 39
 -2.208363e+00 -3.013798e+00 4.010691e+00 1.163305e+01 -1.631897e+01 -7.647187e+00 -1.573383e+01 -9.264604e+00 -2.310975e+00 -1.080000e+01 -2.138579e+00 -2.569494e+00 7.832507e+01 -1.720619e-01 6.420848e-01 8.185491e-02 -6.370069e-01 5.483082e-02 -1.735328e-01 4.609441e-01 1.983143e-02 -1.294053e-01 -1.568641e-01 2.676084e-02 3.243497e-01 -7.043751e-02 -2.449042e-01 3.242460e-01 2.839865e-02 -4.840820e-01 8.719612e-01 -2.513898e-02 5.991369e-01 2.136698e-02 -6.989848e-02 3.413971e-01 -1.097932e-01 1.337046e-02 -3.211108e-01
<VARIANCE> 39
 1.636159e+01 1.419440e+01 5.181690e+01 5.039795e+01 1.022709e+02 5.187645e+01 8.222044e+01 5.629727e+01 8.736214e+01 5.819388e+01 5.546146e+01 3.959082e+01 1.145215e+01 1.154150e+00 1.490348e+00 2.444069e+00 2.849661e+00 5.743864e+00 3.029533e+00 3.848181e+00 3.556630e+00 3.684193e+00 3.478890e+00 3.153420e+00 1.975329e+00 2.236477e+00 2.309540e-01 2.172054e-01 3.901964e-01 4.587969e-01 8.345299e-01 5.033599e-01 6.366018e-01 6.051353e-01 8.177532e-01 6.814015e-01 5.798341e-01 3.782815e-01 2.957135e-01
<GCONST> 1.239623e+02
<TRANSP> 5
 0.000000e+00 1.000000e+00 0.000000e+00 0.000000e+00 0.000000e+00
 0.000000e+00 4.653275e-01 5.346725e-01 0.000000e+00 0.000000e+00
 0.000000e+00 0.000000e+00 4.644220e-01 5.355780e-01 0.000000e+00
 0.000000e+00 0.000000e+00 0.000000e+00 4.143886e-01 5.856113e-01
 0.000000e+00 0.000000e+00 0.000000e+00 0.000000e+00 0.000000e+00
<ENDHMM>
~h "N_pal"
<BEGINHMM>
<NUMSTATES> 5
<STATE> 2
<MEAN> 39
 -1.755502e+00 1.416257e+00 2.729179e+00 5.407298e+00 -1.505792e+01 -9.174899e+00 -6.831697e+00 -8.695751e+00 -5.385785e+00 -1.613955e+01 -1.599492e+00 -2.297812e+00 7.756750e+01 9.319936e-01 1.206318e+00 4.879703e-01 4.176257e-01 1.591139e+00 1.006736e-01 -3.067861e-01 2.340431e-01 -1.798809e+00 -1.221595e+00 9.876623e-01 1.719945e-01 -1.609248e+00 1.494302e-01 2.242319e-02 -6.254621e-02 -8.952897e-03 2.950542e-01 -9.726180e-02 -1.667373e-01 1.021971e-01 -1.560903e-01 2.805413e-01 -2.130746e-02 -2.499442e-02 -1.822495e-01
<VARIANCE> 39
 1.423899e+01 1.756178e+01 5.041356e+01 3.078338e+01 1.124185e+02 4.160615e+01 6.916494e+01 5.281948e+01 9.908953e+01 3.694106e+01 6.282070e+01 9.591959e+01 1.251008e+01 8.191148e-01 1.099447e+00 2.400098e+00 1.937810e+00 3.100570e+00 2.392502e+00 3.229417e+00 3.720353e+00 3.158090e+00 4.394100e+00 3.339299e+00 2.627230e+00 7.791017e-01 1.573693e-01 1.622268e-01 2.300094e-01 2.468941e-01 5.290347e-01 3.544626e-01 5.426166e-01 4.074869e-01 5.161257e-01 4.450704e-01 6.348412e-01 4.107668e-01 9.142278e-02
<GCONST> 1.161838e+02
<STATE> 3
<MEAN> 39
 2.987842e+00 4.797778e+00 4.416341e+00 7.213596e+00 -5.780501e+00 -9.805341e+00 -8.695965e+00 -6.384800e+00 -1.107978e+01 -1.766682e+01 8.244063e-01 3.557668e-02 7.156669e+01 3.563174e-01 1.314880e+00 6.526989e-01 8.643270e-02 1.379868e+00 -4.000430e-01 2.483233e-01 3.523635e-01 -1.305246e+00 -6.137033e-02 -1.740002e-01 4.290197e-01 -1.562139e+00 -8.178473e-01 -1.585647e-01 -5.599349e-02 -1.440737e-01 -2.239810e-01 3.070706e-01 2.801471e-01 -1.395849e-01 7.105387e-01 6.817567e-01 -4.788890e-01 -1.671190e-01 2.936413e-01
<VARIANCE> 39
 8.348307e+00 2.048028e+01 4.714582e+01 2.574999e+01 7.170599e+01 5.898126e+01 6.658949e+01 6.564556e+01 8.885611e+01 4.299334e+01 4.338334e+01 9.524435e+01 6.957336e+00 1.299992e+00 1.386036e+00 1.700748e+00 1.793108e+00 3.208330e+00 2.320266e+00 2.809104e+00 3.174109e+00 3.499129e+00 3.660030e+00 3.489022e+00 1.970553e+00 7.936509e-01 2.946980e-01 3.648325e-01 5.546294e-01 4.292745e-01 5.954280e-01 7.647018e-01 6.884612e-01 6.589881e-01 6.093243e-01 9.541737e-01 6.160524e-01 5.650539e-01 2.211746e-01
<GCONST> 1.209647e+02
<STATE> 4
<MEAN> 39
 1.280381e+00 8.816654e+00 6.580396e+00 6.241815e+00 -3.048496e+00 -9.256493e+00 -7.121399e+00 -6.943709e+00 -1.216661e+01 -1.649145e+01 -2.593469e+00 2.237280e-01 6.812213e+01 -2.946234e+00 -1.866339e-01 5.756623e-01 -3.182088e-01 1.241854e+00 1.834601e+00 6.191459e-01 4.789008e-01 1.180452e+00 2.078680e+00 -7.817670e-01 -6.215310e-01 -5.469996e-01 -1.344778e+00 -1.104333e+00 -4.416513e-01 -2.768479e-01 -4.490721e-01 3.717776e-01 1.323940e-01 1.261613e-01 8.597163e-01 8.342251e-01 2.984120e-01 -2.262276e-01 9.508193e-01
<VARIANCE> 39
 1.459168e+01 2.028782e+01 4.101370e+01 2.243754e+01 6.607840e+01 4.076956e+01 5.118203e+01 6.030843e+01 6.684264e+01 3.824604e+01 3.922541e+01 7.896177e+01 1.457580e+01 3.943139e+00 5.818785e+00 4.289750e+00 2.946909e+00 4.293886e+00 4.878195e+00 4.686571e+00 4.664224e+00 4.972484e+00 5.597991e+00 3.335470e+00 4.436207e+00 3.732059e+00 4.122280e-01 5.462922e-01 6.570273e-01 4.832300e-01 7.742651e-01 7.365572e-01 7.084351e-01 9.597728e-01 7.513779e-01 7.780240e-01 6.661318e-01 6.484242e-01 4.426537e-01
<GCONST> 1.320476e+02
<TRANSP> 5
 0.000000e+00 1.000000e+00 0.000000e+00 0.000000e+00 0.000000e+00
 0.000000e+00 6.972548e-01 3.027451e-01 0.000000e+00 0.000000e+00
 0.000000e+00 0.000000e+00 6.441890e-01 3.558110e-01 0.000000e+00
 0.000000e+00 0.000000e+00 0.000000e+00 4.534779e-01 5.465221e-01
 0.000000e+00 0.000000e+00 0.000000e+00 0.000000e+00 0.000000e+00
<ENDHMM>
~h "tS_pal"
<BEGINHMM>
<NUMSTATES> 5
<STATE> 2
<MEAN> 39
 -2.044261e+01 -2.179442e+00 1.230440e+01 2.510600e+00 -3.560553e-01 -2.563475e+00 -5.060840e-01 -5.994967e+00 -1.879673e+00 -4.582710e+00 -1.860907e+00 -1.169504e+00 7.120531e+01 -4.653020e+00 -2.408897e+00 -1.920562e-01 -1.763576e+00 4.464840e-01 4.916131e-01 1.922321e+00 1.033553e+00 1.047735e+00 1.553944e+00 9.298533e-01 8.321096e-01 3.543294e-01 4.576609e-01 -3.898845e-01 -6.032572e-01 1.250756e-02 -7.626857e-01 -6.767250e-01 -5.672250e-01 2.572034e-02 -4.319684e-02 -5.364829e-02 9.103052e-02 1.310636e-01 7.262203e-01
<VARIANCE> 39
 7.903692e+01 4.302150e+01 4.397123e+01 8.888183e+01 3.749534e+01 3.996043e+01 4.933529e+01 2.946656e+01 3.121053e+01 4.885761e+01 2.487078e+01 1.983251e+01 2.580299e+01 5.233055e+00 4.470203e+00 4.314229e+00 4.109615e+00 5.796109e+00 5.831943e+00 4.380187e+00 3.189975e+00 4.459225e+00 3.504050e+00 3.185184e+00 2.430431e+00 5.974780e+00 1.372326e+00 1.079337e+00 8.433227e-01 1.107820e+00 8.765802e-01 8.657915e-01 8.187629e-01 6.163907e-01 6.884993e-01 6.933004e-01 7.151138e-01 4.672277e-01 7.479981e-01
<GCONST> 1.354622e+02
<STATE> 3
<MEAN> 39
 -2.970305e+01 -1.105326e+01 8.318279e+00 2.640434e-02 -2.805121e+00 -8.193007e+00 6.818506e-01 -1.820921e+00 8.656693e-01 -8.021801e-01 3.197258e-01 1.930106e+00 7.694302e+01 2.059515e+00 4.394123e-01 -3.992319e-01 1.110348e+00 1.338495e-01 -1.294250e+00 -1.630307e+00 -1.636477e-01 -1.548512e-01 -3.503438e-01 -7.005330e-01 -3.040114e-01 6.029964e-01 1.831379e+00 9.725937e-01 2.679597e-02 5.162192e-01 5.063336e-02 2.480477e-01 -7.056946e-01 -6.574841e-01 -4.111189e-01 -5.293024e-01 -3.728284e-01 -4.227655e-01 -3.496674e-01
<VARIANCE> 39
 1.761226e+01 1.982202e+01 3.627518e+01 6.588991e+01 3.556363e+01 5.663239e+01 2.914281e+01 1.952122e+01 2.787258e+01 3.388100e+01 1.577948e+01 1.330821e+01 8.407306e+00 1.024804e+01 4.772708e+00 2.089699e+00 3.094345e+00 3.436206e+00 4.445040e+00 3.566656e+00 2.883389e+00 2.795458e+00 2.639999e+00 2.379111e+00 2.025121e+00 1.523170e+00 7.090554e-01 5.279100e-01 4.233212e-01 5.691460e-01 7.034156e-01 9.439545e-01 7.664145e-01 5.376856e-01 6.188613e-01 5.152944e-01 4.825039e-01 4.270356e-01 2.098186e-01
<GCONST> 1.204093e+02
<STATE> 4
<MEAN> 39
 -8.275559e+00 -1.682865e+00 7.123915e+00 6.787020e+00 -2.239796e+00 -1.043760e+01 -1.023734e+01 -8.874985e+00 -4.038737e+00 -5.726371e+00 -5.556390e+00 -2.771215e+00 7.699899e+01 5.936228e+00 1.917995e+00 -1.715605e+00 2.631752e-01 -2.010323e+00 4.820627e-01 -2.718577e+00 -2.532129e+00 -1.235813e+00 -1.251921e+00 -3.974583e-01 -6.758162e-01 1.539026e-01 -1.031163e+00 -6.334594e-01 -4.066605e-01 -8.332253e-01 -6.340879e-01 5.494094e-01 7.061347e-01 2.555144e-01 3.378384e-01 2.072746e-01 6.128538e-01 4.628807e-01 3.711997e-02
<VARIANCE> 39
 4.822022e+01 1.347986e+01 4.837330e+01 4.821180e+01 1.105209e+02 3.476984e+01 6.227795e+01 3.530638e+01 3.005992e+01 4.624261e+01 3.054067e+01 2.038426e+01 1.245846e+01 3.588661e+00 4.445408e+00 3.276746e+00 4.740474e+00 5.468548e+00 7.031302e+00 7.467233e+00 4.508168e+00 5.035535e+00 5.660291e+00 6.132116e+00 4.778605e+00 8.589837e-01 9.379343e-01 3.761549e-01 4.355108e-01 4.084169e-01 1.058337e+00 1.006000e+00 8.602813e-01 7.957512e-01 7.110950e-01 7.289954e-01 5.873334e-01 4.438867e-01 1.194665e-01
<GCONST> 1.300949e+02
<TRANSP> 5
 0.000000e+00 1.000000e+00 0.000000e+00 0.000000e+00 0.000000e+00
 0.000000e+00 7.177886e-01 2.822114e-01 0.000000e+00 0.000000e+00
 0.000000e+00 0.000000e+00 7.731462e-01 2.268538e-01 0.000000e+00
 0.000000e+00 0.000000e+00 0.000000e+00 6.353206e-01 3.646793e-01
 0.000000e+00 0.000000e+00 0.000000e+00 0.000000e+00 0.000000e+00
<ENDHMM>
~h "h_pal"
<BEGINHMM>
<NUMSTATES> 5
<STATE> 2
<MEAN> 39
 -1.059136e+01 2.646950e+00 1.002842e+01 7.119871e+00 -5.194847e+00 -5.245891e+00 -6.318861e+00 -4.803763e+00 -3.699634e+00 -9.057511e+00 -2.242307e+00 -6.330634e-01 7.302367e+01 1.854712e-01 7.305663e-01 2.226631e+00 1.261268e+00 -1.080419e+00 -8.236263e-01 4.083480e-01 -3.345132e-01 -1.367658e+00 -1.474072e+00 -1.295897e-01 -2.019239e-02 1.570806e+00 -6.471728e-02 -5.170896e-02 -3.459254e-01 -4.328911e-01 -9.136282e-02 2.167341e-01 1.709022e-02 -1.919788e-01 -9.450371e-02 2.694575e-01 1.831629e-02 -2.481017e-01 -1.315852e-01
<VARIANCE> 39
 4.880231e+01 2.332215e+01 3.966109e+01 5.108175e+01 9.541223e+01 6.544506e+01 5.644038e+01 5.356968e+01 5.012236e+01 7.049962e+01 3.806481e+01 3.353446e+01 5.793889e+01 5.312413e+00 2.589870e+00 4.221457e+00 3.185035e+00 7.604197e+00 6.551160e+00 5.153385e+00 6.863689e+00 4.909285e+00 6.965504e+00 3.854506e+00 2.529405e+00 1.478184e+01 5.082927e-01 4.237839e-01 6.691282e-01 5.830394e-01 1.255437e+00 9.383943e-01 6.551050e-01 9.097656e-01 6.815180e-01 1.124103e+00 7.020923e-01 4.522419e-01 1.103962e+00
<GCONST> 1.395154e+02
<STATE> 3
<MEAN> 39
 -1.204325e+01 5.026172e+00 1.538541e+01 7.829206e+00 -5.577221e+00 -3.822465e+00 -3.509185e+00 -5.487012e+00 -7.848162e+00 -8.029339e+00 -2.078609e+00 -2.283162e+00 7.524431e+01 -1.433089e-01 2.090494e-01 5.215665e-01 -1.102779e-01 -3.749882e-01 -1.332917e-02 2.390386e-01 -3.147803e-01 -4.750014e-01 1.020909e-01 -1.246104e-01 -4.031369e-01 2.441229e-01 3.379107e-01 -3.089627e-01 -6.892202e-01 -1.354039e-01 -3.343993e-01 -3.370742e-01 -3.916675e-01 -1.365729e-01 3.943956e-01 -2.984440e-02 -1.979186e-02 1.009440e-01 9.254947e-02
<VARIANCE> 39
 2.090886e+01 1.533534e+01 3.528071e+01 3.794260e+01 6.020870e+01 4.280050e+01 3.725988e+01 5.440582e+01 5.497956e+01 7.496475e+01 3.575452e+01 3.300592e+01 5.433128e+00 3.817099e+00 1.293404e+00 2.310911e+00 1.881060e+00 6.630872e+00 5.993308e+00 3.383487e+00 3.394670e+00 2.300269e+00 3.998507e+00 2.409539e+00 1.798151e+00 1.502757e+00 6.350439e-01 2.671397e-01 3.453875e-01 5.148290e-01 1.073480e+00 1.030695e+00 6.169953e-01 7.448255e-01 5.859339e-01 9.579506e-01 5.012302e-01 3.746006e-01 4.978676e-01
<GCONST> 1.233628e+02
<STATE> 4
<MEAN> 39
 -8.149680e+00 3.135312e+00 1.096737e+01 8.699383e+00 -1.029382e+01 -9.955456e+00 -5.948219e+00 -7.274972e+00 -5.689603e+00 -1.137155e+01 -3.491029e+00 -1.649253e+00 7.805165e+01 1.147260e+00 -9.565203e-01 -1.506201e+00 -1.706552e-01 -1.439777e+00 -9.418479e-01 -1.039337e+00 -4.895069e-01 8.103312e-01 -3.155997e-02 4.798928e-02 3.667863e-02 8.451021e-01 4.700975e-02 -2.160319e-01 -3.814207e-01 -1.880797e-01 2.338977e-01 2.441517e-01 -2.433740e-01 6.335752e-02 3.237815e-01 2.788060e-01 3.615315e-02 -6.950548e-02 -4.221306e-02
<VARIANCE> 39
 1.370780e+01 1.480129e+01 3.405779e+01 4.079895e+01 8.376200e+01 4.772631e+01 4.791926e+01 5.276450e+01 5.586371e+01 6.481438e+01 3.750827e+01 3.848240e+01 5.903929e+00 9.112728e-01 8.665996e-01 1.780628e+00 1.765532e+00 2.648345e+00 2.654455e+00 2.185049e+00 2.711837e+00 1.853890e+00 2.969683e+00 2.418416e+00 1.632374e+00 4.132418e-01 1.864053e-01 1.772915e-01 2.251575e-01 2.627979e-01 6.182461e-01 4.315135e-01 2.901689e-01 3.750427e-01 3.437042e-01 4.544947e-01 4.759192e-01 3.263689e-01 1.229360e-01
<GCONST> 1.088429e+02
<TRANSP> 5
 0.000000e+00 1.000000e+00 0.000000e+00 0.000000e+00 0.000000e+00
 0.000000e+00 3.893861e-01 6.106139e-01 0.000000e+00 0.000000e+00
 0.000000e+00 0.000000e+00 6.429569e-01 3.570431e-01 0.000000e+00
 0.000000e+00 0.000000e+00 0.000000e+00 7.376618e-01 2.623383e-01
 0.000000e+00 0.000000e+00 0.000000e+00 0.000000e+00 0.000000e+00
<ENDHMM>
