~o
<STREAMINFO> 1 39
<VECSIZE> 39<NULLD><MFCC_D_A_0><DIAGC>
~h "A"
<BEGINHMM>
<NUMSTATES> 5
<STATE> 2
<MEAN> 39
 -5.139968e+00 2.236065e-01 -1.847932e-01 2.462103e-01 -7.174893e+00 -2.522570e+00 -7.440851e+00 -8.144081e+00 -2.579450e+00 -6.551293e+00 -1.022828e+00 -1.859998e+00 7.436215e+01 -6.536785e-02 2.128019e-02 7.927462e-02 6.847054e-02 1.529018e-02 -5.767551e-02 -9.938660e-03 1.120136e-02 -2.096479e-02 -5.989718e-02 -3.972001e-02 9.376161e-03 5.069763e-02 -1.816525e-02 -6.921800e-04 4.489617e-03 -2.028296e-03 2.121902e-03 -4.025658e-03 1.783535e-03 3.545514e-03 2.598320e-03 5.130147e-03 1.865300e-04 -1.015365e-03 -2.334474e-02
<VARIANCE> 39
 1.047736e+02 4.377114e+01 5.950499e+01 8.477407e+01 1.075010e+02 8.053815e+01 8.880275e+01 6.696880e+01 6.191368e+01 6.082849e+01 5.690019e+01 7.214862e+01 8.748292e+01 5.744565e+00 3.083818e+00 3.778229e+00 4.207103e+00 6.358648e+00 4.278791e+00 4.611367e+00 4.569872e+00 4.204971e+00 4.084356e+00 3.574677e+00 3.041584e+00 7.132761e+00 7.958383e-01 5.444938e-01 6.666503e-01 6.882957e-01 9.981382e-01 7.337334e-01 7.933182e-01 8.168948e-01 7.728737e-01 7.241312e-01 6.632650e-01 5.505043e-01 1.098068e+00
<GCONST> 1.427476e+02
<STATE> 3
<MEAN> 39
 -5.371680e+00 3.002932e-01 5.267489e-02 4.450577e-01 -7.107174e+00 -2.665615e+00 -7.437975e+00 -8.096724e+00 -2.633538e+00 -6.696219e+00 -1.127698e+00 -1.827469e+00 7.437763e+01 -1.158171e-01 2.602444e-02 9.084595e-02 6.407488e-02 2.983553e-02 -5.924374e-02 5.192433e-03 2.606385e-02 -1.352700e-02 -4.268921e-02 -3.779273e-02 1.282364e-02 -3.115229e-02 -1.452802e-02 -4.849222e-04 9.876742e-04 -4.821448e-03 2.038515e-03 8.684534e-04 6.217470e-03 4.323627e-03 3.930332e-03 8.437938e-03 7.595356e-04 2.665650e-04 -3.077498e-02
<VARIANCE> 39
 1.072028e+02 4.393185e+01 6.090438e+01 8.587057e+01 1.094287e+02 8.087519e+01 8.813434e+01 6.639099e+01 6.200169e+01 6.109156e+01 5.670653e+01 7.055167e+01 8.374635e+01 5.888713e+00 3.083699e+00 3.805632e+00 4.244556e+00 6.444557e+00 4.326919e+00 4.627465e+00 4.575290e+00 4.209828e+00 4.117246e+00 3.575266e+00 3.052325e+00 7.034537e+00 8.118614e-01 5.461007e-01 6.716729e-01 6.954839e-01 1.011642e+00 7.414370e-01 7.960767e-01 8.159915e-01 7.754546e-01 7.261336e-01 6.603019e-01 5.494767e-01 1.077905e+00
<GCONST> 1.428697e+02
<STATE> 4
<MEAN> 39
 -5.732907e+00 3.969825e-01 3.091792e-01 6.274375e-01 -6.982122e+00 -2.790061e+00 -7.376182e+00 -7.999357e+00 -2.664095e+00 -6.784609e+00 -1.221334e+00 -1.772290e+00 7.414993e+01 -1.497364e-01 2.767919e-02 8.932632e-02 5.112486e-02 4.364118e-02 -4.782735e-02 2.766414e-02 4.063914e-02 -3.283898e-03 -1.786808e-02 -3.363519e-02 1.841413e-02 -1.180802e-01 -5.859043e-03 -2.152398e-04 -2.035757e-03 -4.040986e-03 4.892108e-03 6.860605e-03 8.756115e-03 3.505892e-03 2.436589e-03 8.285631e-03 5.716354e-04 1.164619e-03 -3.001660e-02
<VARIANCE> 39
 1.099837e+02 4.402807e+01 6.199099e+01 8.621654e+01 1.099463e+02 8.033146e+01 8.730173e+01 6.606094e+01 6.193415e+01 6.146745e+01 5.606649e+01 6.812660e+01 8.786940e+01 6.018354e+00 3.082562e+00 3.823209e+00 4.245920e+00 6.465536e+00 4.349872e+00 4.623335e+00 4.553435e+00 4.206644e+00 4.143536e+00 3.567461e+00 3.046885e+00 6.767262e+00 8.298906e-01 5.483676e-01 6.754671e-01 6.978930e-01 1.019322e+00 7.472196e-01 7.990932e-01 8.140252e-01 7.773111e-01 7.281888e-01 6.566753e-01 5.469409e-01 1.059000e+00
<GCONST> 1.429308e+02
<TRANSP> 5
 0.000000e+00 1.000000e+00 0.000000e+00 0.000000e+00 0.000000e+00
 0.000000e+00 5.919425e-01 4.080575e-01 0.000000e+00 0.000000e+00
 0.000000e+00 0.000000e+00 5.919479e-01 4.080521e-01 0.000000e+00
 0.000000e+00 0.000000e+00 0.000000e+00 5.919505e-01 4.080496e-01
 0.000000e+00 0.000000e+00 0.000000e+00 0.000000e+00 0.000000e+00
<ENDHMM>
~h "E"
<BEGINHMM>
<NUMSTATES> 5
<STATE> 2
<MEAN> 39
 -6.487516e+00 -4.696777e-01 1.323175e+00 2.569795e+00 -7.558778e+00 -5.130760e+00 -8.151421e+00 -7.340469e+00 -2.206139e+00 -6.393763e+00 -1.806329e+00 -2.070860e+00 7.555444e+01 -3.759918e-02 6.941249e-02 5.290071e-03 -1.214598e-02 7.050949e-02 4.513884e-02 4.975226e-02 1.042144e-02 -6.294056e-02 -4.315800e-02 -4.554924e-03 2.229601e-02 -7.844502e-02 -1.021050e-02 4.354959e-03 -7.524845e-03 -1.091255e-02 3.485493e-03 6.117920e-03 1.369093e-03 2.947046e-03 2.265326e-03 4.489012e-03 3.131149e-03 2.226254e-03 -3.032979e-02
<VARIANCE> 39
 1.136456e+02 4.283397e+01 6.468817e+01 6.693166e+01 1.156904e+02 7.444922e+01 8.183360e+01 6.659379e+01 6.267499e+01 6.098115e+01 5.391908e+01 6.351809e+01 6.970425e+01 6.343634e+00 2.937369e+00 3.665136e+00 3.617829e+00 5.946330e+00 4.192514e+00 4.542902e+00 4.243748e+00 4.033260e+00 3.983922e+00 3.152988e+00 2.826978e+00 5.751147e+00 8.677139e-01 5.108539e-01 6.392175e-01 6.099190e-01 9.425683e-01 7.362690e-01 7.801338e-01 7.495599e-01 7.411276e-01 7.034683e-01 5.829315e-01 5.067298e-01 8.894062e-01
<GCONST> 1.405901e+02
<STATE> 3
<MEAN> 39
 -6.601728e+00 -2.623592e-01 1.324621e+00 2.523478e+00 -7.336382e+00 -4.977769e+00 -8.003899e+00 -7.315860e+00 -2.367869e+00 -6.494167e+00 -1.807228e+00 -1.997157e+00 7.524873e+01 -6.639063e-02 8.159118e-02 -7.148805e-03 -3.717508e-02 8.260676e-02 6.082955e-02 5.607218e-02 1.671380e-02 -5.604573e-02 -3.040840e-02 3.151031e-03 2.977880e-02 -1.572489e-01 -6.522782e-03 1.191222e-03 -7.278449e-03 -1.133538e-02 2.741564e-04 4.656695e-03 1.470544e-03 9.535956e-04 4.461419e-03 7.131827e-03 2.405539e-03 1.034245e-03 -2.730788e-02
<VARIANCE> 39
 1.150033e+02 4.282220e+01 6.412154e+01 6.777017e+01 1.170254e+02 7.594862e+01 8.152210e+01 6.587222e+01 6.328548e+01 6.127464e+01 5.395561e+01 6.308949e+01 7.233585e+01 6.385210e+00 2.941326e+00 3.654152e+00 3.666750e+00 5.996815e+00 4.207112e+00 4.524431e+00 4.264383e+00 4.072056e+00 4.040314e+00 3.190820e+00 2.846453e+00 5.769667e+00 8.724636e-01 5.136479e-01 6.420760e-01 6.192102e-01 9.520677e-01 7.393079e-01 7.804169e-01 7.526031e-01 7.485457e-01 7.106894e-01 5.879522e-01 5.099908e-01 8.956084e-01
<GCONST> 1.408353e+02
<STATE> 4
<MEAN> 39
 -6.797801e+00 -2.792352e-02 1.312828e+00 2.421812e+00 -7.080259e+00 -4.786067e+00 -7.833697e+00 -7.274379e+00 -2.507014e+00 -6.558220e+00 -1.789171e+00 -1.901215e+00 7.474800e+01 -8.444691e-02 8.317178e-02 -1.743487e-02 -6.059447e-02 8.568401e-02 7.310881e-02 6.259340e-02 1.936721e-02 -4.410789e-02 -1.188367e-02 9.372502e-03 3.334042e-02 -2.216409e-01 -5.539585e-04 -1.260100e-03 -4.095028e-03 -6.652246e-03 6.168850e-04 5.589523e-03 2.753078e-03 -9.616407e-04 3.806886e-03 6.821249e-03 1.571134e-03 -3.173146e-04 -2.021739e-02
<VARIANCE> 39
 1.161451e+02 4.267682e+01 6.343783e+01 6.856663e+01 1.168129e+02 7.686806e+01 8.118995e+01 6.534618e+01 6.364624e+01 6.160972e+01 5.360427e+01 6.199555e+01 8.124867e+01 6.417325e+00 2.949617e+00 3.652132e+00 3.706894e+00 6.008147e+00 4.205090e+00 4.508535e+00 4.283787e+00 4.108772e+00 4.089824e+00 3.226733e+00 2.859865e+00 5.721906e+00 8.776817e-01 5.181061e-01 6.460503e-01 6.265889e-01 9.589199e-01 7.411973e-01 7.827135e-01 7.575122e-01 7.565556e-01 7.173117e-01 5.933577e-01 5.125114e-01 9.062638e-01
<GCONST> 1.410911e+02
<TRANSP> 5
 0.000000e+00 1.000000e+00 0.000000e+00 0.000000e+00 0.000000e+00
 0.000000e+00 5.940124e-01 4.059876e-01 0.000000e+00 0.000000e+00
 0.000000e+00 0.000000e+00 5.940154e-01 4.059846e-01 0.000000e+00
 0.000000e+00 0.000000e+00 0.000000e+00 5.940115e-01 4.059885e-01
 0.000000e+00 0.000000e+00 0.000000e+00 0.000000e+00 0.000000e+00
<ENDHMM>
~h "I"
<BEGINHMM>
<NUMSTATES> 5
<STATE> 2
<MEAN> 39
 -7.705333e+00 1.068326e+00 3.485499e+00 4.107017e+00 -6.143982e+00 -5.473162e+00 -8.080438e+00 -8.271548e+00 -3.098156e+00 -8.431377e+00 -2.251888e+00 -1.609192e+00 7.441320e+01 3.277731e-03 1.016825e-03 -6.546270e-02 -1.055249e-01 2.401507e-02 5.558346e-02 5.243471e-02 1.499249e-03 -3.914770e-02 -1.916758e-04 -2.233954e-03 -1.769167e-03 5.969415e-02 1.591342e-03 -2.790948e-03 -1.983421e-02 -1.878696e-02 -2.186434e-03 1.153439e-02 3.688972e-03 4.526222e-03 6.272571e-03 1.301846e-02 6.021275e-03 7.468297e-04 -1.833082e-02
<VARIANCE> 39
 1.197393e+02 4.115877e+01 6.508122e+01 7.144547e+01 1.056555e+02 7.339252e+01 7.834561e+01 6.454823e+01 6.467697e+01 6.512744e+01 5.086969e+01 5.344970e+01 6.551445e+01 6.393294e+00 3.082268e+00 3.944297e+00 3.990242e+00 6.355461e+00 4.737882e+00 4.859486e+00 4.776462e+00 4.396996e+00 4.490349e+00 3.367528e+00 2.729117e+00 6.105328e+00 8.757586e-01 5.719216e-01 7.177898e-01 6.765114e-01 1.083594e+00 8.410030e-01 8.511771e-01 8.418308e-01 8.328574e-01 8.012310e-01 6.313493e-01 5.036660e-01 1.029107e+00
<GCONST> 1.424804e+02
<STATE> 3
<MEAN> 39
 -7.686488e+00 1.069420e+00 3.251312e+00 3.783069e+00 -6.068436e+00 -5.274503e+00 -7.929165e+00 -8.241726e+00 -3.181162e+00 -8.381376e+00 -2.236493e+00 -1.605351e+00 7.448190e+01 7.980412e-03 -3.731293e-03 -1.089304e-01 -1.476531e-01 2.104947e-02 8.718733e-02 6.130919e-02 1.464262e-02 -2.187930e-02 3.493013e-02 1.264417e-02 1.390549e-03 9.341330e-03 3.714746e-03 -2.280348e-03 -1.526753e-02 -1.370286e-02 -2.605399e-03 1.070828e-02 2.016876e-03 4.868418e-03 7.826499e-03 1.335248e-02 5.090897e-03 1.030007e-03 -1.981883e-02
<VARIANCE> 39
 1.224245e+02 4.168518e+01 6.569407e+01 7.330833e+01 1.056540e+02 7.473521e+01 7.855614e+01 6.447440e+01 6.568006e+01 6.525598e+01 5.142179e+01 5.490525e+01 6.321535e+01 6.475797e+00 3.094794e+00 3.911164e+00 3.999315e+00 6.351107e+00 4.718469e+00 4.846324e+00 4.772695e+00 4.436394e+00 4.501690e+00 3.388919e+00 2.760551e+00 5.952881e+00 8.854351e-01 5.721446e-01 7.147611e-01 6.788798e-01 1.084359e+00 8.401157e-01 8.510907e-01 8.428144e-01 8.366339e-01 8.006174e-01 6.341368e-01 5.079538e-01 1.012004e+00
<GCONST> 1.426069e+02
<STATE> 4
<MEAN> 39
 -7.658247e+00 1.060422e+00 2.930654e+00 3.370007e+00 -5.998037e+00 -4.996261e+00 -7.756715e+00 -8.175685e+00 -3.216740e+00 -8.240239e+00 -2.185824e+00 -1.591741e+00 7.442307e+01 1.654868e-02 -8.674229e-03 -1.370539e-01 -1.737464e-01 1.650838e-02 1.135583e-01 6.622425e-02 2.794219e-02 -1.990910e-03 6.806269e-02 2.419357e-02 4.405636e-03 -3.951688e-02 5.115685e-03 -1.568897e-03 -8.216509e-03 -5.457463e-03 -2.628055e-04 9.406229e-03 1.236482e-03 5.189470e-03 6.957155e-03 1.093535e-02 3.297041e-03 8.236131e-04 -1.917211e-02
<VARIANCE> 39
 1.244522e+02 4.220041e+01 6.597347e+01 7.490534e+01 1.052529e+02 7.599468e+01 7.904508e+01 6.466180e+01 6.639238e+01 6.539188e+01 5.187206e+01 5.628961e+01 6.499038e+01 6.570546e+00 3.112021e+00 3.883381e+00 4.011680e+00 6.310676e+00 4.669379e+00 4.828300e+00 4.766874e+00 4.458967e+00 4.486079e+00 3.406812e+00 2.797512e+00 5.793165e+00 8.960661e-01 5.727114e-01 7.119886e-01 6.810293e-01 1.078487e+00 8.355700e-01 8.502395e-01 8.446254e-01 8.381357e-01 7.970692e-01 6.363755e-01 5.130510e-01 9.975755e-01
<GCONST> 1.427438e+02
<TRANSP> 5
 0.000000e+00 1.000000e+00 0.000000e+00 0.000000e+00 0.000000e+00
 0.000000e+00 5.908862e-01 4.091138e-01 0.000000e+00 0.000000e+00
 0.000000e+00 0.000000e+00 5.908791e-01 4.091209e-01 0.000000e+00
 0.000000e+00 0.000000e+00 0.000000e+00 5.908808e-01 4.091193e-01
 0.000000e+00 0.000000e+00 0.000000e+00 0.000000e+00 0.000000e+00
<ENDHMM>
~h "J"
<BEGINHMM>
<NUMSTATES> 5
<STATE> 2
<MEAN> 39
 -7.271072e+00 4.739741e-01 3.329578e+00 4.924100e+00 -8.506456e+00 -6.995406e+00 -8.269872e+00 -7.747169e+00 -3.017062e+00 -8.646851e+00 -1.342813e+00 -9.455389e-01 7.496523e+01 -4.683906e-02 3.135031e-02 -6.815372e-02 -1.194359e-01 1.764702e-01 1.879327e-01 1.109270e-01 4.421980e-02 -2.916601e-02 4.587353e-02 -4.153768e-02 -3.807662e-02 -1.591093e-01 -3.889393e-03 -4.480999e-03 -2.153599e-02 -2.847639e-02 1.609350e-02 2.573938e-02 6.183969e-03 6.466181e-03 7.541486e-03 2.466400e-02 3.327659e-03 -1.977701e-03 -3.571323e-02
<VARIANCE> 39
 9.309839e+01 3.716381e+01 6.332427e+01 7.498100e+01 1.295641e+02 8.284438e+01 7.692618e+01 6.204828e+01 7.208273e+01 6.224168e+01 4.754586e+01 5.260424e+01 6.940289e+01 5.369192e+00 2.801208e+00 3.726829e+00 4.027205e+00 6.801682e+00 4.782949e+00 4.594176e+00 4.313892e+00 4.147028e+00 4.418335e+00 3.108105e+00 2.555945e+00 6.198632e+00 7.837767e-01 5.138783e-01 6.659411e-01 6.451601e-01 1.013771e+00 7.694997e-01 7.984545e-01 7.524794e-01 7.579743e-01 7.456741e-01 5.757004e-01 4.709715e-01 1.020682e+00
<GCONST> 1.408427e+02
<STATE> 3
<MEAN> 39
 -7.411972e+00 5.474311e-01 3.099522e+00 4.544479e+00 -7.977150e+00 -6.419725e+00 -7.952563e+00 -7.597535e+00 -3.070175e+00 -8.452729e+00 -1.446766e+00 -1.040785e+00 7.446706e+01 -5.264795e-02 1.559046e-02 -1.176912e-01 -1.864819e-01 2.003355e-01 2.342436e-01 1.161391e-01 5.513347e-02 -9.007887e-03 1.044824e-01 -3.085686e-02 -4.035026e-02 -2.246419e-01 3.477266e-04 -4.679107e-03 -1.478559e-02 -2.014392e-02 1.575429e-03 9.667349e-03 -7.865627e-04 2.025055e-03 7.610794e-03 1.983308e-02 4.136865e-03 7.367596e-04 -2.144076e-02
<VARIANCE> 39
 9.739600e+01 3.794276e+01 6.415860e+01 7.650903e+01 1.257304e+02 8.430399e+01 7.729961e+01 6.253914e+01 7.123112e+01 6.283427e+01 4.768993e+01 5.360328e+01 7.774779e+01 5.590307e+00 2.856103e+00 3.788690e+00 4.114698e+00 6.753996e+00 4.733217e+00 4.579855e+00 4.311211e+00 4.203147e+00 4.457062e+00 3.152141e+00 2.605251e+00 6.253134e+00 8.145319e-01 5.250994e-01 6.799009e-01 6.651282e-01 1.032464e+00 7.791911e-01 8.037694e-01 7.594949e-01 7.710763e-01 7.585944e-01 5.844054e-01 4.795040e-01 1.045943e+00
<GCONST> 1.414654e+02
<STATE> 4
<MEAN> 39
 -7.550130e+00 5.730138e-01 2.763930e+00 4.017646e+00 -7.444393e+00 -5.786085e+00 -7.653411e+00 -7.443007e+00 -3.070364e+00 -8.130404e+00 -1.518996e+00 -1.136008e+00 7.387039e+01 -4.341430e-02 2.355315e-03 -1.450652e-01 -2.247211e-01 1.841360e-01 2.369536e-01 1.032386e-01 5.130314e-02 9.262864e-03 1.438310e-01 -1.964811e-02 -3.617096e-02 -2.510698e-01 7.525929e-03 -1.789274e-03 -4.340012e-03 -5.014468e-03 -8.157576e-03 -2.755772e-03 -4.776183e-03 -1.864174e-03 5.008502e-03 9.370058e-03 2.644061e-03 2.792735e-03 -4.905626e-03
<VARIANCE> 39
 1.013504e+02 3.873655e+01 6.464909e+01 7.751245e+01 1.207193e+02 8.461464e+01 7.767857e+01 6.307834e+01 6.947432e+01 6.333925e+01 4.789733e+01 5.456553e+01 9.027753e+01 5.806798e+00 2.910256e+00 3.824496e+00 4.168610e+00 6.633976e+00 4.663554e+00 4.565177e+00 4.319032e+00 4.244157e+00 4.471473e+00 3.188046e+00 2.653234e+00 6.292589e+00 8.422245e-01 5.363532e-01 6.910756e-01 6.818262e-01 1.040646e+00 7.845054e-01 8.073083e-01 7.686815e-01 7.822852e-01 7.690855e-01 5.929773e-01 4.883941e-01 1.068045e+00
<GCONST> 1.419803e+02
<TRANSP> 5
 0.000000e+00 1.000000e+00 0.000000e+00 0.000000e+00 0.000000e+00
 0.000000e+00 5.867861e-01 4.132139e-01 0.000000e+00 0.000000e+00
 0.000000e+00 0.000000e+00 5.867869e-01 4.132131e-01 0.000000e+00
 0.000000e+00 0.000000e+00 0.000000e+00 5.867861e-01 4.132139e-01
 0.000000e+00 0.000000e+00 0.000000e+00 0.000000e+00 0.000000e+00
<ENDHMM>
~h "L"
<BEGINHMM>
<NUMSTATES> 5
<STATE> 2
<MEAN> 39
 -4.696239e+00 2.444337e+00 -9.717274e-01 -6.201140e+00 -7.315661e+00 1.200762e+00 -5.127018e+00 -1.006011e+01 -3.679115e+00 -6.682497e+00 -6.166922e-01 -1.609174e+00 7.429723e+01 -3.399064e-02 -3.934823e-02 -4.858070e-02 5.679889e-02 3.710249e-02 -3.506876e-03 3.206321e-02 1.703196e-02 -7.498314e-03 1.426463e-02 -3.080923e-02 -2.508321e-02 1.460414e-02 2.194817e-03 -2.432958e-03 6.626236e-03 2.781050e-02 8.548889e-03 -1.381715e-02 1.740032e-03 1.078176e-02 3.826212e-03 -1.193784e-03 -1.182447e-02 4.422677e-03 -2.984397e-02
<VARIANCE> 39
 1.175452e+02 4.307768e+01 5.119199e+01 9.032545e+01 8.777834e+01 7.720248e+01 9.011314e+01 6.848779e+01 6.254759e+01 5.496672e+01 5.917634e+01 7.924101e+01 7.130640e+01 5.300469e+00 2.871868e+00 3.200633e+00 5.458011e+00 5.566073e+00 3.933619e+00 3.939895e+00 4.352846e+00 4.066444e+00 3.489839e+00 3.319648e+00 2.960114e+00 6.133185e+00 6.921083e-01 5.067399e-01 5.650175e-01 8.616408e-01 8.890964e-01 6.799831e-01 6.810845e-01 7.182845e-01 7.099245e-01 6.108874e-01 5.827798e-01 5.148195e-01 1.005526e+00
<GCONST> 1.403009e+02
<STATE> 3
<MEAN> 39
 -4.819643e+00 2.361203e+00 -1.056210e+00 -5.918030e+00 -7.156312e+00 1.151498e+00 -5.028161e+00 -9.959244e+00 -3.694827e+00 -6.653096e+00 -7.268423e-01 -1.650955e+00 7.421590e+01 -3.121816e-02 -4.652688e-02 -3.290841e-02 1.301846e-01 5.628479e-02 -4.259815e-02 3.073663e-02 4.677663e-02 1.129671e-02 1.100004e-02 -6.018990e-02 -1.442312e-02 -5.678555e-02 7.005739e-04 -6.503938e-04 8.334506e-03 2.946229e-02 8.659822e-03 -1.605324e-02 -8.084736e-04 1.105380e-02 5.774842e-03 -3.291487e-03 -1.284625e-02 5.384868e-03 -3.130764e-02
<VARIANCE> 39
 1.209425e+02 4.278531e+01 5.116771e+01 8.855594e+01 8.803021e+01 7.757368e+01 8.953051e+01 6.986249e+01 6.206237e+01 5.530103e+01 5.891511e+01 7.817046e+01 7.411782e+01 5.503679e+00 2.869744e+00 3.262709e+00 5.392069e+00 5.597095e+00 3.903169e+00 3.933789e+00 4.379329e+00 4.081048e+00 3.596741e+00 3.331143e+00 2.979975e+00 6.066763e+00 7.138770e-01 5.031300e-01 5.753614e-01 8.703489e-01 9.058528e-01 6.730216e-01 6.803075e-01 7.334164e-01 7.145327e-01 6.309981e-01 5.871185e-01 5.215716e-01 9.936661e-01
<GCONST> 1.405491e+02
<STATE> 4
<MEAN> 39
 -4.940034e+00 2.249066e+00 -1.108729e+00 -5.462169e+00 -6.969592e+00 9.938557e-01 -4.955585e+00 -9.786526e+00 -3.640295e+00 -6.627319e+00 -8.995502e-01 -1.672041e+00 7.398267e+01 -3.166416e-02 -5.254112e-02 -1.387411e-02 2.000449e-01 7.203788e-02 -8.359685e-02 1.968766e-02 7.278285e-02 3.174921e-02 4.439612e-03 -8.579729e-02 -4.058288e-03 -1.210379e-01 -2.995362e-03 1.190942e-03 1.069480e-02 3.049147e-02 1.181650e-02 -1.203921e-02 -3.878541e-03 1.070837e-02 4.281192e-03 -4.055159e-03 -7.699755e-03 4.219404e-03 -2.567242e-02
<VARIANCE> 39
 1.227519e+02 4.255399e+01 5.097666e+01 8.693397e+01 8.798031e+01 7.701109e+01 8.894660e+01 7.137161e+01 6.130551e+01 5.606562e+01 5.815303e+01 7.681942e+01 8.259438e+01 5.752096e+00 2.891354e+00 3.334107e+00 5.311184e+00 5.677632e+00 3.876044e+00 3.961412e+00 4.425605e+00 4.076706e+00 3.727459e+00 3.345937e+00 2.991908e+00 6.073406e+00 7.402774e-01 5.045333e-01 5.885198e-01 8.761439e-01 9.289949e-01 6.667877e-01 6.846542e-01 7.532511e-01 7.192782e-01 6.567098e-01 5.918082e-01 5.270806e-01 9.895764e-01
<GCONST> 1.409279e+02
<TRANSP> 5
 0.000000e+00 1.000000e+00 0.000000e+00 0.000000e+00 0.000000e+00
 0.000000e+00 5.992947e-01 4.007053e-01 0.000000e+00 0.000000e+00
 0.000000e+00 0.000000e+00 5.992942e-01 4.007058e-01 0.000000e+00
 0.000000e+00 0.000000e+00 0.000000e+00 5.992960e-01 4.007040e-01
 0.000000e+00 0.000000e+00 0.000000e+00 0.000000e+00 0.000000e+00
<ENDHMM>
~h "M"
<BEGINHMM>
<NUMSTATES> 5
<STATE> 2
<MEAN> 39
 -3.810418e+00 1.132831e-01 2.047358e+00 5.109390e-01 -5.408988e+00 -2.113034e+00 -5.871334e+00 -8.330699e+00 -4.874918e+00 -8.667108e+00 -2.617730e+00 -8.586305e-01 7.340962e+01 1.700019e-01 1.126993e-01 -1.169192e-01 -8.639804e-02 -9.885124e-03 9.583078e-02 -1.154496e-02 -5.049366e-02 -5.915627e-02 3.343174e-02 3.622167e-02 -4.352954e-02 -9.906682e-03 -2.375832e-02 5.702664e-03 -1.813355e-02 -9.625382e-03 3.596619e-03 2.962664e-03 2.819471e-03 3.479627e-03 1.599781e-02 1.857369e-02 8.429376e-03 2.452222e-03 -2.115796e-02
<VARIANCE> 39
 1.108063e+02 4.359046e+01 6.193884e+01 7.121637e+01 8.438604e+01 7.153228e+01 7.998902e+01 7.021785e+01 7.437168e+01 7.887621e+01 6.577654e+01 7.728518e+01 7.046913e+01 6.707494e+00 3.329453e+00 4.256193e+00 4.293178e+00 5.670400e+00 4.025369e+00 4.291038e+00 4.762057e+00 4.954271e+00 5.760967e+00 3.885278e+00 3.893734e+00 6.243602e+00 9.324346e-01 5.755989e-01 7.433398e-01 7.108802e-01 9.635086e-01 7.588688e-01 7.657811e-01 8.219980e-01 8.475632e-01 8.964714e-01 7.075045e-01 7.235155e-01 1.014730e+00
<GCONST> 1.444468e+02
<STATE> 3
<MEAN> 39
 -3.522557e+00 4.180941e-01 1.725745e+00 2.703040e-01 -5.380938e+00 -1.869712e+00 -5.877052e+00 -8.389294e+00 -4.961548e+00 -8.499070e+00 -2.496045e+00 -9.572961e-01 7.328793e+01 9.398713e-02 1.148672e-01 -1.502856e-01 -1.127021e-01 -8.707287e-03 9.499456e-02 -1.956767e-03 -3.630725e-02 -1.562534e-02 8.079015e-02 5.731591e-02 -4.071952e-02 -4.379210e-02 -3.336125e-02 -1.715001e-06 -4.971435e-03 -4.985009e-03 2.766986e-03 -1.049484e-03 5.193487e-03 7.036064e-03 1.443368e-02 1.406698e-02 4.848749e-03 7.040093e-04 -1.684799e-02
<VARIANCE> 39
 1.045102e+02 4.256504e+01 6.081228e+01 7.230069e+01 8.439839e+01 7.083511e+01 8.072757e+01 6.913232e+01 7.399576e+01 7.748576e+01 6.641579e+01 7.852065e+01 7.150513e+01 6.690858e+00 3.322987e+00 4.220299e+00 4.358432e+00 5.725848e+00 4.036024e+00 4.341537e+00 4.804215e+00 4.963146e+00 5.730093e+00 3.948707e+00 3.968391e+00 5.990474e+00 9.493583e-01 5.801654e-01 7.409506e-01 7.204431e-01 9.777871e-01 7.613133e-01 7.825115e-01 8.426599e-01 8.550990e-01 9.035179e-01 7.225964e-01 7.382461e-01 9.996772e-01
<GCONST> 1.445312e+02
<STATE> 4
<MEAN> 39
 -3.444218e+00 6.972061e-01 1.348994e+00 -3.298473e-02 -5.380617e+00 -1.650186e+00 -5.860749e+00 -8.414092e+00 -4.933084e+00 -8.220673e+00 -2.325744e+00 -1.061140e+00 7.313969e+01 7.317791e-03 1.031725e-01 -1.499130e-01 -1.196743e-01 -1.331123e-02 8.476742e-02 9.094629e-03 -2.052033e-02 2.289384e-02 1.124428e-01 6.651082e-02 -4.398226e-02 -6.239840e-02 -3.612445e-02 -4.219593e-03 1.010652e-02 6.766452e-03 3.656937e-03 -3.220241e-03 4.601366e-03 8.690873e-03 1.412462e-02 8.854806e-03 1.529202e-04 -9.505660e-04 -1.140152e-02
<VARIANCE> 39
 1.014789e+02 4.183348e+01 5.983574e+01 7.280404e+01 8.413652e+01 6.992049e+01 8.198585e+01 6.844706e+01 7.305544e+01 7.612840e+01 6.602717e+01 7.966055e+01 7.424689e+01 6.615041e+00 3.305165e+00 4.173597e+00 4.409287e+00 5.742492e+00 4.040026e+00 4.383880e+00 4.842523e+00 4.918879e+00 5.624211e+00 3.961302e+00 3.988327e+00 5.789419e+00 9.623997e-01 5.822410e-01 7.361293e-01 7.266710e-01 9.815947e-01 7.586911e-01 7.959676e-01 8.608515e-01 8.577471e-01 9.018654e-01 7.292982e-01 7.430452e-01 9.806911e-01
<GCONST> 1.444879e+02
<TRANSP> 5
 0.000000e+00 1.000000e+00 0.000000e+00 0.000000e+00 0.000000e+00
 0.000000e+00 5.879530e-01 4.120470e-01 0.000000e+00 0.000000e+00
 0.000000e+00 0.000000e+00 5.879514e-01 4.120486e-01 0.000000e+00
 0.000000e+00 0.000000e+00 0.000000e+00 5.879547e-01 4.120453e-01
 0.000000e+00 0.000000e+00 0.000000e+00 0.000000e+00 0.000000e+00
<ENDHMM>
~h "N"
<BEGINHMM>
<NUMSTATES> 5
<STATE> 2
<MEAN> 39
 -3.183859e+00 1.184904e+00 4.627498e-01 8.815187e-01 -5.731455e+00 -3.493149e+00 -7.660460e+00 -8.721231e+00 -4.330504e+00 -8.586545e+00 -8.584113e-01 -1.653712e+00 7.402684e+01 -8.144591e-02 3.442965e-02 -7.926122e-02 -1.543707e-01 4.221579e-02 9.486302e-02 1.841333e-02 4.968268e-02 -4.547402e-03 6.749778e-02 2.355977e-02 -3.895409e-04 -4.807958e-02 -1.322929e-02 -5.398174e-03 -2.392556e-03 -6.707897e-04 -6.447074e-03 4.528547e-03 2.898575e-03 4.555373e-03 1.611818e-02 1.243702e-02 -4.480542e-03 -6.757629e-04 -4.929462e-04
<VARIANCE> 39
 8.270238e+01 4.296913e+01 6.416185e+01 7.055368e+01 8.951683e+01 7.226440e+01 7.622259e+01 6.843443e+01 7.449410e+01 6.717896e+01 5.490546e+01 9.743504e+01 6.131330e+01 5.082027e+00 3.536075e+00 4.715524e+00 4.243918e+00 5.304495e+00 4.878518e+00 4.198895e+00 4.823238e+00 5.364099e+00 5.046852e+00 3.691935e+00 3.677788e+00 5.513403e+00 7.663453e-01 6.382700e-01 8.519436e-01 7.317092e-01 8.892116e-01 9.156200e-01 7.580491e-01 8.550446e-01 9.470211e-01 8.457834e-01 7.063653e-01 6.562316e-01 9.331632e-01
<GCONST> 1.436979e+02
<STATE> 3
<MEAN> 39
 -3.442337e+00 1.269614e+00 2.840868e-01 5.122113e-01 -5.622219e+00 -3.236350e+00 -7.606321e+00 -8.570936e+00 -4.299868e+00 -8.377787e+00 -8.004134e-01 -1.640824e+00 7.387570e+01 -1.100730e-01 1.688370e-02 -8.471022e-02 -1.519193e-01 2.029457e-02 1.042506e-01 2.734213e-02 5.972414e-02 3.740816e-02 9.613305e-02 1.087200e-02 -2.901866e-03 -4.226343e-02 -7.897513e-03 -5.056123e-03 2.485431e-03 9.171017e-03 -5.715086e-03 5.717892e-04 7.121521e-03 2.891472e-03 1.178356e-02 7.563820e-03 -7.044480e-03 1.247498e-03 -3.064300e-03
<VARIANCE> 39
 8.663515e+01 4.316213e+01 6.268349e+01 7.148054e+01 8.935479e+01 7.382233e+01 7.721540e+01 6.788552e+01 7.338952e+01 6.778477e+01 5.488842e+01 9.565311e+01 6.152213e+01 5.295518e+00 3.580791e+00 4.715558e+00 4.329493e+00 5.384185e+00 4.949411e+00 4.321109e+00 4.849598e+00 5.357531e+00 5.062119e+00 3.724647e+00 3.709038e+00 5.486499e+00 8.027897e-01 6.516782e-01 8.645177e-01 7.500426e-01 9.024704e-01 9.304994e-01 7.785261e-01 8.656244e-01 9.527797e-01 8.563229e-01 7.127202e-01 6.634027e-01 9.433666e-01
<GCONST> 1.441187e+02
<STATE> 4
<MEAN> 39
 -3.761479e+00 1.297959e+00 8.875072e-02 1.564813e-01 -5.584567e+00 -2.962685e+00 -7.525227e+00 -8.400459e+00 -4.160616e+00 -8.105574e+00 -7.777001e-01 -1.638778e+00 7.375837e+01 -1.262221e-01 9.612552e-04 -7.896623e-02 -1.252283e-01 1.494797e-03 1.034558e-01 4.707544e-02 6.481269e-02 6.679229e-02 1.117595e-01 -7.940301e-03 -1.253843e-03 -4.415528e-02 -5.553761e-03 -2.773145e-03 7.555997e-03 1.904045e-02 -1.433582e-03 -1.164804e-03 1.150421e-02 1.635543e-03 6.316609e-03 2.846589e-03 -8.917975e-03 2.881612e-03 -8.939935e-03
<VARIANCE> 39
 9.156004e+01 4.326242e+01 6.104531e+01 7.198082e+01 8.931269e+01 7.494518e+01 7.872057e+01 6.751538e+01 7.160094e+01 6.809604e+01 5.476995e+01 9.316724e+01 6.222854e+01 5.505397e+00 3.576097e+00 4.646712e+00 4.367519e+00 5.464187e+00 4.950792e+00 4.436316e+00 4.850350e+00 5.271492e+00 5.008590e+00 3.736962e+00 3.688882e+00 5.439660e+00 8.329773e-01 6.543766e-01 8.626146e-01 7.582636e-01 9.158390e-01 9.318802e-01 7.968956e-01 8.717388e-01 9.473056e-01 8.571605e-01 7.137256e-01 6.612897e-01 9.419182e-01
<GCONST> 1.442718e+02
<TRANSP> 5
 0.000000e+00 1.000000e+00 0.000000e+00 0.000000e+00 0.000000e+00
 0.000000e+00 5.925152e-01 4.074848e-01 0.000000e+00 0.000000e+00
 0.000000e+00 0.000000e+00 5.925139e-01 4.074862e-01 0.000000e+00
 0.000000e+00 0.000000e+00 0.000000e+00 5.925140e-01 4.074860e-01
 0.000000e+00 0.000000e+00 0.000000e+00 0.000000e+00 0.000000e+00
<ENDHMM>
~h "O"
<BEGINHMM>
<NUMSTATES> 5
<STATE> 2
<MEAN> 39
 -2.966735e+00 1.011406e+00 -1.173146e+00 -3.776501e+00 -8.583632e+00 6.101727e-01 -5.281520e+00 -9.463728e+00 -3.380176e+00 -7.508467e+00 -1.198194e+00 -1.226354e+00 7.524812e+01 6.239180e-04 -1.794140e-02 7.183248e-02 1.673141e-01 4.638544e-02 -1.106238e-01 -9.305640e-02 -1.537392e-02 1.310112e-02 -7.880749e-03 -3.507187e-02 -3.297162e-02 1.495162e-02 -2.026024e-02 -2.899976e-03 3.038406e-03 1.463176e-02 6.023251e-03 -1.116315e-02 -4.016032e-03 1.091910e-02 5.995048e-03 9.912741e-03 -2.039214e-03 -2.946956e-03 -1.138511e-02
<VARIANCE> 39
 8.946800e+01 3.684415e+01 6.829842e+01 1.092223e+02 9.228994e+01 7.782790e+01 8.777798e+01 6.818446e+01 5.600548e+01 5.839003e+01 6.523492e+01 7.149363e+01 5.674768e+01 5.023774e+00 2.692382e+00 3.842328e+00 5.064465e+00 6.391179e+00 4.088114e+00 4.215354e+00 4.334529e+00 4.174474e+00 3.961848e+00 3.550001e+00 2.841773e+00 5.177703e+00 6.950732e-01 4.898328e-01 6.349199e-01 7.536084e-01 1.032266e+00 7.009117e-01 7.370023e-01 7.765386e-01 7.923027e-01 7.126961e-01 6.439492e-01 5.133947e-01 8.892050e-01
<GCONST> 1.408610e+02
<STATE> 3
<MEAN> 39
 -3.034763e+00 9.616645e-01 -9.789071e-01 -3.294062e+00 -8.429388e+00 3.047183e-01 -5.533074e+00 -9.460246e+00 -3.330904e+00 -7.494968e+00 -1.278322e+00 -1.306057e+00 7.522915e+01 -5.288685e-02 -2.133267e-02 8.294564e-02 2.037081e-01 6.524958e-02 -1.345288e-01 -9.794712e-02 1.321542e-02 2.662999e-02 1.389929e-02 -3.926934e-02 -3.574240e-02 -1.269298e-02 -2.048897e-02 -1.212207e-03 2.086175e-03 1.048681e-02 6.355710e-03 -6.077893e-03 1.922368e-03 1.146545e-02 5.221649e-03 8.055482e-03 -1.922983e-03 -6.646353e-04 -1.072551e-02
<VARIANCE> 39
 9.018646e+01 3.715002e+01 6.844286e+01 1.072039e+02 9.207353e+01 7.750454e+01 8.841932e+01 6.908491e+01 5.701569e+01 5.846704e+01 6.467490e+01 7.112888e+01 5.535403e+01 5.047744e+00 2.691567e+00 3.832097e+00 4.973660e+00 6.388919e+00 4.100082e+00 4.265213e+00 4.384234e+00 4.231333e+00 3.973869e+00 3.547258e+00 2.858330e+00 5.019851e+00 6.998047e-01 4.900397e-01 6.359925e-01 7.494796e-01 1.039650e+00 7.056923e-01 7.460482e-01 7.866493e-01 8.032047e-01 7.157759e-01 6.450646e-01 5.177315e-01 8.750967e-01
<GCONST> 1.409099e+02
<STATE> 4
<MEAN> 39
 -3.240139e+00 9.139439e-01 -7.511221e-01 -2.725501e+00 -8.221446e+00 -5.154967e-02 -5.783300e+00 -9.384439e+00 -3.251125e+00 -7.437853e+00 -1.368415e+00 -1.380915e+00 7.514532e+01 -1.045562e-01 -1.996094e-02 9.016873e-02 2.270976e-01 8.407992e-02 -1.455873e-01 -8.811521e-02 4.151494e-02 3.813453e-02 2.952350e-02 -4.367337e-02 -3.335131e-02 -3.838262e-02 -1.990120e-02 1.090887e-03 1.172351e-03 6.148482e-03 8.208972e-03 -6.667101e-04 6.839716e-03 1.144383e-02 3.808683e-03 5.512316e-03 -1.393430e-03 1.204464e-03 -1.189463e-02
<VARIANCE> 39
 9.281621e+01 3.742981e+01 6.858882e+01 1.045770e+02 9.223209e+01 7.728695e+01 8.860052e+01 7.016708e+01 5.805192e+01 5.866576e+01 6.376430e+01 7.036148e+01 5.532519e+01 5.147480e+00 2.689013e+00 3.819732e+00 4.847331e+00 6.362658e+00 4.103297e+00 4.309563e+00 4.427709e+00 4.272434e+00 3.985588e+00 3.527154e+00 2.870662e+00 4.896086e+00 7.122608e-01 4.895633e-01 6.377559e-01 7.415212e-01 1.042438e+00 7.086268e-01 7.542412e-01 7.944958e-01 8.111654e-01 7.184711e-01 6.436018e-01 5.210722e-01 8.609211e-01
<GCONST> 1.409665e+02
<TRANSP> 5
 0.000000e+00 1.000000e+00 0.000000e+00 0.000000e+00 0.000000e+00
 0.000000e+00 5.944394e-01 4.055606e-01 0.000000e+00 0.000000e+00
 0.000000e+00 0.000000e+00 5.944421e-01 4.055579e-01 0.000000e+00
 0.000000e+00 0.000000e+00 0.000000e+00 5.944426e-01 4.055573e-01
 0.000000e+00 0.000000e+00 0.000000e+00 0.000000e+00 0.000000e+00
<ENDHMM>
~h "R"
<BEGINHMM>
<NUMSTATES> 5
<STATE> 2
<MEAN> 39
 -5.523479e+00 -3.104333e-01 -1.932125e+00 2.998357e-01 -5.281934e+00 -1.711201e+00 -7.354285e+00 -8.521958e+00 -3.291678e+00 -4.665338e+00 -1.865122e-01 -2.420855e+00 7.402465e+01 -4.516137e-02 1.422839e-02 3.980872e-02 -6.980214e-02 1.794031e-02 9.901839e-02 4.162916e-02 6.180056e-02 -2.942689e-03 9.788396e-03 -5.144434e-02 -2.049578e-02 -4.453821e-02 -1.257870e-02 5.225576e-03 1.019992e-02 -6.418299e-03 -5.974696e-03 4.132163e-03 9.502653e-03 2.801870e-03 1.153753e-02 3.566029e-04 -5.307812e-03 3.130625e-03 -2.764644e-02
<VARIANCE> 39
 1.087821e+02 4.471859e+01 5.224693e+01 6.613492e+01 8.075884e+01 6.852639e+01 8.312737e+01 7.099830e+01 5.853259e+01 5.268180e+01 5.670203e+01 6.813320e+01 8.238965e+01 6.286372e+00 3.362405e+00 4.025532e+00 4.252705e+00 6.095537e+00 4.151890e+00 4.800221e+00 5.289890e+00 4.722657e+00 3.919458e+00 3.900714e+00 3.187489e+00 7.819510e+00 8.738618e-01 6.131175e-01 7.556378e-01 7.396403e-01 1.063401e+00 7.525402e-01 8.602563e-01 9.420421e-01 8.692811e-01 7.406339e-01 7.455245e-01 5.845488e-01 1.313936e+00
<GCONST> 1.435363e+02
<STATE> 3
<MEAN> 39
 -5.695288e+00 -2.308111e-01 -1.789348e+00 1.213641e-01 -5.219170e+00 -1.419360e+00 -7.194006e+00 -8.325488e+00 -3.272900e+00 -4.643734e+00 -3.274789e-01 -2.451474e+00 7.377818e+01 -7.368597e-02 2.738615e-02 5.907233e-02 -9.132137e-02 1.112521e-03 1.034220e-01 6.216286e-02 6.600993e-02 2.882273e-02 6.216214e-03 -6.174729e-02 -1.083494e-02 -1.006014e-01 -8.251787e-03 6.980616e-03 7.235428e-03 -9.540083e-04 -4.095614e-03 -1.984294e-03 7.071141e-03 1.145956e-03 9.511501e-03 -1.212111e-03 -4.093896e-03 5.441220e-03 -2.446988e-02
<VARIANCE> 39
 1.116933e+02 4.433577e+01 5.135397e+01 6.550890e+01 8.246309e+01 6.820567e+01 8.371803e+01 7.121127e+01 5.832848e+01 5.264437e+01 5.634638e+01 6.940865e+01 8.525052e+01 6.474487e+00 3.362670e+00 3.944448e+00 4.153214e+00 6.089374e+00 4.071236e+00 4.789871e+00 5.212785e+00 4.642140e+00 3.862449e+00 3.813147e+00 3.209296e+00 7.684175e+00 8.946860e-01 6.157377e-01 7.408441e-01 7.173367e-01 1.054280e+00 7.419747e-01 8.620237e-01 9.357538e-01 8.550422e-01 7.264594e-01 7.288468e-01 5.868976e-01 1.319918e+00
<GCONST> 1.433788e+02
<STATE> 4
<MEAN> 39
 -5.920475e+00 -1.268221e-01 -1.616431e+00 -1.216952e-01 -5.209586e+00 -1.142796e+00 -6.996685e+00 -8.132728e+00 -3.170009e+00 -4.642571e+00 -4.872907e-01 -2.456741e+00 7.343577e+01 -8.629123e-02 4.195286e-02 7.143921e-02 -9.512240e-02 -1.055457e-02 8.845916e-02 7.418840e-02 6.499252e-02 5.259842e-02 -2.525657e-03 -6.905123e-02 3.253003e-03 -1.431592e-01 -2.106251e-03 7.992029e-03 7.203191e-03 8.475451e-03 2.112696e-03 -6.401307e-03 5.224958e-03 1.738937e-03 3.807501e-03 -5.901995e-03 -2.925660e-03 6.382832e-03 -1.938597e-02
<VARIANCE> 39
 1.145076e+02 4.373733e+01 5.061877e+01 6.499761e+01 8.378574e+01 6.787119e+01 8.413294e+01 7.139883e+01 5.786424e+01 5.261244e+01 5.574641e+01 7.044044e+01 9.152076e+01 6.631978e+00 3.345376e+00 3.826053e+00 4.049762e+00 6.055644e+00 3.979453e+00 4.765111e+00 5.107088e+00 4.536137e+00 3.797228e+00 3.717474e+00 3.220846e+00 7.549776e+00 9.113154e-01 6.143976e-01 7.180262e-01 6.952357e-01 1.039086e+00 7.268060e-01 8.583748e-01 9.217862e-01 8.359722e-01 7.092870e-01 7.092702e-01 5.855154e-01 1.315455e+00
<GCONST> 1.431022e+02
<TRANSP> 5
 0.000000e+00 1.000000e+00 0.000000e+00 0.000000e+00 0.000000e+00
 0.000000e+00 5.942024e-01 4.057975e-01 0.000000e+00 0.000000e+00
 0.000000e+00 0.000000e+00 5.942016e-01 4.057984e-01 0.000000e+00
 0.000000e+00 0.000000e+00 0.000000e+00 5.942029e-01 4.057971e-01
 0.000000e+00 0.000000e+00 0.000000e+00 0.000000e+00 0.000000e+00
<ENDHMM>
~h "S"
<BEGINHMM>
<NUMSTATES> 5
<STATE> 2
<MEAN> 39
 -1.054181e+01 -4.315988e+00 6.069779e-01 2.665032e-01 -4.458773e+00 -1.260148e+00 -5.330582e+00 -6.783126e+00 -3.068385e+00 -3.231040e+00 -4.223884e-01 -9.189410e-01 7.520147e+01 7.321921e-02 6.221890e-02 -3.014935e-02 -8.782953e-02 -1.623650e-02 8.608833e-02 1.582939e-02 -1.596120e-02 1.181198e-02 -2.609535e-02 1.476428e-02 9.039925e-03 2.068836e-02 1.270788e-02 2.426307e-02 -1.519859e-04 3.934140e-03 -2.818001e-03 -5.415197e-03 -4.763919e-03 -2.145713e-03 1.581982e-03 -1.545245e-02 -7.219567e-03 6.292246e-04 -2.472597e-02
<VARIANCE> 39
 1.623365e+02 6.689362e+01 6.838452e+01 6.990849e+01 1.170657e+02 6.411510e+01 9.589046e+01 6.094697e+01 5.546197e+01 7.420244e+01 5.696297e+01 5.668785e+01 6.370709e+01 1.135571e+01 5.111031e+00 4.287513e+00 3.688713e+00 7.727295e+00 4.130431e+00 5.385170e+00 4.750397e+00 4.311265e+00 4.930855e+00 4.048072e+00 3.148077e+00 5.587862e+00 1.458992e+00 8.556306e-01 7.689517e-01 5.969182e-01 1.236598e+00 7.209651e-01 9.046611e-01 8.439927e-01 8.116224e-01 7.947177e-01 7.253661e-01 5.590854e-01 9.666396e-01
<GCONST> 1.461287e+02
<STATE> 3
<MEAN> 39
 -1.026150e+01 -4.046190e+00 5.105919e-01 3.539109e-02 -4.539283e+00 -1.065939e+00 -5.322054e+00 -6.836295e+00 -3.042620e+00 -3.365590e+00 -4.132975e-01 -9.014078e-01 7.513667e+01 1.323356e-01 1.357933e-01 -3.060090e-02 -7.728628e-02 -4.246166e-02 6.522557e-02 -5.826922e-03 -2.863923e-02 1.338430e-02 -7.985351e-02 -9.179652e-03 4.771169e-03 -3.643691e-02 1.951028e-02 2.733633e-02 8.607681e-04 5.250609e-03 -9.445017e-03 -9.173110e-03 -7.154801e-03 -4.484904e-03 -1.442042e-05 -1.964640e-02 -9.377389e-03 -1.469208e-03 -2.325863e-02
<VARIANCE> 39
 1.632355e+02 6.787193e+01 6.735031e+01 7.024522e+01 1.159936e+02 6.447063e+01 9.526421e+01 6.114589e+01 5.568956e+01 7.445792e+01 5.693697e+01 5.777190e+01 6.022328e+01 1.108563e+01 5.052802e+00 4.293185e+00 3.722166e+00 7.615075e+00 4.105742e+00 5.324078e+00 4.757363e+00 4.332363e+00 4.908835e+00 3.995942e+00 3.173516e+00 5.660635e+00 1.418268e+00 8.512608e-01 7.722263e-01 6.016468e-01 1.215323e+00 7.148135e-01 8.953230e-01 8.468708e-01 8.157914e-01 7.923669e-01 7.159716e-01 5.634109e-01 9.955020e-01
<GCONST> 1.460259e+02
<STATE> 4
<MEAN> 39
 -9.774580e+00 -3.576184e+00 4.188399e-01 -1.611553e-01 -4.724359e+00 -9.403090e-01 -5.388984e+00 -6.937275e+00 -3.018390e+00 -3.662236e+00 -4.785219e-01 -9.115785e-01 7.495229e+01 2.003779e-01 2.066215e-01 -2.550121e-02 -6.050542e-02 -7.897043e-02 3.694376e-02 -3.066972e-02 -4.501862e-02 1.192980e-02 -1.365977e-01 -3.682160e-02 -4.929432e-03 -8.403014e-02 2.242888e-02 2.444585e-02 2.765612e-03 7.085123e-03 -1.330577e-02 -1.155558e-02 -8.058113e-03 -5.529410e-03 -9.419608e-04 -1.919082e-02 -9.847749e-03 -3.547075e-03 -1.921659e-02
<VARIANCE> 39
 1.620738e+02 6.804855e+01 6.614817e+01 7.104815e+01 1.148040e+02 6.532638e+01 9.467081e+01 6.171211e+01 5.612835e+01 7.463358e+01 5.683492e+01 5.901360e+01 5.962218e+01 1.060541e+01 4.874587e+00 4.273985e+00 3.779065e+00 7.459733e+00 4.094982e+00 5.246108e+00 4.770409e+00 4.350509e+00 4.858244e+00 3.926615e+00 3.190022e+00 5.726379e+00 1.356725e+00 8.320823e-01 7.714319e-01 6.111645e-01 1.190744e+00 7.116306e-01 8.848587e-01 8.505280e-01 8.197740e-01 7.904072e-01 7.047485e-01 5.668070e-01 1.021205e+00
<GCONST> 1.458618e+02
<TRANSP> 5
 0.000000e+00 1.000000e+00 0.000000e+00 0.000000e+00 0.000000e+00
 0.000000e+00 5.948521e-01 4.051478e-01 0.000000e+00 0.000000e+00
 0.000000e+00 0.000000e+00 5.948488e-01 4.051512e-01 0.000000e+00
 0.000000e+00 0.000000e+00 0.000000e+00 5.948516e-01 4.051484e-01
 0.000000e+00 0.000000e+00 0.000000e+00 0.000000e+00 0.000000e+00
<ENDHMM>
~h "U"
<BEGINHMM>
<NUMSTATES> 5
<STATE> 2
<MEAN> 39
 -7.285686e+00 2.564396e+00 1.200859e+00 -9.367201e-01 -5.652506e+00 -9.877762e-01 -6.397843e+00 -8.599415e+00 -3.392310e+00 -7.760237e+00 -1.817413e+00 -1.251786e+00 7.300157e+01 -1.433456e-01 -1.850052e-02 -2.436841e-02 3.032206e-02 4.304999e-02 -3.148118e-02 9.967412e-03 6.234962e-02 3.483751e-02 4.348403e-02 -2.748741e-02 -1.855624e-02 4.128233e-03 5.320283e-03 -1.628438e-02 -1.943259e-03 6.928455e-03 -1.142213e-02 -1.149382e-02 -8.412111e-03 -5.081479e-03 4.835315e-03 1.082771e-02 7.111515e-03 -1.360168e-03 -1.819382e-02
<VARIANCE> 39
 1.577655e+02 4.461084e+01 5.591061e+01 8.144414e+01 1.026331e+02 7.352926e+01 9.276894e+01 7.909396e+01 6.228460e+01 6.397167e+01 5.633977e+01 5.998770e+01 7.012627e+01 7.474183e+00 3.206847e+00 3.768185e+00 4.544897e+00 6.679839e+00 4.235898e+00 4.975142e+00 5.661317e+00 4.657924e+00 4.396467e+00 3.713120e+00 2.913105e+00 6.081935e+00 9.884068e-01 5.993938e-01 7.025679e-01 7.730395e-01 1.118541e+00 7.537853e-01 8.764139e-01 9.723730e-01 8.818321e-01 7.874006e-01 6.896600e-01 5.386076e-01 9.949579e-01
<GCONST> 1.445349e+02
<STATE> 3
<MEAN> 39
 -7.644175e+00 2.473851e+00 1.139117e+00 -8.247187e-01 -5.552381e+00 -1.087511e+00 -6.382499e+00 -8.437620e+00 -3.291684e+00 -7.613820e+00 -1.866918e+00 -1.300161e+00 7.296548e+01 -1.278795e-01 -5.728658e-02 -2.511107e-02 4.773286e-02 1.787606e-02 -5.644028e-02 -5.642852e-03 5.397788e-02 4.676293e-02 7.274115e-02 -8.020194e-03 -2.003965e-02 -4.941910e-02 1.449048e-02 -1.405894e-02 7.796459e-05 6.223132e-03 -1.297767e-02 -9.684785e-03 -4.655626e-03 -4.538004e-03 3.679036e-03 8.313843e-03 7.120172e-03 4.733672e-04 -2.272352e-02
<VARIANCE> 39
 1.615661e+02 4.467408e+01 5.625906e+01 8.123570e+01 1.043740e+02 7.395084e+01 9.217588e+01 7.916180e+01 6.248071e+01 6.411425e+01 5.525493e+01 5.909418e+01 7.190397e+01 7.409270e+00 3.162110e+00 3.733879e+00 4.486195e+00 6.605894e+00 4.225531e+00 4.949995e+00 5.595777e+00 4.632175e+00 4.382368e+00 3.656666e+00 2.904599e+00 5.964127e+00 9.785076e-01 5.903961e-01 6.960207e-01 7.648764e-01 1.111889e+00 7.520591e-01 8.744612e-01 9.646918e-01 8.748949e-01 7.849561e-01 6.808062e-01 5.357980e-01 9.690198e-01
<GCONST> 1.443357e+02
<STATE> 4
<MEAN> 39
 -7.958076e+00 2.294539e+00 1.085288e+00 -6.751621e-01 -5.507370e+00 -1.238981e+00 -6.392562e+00 -8.282896e+00 -3.160928e+00 -7.393656e+00 -1.865945e+00 -1.346403e+00 7.278180e+01 -8.931759e-02 -8.746473e-02 -2.093276e-02 6.210987e-02 -8.413772e-03 -7.545801e-02 -1.085788e-02 5.028593e-02 5.505140e-02 9.206152e-02 9.478288e-03 -1.696971e-02 -1.100697e-01 2.123212e-02 -8.675518e-03 2.247475e-03 8.589788e-03 -7.187428e-03 -5.149451e-03 1.445005e-03 6.352518e-04 9.157445e-04 3.117994e-03 4.865759e-03 1.348682e-03 -2.500030e-02
<VARIANCE> 39
 1.613288e+02 4.459069e+01 5.658757e+01 8.080026e+01 1.054941e+02 7.423135e+01 9.139523e+01 7.889865e+01 6.220674e+01 6.428186e+01 5.425478e+01 5.812671e+01 8.036715e+01 7.327546e+00 3.112710e+00 3.702230e+00 4.388219e+00 6.474214e+00 4.204245e+00 4.902951e+00 5.494148e+00 4.579038e+00 4.334910e+00 3.592191e+00 2.892503e+00 5.837691e+00 9.643543e-01 5.794865e-01 6.880382e-01 7.484906e-01 1.094812e+00 7.484562e-01 8.690659e-01 9.538078e-01 8.626792e-01 7.786444e-01 6.705567e-01 5.321660e-01 9.486049e-01
<GCONST> 1.440642e+02
<TRANSP> 5
 0.000000e+00 1.000000e+00 0.000000e+00 0.000000e+00 0.000000e+00
 0.000000e+00 5.929711e-01 4.070288e-01 0.000000e+00 0.000000e+00
 0.000000e+00 0.000000e+00 5.929734e-01 4.070266e-01 0.000000e+00
 0.000000e+00 0.000000e+00 0.000000e+00 5.929729e-01 4.070271e-01
 0.000000e+00 0.000000e+00 0.000000e+00 0.000000e+00 0.000000e+00
<ENDHMM>
~h "W"
<BEGINHMM>
<NUMSTATES> 5
<STATE> 2
<MEAN> 39
 -4.135165e+00 2.687633e+00 6.746697e-01 -2.572623e+00 -9.231440e+00 -9.152265e-01 -6.152130e+00 -9.439521e+00 -3.152685e+00 -8.838076e+00 -1.872169e+00 -4.283106e-01 7.421368e+01 -1.205869e-01 -2.311707e-02 -2.199488e-02 1.444365e-01 1.920041e-01 -2.131664e-02 -2.109991e-02 9.182824e-02 2.808148e-02 2.151131e-02 -3.329941e-02 -4.213084e-02 -1.320720e-01 -2.283656e-02 -1.555330e-02 3.624381e-03 1.697907e-02 1.300100e-02 -1.073273e-02 -2.602098e-03 4.451860e-03 5.988635e-03 1.778211e-02 6.418472e-03 -7.264102e-03 -1.341213e-02
<VARIANCE> 39
 1.210695e+02 4.868987e+01 6.007066e+01 9.582317e+01 1.163012e+02 7.948908e+01 1.011063e+02 7.065572e+01 6.752619e+01 6.236722e+01 6.717851e+01 6.180868e+01 6.030080e+01 6.812974e+00 3.255345e+00 4.012546e+00 5.081245e+00 7.469794e+00 4.796710e+00 4.995575e+00 4.999581e+00 4.459111e+00 4.575662e+00 4.192437e+00 3.005764e+00 4.620354e+00 8.775515e-01 5.489753e-01 6.912518e-01 8.009550e-01 1.112406e+00 8.518549e-01 8.954131e-01 9.087917e-01 8.413895e-01 7.901854e-01 7.499941e-01 5.623521e-01 7.848880e-01
<GCONST> 1.446948e+02
<STATE> 3
<MEAN> 39
 -4.533168e+00 2.590296e+00 6.728562e-01 -2.130527e+00 -8.682254e+00 -1.003733e+00 -6.203712e+00 -9.170764e+00 -3.063919e+00 -8.723700e+00 -1.937864e+00 -5.485470e-01 7.386051e+01 -1.770653e-01 -6.500200e-02 -1.144844e-02 1.770044e-01 2.142829e-01 -4.971736e-02 -2.506526e-02 1.005625e-01 4.260065e-02 6.839515e-02 -1.502765e-02 -5.577874e-02 -1.552601e-01 -1.633754e-02 -1.216091e-02 5.688600e-03 9.677252e-03 1.182982e-03 -1.235085e-02 -2.622349e-04 2.777116e-03 5.823950e-03 1.530279e-02 5.669007e-03 -2.838134e-03 -9.161349e-03
<VARIANCE> 39
 1.216935e+02 4.828761e+01 5.905150e+01 9.471707e+01 1.156873e+02 7.993307e+01 1.001239e+02 7.212006e+01 6.755437e+01 6.353827e+01 6.628728e+01 6.139680e+01 6.862678e+01 6.850425e+00 3.256459e+00 4.036809e+00 4.994688e+00 7.404408e+00 4.809460e+00 4.991935e+00 5.040715e+00 4.536617e+00 4.624702e+00 4.151405e+00 3.036879e+00 4.796362e+00 8.850451e-01 5.508235e-01 7.036328e-01 7.980887e-01 1.126305e+00 8.514504e-01 8.971378e-01 9.183747e-01 8.568381e-01 8.001128e-01 7.472702e-01 5.671233e-01 8.124975e-01
<GCONST> 1.449844e+02
<STATE> 4
<MEAN> 39
 -5.048228e+00 2.387206e+00 6.898403e-01 -1.640795e+00 -8.115108e+00 -1.163575e+00 -6.262353e+00 -8.892869e+00 -2.944186e+00 -8.494383e+00 -1.953269e+00 -6.902912e-01 7.347710e+01 -2.056528e-01 -9.382767e-02 7.580250e-04 1.899377e-01 2.052076e-01 -7.931969e-02 -2.449485e-02 1.031129e-01 5.328442e-02 1.030681e-01 -1.322856e-06 -5.771963e-02 -1.664588e-01 -3.751063e-03 -5.096959e-03 8.589054e-03 5.817730e-03 -5.059556e-03 -9.931315e-03 2.742038e-03 2.105729e-03 2.221869e-03 8.479835e-03 3.526069e-03 1.028092e-03 -3.252615e-03
<VARIANCE> 39
 1.226581e+02 4.778561e+01 5.851438e+01 9.304622e+01 1.144544e+02 8.035925e+01 9.838795e+01 7.318488e+01 6.696452e+01 6.455405e+01 6.474950e+01 6.068760e+01 7.992083e+01 6.879650e+00 3.236612e+00 4.050388e+00 4.873820e+00 7.274339e+00 4.792358e+00 4.976487e+00 5.059888e+00 4.577905e+00 4.624941e+00 4.077917e+00 3.051169e+00 4.959025e+00 8.951750e-01 5.533515e-01 7.145294e-01 7.874555e-01 1.130767e+00 8.459402e-01 8.951728e-01 9.236913e-01 8.661677e-01 8.052692e-01 7.393915e-01 5.684567e-01 8.414665e-01
<GCONST> 1.451198e+02
<TRANSP> 5
 0.000000e+00 1.000000e+00 0.000000e+00 0.000000e+00 0.000000e+00
 0.000000e+00 5.881158e-01 4.118843e-01 0.000000e+00 0.000000e+00
 0.000000e+00 0.000000e+00 5.881201e-01 4.118799e-01 0.000000e+00
 0.000000e+00 0.000000e+00 0.000000e+00 5.881160e-01 4.118840e-01
 0.000000e+00 0.000000e+00 0.000000e+00 0.000000e+00 0.000000e+00
<ENDHMM>
~h "Z"
<BEGINHMM>
<NUMSTATES> 5
<STATE> 2
<MEAN> 39
 -4.508106e+00 -3.742567e-01 1.542644e+00 1.191306e+00 -5.690182e+00 -2.292039e+00 -6.686069e+00 -9.340737e+00 -5.351180e+00 -7.244014e+00 -2.194235e+00 -2.013721e+00 7.583593e+01 5.934176e-02 3.472668e-02 3.154862e-02 -2.016416e-03 -2.215795e-02 1.612860e-02 -1.241042e-02 -3.072014e-02 5.470416e-03 -5.896272e-02 -2.199628e-02 -4.400374e-03 1.420152e-01 -1.507402e-02 9.154930e-03 4.568311e-03 2.935206e-03 8.347389e-03 -1.440703e-03 1.619610e-03 6.078647e-03 8.121280e-03 1.264250e-03 -1.902239e-03 4.919908e-03 -2.197332e-02
<VARIANCE> 39
 8.797375e+01 4.355523e+01 7.216316e+01 7.545734e+01 1.253280e+02 7.144467e+01 9.143930e+01 6.758002e+01 6.952840e+01 6.815314e+01 5.854318e+01 6.182042e+01 6.019463e+01 6.792198e+00 2.858870e+00 4.373360e+00 3.618842e+00 7.826801e+00 4.166184e+00 4.633463e+00 4.565084e+00 4.684394e+00 4.452308e+00 3.629880e+00 2.631888e+00 3.594138e+00 1.074580e+00 4.969596e-01 7.308961e-01 5.748090e-01 1.167098e+00 7.544593e-01 8.229880e-01 8.270478e-01 8.187877e-01 7.858158e-01 6.575020e-01 4.971263e-01 5.464852e-01
<GCONST> 1.417829e+02
<STATE> 3
<MEAN> 39
 -4.382595e+00 -2.405707e-01 1.606709e+00 1.164643e+00 -5.753965e+00 -2.238525e+00 -6.700795e+00 -9.378003e+00 -5.285135e+00 -7.398409e+00 -2.250058e+00 -2.001587e+00 7.607227e+01 2.849534e-02 6.127145e-02 3.248142e-02 -7.641586e-03 -2.079570e-02 1.700613e-02 -4.192630e-03 -1.129614e-02 3.823083e-02 -5.850537e-02 -2.407819e-02 9.621248e-03 7.662710e-02 -1.372761e-02 9.568333e-03 -6.762063e-04 -3.508386e-03 -7.993430e-04 8.615723e-05 4.444758e-03 7.588968e-03 1.219831e-02 9.226001e-04 1.759908e-04 5.396432e-03 -2.750701e-02
<VARIANCE> 39
 9.013520e+01 4.421750e+01 7.261681e+01 7.671946e+01 1.252757e+02 7.205298e+01 9.188658e+01 6.712904e+01 7.009530e+01 6.777019e+01 5.891141e+01 6.288552e+01 4.880521e+01 6.704904e+00 2.898498e+00 4.412230e+00 3.633943e+00 7.737708e+00 4.163939e+00 4.634034e+00 4.530919e+00 4.646583e+00 4.393826e+00 3.619886e+00 2.638869e+00 3.565002e+00 1.055927e+00 5.044663e-01 7.357956e-01 5.772468e-01 1.157749e+00 7.556326e-01 8.212281e-01 8.259293e-01 8.157107e-01 7.773152e-01 6.564548e-01 4.977179e-01 5.515382e-01
<GCONST> 1.416249e+02
<STATE> 4
<MEAN> 39
 -4.314266e+00 -4.123592e-02 1.646229e+00 1.101646e+00 -5.861875e+00 -2.178175e+00 -6.689178e+00 -9.363774e+00 -5.115479e+00 -7.556840e+00 -2.300416e+00 -1.955078e+00 7.613022e+01 3.354845e-03 8.329264e-02 2.000888e-02 -2.360632e-02 -4.193286e-02 1.747165e-02 7.544038e-03 7.289509e-03 7.517541e-02 -5.837878e-02 -1.938152e-02 2.204870e-02 4.768007e-03 -9.402240e-03 7.088399e-03 -7.212409e-03 -7.588878e-03 -1.114840e-02 -9.923559e-04 4.873905e-03 6.671496e-03 1.340762e-02 5.509402e-04 2.896349e-03 4.712566e-03 -2.866595e-02
<VARIANCE> 39
 9.329744e+01 4.480125e+01 7.273651e+01 7.808804e+01 1.247099e+02 7.266330e+01 9.227012e+01 6.694295e+01 7.061839e+01 6.743456e+01 5.927795e+01 6.384042e+01 4.260738e+01 6.550954e+00 2.924995e+00 4.400255e+00 3.662454e+00 7.592787e+00 4.154017e+00 4.606964e+00 4.495619e+00 4.571546e+00 4.340024e+00 3.607790e+00 2.649491e+00 3.504946e+00 1.019763e+00 5.099028e-01 7.341744e-01 5.830473e-01 1.142539e+00 7.551980e-01 8.150947e-01 8.235185e-01 8.104343e-01 7.688949e-01 6.553603e-01 4.988144e-01 5.624613e-01
<GCONST> 1.414583e+02
<TRANSP> 5
 0.000000e+00 1.000000e+00 0.000000e+00 0.000000e+00 0.000000e+00
 0.000000e+00 5.960082e-01 4.039918e-01 0.000000e+00 0.000000e+00
 0.000000e+00 0.000000e+00 5.960066e-01 4.039933e-01 0.000000e+00
 0.000000e+00 0.000000e+00 0.000000e+00 5.960062e-01 4.039938e-01
 0.000000e+00 0.000000e+00 0.000000e+00 0.000000e+00 0.000000e+00
<ENDHMM>
~h "a"
<BEGINHMM>
<NUMSTATES> 5
<STATE> 2
<MEAN> 39
 -6.058062e+00 5.426152e-01 1.334548e-03 3.522981e-01 -6.154267e+00 -2.297070e+00 -7.217384e+00 -7.938441e+00 -2.629101e+00 -6.075677e+00 -1.022709e+00 -1.665492e+00 7.367825e+01 2.861123e-03 -1.454310e-03 6.108962e-02 2.311709e-02 -6.227350e-02 -5.856942e-02 -4.792592e-02 -3.958651e-02 -3.235323e-03 -5.394196e-02 -1.924088e-02 -1.687059e-02 2.599986e-01 -3.141821e-03 1.729757e-05 6.682132e-03 1.215799e-03 -5.175808e-03 -4.745581e-03 2.123662e-03 -1.550808e-03 -1.426888e-03 -1.641348e-03 -3.221162e-03 -1.228312e-03 -1.410180e-02
<VARIANCE> 39
 1.156512e+02 4.370647e+01 6.133573e+01 7.706777e+01 9.873476e+01 7.366707e+01 8.698232e+01 6.682215e+01 5.885215e+01 6.200945e+01 5.498887e+01 6.670375e+01 9.426429e+01 6.681046e+00 3.261765e+00 3.963086e+00 4.184765e+00 6.384089e+00 4.343522e+00 4.866234e+00 4.707358e+00 4.318142e+00 4.162022e+00 3.574692e+00 3.187595e+00 7.501571e+00 9.311560e-01 5.945992e-01 7.147364e-01 7.086575e-01 1.069964e+00 7.755985e-01 8.435464e-01 8.493416e-01 8.161160e-01 7.545466e-01 6.705912e-01 5.830702e-01 1.190491e+00
<GCONST> 1.438221e+02
<STATE> 3
<MEAN> 39
 -6.098129e+00 5.668396e-01 1.891201e-01 4.354677e-01 -6.305326e+00 -2.453687e+00 -7.305773e+00 -8.032310e+00 -2.643265e+00 -6.223069e+00 -1.091109e+00 -1.704113e+00 7.420234e+01 -1.903827e-02 9.863600e-03 8.177757e-02 3.391929e-02 -5.895137e-02 -6.233528e-02 -2.842200e-02 -3.327903e-02 -5.868267e-03 -5.597923e-02 -2.713508e-02 -1.065671e-02 1.801818e-01 -6.814341e-03 4.413238e-03 7.371553e-03 5.062290e-03 2.567698e-03 -7.255565e-04 8.748324e-03 3.242423e-03 -1.065925e-03 -1.642802e-04 -3.087622e-03 2.905693e-03 -3.838018e-02
<VARIANCE> 39
 1.191493e+02 4.445969e+01 6.328814e+01 7.942736e+01 1.006491e+02 7.495831e+01 8.708923e+01 6.609084e+01 5.933672e+01 6.219571e+01 5.537214e+01 6.657372e+01 8.027907e+01 6.718925e+00 3.266543e+00 3.973382e+00 4.201713e+00 6.426566e+00 4.365609e+00 4.866073e+00 4.700077e+00 4.305546e+00 4.158160e+00 3.583870e+00 3.173080e+00 7.337586e+00 9.314375e-01 5.950724e-01 7.136298e-01 7.094566e-01 1.075732e+00 7.778230e-01 8.420154e-01 8.451020e-01 8.128888e-01 7.526310e-01 6.707782e-01 5.787454e-01 1.168146e+00
<GCONST> 1.437782e+02
<STATE> 4
<MEAN> 39
 -6.217384e+00 6.321129e-01 4.255508e-01 5.528851e-01 -6.412159e+00 -2.597435e+00 -7.317484e+00 -8.085213e+00 -2.658870e+00 -6.366082e+00 -1.174178e+00 -1.706675e+00 7.444954e+01 -4.309765e-02 2.365472e-02 9.681282e-02 4.772281e-02 -3.931664e-02 -5.540856e-02 2.818648e-03 -1.602691e-02 -7.032341e-03 -5.292910e-02 -3.289808e-02 3.160222e-03 6.140226e-02 -7.285213e-03 4.854949e-03 4.278935e-03 6.345914e-03 9.281866e-03 3.749502e-03 1.260414e-02 7.304578e-03 -1.079418e-03 9.827290e-04 -2.611925e-03 5.036069e-03 -4.963605e-02
<VARIANCE> 39
 1.221588e+02 4.491478e+01 6.495728e+01 8.126059e+01 1.021268e+02 7.570164e+01 8.705318e+01 6.560184e+01 5.979192e+01 6.237516e+01 5.544126e+01 6.570611e+01 7.388850e+01 6.703599e+00 3.254629e+00 3.970289e+00 4.188968e+00 6.419713e+00 4.357642e+00 4.826377e+00 4.670967e+00 4.283391e+00 4.149979e+00 3.574716e+00 3.122291e+00 6.927034e+00 9.266607e-01 5.926147e-01 7.103667e-01 7.056726e-01 1.074610e+00 7.760549e-01 8.376834e-01 8.395829e-01 8.081280e-01 7.499635e-01 6.679560e-01 5.696660e-01 1.133044e+00
<GCONST> 1.435899e+02
<TRANSP> 5
 0.000000e+00 1.000000e+00 0.000000e+00 0.000000e+00 0.000000e+00
 0.000000e+00 5.904209e-01 4.095791e-01 0.000000e+00 0.000000e+00
 0.000000e+00 0.000000e+00 5.904121e-01 4.095879e-01 0.000000e+00
 0.000000e+00 0.000000e+00 0.000000e+00 5.903960e-01 4.096039e-01
 0.000000e+00 0.000000e+00 0.000000e+00 0.000000e+00 0.000000e+00
<ENDHMM>
~h "b"
<BEGINHMM>
<NUMSTATES> 5
<STATE> 2
<MEAN> 39
 -1.839171e+00 3.214276e+00 6.924272e-01 -1.434364e+00 -7.816315e+00 -7.611468e-01 -5.309853e+00 -9.126307e+00 -4.135758e+00 -8.555201e+00 -2.546727e+00 -1.959309e+00 7.275136e+01 -7.015300e-03 4.739038e-02 1.931083e-02 -1.164200e-02 -6.823588e-03 1.459764e-02 2.049705e-02 2.962264e-03 5.972128e-03 -6.009008e-02 -2.614103e-02 3.220373e-02 1.006577e-01 -2.672915e-02 -8.973429e-03 3.580278e-03 9.645228e-03 9.283559e-03 -1.282518e-02 -1.142536e-02 4.998339e-03 8.008986e-03 8.290704e-03 4.649382e-03 1.181724e-03 5.317713e-03
<VARIANCE> 39
 8.116821e+01 5.468229e+01 5.670568e+01 8.643210e+01 9.252201e+01 6.845881e+01 8.924660e+01 6.475206e+01 6.127979e+01 5.585379e+01 6.831273e+01 6.423998e+01 8.762852e+01 4.760954e+00 3.974099e+00 4.019683e+00 5.084865e+00 7.135392e+00 4.005658e+00 4.639676e+00 5.339838e+00 4.320464e+00 4.382470e+00 4.769666e+00 3.147369e+00 6.907378e+00 6.975652e-01 7.121623e-01 7.357128e-01 8.558030e-01 1.237631e+00 7.119456e-01 8.457138e-01 9.733160e-01 8.012781e-01 8.018798e-01 9.020854e-01 6.065259e-01 1.211786e+00
<GCONST> 1.447522e+02
<STATE> 3
<MEAN> 39
 -1.976589e+00 3.275848e+00 7.257240e-01 -1.456827e+00 -7.828231e+00 -7.758961e-01 -5.304563e+00 -9.110598e+00 -4.061035e+00 -8.639763e+00 -2.573795e+00 -1.874459e+00 7.304171e+01 -8.660389e-02 8.591256e-03 1.558979e-02 4.203559e-03 9.133875e-03 -1.696048e-02 -1.162686e-02 1.150075e-02 3.782900e-02 -2.032462e-02 -2.424965e-03 3.382979e-02 1.148345e-01 -3.131777e-02 -1.693699e-02 -2.559227e-03 4.818232e-03 4.773725e-03 -1.292776e-02 -1.318918e-02 2.919203e-03 1.261282e-02 1.735592e-02 1.008115e-02 -6.345037e-04 2.850458e-03
<VARIANCE> 39
 8.591453e+01 5.492382e+01 5.728848e+01 8.665835e+01 9.366696e+01 6.886076e+01 9.019684e+01 6.529983e+01 6.184979e+01 5.598098e+01 6.797990e+01 6.486600e+01 7.785760e+01 4.946822e+00 3.940745e+00 4.021642e+00 5.127360e+00 7.163654e+00 4.045233e+00 4.702683e+00 5.395032e+00 4.345029e+00 4.425635e+00 4.738094e+00 3.160311e+00 6.780516e+00 7.200871e-01 7.078260e-01 7.343851e-01 8.642350e-01 1.236990e+00 7.187077e-01 8.559284e-01 9.835227e-01 8.106105e-01 8.119928e-01 8.960590e-01 6.084195e-01 1.191189e+00
<GCONST> 1.449006e+02
<STATE> 4
<MEAN> 39
 -2.330071e+00 3.211235e+00 7.293524e-01 -1.447680e+00 -7.808444e+00 -8.640622e-01 -5.382470e+00 -9.084326e+00 -3.899044e+00 -8.600005e+00 -2.521496e+00 -1.788571e+00 7.335284e+01 -1.671342e-01 -4.204781e-02 3.496421e-03 1.452487e-02 1.845847e-02 -4.634521e-02 -4.458470e-02 1.455771e-02 6.906164e-02 2.824910e-02 2.806845e-02 3.120082e-02 1.152159e-01 -2.902504e-02 -2.013282e-02 -5.110106e-03 2.824821e-03 1.615337e-03 -1.180496e-02 -1.261398e-02 5.464872e-04 1.119833e-02 1.871065e-02 1.154804e-02 -1.930972e-03 -2.351985e-03
<VARIANCE> 39
 9.242696e+01 5.481391e+01 5.800563e+01 8.704203e+01 9.519373e+01 6.969775e+01 9.121614e+01 6.611652e+01 6.221575e+01 5.652043e+01 6.722824e+01 6.513664e+01 7.054621e+01 5.100473e+00 3.847679e+00 3.996768e+00 5.139539e+00 7.160109e+00 4.088218e+00 4.752856e+00 5.430056e+00 4.351375e+00 4.409182e+00 4.637821e+00 3.153152e+00 6.601869e+00 7.416019e-01 6.949424e-01 7.281051e-01 8.660085e-01 1.228383e+00 7.265904e-01 8.633499e-01 9.880428e-01 8.174263e-01 8.138829e-01 8.777036e-01 6.057526e-01 1.160255e+00
<GCONST> 1.449088e+02
<TRANSP> 5
 0.000000e+00 1.000000e+00 0.000000e+00 0.000000e+00 0.000000e+00
 0.000000e+00 5.915995e-01 4.084005e-01 0.000000e+00 0.000000e+00
 0.000000e+00 0.000000e+00 5.915915e-01 4.084084e-01 0.000000e+00
 0.000000e+00 0.000000e+00 0.000000e+00 5.916033e-01 4.083967e-01
 0.000000e+00 0.000000e+00 0.000000e+00 0.000000e+00 0.000000e+00
<ENDHMM>
~h "d"
<BEGINHMM>
<NUMSTATES> 5
<STATE> 2
<MEAN> 39
 -2.668882e+00 1.728525e+00 8.227216e-01 -3.385352e-01 -6.712185e+00 -1.624964e+00 -7.662604e+00 -1.064930e+01 -3.836214e+00 -6.532617e+00 -7.148760e-01 -2.706247e+00 7.435445e+01 8.014970e-02 3.293240e-02 1.028753e-02 3.155357e-02 -3.450325e-02 -3.365577e-03 1.790735e-02 -3.786044e-02 -4.947715e-03 -6.372893e-02 -3.421659e-02 7.160014e-03 1.206060e-01 -1.948353e-02 -6.419045e-04 2.839540e-03 9.993535e-03 6.223515e-03 -2.642186e-03 7.633314e-03 1.530939e-02 1.972842e-03 -5.890551e-03 -7.380200e-03 8.570402e-03 -1.536693e-02
<VARIANCE> 39
 5.901294e+01 5.067215e+01 6.009144e+01 7.769569e+01 9.139041e+01 7.628521e+01 9.419070e+01 6.862477e+01 5.894598e+01 5.293865e+01 6.318256e+01 7.640986e+01 8.456453e+01 3.837414e+00 3.898910e+00 3.701483e+00 4.014091e+00 6.433536e+00 4.123381e+00 4.395142e+00 5.036503e+00 4.324968e+00 3.837022e+00 3.900346e+00 2.801127e+00 6.771238e+00 6.026702e-01 6.896452e-01 6.364992e-01 6.714194e-01 1.089334e+00 7.489395e-01 8.115709e-01 9.378175e-01 7.956674e-01 6.966845e-01 7.273579e-01 5.154290e-01 1.229911e+00
<GCONST> 1.420416e+02
<STATE> 3
<MEAN> 39
 -2.555166e+00 1.764407e+00 8.181777e-01 -2.579579e-01 -6.811271e+00 -1.639361e+00 -7.586990e+00 -1.069051e+01 -3.808315e+00 -6.694415e+00 -8.120660e-01 -2.650467e+00 7.462477e+01 1.637595e-02 1.220718e-02 1.761958e-03 4.388046e-02 -2.696745e-02 -5.858068e-03 3.790638e-02 5.585386e-03 1.317928e-02 -6.597739e-02 -4.754797e-02 3.182954e-02 8.510776e-02 -2.857457e-02 -1.046883e-02 -4.460502e-03 2.313951e-03 2.561464e-03 -1.272854e-03 6.914570e-03 1.731544e-02 8.087167e-03 1.663766e-03 -3.723551e-03 9.005483e-03 -1.681239e-02
<VARIANCE> 39
 6.095634e+01 5.056420e+01 6.098009e+01 7.831319e+01 9.269106e+01 7.632613e+01 9.487416e+01 6.895643e+01 5.968319e+01 5.346691e+01 6.346732e+01 7.642924e+01 7.387873e+01 3.904796e+00 3.846663e+00 3.737243e+00 4.037398e+00 6.479159e+00 4.117653e+00 4.411213e+00 5.053266e+00 4.354242e+00 3.880037e+00 3.910970e+00 2.798998e+00 6.639010e+00 6.062482e-01 6.805545e-01 6.443471e-01 6.722346e-01 1.097604e+00 7.497676e-01 8.124281e-01 9.385487e-01 8.049058e-01 7.041249e-01 7.294813e-01 5.164903e-01 1.197911e+00
<GCONST> 1.420627e+02
<STATE> 4
<MEAN> 39
 -2.625635e+00 1.720561e+00 7.716969e-01 -1.631451e-01 -6.903183e+00 -1.653648e+00 -7.461718e+00 -1.061670e+01 -3.720820e+00 -6.841371e+00 -9.338512e-01 -2.533424e+00 7.480048e+01 -6.108464e-02 -2.173654e-02 -1.517292e-02 4.422287e-02 -2.491315e-02 -7.741197e-03 5.406260e-02 4.967704e-02 3.681116e-02 -5.549855e-02 -5.403341e-02 5.267835e-02 4.133721e-02 -3.120586e-02 -1.474124e-02 -7.767960e-03 -3.230500e-03 -1.505033e-03 -2.458035e-03 4.679434e-03 1.616475e-02 1.014008e-02 6.228560e-03 -9.095440e-04 7.000963e-03 -1.861845e-02
<VARIANCE> 39
 6.587316e+01 4.993178e+01 6.178029e+01 7.916125e+01 9.426227e+01 7.653075e+01 9.552072e+01 6.969502e+01 6.043102e+01 5.435003e+01 6.339399e+01 7.575637e+01 6.699471e+01 3.976637e+00 3.729790e+00 3.736508e+00 4.056689e+00 6.510664e+00 4.098965e+00 4.412204e+00 5.033500e+00 4.357971e+00 3.913527e+00 3.904794e+00 2.793898e+00 6.467637e+00 6.106204e-01 6.611445e-01 6.479963e-01 6.720923e-01 1.102011e+00 7.470964e-01 8.099619e-01 9.314870e-01 8.101026e-01 7.100067e-01 7.293390e-01 5.176076e-01 1.154208e+00
<GCONST> 1.420309e+02
<TRANSP> 5
 0.000000e+00 1.000000e+00 0.000000e+00 0.000000e+00 0.000000e+00
 0.000000e+00 5.901975e-01 4.098024e-01 0.000000e+00 0.000000e+00
 0.000000e+00 0.000000e+00 5.901965e-01 4.098035e-01 0.000000e+00
 0.000000e+00 0.000000e+00 0.000000e+00 5.901943e-01 4.098057e-01
 0.000000e+00 0.000000e+00 0.000000e+00 0.000000e+00 0.000000e+00
<ENDHMM>
~h "e"
<BEGINHMM>
<NUMSTATES> 5
<STATE> 2
<MEAN> 39
 -5.865352e+00 2.883973e-01 2.170153e+00 3.241327e+00 -7.334166e+00 -4.859384e+00 -8.154716e+00 -7.840224e+00 -2.645331e+00 -7.136278e+00 -1.921619e+00 -1.815418e+00 7.483389e+01 1.032883e-02 4.699173e-03 -2.769985e-02 -3.432287e-02 1.684006e-02 5.709250e-02 2.450410e-02 -1.426614e-02 -1.926701e-02 -3.902255e-03 2.583660e-03 9.755375e-03 4.000055e-02 -2.046261e-02 -1.665931e-03 -1.205535e-02 -1.749112e-02 2.705391e-03 8.771103e-03 1.112336e-02 6.197674e-03 5.982998e-03 1.103392e-02 3.184068e-03 3.192602e-03 -3.058328e-02
<VARIANCE> 39
 1.024433e+02 4.200678e+01 6.453070e+01 7.026989e+01 1.090861e+02 7.481838e+01 8.279446e+01 6.602639e+01 6.328226e+01 6.022154e+01 5.390996e+01 5.922991e+01 6.966522e+01 6.150259e+00 3.111820e+00 3.757202e+00 3.686298e+00 6.345764e+00 4.346990e+00 4.603913e+00 4.440926e+00 4.315427e+00 4.197844e+00 3.288907e+00 2.900908e+00 6.085326e+00 8.663642e-01 5.617092e-01 6.749532e-01 6.269624e-01 1.047996e+00 7.673799e-01 7.993852e-01 7.959255e-01 8.157017e-01 7.610673e-01 6.185085e-01 5.349991e-01 9.736679e-01
<GCONST> 1.416492e+02
<STATE> 3
<MEAN> 39
 -5.899481e+00 3.087887e-01 2.071549e+00 3.107524e+00 -7.254220e+00 -4.668839e+00 -8.037902e+00 -7.856189e+00 -2.687045e+00 -7.121176e+00 -1.914851e+00 -1.781283e+00 7.480798e+01 -3.614016e-02 1.104219e-02 -4.787048e-02 -7.266293e-02 3.077562e-02 7.935569e-02 5.310825e-02 7.927461e-04 -9.818206e-03 1.642570e-02 1.006961e-02 1.931072e-02 -4.331999e-02 -1.535481e-02 2.232558e-03 -7.779917e-03 -1.479307e-02 3.930910e-03 6.924481e-03 1.018009e-02 5.463956e-03 4.040180e-03 7.920059e-03 2.222036e-03 3.190383e-03 -3.178554e-02
<VARIANCE> 39
 1.032776e+02 4.194641e+01 6.489971e+01 7.213768e+01 1.098337e+02 7.603136e+01 8.293916e+01 6.541851e+01 6.294254e+01 6.036423e+01 5.425916e+01 6.001215e+01 7.005081e+01 6.133769e+00 3.087745e+00 3.724522e+00 3.722793e+00 6.360621e+00 4.329099e+00 4.552083e+00 4.410969e+00 4.290620e+00 4.174909e+00 3.305059e+00 2.910897e+00 6.026541e+00 8.589689e-01 5.570242e-01 6.711177e-01 6.339560e-01 1.050980e+00 7.654523e-01 7.917591e-01 7.907243e-01 8.111010e-01 7.554842e-01 6.190017e-01 5.352969e-01 9.739557e-01
<GCONST> 1.416447e+02
<STATE> 4
<MEAN> 39
 -6.033403e+00 3.625557e-01 1.945378e+00 2.892971e+00 -7.133694e+00 -4.429340e+00 -7.855971e+00 -7.837739e+00 -2.713147e+00 -7.071724e+00 -1.889227e+00 -1.720553e+00 7.457909e+01 -6.622292e-02 2.212949e-02 -5.835636e-02 -1.019816e-01 4.278484e-02 9.427812e-02 7.526000e-02 1.264575e-02 -3.133484e-03 2.941920e-02 1.529162e-02 2.747759e-02 -1.164914e-01 -7.105711e-03 3.794158e-03 -3.096543e-03 -8.312407e-03 5.550904e-03 5.747580e-03 7.821734e-03 3.633838e-03 1.517481e-03 3.573451e-03 4.234835e-04 1.645929e-03 -2.524703e-02
<VARIANCE> 39
 1.049155e+02 4.196292e+01 6.534293e+01 7.411312e+01 1.098051e+02 7.680827e+01 8.302636e+01 6.523683e+01 6.249730e+01 6.054420e+01 5.412516e+01 6.027237e+01 7.637660e+01 6.135542e+00 3.058231e+00 3.707140e+00 3.762304e+00 6.318876e+00 4.296959e+00 4.502245e+00 4.385943e+00 4.259587e+00 4.154867e+00 3.314744e+00 2.915342e+00 5.886848e+00 8.549454e-01 5.516993e-01 6.687022e-01 6.402072e-01 1.045891e+00 7.613750e-01 7.848188e-01 7.873011e-01 8.048244e-01 7.495319e-01 6.181729e-01 5.342449e-01 9.706288e-01
<GCONST> 1.416679e+02
<TRANSP> 5
 0.000000e+00 1.000000e+00 0.000000e+00 0.000000e+00 0.000000e+00
 0.000000e+00 5.904828e-01 4.095172e-01 0.000000e+00 0.000000e+00
 0.000000e+00 0.000000e+00 5.904656e-01 4.095344e-01 0.000000e+00
 0.000000e+00 0.000000e+00 0.000000e+00 5.904760e-01 4.095240e-01
 0.000000e+00 0.000000e+00 0.000000e+00 0.000000e+00 0.000000e+00
<ENDHMM>
~h "f"
<BEGINHMM>
<NUMSTATES> 5
<STATE> 2
<MEAN> 39
 -7.640443e+00 -1.245640e-01 -3.860968e+00 -3.027793e+00 -5.770185e+00 9.485097e-01 -3.845754e+00 -6.334390e+00 -2.845525e+00 -4.621102e+00 -6.875578e-01 -1.318208e+00 7.330519e+01 1.507137e-01 1.489708e-02 -4.242078e-02 -5.963428e-02 3.961243e-03 3.185920e-02 5.061506e-02 -3.182190e-02 -3.802748e-02 -7.179798e-02 -3.613911e-03 2.755515e-02 9.562493e-02 1.293011e-02 5.790368e-03 1.672380e-02 1.139774e-02 3.948655e-03 -1.827508e-02 -1.032061e-02 -6.468890e-03 -2.060033e-03 -1.080758e-02 -7.685549e-03 -7.893824e-04 -5.658415e-03
<VARIANCE> 39
 1.370762e+02 4.001000e+01 5.160773e+01 8.300475e+01 8.367650e+01 6.130616e+01 6.500735e+01 5.603063e+01 4.806343e+01 5.291299e+01 5.393142e+01 5.761257e+01 7.888684e+01 1.015317e+01 3.495397e+00 3.619443e+00 5.253524e+00 6.519673e+00 4.011010e+00 4.027005e+00 4.236102e+00 3.987131e+00 3.928750e+00 3.668239e+00 3.022840e+00 4.618581e+00 1.472127e+00 6.683208e-01 6.411886e-01 8.376957e-01 1.091277e+00 6.973677e-01 7.014357e-01 7.627822e-01 7.589818e-01 7.112976e-01 6.730180e-01 5.451029e-01 7.267497e-01
<GCONST> 1.414710e+02
<STATE> 3
<MEAN> 39
 -7.174510e+00 -6.899363e-02 -3.905122e+00 -3.157144e+00 -5.788192e+00 9.506478e-01 -3.769115e+00 -6.464636e+00 -2.957007e+00 -4.851316e+00 -7.245948e-01 -1.270783e+00 7.353812e+01 1.959391e-01 2.953881e-02 9.089027e-03 -3.057718e-02 6.820347e-03 -1.223104e-02 1.721354e-02 -5.011008e-02 -4.503535e-02 -1.006315e-01 -2.432171e-02 1.803344e-02 7.372109e-02 1.632406e-02 4.617713e-03 1.970145e-02 9.716628e-03 -7.762513e-04 -1.621623e-02 -1.378364e-02 -5.137047e-03 -2.220697e-03 -9.499553e-03 -7.558915e-03 -5.126021e-03 -1.058126e-02
<VARIANCE> 39
 1.369985e+02 4.077024e+01 5.290231e+01 8.239563e+01 8.300584e+01 6.089858e+01 6.492573e+01 5.599178e+01 4.867455e+01 5.376773e+01 5.446571e+01 5.929917e+01 6.913938e+01 9.899188e+00 3.504512e+00 3.695390e+00 5.300074e+00 6.503116e+00 3.987809e+00 4.029338e+00 4.209104e+00 4.017304e+00 4.007279e+00 3.692044e+00 3.060035e+00 4.841280e+00 1.434907e+00 6.688449e-01 6.527411e-01 8.432190e-01 1.090510e+00 6.965773e-01 7.057008e-01 7.596717e-01 7.632130e-01 7.250670e-01 6.769216e-01 5.503777e-01 7.606063e-01
<GCONST> 1.415967e+02
<STATE> 4
<MEAN> 39
 -6.587648e+00 2.001536e-02 -3.802598e+00 -3.201582e+00 -5.803919e+00 8.500750e-01 -3.786683e+00 -6.625187e+00 -3.083132e+00 -5.143506e+00 -8.102817e-01 -1.254867e+00 7.368334e+01 2.355354e-01 3.862416e-02 6.307125e-02 -1.669840e-03 3.930228e-03 -5.000794e-02 -2.034482e-02 -5.591591e-02 -4.747717e-02 -1.169447e-01 -4.043051e-02 4.135451e-03 3.541578e-02 1.317545e-02 1.786240e-03 1.907028e-02 9.297980e-03 -4.371508e-03 -1.355309e-02 -1.462142e-02 -8.524705e-04 1.087214e-03 -3.308203e-03 -5.514889e-03 -6.357800e-03 -1.495349e-02
<VARIANCE> 39
 1.352758e+02 4.141973e+01 5.495530e+01 8.154633e+01 8.290311e+01 6.123882e+01 6.578732e+01 5.672487e+01 5.002142e+01 5.506536e+01 5.500235e+01 6.128916e+01 6.390589e+01 9.484173e+00 3.477851e+00 3.755405e+00 5.314788e+00 6.492885e+00 3.987459e+00 4.040243e+00 4.215200e+00 4.082839e+00 4.105952e+00 3.706042e+00 3.101587e+00 5.053867e+00 1.368591e+00 6.624419e-01 6.651728e-01 8.460830e-01 1.092286e+00 6.993597e-01 7.134495e-01 7.605657e-01 7.736151e-01 7.438787e-01 6.796149e-01 5.561416e-01 8.036226e-01
<GCONST> 1.418366e+02
<TRANSP> 5
 0.000000e+00 1.000000e+00 0.000000e+00 0.000000e+00 0.000000e+00
 0.000000e+00 5.898981e-01 4.101019e-01 0.000000e+00 0.000000e+00
 0.000000e+00 0.000000e+00 5.898969e-01 4.101031e-01 0.000000e+00
 0.000000e+00 0.000000e+00 0.000000e+00 5.898966e-01 4.101034e-01
 0.000000e+00 0.000000e+00 0.000000e+00 0.000000e+00 0.000000e+00
<ENDHMM>
~h "g"
<BEGINHMM>
<NUMSTATES> 5
<STATE> 2
<MEAN> 39
 -2.399592e+00 1.999328e+00 4.237697e-01 -2.943245e-01 -7.554949e+00 -2.263471e+00 -8.064912e+00 -9.005198e+00 -3.073195e+00 -9.486971e+00 -1.699017e+00 -5.904995e-01 7.417445e+01 4.310316e-02 1.102968e-03 -4.780858e-03 -5.577938e-05 2.854914e-02 2.494489e-02 -1.723737e-02 -9.511413e-03 1.539876e-03 -1.579982e-02 1.473980e-02 -9.442179e-03 1.315340e-01 -1.994612e-02 -4.593993e-03 9.040841e-03 1.061402e-02 8.019137e-03 -6.165779e-03 4.703552e-03 3.376509e-03 -1.018542e-03 1.174914e-02 -1.646720e-03 -5.791042e-03 -4.060965e-03
<VARIANCE> 39
 6.748095e+01 5.990575e+01 5.842407e+01 8.886058e+01 9.367357e+01 7.996292e+01 9.043473e+01 6.992731e+01 7.062708e+01 6.584200e+01 5.996781e+01 8.671604e+01 8.135806e+01 3.823436e+00 3.477180e+00 3.413940e+00 4.130817e+00 6.350973e+00 4.949640e+00 4.520631e+00 5.013565e+00 4.560387e+00 4.384836e+00 3.931467e+00 3.150692e+00 5.125316e+00 5.647016e-01 5.706114e-01 6.024741e-01 6.709482e-01 1.083974e+00 9.139044e-01 8.066823e-01 9.266216e-01 8.436552e-01 7.594878e-01 7.261384e-01 5.700912e-01 8.635633e-01
<GCONST> 1.427464e+02
<STATE> 3
<MEAN> 39
 -2.377203e+00 1.951956e+00 4.133018e-01 -2.889142e-01 -7.486856e+00 -2.210644e+00 -8.089605e+00 -9.023348e+00 -3.043548e+00 -9.454245e+00 -1.665269e+00 -6.418418e-01 7.450997e+01 -2.369386e-02 -2.482780e-02 5.538597e-03 1.678378e-02 4.335022e-02 1.809321e-02 1.468796e-03 8.432774e-04 8.845482e-03 3.051836e-02 1.053087e-02 -2.509950e-02 1.154247e-01 -2.860129e-02 -1.137188e-02 2.807746e-03 4.412629e-03 4.590645e-03 -1.892615e-03 6.749865e-03 3.787188e-03 4.234325e-03 1.931401e-02 -1.591685e-03 -6.428970e-03 -1.089664e-02
<VARIANCE> 39
 7.060177e+01 6.018103e+01 5.901301e+01 8.860145e+01 9.400157e+01 7.983584e+01 9.101704e+01 7.044902e+01 7.044848e+01 6.501128e+01 5.985357e+01 8.752379e+01 7.020602e+01 3.977201e+00 3.466552e+00 3.465122e+00 4.153693e+00 6.386989e+00 4.947088e+00 4.539333e+00 5.035876e+00 4.580308e+00 4.373388e+00 3.900273e+00 3.141252e+00 5.113821e+00 5.797785e-01 5.691552e-01 6.108723e-01 6.733876e-01 1.090321e+00 9.144974e-01 8.042688e-01 9.282756e-01 8.517125e-01 7.584413e-01 7.200148e-01 5.681134e-01 8.519156e-01
<GCONST> 1.427519e+02
<STATE> 4
<MEAN> 39
 -2.553313e+00 1.822036e+00 4.092482e-01 -2.560962e-01 -7.388208e+00 -2.154237e+00 -8.048951e+00 -9.010251e+00 -2.985678e+00 -9.280292e+00 -1.644040e+00 -7.333605e-01 7.477534e+01 -1.036701e-01 -5.740136e-02 6.358043e-03 2.271486e-02 5.131407e-02 2.004338e-02 2.464288e-02 1.228920e-02 2.180071e-02 8.495580e-02 6.035923e-03 -4.117291e-02 7.701693e-02 -3.093147e-02 -1.318944e-02 -1.135439e-03 -6.994100e-04 -3.903460e-04 1.082345e-04 7.477369e-03 3.949288e-03 6.329848e-03 2.078594e-02 -1.143095e-03 -6.131735e-03 -1.821585e-02
<VARIANCE> 39
 7.630936e+01 5.951057e+01 5.987902e+01 8.839000e+01 9.480405e+01 7.939762e+01 9.182391e+01 7.089074e+01 6.977695e+01 6.463114e+01 5.951212e+01 8.716904e+01 6.292165e+01 4.106867e+00 3.401099e+00 3.498857e+00 4.161612e+00 6.388410e+00 4.868120e+00 4.533299e+00 5.021405e+00 4.561905e+00 4.296681e+00 3.846708e+00 3.109356e+00 5.059698e+00 5.940703e-01 5.592709e-01 6.169955e-01 6.730855e-01 1.089364e+00 9.008595e-01 7.994568e-01 9.225944e-01 8.532725e-01 7.508978e-01 7.098978e-01 5.628868e-01 8.365151e-01
<GCONST> 1.426006e+02
<TRANSP> 5
 0.000000e+00 1.000000e+00 0.000000e+00 0.000000e+00 0.000000e+00
 0.000000e+00 5.921337e-01 4.078663e-01 0.000000e+00 0.000000e+00
 0.000000e+00 0.000000e+00 5.921413e-01 4.078588e-01 0.000000e+00
 0.000000e+00 0.000000e+00 0.000000e+00 5.921376e-01 4.078624e-01
 0.000000e+00 0.000000e+00 0.000000e+00 0.000000e+00 0.000000e+00
<ENDHMM>
~h "h"
<BEGINHMM>
<NUMSTATES> 5
<STATE> 2
<MEAN> 39
 -3.127705e+00 -1.139004e-01 -2.312662e+00 -3.991876e+00 -5.771613e+00 2.748249e+00 -4.346844e+00 -7.528675e+00 -2.939021e+00 -5.886248e+00 -1.144105e+00 -1.960034e+00 7.375166e+01 2.393417e-01 -6.609252e-02 -3.145176e-02 -2.766374e-02 -9.193538e-02 6.559822e-02 -2.769369e-02 -1.187348e-01 2.001115e-03 -8.206817e-02 2.367645e-02 -1.857302e-02 4.697709e-01 -1.932837e-03 9.675961e-03 1.606631e-02 1.399103e-02 8.041492e-05 -2.632561e-02 -1.206718e-02 -1.020810e-02 -5.169657e-03 -7.218651e-03 -3.932146e-03 8.452339e-04 7.243351e-03
<VARIANCE> 39
 5.286439e+01 5.852124e+01 5.608422e+01 8.294835e+01 8.602496e+01 7.837723e+01 8.114190e+01 6.382962e+01 6.352553e+01 6.777603e+01 6.130845e+01 8.405075e+01 1.134945e+02 3.167122e+00 2.623407e+00 2.756820e+00 3.300465e+00 4.766659e+00 3.787240e+00 3.564921e+00 3.440562e+00 3.337265e+00 3.589201e+00 3.050095e+00 2.604421e+00 4.225708e+00 5.035953e-01 4.203286e-01 4.466606e-01 5.006354e-01 7.650949e-01 6.055529e-01 5.928072e-01 6.074874e-01 5.954242e-01 6.357408e-01 5.413944e-01 4.559125e-01 5.604959e-01
<GCONST> 1.351062e+02
<STATE> 3
<MEAN> 39
 -2.522196e+00 -2.787046e-01 -2.421481e+00 -4.064281e+00 -6.018085e+00 2.792999e+00 -4.463621e+00 -7.864751e+00 -2.956662e+00 -6.087267e+00 -1.131711e+00 -2.026685e+00 7.490630e+01 2.044467e-01 -4.232375e-02 -1.930471e-03 2.078629e-02 -8.427616e-02 -3.158135e-02 -6.431204e-02 -1.226653e-01 -1.265975e-02 -7.297318e-02 1.013307e-02 -2.044468e-02 4.123036e-01 -2.027741e-02 5.960013e-03 8.089150e-03 1.772221e-02 6.678518e-03 -3.909446e-02 -1.272717e-02 4.761654e-03 -5.479691e-03 9.042060e-03 -5.767470e-03 -2.933657e-03 -3.427089e-02
<VARIANCE> 39
 5.012572e+01 6.011526e+01 5.973209e+01 8.458435e+01 8.433714e+01 7.932000e+01 8.327128e+01 6.242641e+01 6.418201e+01 6.738853e+01 6.163706e+01 8.571214e+01 8.123899e+01 3.080260e+00 2.555942e+00 2.816937e+00 3.314387e+00 4.777212e+00 3.715015e+00 3.586068e+00 3.408035e+00 3.382904e+00 3.589192e+00 3.061469e+00 2.601135e+00 4.183098e+00 4.833784e-01 4.059627e-01 4.538935e-01 4.992745e-01 7.737787e-01 5.969661e-01 5.943372e-01 5.982614e-01 6.007292e-01 6.283954e-01 5.411547e-01 4.549231e-01 5.368267e-01
<GCONST> 1.346839e+02
<STATE> 4
<MEAN> 39
 -2.075830e+00 -4.017472e-01 -2.469631e+00 -3.980035e+00 -6.232635e+00 2.556562e+00 -4.662762e+00 -8.140145e+00 -3.007017e+00 -6.209568e+00 -1.151117e+00 -2.092623e+00 7.574802e+01 1.309244e-01 -3.544227e-02 1.457369e-02 7.593906e-02 -6.645344e-02 -1.356044e-01 -9.023744e-02 -8.782977e-02 -2.422491e-02 -3.374678e-02 -2.366884e-03 -2.591412e-02 2.699962e-01 -3.138795e-02 -1.639169e-03 2.518886e-03 1.731545e-02 5.056667e-03 -3.754856e-02 -7.597332e-03 1.536064e-02 -3.100056e-03 1.691724e-02 -5.955752e-03 -3.574004e-03 -6.040686e-02
<VARIANCE> 39
 4.924480e+01 6.021371e+01 6.353025e+01 8.666021e+01 8.349543e+01 7.985472e+01 8.421434e+01 6.141256e+01 6.453265e+01 6.703845e+01 6.140926e+01 8.646722e+01 6.034500e+01 2.976901e+00 2.458157e+00 2.896350e+00 3.343280e+00 4.812143e+00 3.621857e+00 3.574826e+00 3.358195e+00 3.423056e+00 3.552778e+00 3.050159e+00 2.589590e+00 3.894503e+00 4.618450e-01 3.899163e-01 4.651124e-01 5.065601e-01 7.847113e-01 5.927176e-01 5.939345e-01 5.901567e-01 6.093382e-01 6.195502e-01 5.382324e-01 4.557161e-01 5.146572e-01
<GCONST> 1.342024e+02
<TRANSP> 5
 0.000000e+00 1.000000e+00 0.000000e+00 0.000000e+00 0.000000e+00
 0.000000e+00 6.141591e-01 3.858409e-01 0.000000e+00 0.000000e+00
 0.000000e+00 0.000000e+00 6.141584e-01 3.858416e-01 0.000000e+00
 0.000000e+00 0.000000e+00 0.000000e+00 6.141587e-01 3.858413e-01
 0.000000e+00 0.000000e+00 0.000000e+00 0.000000e+00 0.000000e+00
<ENDHMM>
~h "i"
<BEGINHMM>
<NUMSTATES> 5
<STATE> 2
<MEAN> 39
 -7.702196e+00 1.030311e+00 2.900331e+00 3.517337e+00 -6.149475e+00 -4.837324e+00 -7.770669e+00 -7.792352e+00 -2.921044e+00 -7.736371e+00 -2.204867e+00 -1.535404e+00 7.420016e+01 5.105461e-02 -1.244716e-02 -1.643083e-02 -3.784171e-02 -1.529798e-02 4.312290e-02 2.616221e-02 -2.715087e-02 -1.628627e-02 -1.704153e-02 6.486649e-03 1.057511e-03 6.027510e-02 1.977781e-03 -4.634696e-03 -1.220929e-02 -1.501211e-02 -4.648791e-03 7.126037e-03 4.087111e-03 -2.300467e-04 2.312409e-03 8.040212e-03 3.391498e-03 7.127778e-04 -8.980681e-03
<VARIANCE> 39
 1.207471e+02 4.237868e+01 6.761011e+01 7.651494e+01 1.055117e+02 7.302900e+01 7.993283e+01 6.578284e+01 6.226197e+01 6.274893e+01 5.231167e+01 5.324277e+01 6.900002e+01 6.950466e+00 3.070638e+00 4.075553e+00 4.198680e+00 6.220920e+00 4.689026e+00 4.974599e+00 4.790196e+00 4.281179e+00 4.373937e+00 3.415165e+00 2.755475e+00 5.860480e+00 9.629068e-01 5.631742e-01 7.334983e-01 6.995828e-01 1.070798e+00 8.400012e-01 8.728752e-01 8.547138e-01 8.138294e-01 7.823308e-01 6.431531e-01 5.092134e-01 9.998720e-01
<GCONST> 1.428613e+02
<STATE> 3
<MEAN> 39
 -7.565824e+00 9.820942e-01 2.811058e+00 3.367377e+00 -6.183657e+00 -4.693701e+00 -7.683228e+00 -7.849614e+00 -2.955326e+00 -7.745238e+00 -2.185611e+00 -1.534669e+00 7.430693e+01 4.923763e-02 -2.257662e-02 -5.203552e-02 -8.023633e-02 -1.746592e-02 6.746837e-02 4.120042e-02 -1.907966e-02 -7.012434e-03 1.302702e-02 1.464612e-02 3.499329e-03 2.201157e-02 -2.466181e-04 -3.457173e-03 -1.271445e-02 -1.447140e-02 -9.051680e-04 7.787679e-03 4.777015e-03 3.740179e-03 3.648872e-03 1.182803e-02 2.476420e-03 9.889730e-04 -1.711326e-02
<VARIANCE> 39
 1.211893e+02 4.283754e+01 6.842368e+01 7.793636e+01 1.063335e+02 7.425083e+01 8.045164e+01 6.552551e+01 6.281786e+01 6.285008e+01 5.283688e+01 5.458955e+01 6.600595e+01 6.870687e+00 3.071727e+00 4.060092e+00 4.181014e+00 6.209287e+00 4.646628e+00 4.912759e+00 4.755519e+00 4.308698e+00 4.382786e+00 3.430527e+00 2.767378e+00 5.826317e+00 9.499263e-01 5.607600e-01 7.291588e-01 6.956677e-01 1.066303e+00 8.310748e-01 8.620505e-01 8.487346e-01 8.163822e-01 7.818692e-01 6.439316e-01 5.098216e-01 9.868976e-01
<GCONST> 1.428236e+02
<STATE> 4
<MEAN> 39
 -7.449149e+00 9.141144e-01 2.626740e+00 3.107485e+00 -6.207893e+00 -4.478651e+00 -7.549963e+00 -7.868551e+00 -2.958121e+00 -7.662030e+00 -2.145025e+00 -1.526304e+00 7.428713e+01 4.430685e-02 -2.830799e-02 -8.382136e-02 -1.146555e-01 -1.431886e-02 8.960690e-02 5.548698e-02 -3.819063e-03 4.269514e-03 4.615065e-02 2.067662e-02 6.199658e-03 -2.958447e-02 -2.787070e-04 -1.025060e-03 -9.594058e-03 -8.593678e-03 2.814200e-03 7.375577e-03 4.741444e-03 6.441882e-03 3.400807e-03 1.041322e-02 8.497218e-04 4.900101e-04 -2.044475e-02
<VARIANCE> 39
 1.215367e+02 4.338283e+01 6.907487e+01 7.909149e+01 1.065331e+02 7.523218e+01 8.107702e+01 6.540921e+01 6.306637e+01 6.298137e+01 5.315203e+01 5.590558e+01 6.795189e+01 6.780414e+00 3.076001e+00 4.017462e+00 4.139711e+00 6.155598e+00 4.557989e+00 4.822477e+00 4.695357e+00 4.315172e+00 4.353912e+00 3.432526e+00 2.780002e+00 5.680363e+00 9.344091e-01 5.584372e-01 7.220513e-01 6.891360e-01 1.054008e+00 8.169684e-01 8.478116e-01 8.400614e-01 8.155338e-01 7.769434e-01 6.425049e-01 5.102800e-01 9.711936e-01
<GCONST> 1.427120e+02
<TRANSP> 5
 0.000000e+00 1.000000e+00 0.000000e+00 0.000000e+00 0.000000e+00
 0.000000e+00 5.909488e-01 4.090513e-01 0.000000e+00 0.000000e+00
 0.000000e+00 0.000000e+00 5.909446e-01 4.090554e-01 0.000000e+00
 0.000000e+00 0.000000e+00 0.000000e+00 5.909413e-01 4.090587e-01
 0.000000e+00 0.000000e+00 0.000000e+00 0.000000e+00 0.000000e+00
<ENDHMM>
~h "j"
<BEGINHMM>
<NUMSTATES> 5
<STATE> 2
<MEAN> 39
 -6.689342e+00 4.381884e-01 2.964445e+00 4.441335e+00 -7.837555e+00 -5.663005e+00 -7.473827e+00 -7.117660e+00 -2.810635e+00 -8.199141e+00 -2.020244e+00 -1.167160e+00 7.435934e+01 -8.514284e-02 2.271222e-02 -6.255254e-02 -1.166760e-01 1.749674e-01 1.730312e-01 1.101578e-01 5.732352e-02 -8.038539e-03 5.851767e-02 5.736030e-03 -1.711668e-02 -2.207122e-01 -1.478460e-02 -3.230646e-03 -2.188566e-02 -3.277913e-02 1.253581e-02 1.842941e-02 9.828029e-04 -7.558801e-04 7.464348e-03 2.348750e-02 8.018753e-03 1.698659e-03 -4.348585e-02
<VARIANCE> 39
 9.329449e+01 4.405503e+01 6.871014e+01 7.958848e+01 1.171158e+02 8.026911e+01 8.183466e+01 6.462560e+01 6.864768e+01 6.557773e+01 5.160992e+01 5.350519e+01 7.520030e+01 5.140928e+00 2.837996e+00 3.794522e+00 3.938998e+00 6.524236e+00 4.688955e+00 4.526696e+00 4.188430e+00 4.007301e+00 4.198772e+00 3.165460e+00 2.539125e+00 5.736836e+00 7.202237e-01 5.021815e-01 6.607390e-01 6.223254e-01 1.013498e+00 7.645953e-01 7.760409e-01 7.297018e-01 7.354748e-01 7.134278e-01 5.785698e-01 4.624477e-01 9.198696e-01
<GCONST> 1.406085e+02
<STATE> 3
<MEAN> 39
 -6.935736e+00 5.052332e-01 2.768312e+00 4.071184e+00 -7.348283e+00 -5.158735e+00 -7.173504e+00 -6.972711e+00 -2.821485e+00 -7.998090e+00 -1.991944e+00 -1.205134e+00 7.371324e+01 -1.148733e-01 1.029572e-02 -1.148282e-01 -1.933815e-01 1.879813e-01 2.023689e-01 1.030907e-01 5.135884e-02 1.200607e-02 1.149254e-01 2.730830e-02 -1.007992e-02 -3.034306e-01 -5.627694e-03 -2.201457e-03 -1.483575e-02 -2.157197e-02 -6.521061e-03 1.220602e-03 -5.959349e-03 -4.871424e-03 7.216909e-03 1.755508e-02 7.026189e-03 5.259853e-03 -2.446646e-02
<VARIANCE> 39
 9.799316e+01 4.387140e+01 6.785322e+01 7.947705e+01 1.153703e+02 8.076160e+01 8.250935e+01 6.495261e+01 6.725593e+01 6.544704e+01 5.093686e+01 5.403758e+01 8.942695e+01 5.326648e+00 2.858092e+00 3.818757e+00 3.987508e+00 6.450650e+00 4.604148e+00 4.489434e+00 4.190732e+00 4.040388e+00 4.233660e+00 3.183337e+00 2.573060e+00 5.789042e+00 7.414347e-01 5.063978e-01 6.667621e-01 6.350082e-01 1.017268e+00 7.646462e-01 7.764412e-01 7.351696e-01 7.390606e-01 7.183787e-01 5.818081e-01 4.684417e-01 9.372602e-01
<GCONST> 1.409871e+02
<STATE> 4
<MEAN> 39
 -7.231128e+00 5.305055e-01 2.453154e+00 3.533496e+00 -6.880213e+00 -4.629689e+00 -6.916146e+00 -6.854823e+00 -2.779158e+00 -7.670456e+00 -1.909279e+00 -1.220289e+00 7.292922e+01 -1.159122e-01 2.759144e-03 -1.432027e-01 -2.323015e-01 1.544286e-01 1.892515e-01 8.095810e-02 3.521559e-02 2.917767e-02 1.490076e-01 4.273894e-02 3.746051e-03 -3.354164e-01 8.710736e-03 2.076928e-03 -1.074117e-03 -1.192289e-03 -1.692567e-02 -8.866577e-03 -6.846434e-03 -7.066749e-03 2.735197e-03 4.057019e-03 1.572761e-03 5.112848e-03 -2.292691e-03
<VARIANCE> 39
 1.024491e+02 4.344503e+01 6.649477e+01 7.869667e+01 1.123942e+02 8.020262e+01 8.243465e+01 6.534351e+01 6.493021e+01 6.493376e+01 5.020369e+01 5.439714e+01 1.093435e+02 5.512922e+00 2.879748e+00 3.801650e+00 4.002099e+00 6.301429e+00 4.492445e+00 4.454576e+00 4.208460e+00 4.061605e+00 4.241464e+00 3.189822e+00 2.612090e+00 5.814989e+00 7.627603e-01 5.114867e-01 6.687087e-01 6.452659e-01 1.010084e+00 7.601326e-01 7.769613e-01 7.446793e-01 7.425388e-01 7.215300e-01 5.851737e-01 4.755910e-01 9.541268e-01
<GCONST> 1.412377e+02
<TRANSP> 5
 0.000000e+00 1.000000e+00 0.000000e+00 0.000000e+00 0.000000e+00
 0.000000e+00 5.860808e-01 4.139192e-01 0.000000e+00 0.000000e+00
 0.000000e+00 0.000000e+00 5.860811e-01 4.139189e-01 0.000000e+00
 0.000000e+00 0.000000e+00 0.000000e+00 5.860795e-01 4.139205e-01
 0.000000e+00 0.000000e+00 0.000000e+00 0.000000e+00 0.000000e+00
<ENDHMM>
~h "k"
<BEGINHMM>
<NUMSTATES> 5
<STATE> 2
<MEAN> 39
 -7.479217e+00 4.579617e-01 -1.534771e+00 -1.485701e+00 -4.839280e+00 -4.210842e-01 -6.014749e+00 -5.996896e+00 -1.917904e+00 -5.593179e+00 -7.101580e-01 -3.403991e-01 6.881469e+01 9.062913e-02 1.001882e-02 -2.669004e-02 -3.557235e-02 -2.868888e-02 2.303483e-02 -4.165411e-02 -1.331585e-02 9.391442e-03 -4.460943e-02 1.945206e-02 -1.043930e-02 2.596860e-01 6.139723e-03 9.625449e-04 1.044429e-02 9.866998e-03 -4.880717e-03 -1.220537e-02 -6.733373e-03 -1.007725e-02 -6.579640e-03 -9.709299e-03 -3.316424e-03 -4.326965e-03 3.147835e-02
<VARIANCE> 39
 9.900803e+01 4.507028e+01 5.690435e+01 8.099055e+01 9.261159e+01 7.175184e+01 8.026612e+01 6.494019e+01 5.539609e+01 6.441980e+01 4.934882e+01 6.209396e+01 1.905780e+02 5.843212e+00 3.267540e+00 4.480255e+00 4.914436e+00 6.193330e+00 4.742850e+00 4.737118e+00 4.550001e+00 4.197959e+00 4.415069e+00 3.568071e+00 3.112320e+00 7.945762e+00 8.263153e-01 6.171656e-01 8.751340e-01 8.577614e-01 1.017193e+00 8.321034e-01 8.462619e-01 8.221700e-01 8.003094e-01 8.079432e-01 6.675944e-01 5.621933e-01 1.349565e+00
<GCONST> 1.446199e+02
<STATE> 3
<MEAN> 39
 -7.184285e+00 4.758033e-01 -1.568949e+00 -1.561028e+00 -4.982808e+00 -4.414501e-01 -6.187149e+00 -6.105649e+00 -1.935771e+00 -5.760727e+00 -6.824861e-01 -4.043708e-01 6.963695e+01 1.120483e-01 1.090548e-02 4.795636e-03 -8.392773e-03 -5.251039e-02 -2.214831e-02 -6.887714e-02 -5.193472e-02 -1.423037e-02 -7.291409e-02 4.857460e-03 -2.895702e-02 3.469834e-01 6.887099e-03 -6.002760e-04 1.258561e-02 1.052785e-02 -9.426850e-03 -1.880639e-02 -1.223807e-02 -1.569749e-02 -9.278877e-03 -1.036125e-02 -5.399652e-03 -7.353788e-03 3.175269e-02
<VARIANCE> 39
 1.000132e+02 4.555146e+01 5.746596e+01 8.229980e+01 9.336494e+01 7.302537e+01 8.139084e+01 6.546572e+01 5.607370e+01 6.428336e+01 5.028802e+01 6.337258e+01 1.645549e+02 5.897659e+00 3.312002e+00 4.536716e+00 5.071032e+00 6.281577e+00 4.832215e+00 4.841643e+00 4.642843e+00 4.264675e+00 4.477007e+00 3.606373e+00 3.135517e+00 8.316450e+00 8.265886e-01 6.238176e-01 8.843768e-01 8.821607e-01 1.029552e+00 8.468562e-01 8.562857e-01 8.340084e-01 8.119575e-01 8.176617e-01 6.741477e-01 5.663100e-01 1.364526e+00
<GCONST> 1.450114e+02
<STATE> 4
<MEAN> 39
 -6.842313e+00 4.998894e-01 -1.499083e+00 -1.540521e+00 -5.193668e+00 -5.997972e-01 -6.426467e+00 -6.327952e+00 -2.025908e+00 -5.993551e+00 -7.100075e-01 -5.282468e-01 7.064204e+01 1.243312e-01 1.144079e-02 4.687578e-02 3.075564e-02 -7.752711e-02 -7.647584e-02 -9.530497e-02 -9.510913e-02 -4.128878e-02 -9.401546e-02 -1.540220e-02 -5.140791e-02 4.032310e-01 3.330688e-03 -8.863411e-04 1.655305e-02 1.513478e-02 -1.098334e-02 -2.190180e-02 -1.072259e-02 -1.654542e-02 -9.747908e-03 -6.161240e-03 -7.222015e-03 -8.313659e-03 1.563897e-02
<VARIANCE> 39
 1.017067e+02 4.605986e+01 5.872952e+01 8.436038e+01 9.469802e+01 7.501305e+01 8.293887e+01 6.597466e+01 5.710130e+01 6.424149e+01 5.139223e+01 6.466366e+01 1.382600e+02 6.004574e+00 3.344471e+00 4.562992e+00 5.201329e+00 6.386023e+00 4.912879e+00 4.935089e+00 4.745395e+00 4.339422e+00 4.542535e+00 3.637963e+00 3.154366e+00 8.538020e+00 8.315570e-01 6.266996e-01 8.844843e-01 8.985196e-01 1.044680e+00 8.595511e-01 8.635779e-01 8.455087e-01 8.241509e-01 8.261698e-01 6.790922e-01 5.695084e-01 1.353169e+00
<GCONST> 1.453550e+02
<TRANSP> 5
 0.000000e+00 1.000000e+00 0.000000e+00 0.000000e+00 0.000000e+00
 0.000000e+00 5.911573e-01 4.088427e-01 0.000000e+00 0.000000e+00
 0.000000e+00 0.000000e+00 5.911641e-01 4.088359e-01 0.000000e+00
 0.000000e+00 0.000000e+00 0.000000e+00 5.911533e-01 4.088468e-01
 0.000000e+00 0.000000e+00 0.000000e+00 0.000000e+00 0.000000e+00
<ENDHMM>
~h "l"
<BEGINHMM>
<NUMSTATES> 5
<STATE> 2
<MEAN> 39
 -3.563431e+00 2.146152e+00 -1.071666e-01 -5.599890e+00 -8.217005e+00 5.086741e-01 -5.400090e+00 -9.870811e+00 -4.175907e+00 -7.270727e+00 -1.076960e+00 -1.711848e+00 7.483375e+01 4.605283e-02 1.297852e-02 8.468209e-03 4.963363e-02 -2.688968e-02 -1.285931e-02 8.313145e-03 -3.480355e-02 6.760939e-03 -3.335854e-02 -2.615377e-02 6.505148e-04 6.731847e-02 -2.352511e-02 -6.033008e-03 6.461640e-03 3.470650e-02 1.804161e-02 -1.365225e-02 -5.798399e-03 1.472313e-02 7.570964e-03 3.668711e-03 -4.374468e-03 2.136110e-03 -1.998154e-02
<VARIANCE> 39
 8.770979e+01 4.629565e+01 5.694201e+01 9.866338e+01 8.572874e+01 8.456537e+01 9.386593e+01 6.716871e+01 6.769382e+01 5.827157e+01 6.562453e+01 7.876975e+01 6.386608e+01 4.837418e+00 3.040916e+00 3.473341e+00 4.928853e+00 5.688355e+00 4.050330e+00 4.068449e+00 4.536758e+00 4.437938e+00 4.080942e+00 3.688616e+00 2.924466e+00 4.769487e+00 6.490947e-01 5.320883e-01 6.211231e-01 7.324812e-01 9.007339e-01 6.754234e-01 7.030370e-01 7.762854e-01 7.928798e-01 7.408474e-01 6.730196e-01 5.231224e-01 7.847463e-01
<GCONST> 1.408922e+02
<STATE> 3
<MEAN> 39
 -3.525601e+00 2.149015e+00 -6.956708e-02 -5.341486e+00 -8.235322e+00 4.223726e-01 -5.388789e+00 -9.893700e+00 -4.112448e+00 -7.336730e+00 -1.159316e+00 -1.702242e+00 7.492456e+01 -2.209469e-02 -9.037963e-03 2.032888e-02 1.409070e-01 1.973329e-02 -4.905626e-02 -4.809985e-03 9.197235e-03 3.377851e-02 -1.714072e-02 -3.488114e-02 6.043765e-03 1.468310e-02 -2.782913e-02 -8.420204e-03 4.449931e-03 3.204402e-02 1.736071e-02 -1.445037e-02 -5.626278e-03 1.770693e-02 1.038941e-02 7.002739e-03 -2.597344e-03 1.635848e-03 -2.316408e-02
<VARIANCE> 39
 8.968147e+01 4.656826e+01 5.675627e+01 9.827780e+01 8.664037e+01 8.501043e+01 9.520457e+01 6.769640e+01 6.841668e+01 5.840124e+01 6.546588e+01 7.903996e+01 5.925009e+01 4.887340e+00 3.038406e+00 3.444019e+00 4.876907e+00 5.776012e+00 4.054031e+00 4.099969e+00 4.591380e+00 4.440765e+00 4.093434e+00 3.692810e+00 2.929111e+00 4.779268e+00 6.502953e-01 5.302752e-01 6.132793e-01 7.272033e-01 9.109051e-01 6.746720e-01 7.074144e-01 7.860827e-01 7.959030e-01 7.399333e-01 6.721506e-01 5.238503e-01 7.878399e-01
<GCONST> 1.409384e+02
<STATE> 4
<MEAN> 39
 -3.674899e+00 2.085316e+00 -1.266789e-02 -4.856004e+00 -8.136380e+00 2.462850e-01 -5.407762e+00 -9.795912e+00 -3.971195e+00 -7.348611e+00 -1.255426e+00 -1.680227e+00 7.488208e+01 -9.552890e-02 -3.299067e-02 2.774482e-02 2.176485e-01 6.218965e-02 -8.382061e-02 -1.786029e-02 5.575509e-02 6.224979e-02 4.573190e-03 -3.820935e-02 9.618390e-03 -4.245745e-02 -2.736364e-02 -8.724445e-03 2.678779e-03 2.486372e-02 1.390894e-02 -1.358417e-02 -5.269097e-03 1.732147e-02 1.062704e-02 8.468502e-03 -6.379771e-04 1.016353e-03 -2.390493e-02
<VARIANCE> 39
 9.404101e+01 4.675343e+01 5.686716e+01 9.858072e+01 8.846786e+01 8.539777e+01 9.592193e+01 6.856516e+01 6.863431e+01 5.871011e+01 6.481042e+01 7.855399e+01 5.857523e+01 4.975271e+00 3.037599e+00 3.432685e+00 4.798992e+00 5.872601e+00 4.073317e+00 4.134897e+00 4.624693e+00 4.421660e+00 4.099529e+00 3.685913e+00 2.933611e+00 4.829847e+00 6.616220e-01 5.302864e-01 6.095643e-01 7.241153e-01 9.267148e-01 6.786814e-01 7.142400e-01 7.961917e-01 7.974756e-01 7.389475e-01 6.705418e-01 5.246254e-01 8.015469e-01
<GCONST> 1.411334e+02
<TRANSP> 5
 0.000000e+00 1.000000e+00 0.000000e+00 0.000000e+00 0.000000e+00
 0.000000e+00 5.929316e-01 4.070684e-01 0.000000e+00 0.000000e+00
 0.000000e+00 0.000000e+00 5.929338e-01 4.070661e-01 0.000000e+00
 0.000000e+00 0.000000e+00 0.000000e+00 5.929385e-01 4.070615e-01
 0.000000e+00 0.000000e+00 0.000000e+00 0.000000e+00 0.000000e+00
<ENDHMM>
~h "m"
<BEGINHMM>
<NUMSTATES> 5
<STATE> 2
<MEAN> 39
 -2.981460e+00 7.854056e-01 1.406385e-01 -8.885450e-01 -6.769129e+00 -8.585949e-01 -4.835019e+00 -8.215544e+00 -3.716124e+00 -9.451450e+00 -3.679200e+00 -9.248236e-01 7.436506e+01 -7.931716e-02 6.566782e-02 -3.614638e-02 -4.872383e-02 4.348496e-02 6.328729e-02 3.871594e-02 1.549597e-02 3.443819e-02 3.239285e-02 -1.023902e-02 -2.670834e-02 1.241185e-02 -2.296745e-02 -1.292795e-03 1.110458e-02 1.481725e-02 3.801869e-03 -1.036794e-02 -1.170482e-02 2.691795e-03 5.978576e-03 1.169300e-02 1.037554e-02 -2.701639e-03 -1.287848e-02
<VARIANCE> 39
 1.168097e+02 3.960656e+01 6.112037e+01 7.444070e+01 9.884991e+01 7.473476e+01 8.360777e+01 6.486436e+01 7.290231e+01 7.020172e+01 6.347281e+01 7.624174e+01 5.918461e+01 6.001533e+00 2.548686e+00 4.168288e+00 4.101978e+00 6.330223e+00 4.244859e+00 4.130034e+00 4.317717e+00 5.148477e+00 5.551604e+00 3.420211e+00 3.063890e+00 3.849744e+00 7.616944e-01 4.502083e-01 7.491923e-01 6.831818e-01 1.094930e+00 7.682484e-01 7.510154e-01 7.791288e-01 9.476566e-01 9.683507e-01 6.214959e-01 5.681672e-01 6.284474e-01
<GCONST> 1.418998e+02
<STATE> 3
<MEAN> 39
 -3.258175e+00 9.427620e-01 6.147897e-02 -9.835382e-01 -6.666913e+00 -7.461810e-01 -4.775840e+00 -8.163866e+00 -3.585125e+00 -9.308889e+00 -3.658863e+00 -9.998121e-01 7.437796e+01 -1.472676e-01 5.769876e-02 -1.453276e-02 -1.359963e-02 5.296600e-02 3.265597e-02 9.205354e-03 2.578028e-02 5.564453e-02 7.568330e-02 2.285741e-02 -3.100161e-02 -2.846866e-02 -2.437797e-02 -5.400846e-03 8.627123e-03 1.444880e-02 3.120269e-03 -1.430870e-02 -1.182609e-02 4.902157e-03 5.974463e-03 1.675707e-02 1.330608e-02 1.227462e-04 -2.341159e-02
<VARIANCE> 39
 1.232284e+02 4.038828e+01 6.098557e+01 7.464659e+01 9.954948e+01 7.591656e+01 8.446361e+01 6.484535e+01 7.245486e+01 6.941860e+01 6.335527e+01 7.665021e+01 5.473922e+01 6.068810e+00 2.589429e+00 4.125328e+00 4.142986e+00 6.325830e+00 4.270666e+00 4.162265e+00 4.329913e+00 5.064954e+00 5.389329e+00 3.418009e+00 3.062958e+00 3.999241e+00 7.700685e-01 4.576051e-01 7.387552e-01 6.863191e-01 1.081173e+00 7.701893e-01 7.548351e-01 7.820028e-01 9.356038e-01 9.449625e-01 6.218238e-01 5.663994e-01 6.392162e-01
<GCONST> 1.419413e+02
<STATE> 4
<MEAN> 39
 -3.724160e+00 1.072986e+00 2.999926e-02 -9.869618e-01 -6.531373e+00 -7.158422e-01 -4.787596e+00 -8.078458e+00 -3.399813e+00 -9.038014e+00 -3.544589e+00 -1.079836e+00 7.426130e+01 -2.132844e-01 4.210194e-02 4.410958e-03 2.309270e-02 6.433236e-02 -3.665644e-03 -1.866343e-02 4.049318e-02 7.011417e-02 1.234125e-01 5.870836e-02 -2.898837e-02 -9.661016e-02 -2.230683e-02 -8.173829e-03 5.436269e-03 1.234451e-02 1.529867e-03 -1.599130e-02 -1.085311e-02 6.052909e-03 4.907216e-03 1.841737e-02 1.345252e-02 1.949608e-03 -3.249741e-02
<VARIANCE> 39
 1.296971e+02 4.113390e+01 6.101557e+01 7.531295e+01 1.004155e+02 7.706242e+01 8.521413e+01 6.492878e+01 7.119144e+01 6.881838e+01 6.305423e+01 7.606158e+01 5.530392e+01 6.109389e+00 2.640730e+00 4.071555e+00 4.177149e+00 6.317071e+00 4.297818e+00 4.208013e+00 4.351351e+00 4.943716e+00 5.155963e+00 3.410026e+00 3.058815e+00 4.182058e+00 7.795327e-01 4.666543e-01 7.266437e-01 6.896865e-01 1.066930e+00 7.720976e-01 7.608427e-01 7.862015e-01 9.181831e-01 9.134349e-01 6.226305e-01 5.641471e-01 6.596904e-01
<GCONST> 1.420389e+02
<TRANSP> 5
 0.000000e+00 1.000000e+00 0.000000e+00 0.000000e+00 0.000000e+00
 0.000000e+00 5.915291e-01 4.084709e-01 0.000000e+00 0.000000e+00
 0.000000e+00 0.000000e+00 5.915263e-01 4.084738e-01 0.000000e+00
 0.000000e+00 0.000000e+00 0.000000e+00 5.915230e-01 4.084770e-01
 0.000000e+00 0.000000e+00 0.000000e+00 0.000000e+00 0.000000e+00
<ENDHMM>
~h "n"
<BEGINHMM>
<NUMSTATES> 5
<STATE> 2
<MEAN> 39
 -3.068898e+00 1.025870e+00 4.947398e-01 -4.691014e-01 -6.363364e+00 -1.952158e+00 -6.904461e+00 -9.707401e+00 -3.741870e+00 -8.435240e+00 -1.698581e+00 -1.633074e+00 7.486063e+01 1.537062e-02 3.697881e-02 -2.459677e-02 -5.130148e-02 5.543270e-03 6.391615e-02 1.745156e-02 -2.032895e-02 -7.611558e-03 -3.102974e-03 -1.289918e-02 -1.403662e-02 7.004824e-02 -2.052679e-02 -4.612296e-04 4.361983e-03 9.621597e-03 1.111957e-03 -2.737080e-03 6.045751e-04 8.136067e-03 4.117027e-03 6.204094e-03 -4.652707e-04 2.480651e-03 -9.602668e-03
<VARIANCE> 39
 8.532937e+01 3.817365e+01 6.524800e+01 7.841195e+01 8.883272e+01 7.770871e+01 9.139209e+01 6.904922e+01 6.645238e+01 5.883108e+01 5.860646e+01 8.857372e+01 6.590894e+01 4.931849e+00 2.678980e+00 4.364747e+00 4.389228e+00 5.552042e+00 4.353177e+00 4.012980e+00 4.668244e+00 5.073361e+00 4.508451e+00 3.375559e+00 3.188406e+00 4.344289e+00 6.826705e-01 4.792958e-01 7.851183e-01 7.536381e-01 9.318618e-01 7.947609e-01 7.017618e-01 8.339025e-01 9.495645e-01 8.029655e-01 6.316124e-01 5.800651e-01 7.140777e-01
<GCONST> 1.414439e+02
<STATE> 3
<MEAN> 39
 -3.114044e+00 1.111372e+00 4.243422e-01 -5.851300e-01 -6.355958e+00 -1.798099e+00 -6.842084e+00 -9.716105e+00 -3.720800e+00 -8.408577e+00 -1.740005e+00 -1.655527e+00 7.499901e+01 -4.952230e-02 3.012685e-02 -2.412142e-02 -3.325396e-02 5.766417e-03 5.840380e-02 2.647285e-02 1.092048e-02 1.525716e-02 2.364306e-02 -1.560901e-02 -7.131763e-03 3.730559e-02 -2.702717e-02 -3.553507e-03 1.551758e-06 7.789852e-03 9.393848e-04 -4.373733e-03 3.534392e-03 1.281505e-02 8.423058e-03 1.139336e-02 -3.404796e-04 3.858887e-03 -1.770345e-02
<VARIANCE> 39
 8.897496e+01 3.873370e+01 6.449905e+01 7.831696e+01 9.040291e+01 7.840648e+01 9.233983e+01 6.925974e+01 6.673180e+01 5.843695e+01 5.917304e+01 8.840719e+01 5.851506e+01 5.087784e+00 2.709796e+00 4.311058e+00 4.397459e+00 5.639565e+00 4.374019e+00 4.059747e+00 4.651157e+00 5.041005e+00 4.475970e+00 3.393111e+00 3.184896e+00 4.403641e+00 6.981892e-01 4.852239e-01 7.761777e-01 7.501203e-01 9.398375e-01 7.968570e-01 7.079872e-01 8.279401e-01 9.444889e-01 7.984051e-01 6.339203e-01 5.788589e-01 7.160969e-01
<GCONST> 1.415028e+02
<STATE> 4
<MEAN> 39
 -3.347149e+00 1.170886e+00 3.406639e-01 -6.613065e-01 -6.347641e+00 -1.656768e+00 -6.744045e+00 -9.623604e+00 -3.622245e+00 -8.294064e+00 -1.788552e+00 -1.664301e+00 7.502994e+01 -1.243704e-01 1.877988e-02 -2.803956e-02 -1.473872e-02 8.880110e-03 4.735989e-02 3.872769e-02 5.011542e-02 4.232800e-02 5.884500e-02 -1.655298e-02 1.227084e-04 -1.635805e-02 -2.915539e-02 -5.046980e-03 -1.768324e-03 7.186175e-03 9.652991e-04 -6.789044e-03 4.164272e-03 1.481067e-02 1.016996e-02 1.444500e-02 1.528329e-05 3.169961e-03 -2.498193e-02
<VARIANCE> 39
 9.491122e+01 3.935989e+01 6.361232e+01 7.845175e+01 9.238489e+01 7.895943e+01 9.305672e+01 6.960307e+01 6.649572e+01 5.849178e+01 5.954850e+01 8.697293e+01 5.528515e+01 5.250999e+00 2.736013e+00 4.217849e+00 4.385082e+00 5.739966e+00 4.381485e+00 4.101107e+00 4.602700e+00 4.951194e+00 4.403717e+00 3.410252e+00 3.165374e+00 4.443049e+00 7.170188e-01 4.902188e-01 7.608135e-01 7.421106e-01 9.503185e-01 7.962136e-01 7.150937e-01 8.196009e-01 9.309863e-01 7.897976e-01 6.355293e-01 5.751682e-01 7.219400e-01
<GCONST> 1.415477e+02
<TRANSP> 5
 0.000000e+00 1.000000e+00 0.000000e+00 0.000000e+00 0.000000e+00
 0.000000e+00 5.933036e-01 4.066964e-01 0.000000e+00 0.000000e+00
 0.000000e+00 0.000000e+00 5.932993e-01 4.067007e-01 0.000000e+00
 0.000000e+00 0.000000e+00 0.000000e+00 5.933024e-01 4.066977e-01
 0.000000e+00 0.000000e+00 0.000000e+00 0.000000e+00 0.000000e+00
<ENDHMM>
~h "o"
<BEGINHMM>
<NUMSTATES> 5
<STATE> 2
<MEAN> 39
 -3.773129e+00 1.045131e+00 -1.156466e+00 -2.288489e+00 -7.599072e+00 -7.948160e-03 -6.384578e+00 -8.928129e+00 -3.375626e+00 -7.304523e+00 -1.061909e+00 -1.262688e+00 7.432613e+01 9.377590e-02 -2.391311e-02 9.311652e-03 3.759075e-02 -9.250039e-02 -5.549280e-02 -4.939144e-02 -5.553378e-02 2.243860e-02 -5.528914e-02 -2.972667e-02 -3.287385e-02 2.053012e-01 -1.269712e-02 -2.924433e-03 8.285462e-03 1.304347e-02 7.449466e-03 -1.135001e-02 -2.638461e-03 3.871393e-03 3.415507e-03 6.951271e-03 -3.777714e-03 -4.296439e-03 -8.792545e-03
<VARIANCE> 39
 9.432363e+01 4.172417e+01 6.238213e+01 9.405862e+01 8.935623e+01 7.566820e+01 8.955566e+01 6.823344e+01 5.914830e+01 5.632509e+01 6.302260e+01 7.224493e+01 7.412413e+01 5.878187e+00 3.112417e+00 4.163965e+00 5.248169e+00 6.742987e+00 4.278739e+00 4.513535e+00 4.818732e+00 4.461052e+00 4.341789e+00 3.852605e+00 3.166845e+00 6.334959e+00 8.437737e-01 5.780759e-01 7.501256e-01 8.589066e-01 1.155375e+00 7.576964e-01 8.147240e-01 8.603677e-01 8.583707e-01 8.087687e-01 7.160841e-01 5.802457e-01 1.078215e+00
<GCONST> 1.439397e+02
<STATE> 3
<MEAN> 39
 -3.606893e+00 9.687487e-01 -1.093770e+00 -2.119802e+00 -7.782210e+00 -1.916735e-01 -6.521976e+00 -9.041581e+00 -3.306392e+00 -7.410150e+00 -1.153639e+00 -1.360193e+00 7.476433e+01 5.033469e-02 -3.114095e-02 3.382685e-02 8.238605e-02 -5.674301e-02 -8.097729e-02 -5.398442e-02 -3.858688e-02 3.163590e-02 -3.275946e-02 -3.786936e-02 -4.025910e-02 1.656230e-01 -1.986302e-02 -2.032945e-03 1.046516e-02 1.897687e-02 1.710070e-02 -9.742159e-03 -1.123148e-03 8.073722e-03 3.036927e-03 9.512524e-03 -3.036941e-03 -2.495286e-03 -1.988422e-02
<VARIANCE> 39
 9.394637e+01 4.255843e+01 6.315337e+01 9.573701e+01 8.980248e+01 7.613427e+01 9.088921e+01 6.832045e+01 6.014683e+01 5.613012e+01 6.340493e+01 7.313432e+01 6.547005e+01 5.784337e+00 3.102892e+00 4.153192e+00 5.157907e+00 6.735687e+00 4.249990e+00 4.522218e+00 4.810452e+00 4.473839e+00 4.319513e+00 3.845278e+00 3.158720e+00 6.075578e+00 8.238107e-01 5.724234e-01 7.475818e-01 8.429495e-01 1.154431e+00 7.533929e-01 8.143395e-01 8.563933e-01 8.584774e-01 8.035971e-01 7.140776e-01 5.789186e-01 1.041580e+00
<GCONST> 1.437112e+02
<STATE> 4
<MEAN> 39
 -3.572203e+00 8.774736e-01 -9.710128e-01 -1.829692e+00 -7.846850e+00 -4.270279e-01 -6.662178e+00 -9.096626e+00 -3.211833e+00 -7.452102e+00 -1.258718e+00 -1.465484e+00 7.507465e+01 -6.542279e-03 -3.459365e-02 5.785616e-02 1.298903e-01 -5.251095e-03 -9.970185e-02 -5.318702e-02 -1.295254e-02 3.965251e-02 -7.100662e-03 -4.245229e-02 -4.217343e-02 1.076740e-01 -2.412459e-02 -5.069032e-04 9.521412e-03 1.828187e-02 2.164642e-02 -6.697694e-03 8.819458e-04 1.098119e-02 2.238847e-03 1.001262e-02 -1.549608e-03 -4.138098e-04 -2.542429e-02
<VARIANCE> 39
 9.474644e+01 4.336398e+01 6.387328e+01 9.629922e+01 9.042357e+01 7.641292e+01 9.180177e+01 6.858515e+01 6.094330e+01 5.620643e+01 6.328940e+01 7.359879e+01 5.991924e+01 5.699687e+00 3.098220e+00 4.137771e+00 5.001981e+00 6.670269e+00 4.215937e+00 4.525028e+00 4.797040e+00 4.471123e+00 4.282540e+00 3.813014e+00 3.137728e+00 5.792074e+00 8.067057e-01 5.673789e-01 7.442588e-01 8.182623e-01 1.145046e+00 7.479680e-01 8.127614e-01 8.528861e-01 8.554437e-01 7.957307e-01 7.082015e-01 5.750496e-01 1.008143e+00
<GCONST> 1.434213e+02
<TRANSP> 5
 0.000000e+00 1.000000e+00 0.000000e+00 0.000000e+00 0.000000e+00
 0.000000e+00 5.867913e-01 4.132088e-01 0.000000e+00 0.000000e+00
 0.000000e+00 0.000000e+00 5.867895e-01 4.132105e-01 0.000000e+00
 0.000000e+00 0.000000e+00 0.000000e+00 5.867957e-01 4.132043e-01
 0.000000e+00 0.000000e+00 0.000000e+00 0.000000e+00 0.000000e+00
<ENDHMM>
~h "p"
<BEGINHMM>
<NUMSTATES> 5
<STATE> 2
<MEAN> 39
 -6.615898e+00 6.962218e-01 -8.832235e-01 -1.117015e+00 -5.520650e+00 -3.710959e-01 -4.949995e+00 -6.253805e+00 -2.741825e+00 -4.569178e+00 -9.888445e-01 -1.304337e+00 6.946046e+01 5.988306e-02 -6.190707e-03 -3.452536e-02 -2.799617e-02 -3.451326e-02 2.146511e-02 -1.253103e-02 -1.353098e-02 9.354551e-03 2.344009e-03 1.785094e-02 1.999817e-03 2.362601e-01 2.306751e-03 -2.174198e-03 8.174974e-03 8.863488e-03 -5.307606e-03 -1.626553e-02 -1.189894e-02 -9.665889e-03 -1.204366e-03 -9.836166e-03 -8.411272e-04 -2.109194e-03 3.216626e-02
<VARIANCE> 39
 1.076741e+02 4.083830e+01 5.371797e+01 7.558659e+01 9.407359e+01 6.238724e+01 7.611244e+01 6.177365e+01 4.884414e+01 5.428404e+01 5.172963e+01 5.380354e+01 1.799370e+02 7.434346e+00 3.352913e+00 3.815745e+00 4.800313e+00 7.042219e+00 3.992527e+00 4.825096e+00 4.885859e+00 4.153450e+00 3.966183e+00 3.649503e+00 3.144193e+00 1.034728e+01 1.168754e+00 6.396713e-01 6.931766e-01 8.253210e-01 1.185334e+00 7.172576e-01 8.621237e-01 9.006585e-01 8.223132e-01 7.387916e-01 7.062114e-01 5.817826e-01 1.780295e+00
<GCONST> 1.446381e+02
<STATE> 3
<MEAN> 39
 -6.432887e+00 6.639748e-01 -9.588423e-01 -1.179718e+00 -5.672206e+00 -3.953216e-01 -5.052587e+00 -6.355204e+00 -2.736488e+00 -4.619543e+00 -9.525461e-01 -1.328623e+00 7.022135e+01 7.378564e-02 -1.295235e-02 -1.518214e-02 -1.055083e-02 -5.969314e-02 -2.460926e-02 -5.146752e-02 -5.094072e-02 1.083446e-03 -3.099329e-02 1.280174e-02 -1.049571e-02 3.287570e-01 6.511145e-03 -2.665339e-03 7.990063e-03 6.375432e-03 -1.090969e-02 -1.812086e-02 -1.593806e-02 -1.575569e-02 -4.288469e-03 -1.364980e-02 -2.355031e-03 -5.377508e-03 3.541490e-02
<VARIANCE> 39
 1.089200e+02 4.139045e+01 5.498993e+01 7.656010e+01 9.530457e+01 6.281316e+01 7.762078e+01 6.229937e+01 4.920570e+01 5.480474e+01 5.234496e+01 5.511082e+01 1.598911e+02 7.531995e+00 3.368572e+00 3.865059e+00 4.877457e+00 7.105546e+00 4.016716e+00 4.905646e+00 4.955470e+00 4.180582e+00 3.987056e+00 3.698622e+00 3.194225e+00 1.037637e+01 1.169383e+00 6.411803e-01 6.965053e-01 8.383669e-01 1.195453e+00 7.218683e-01 8.745553e-01 9.116858e-01 8.269101e-01 7.427264e-01 7.132879e-01 5.902919e-01 1.762743e+00
<GCONST> 1.449080e+02
<STATE> 4
<MEAN> 39
 -6.214406e+00 6.190141e-01 -9.821734e-01 -1.199697e+00 -5.898602e+00 -5.399072e-01 -5.261015e+00 -6.564241e+00 -2.760282e+00 -4.769681e+00 -9.397707e-01 -1.393650e+00 7.119457e+01 8.746696e-02 -1.738934e-02 6.843756e-03 6.298727e-03 -8.940776e-02 -7.034402e-02 -9.241071e-02 -9.279985e-02 -1.142685e-02 -7.003324e-02 2.646621e-03 -2.631442e-02 4.016562e-01 5.114839e-03 -1.469920e-03 8.928295e-03 6.388923e-03 -1.205536e-02 -1.727893e-02 -1.570576e-02 -1.603911e-02 -5.125867e-03 -1.525274e-02 -4.384073e-03 -6.028486e-03 2.380542e-02
<VARIANCE> 39
 1.106598e+02 4.218378e+01 5.712282e+01 7.830699e+01 9.693449e+01 6.430359e+01 7.967236e+01 6.290543e+01 5.010372e+01 5.581210e+01 5.331201e+01 5.672803e+01 1.384185e+02 7.642282e+00 3.389595e+00 3.935260e+00 4.951450e+00 7.173966e+00 4.067873e+00 4.993985e+00 5.029033e+00 4.225526e+00 4.024681e+00 3.752693e+00 3.242600e+00 1.021657e+01 1.165223e+00 6.418986e-01 7.030408e-01 8.487622e-01 1.204731e+00 7.315845e-01 8.871950e-01 9.210742e-01 8.329642e-01 7.482611e-01 7.203563e-01 5.974613e-01 1.710609e+00
<GCONST> 1.452332e+02
<TRANSP> 5
 0.000000e+00 1.000000e+00 0.000000e+00 0.000000e+00 0.000000e+00
 0.000000e+00 5.925343e-01 4.074657e-01 0.000000e+00 0.000000e+00
 0.000000e+00 0.000000e+00 5.925395e-01 4.074605e-01 0.000000e+00
 0.000000e+00 0.000000e+00 0.000000e+00 5.925398e-01 4.074602e-01
 0.000000e+00 0.000000e+00 0.000000e+00 0.000000e+00 0.000000e+00
<ENDHMM>
~h "r"
<BEGINHMM>
<NUMSTATES> 5
<STATE> 2
<MEAN> 39
 -3.544924e+00 -1.337609e-01 -2.219823e+00 1.539168e-01 -7.555198e+00 -1.593891e+00 -6.820429e+00 -8.832028e+00 -3.068678e+00 -5.919663e+00 -7.834700e-01 -2.059674e+00 7.503412e+01 4.519864e-02 -3.079647e-03 6.023018e-03 3.185338e-03 -3.463779e-02 2.616404e-02 -8.573926e-03 -3.505158e-03 -1.088901e-02 -3.248015e-02 -3.338107e-02 1.714115e-03 1.075136e-01 -2.323592e-02 8.325993e-03 1.645403e-02 1.581927e-03 1.404760e-02 -2.039127e-03 5.114162e-03 8.416167e-03 5.583461e-05 -3.267684e-03 -6.075830e-03 4.334773e-03 -2.697553e-02
<VARIANCE> 39
 9.865456e+01 4.674392e+01 6.753751e+01 7.344726e+01 9.523759e+01 7.490348e+01 8.633329e+01 6.834481e+01 6.253914e+01 5.929076e+01 6.036993e+01 6.619653e+01 6.951575e+01 5.531283e+00 2.961069e+00 4.110228e+00 3.993999e+00 6.624414e+00 4.115683e+00 4.539705e+00 4.879620e+00 4.620579e+00 4.171998e+00 3.767901e+00 2.986269e+00 5.813255e+00 7.614557e-01 5.178795e-01 6.999261e-01 6.817309e-01 1.132262e+00 7.266383e-01 7.972330e-01 8.686046e-01 8.732728e-01 7.637451e-01 6.981390e-01 5.439833e-01 9.731002e-01
<GCONST> 1.424349e+02
<STATE> 3
<MEAN> 39
 -3.521770e+00 -1.086271e-01 -2.146604e+00 1.604407e-01 -7.596489e+00 -1.522519e+00 -6.819849e+00 -8.791681e+00 -3.089221e+00 -6.013727e+00 -8.910227e-01 -2.043684e+00 7.518256e+01 -1.761076e-02 1.782394e-02 5.282532e-02 6.404540e-03 7.234521e-04 2.034213e-02 4.496484e-03 2.196900e-02 -6.394587e-03 -4.158221e-02 -4.857191e-02 1.133483e-02 3.972320e-02 -2.494356e-02 7.565079e-03 1.760860e-02 1.673090e-03 1.297766e-02 -3.544167e-03 4.792610e-03 9.838004e-03 2.176284e-03 -3.080945e-03 -5.076876e-03 3.200266e-03 -2.830409e-02
<VARIANCE> 39
 1.019943e+02 4.730556e+01 6.869050e+01 7.381609e+01 9.640752e+01 7.471931e+01 8.723185e+01 6.831320e+01 6.276637e+01 5.964474e+01 6.064776e+01 6.663017e+01 6.322596e+01 5.615454e+00 2.980872e+00 4.127003e+00 3.969875e+00 6.708640e+00 4.087867e+00 4.555587e+00 4.830913e+00 4.581757e+00 4.154695e+00 3.773165e+00 2.986531e+00 5.588328e+00 7.652086e-01 5.197849e-01 6.995664e-01 6.745625e-01 1.140635e+00 7.212377e-01 7.979893e-01 8.607847e-01 8.636773e-01 7.578811e-01 6.989747e-01 5.425645e-01 9.473913e-01
<GCONST> 1.423585e+02
<STATE> 4
<MEAN> 39
 -3.661110e+00 -3.557783e-02 -1.947128e+00 1.737111e-01 -7.551749e+00 -1.471983e+00 -6.790976e+00 -8.686193e+00 -3.088400e+00 -6.128374e+00 -1.031571e+00 -2.005853e+00 7.517665e+01 -8.045121e-02 3.445832e-02 9.902511e-02 1.000071e-02 3.116448e-02 8.902062e-03 1.430735e-02 4.572896e-02 2.789988e-03 -4.750854e-02 -5.851310e-02 1.832553e-02 -2.328641e-02 -2.381086e-02 5.430759e-03 1.610120e-02 1.195199e-03 9.764399e-03 -5.568776e-03 3.295867e-03 8.762119e-03 4.180881e-03 -1.208631e-03 -2.648804e-03 2.089612e-03 -2.560327e-02
<VARIANCE> 39
 1.065286e+02 4.780561e+01 6.990161e+01 7.449623e+01 9.805064e+01 7.465343e+01 8.806678e+01 6.838754e+01 6.288749e+01 6.009183e+01 6.064456e+01 6.686993e+01 6.065551e+01 5.732780e+00 3.009456e+00 4.126042e+00 3.950843e+00 6.770590e+00 4.071098e+00 4.571182e+00 4.774232e+00 4.528575e+00 4.139644e+00 3.759063e+00 2.982143e+00 5.417495e+00 7.762152e-01 5.242360e-01 6.988670e-01 6.680726e-01 1.144511e+00 7.179997e-01 7.991646e-01 8.524920e-01 8.516432e-01 7.518204e-01 6.961272e-01 5.408079e-01 9.292029e-01
<GCONST> 1.423616e+02
<TRANSP> 5
 0.000000e+00 1.000000e+00 0.000000e+00 0.000000e+00 0.000000e+00
 0.000000e+00 5.906094e-01 4.093906e-01 0.000000e+00 0.000000e+00
 0.000000e+00 0.000000e+00 5.905994e-01 4.094007e-01 0.000000e+00
 0.000000e+00 0.000000e+00 0.000000e+00 5.906045e-01 4.093955e-01
 0.000000e+00 0.000000e+00 0.000000e+00 0.000000e+00 0.000000e+00
<ENDHMM>
~h "s"
<BEGINHMM>
<NUMSTATES> 5
<STATE> 2
<MEAN> 39
 -1.628696e+01 2.556334e+00 -1.125549e+00 -3.174952e+00 -2.073216e+00 -4.741828e-01 -5.665423e+00 -5.944064e+00 -1.066832e+00 -3.283716e+00 -4.483712e-01 -1.316309e+00 7.269463e+01 1.706652e-01 -1.165300e-01 2.353168e-02 -3.158497e-02 -4.285629e-02 5.669765e-02 7.183705e-02 1.802681e-02 -2.296017e-02 6.424537e-03 1.286262e-02 4.907436e-02 -2.965434e-01 9.945775e-02 -1.648543e-02 5.837288e-03 4.391865e-02 -2.399829e-02 -1.383163e-02 -1.847126e-05 -2.710382e-04 -1.744366e-02 -2.513502e-02 -9.563119e-03 -3.421781e-03 -6.676370e-02
<VARIANCE> 39
 2.168230e+02 4.091414e+01 5.589917e+01 6.341973e+01 9.191174e+01 6.437830e+01 7.030730e+01 6.406601e+01 5.458829e+01 5.253485e+01 4.232168e+01 4.888118e+01 7.886659e+01 1.213329e+01 2.994510e+00 3.559328e+00 3.891320e+00 5.629436e+00 3.744011e+00 4.461840e+00 4.692863e+00 4.249156e+00 3.703441e+00 2.996927e+00 2.756128e+00 5.214205e+00 1.464854e+00 5.317020e-01 6.530699e-01 6.236809e-01 9.095500e-01 6.745785e-01 7.775944e-01 8.347473e-01 7.845702e-01 6.713842e-01 5.556158e-01 4.902972e-01 7.597854e-01
<GCONST> 1.405479e+02
<STATE> 3
<MEAN> 39
 -1.562695e+01 2.224288e+00 -1.042824e+00 -3.156569e+00 -2.253846e+00 -3.710284e-01 -5.486377e+00 -5.921836e+00 -1.167941e+00 -3.330399e+00 -4.417378e-01 -1.195574e+00 7.185062e+01 4.232371e-01 -1.535129e-01 3.375181e-02 8.435771e-02 -1.034581e-01 1.980959e-02 6.826125e-02 1.957896e-02 -7.062367e-02 -5.759242e-02 -1.482393e-02 3.569491e-02 -4.715434e-01 6.228546e-02 -1.830037e-03 -1.450475e-03 4.007234e-02 -1.653355e-02 -1.234083e-02 -4.171379e-03 4.173474e-03 -1.254865e-02 -2.042488e-02 -9.976131e-03 -6.162675e-03 -5.465607e-02
<VARIANCE> 39
 2.061654e+02 4.058359e+01 5.437932e+01 6.252437e+01 9.134403e+01 6.341870e+01 7.067442e+01 6.369991e+01 5.421820e+01 5.262993e+01 4.235554e+01 4.915467e+01 9.804325e+01 1.163262e+01 3.026868e+00 3.579921e+00 3.892786e+00 5.616027e+00 3.753513e+00 4.448703e+00 4.745509e+00 4.226226e+00 3.730041e+00 2.987070e+00 2.741699e+00 5.965884e+00 1.420492e+00 5.357756e-01 6.530892e-01 6.260595e-01 9.063419e-01 6.734583e-01 7.774828e-01 8.419373e-01 7.811770e-01 6.779354e-01 5.550384e-01 4.915430e-01 8.306790e-01
<GCONST> 1.408360e+02
<STATE> 4
<MEAN> 39
 -1.434587e+01 1.813358e+00 -9.413304e-01 -2.844598e+00 -2.579159e+00 -3.615160e-01 -5.326539e+00 -5.887681e+00 -1.394374e+00 -3.532852e+00 -5.106348e-01 -1.120033e+00 7.056598e+01 5.603324e-01 -1.509827e-01 3.184269e-02 1.782402e-01 -1.413984e-01 -9.016820e-03 5.238527e-02 2.955468e-02 -1.016273e-01 -1.030851e-01 -4.085111e-02 1.683652e-02 -5.886776e-01 8.862999e-03 1.192348e-02 1.070172e-04 2.251893e-02 -8.734058e-03 -8.316843e-03 -1.008489e-02 5.151590e-04 -3.539639e-03 -8.488843e-03 -7.818654e-03 -6.999707e-03 -7.485352e-03
<VARIANCE> 39
 1.898389e+02 3.924924e+01 5.248918e+01 6.248794e+01 8.971840e+01 6.193393e+01 7.154965e+01 6.324702e+01 5.340589e+01 5.260843e+01 4.266627e+01 5.003906e+01 1.336714e+02 1.084780e+01 3.001037e+00 3.549945e+00 3.840647e+00 5.570960e+00 3.765925e+00 4.402762e+00 4.755551e+00 4.178078e+00 3.728360e+00 2.982026e+00 2.738778e+00 6.282655e+00 1.359218e+00 5.324559e-01 6.460840e-01 6.260061e-01 9.007058e-01 6.712714e-01 7.724283e-01 8.417379e-01 7.741936e-01 6.799406e-01 5.551144e-01 4.942536e-01 8.846920e-01
<GCONST> 1.408761e+02
<TRANSP> 5
 0.000000e+00 1.000000e+00 0.000000e+00 0.000000e+00 0.000000e+00
 0.000000e+00 5.935774e-01 4.064226e-01 0.000000e+00 0.000000e+00
 0.000000e+00 0.000000e+00 5.935875e-01 4.064124e-01 0.000000e+00
 0.000000e+00 0.000000e+00 0.000000e+00 5.935761e-01 4.064238e-01
 0.000000e+00 0.000000e+00 0.000000e+00 0.000000e+00 0.000000e+00
<ENDHMM>
~h "t"
<BEGINHMM>
<NUMSTATES> 5
<STATE> 2
<MEAN> 39
 -7.192469e+00 4.684431e-01 1.325018e-01 -7.992270e-01 -5.361305e+00 -1.186967e+00 -6.673450e+00 -7.373534e+00 -2.713292e+00 -4.543819e+00 -7.414919e-01 -1.951206e+00 7.183592e+01 7.586064e-02 1.510909e-02 -5.489121e-03 1.000078e-02 -4.876317e-02 4.946229e-03 -8.617240e-04 -2.736393e-02 4.153281e-04 -4.579328e-02 -2.863620e-02 -3.601864e-03 1.230326e-01 -2.118323e-03 1.546646e-03 9.032845e-03 1.663140e-02 3.360161e-03 -7.175811e-03 2.133617e-03 7.643861e-04 -2.217038e-03 -1.191355e-02 -5.931325e-03 3.615705e-03 -2.660737e-03
<VARIANCE> 39
 1.029501e+02 4.077363e+01 5.285613e+01 7.127818e+01 8.874332e+01 7.159849e+01 8.388339e+01 6.638217e+01 5.295589e+01 5.566262e+01 5.032616e+01 6.085497e+01 1.313709e+02 6.836199e+00 3.525629e+00 3.446526e+00 4.084462e+00 6.156387e+00 4.098131e+00 5.106221e+00 5.108566e+00 4.188536e+00 3.988488e+00 3.301796e+00 3.226011e+00 9.405297e+00 9.816558e-01 6.816690e-01 6.313317e-01 6.866385e-01 1.008252e+00 7.257690e-01 9.274547e-01 9.249060e-01 8.006755e-01 7.102892e-01 6.150262e-01 5.924442e-01 1.693020e+00
<GCONST> 1.435174e+02
<STATE> 3
<MEAN> 39
 -6.968281e+00 4.958601e-01 1.372906e-01 -7.402093e-01 -5.518003e+00 -1.217399e+00 -6.697608e+00 -7.468646e+00 -2.728029e+00 -4.713485e+00 -8.330774e-01 -1.966187e+00 7.219630e+01 7.268302e-02 1.588563e-02 1.605946e-02 4.898885e-02 -4.612010e-02 -1.754597e-02 -2.848174e-03 -3.211848e-02 -6.600522e-03 -7.838063e-02 -4.297486e-02 1.248622e-03 1.283926e-01 -4.884129e-03 -8.960929e-04 7.866028e-03 1.263057e-02 9.823639e-04 -9.153324e-03 -1.928241e-03 -1.766158e-03 -2.467799e-03 -1.030599e-02 -3.624425e-03 1.690813e-03 -4.993118e-04
<VARIANCE> 39
 1.036793e+02 4.087560e+01 5.289845e+01 7.216331e+01 9.016293e+01 7.259370e+01 8.526590e+01 6.709293e+01 5.354392e+01 5.619787e+01 5.088562e+01 6.128638e+01 1.181863e+02 6.809314e+00 3.464668e+00 3.425378e+00 4.098960e+00 6.171576e+00 4.114839e+00 5.140586e+00 5.129043e+00 4.193059e+00 3.979786e+00 3.310657e+00 3.199748e+00 9.212165e+00 9.793254e-01 6.670578e-01 6.253187e-01 6.865411e-01 1.009211e+00 7.254235e-01 9.309782e-01 9.265707e-01 8.004898e-01 7.102827e-01 6.168513e-01 5.889628e-01 1.634385e+00
<GCONST> 1.434296e+02
<STATE> 4
<MEAN> 39
 -6.758566e+00 5.253608e-01 1.946201e-01 -5.869132e-01 -5.672039e+00 -1.307876e+00 -6.734360e+00 -7.583253e+00 -2.761072e+00 -4.966194e+00 -9.587560e-01 -1.975877e+00 7.257147e+01 5.761614e-02 1.419680e-02 3.432737e-02 7.784104e-02 -4.543350e-02 -4.111196e-02 -9.708350e-03 -3.863765e-02 -1.212372e-02 -1.030697e-01 -5.076768e-02 3.307828e-03 1.243402e-01 -7.438729e-03 -2.159824e-03 5.076584e-03 6.203904e-03 -2.704286e-03 -1.022159e-02 -4.155133e-03 -2.982399e-03 -1.170740e-03 -6.293352e-03 -8.289333e-04 6.412172e-04 -4.164607e-03
<VARIANCE> 39
 1.052226e+02 4.112839e+01 5.362666e+01 7.388758e+01 9.236833e+01 7.410431e+01 8.680371e+01 6.781818e+01 5.456294e+01 5.695253e+01 5.168017e+01 6.161930e+01 1.061965e+02 6.781228e+00 3.393497e+00 3.427238e+00 4.126577e+00 6.208224e+00 4.144886e+00 5.160884e+00 5.137311e+00 4.209852e+00 3.987720e+00 3.329076e+00 3.166271e+00 8.948029e+00 9.729131e-01 6.489593e-01 6.228821e-01 6.884408e-01 1.014130e+00 7.271425e-01 9.293392e-01 9.238380e-01 8.014328e-01 7.126159e-01 6.205114e-01 5.832676e-01 1.550718e+00
<GCONST> 1.433957e+02
<TRANSP> 5
 0.000000e+00 1.000000e+00 0.000000e+00 0.000000e+00 0.000000e+00
 0.000000e+00 5.903646e-01 4.096354e-01 0.000000e+00 0.000000e+00
 0.000000e+00 0.000000e+00 5.903594e-01 4.096407e-01 0.000000e+00
 0.000000e+00 0.000000e+00 0.000000e+00 5.903633e-01 4.096367e-01
 0.000000e+00 0.000000e+00 0.000000e+00 0.000000e+00 0.000000e+00
<ENDHMM>
~h "u"
<BEGINHMM>
<NUMSTATES> 5
<STATE> 2
<MEAN> 39
 -8.285394e+00 1.919126e+00 1.465891e+00 2.389181e-02 -5.308850e+00 -1.604217e+00 -7.117100e+00 -8.297844e+00 -2.878861e+00 -7.188943e+00 -1.629927e+00 -1.224720e+00 7.324260e+01 2.593772e-02 2.692526e-04 9.818994e-03 3.357815e-02 -4.690477e-02 -3.866780e-02 -2.859931e-02 -3.046864e-02 -9.504371e-03 -4.567895e-02 -2.054614e-02 -1.824822e-02 1.823629e-01 1.420916e-02 -1.283215e-02 3.412948e-03 1.773154e-02 -8.866991e-03 -1.394888e-02 2.060426e-03 2.831692e-04 -1.969792e-03 6.041566e-03 -1.179648e-03 -1.729559e-03 -1.963029e-02
<VARIANCE> 39
 1.540210e+02 4.250572e+01 6.268316e+01 8.405910e+01 9.949386e+01 7.693174e+01 9.135621e+01 7.566746e+01 6.451440e+01 6.383590e+01 5.324360e+01 5.595108e+01 7.631519e+01 8.464204e+00 3.138596e+00 3.996736e+00 4.918957e+00 6.285193e+00 4.473911e+00 5.149559e+00 5.683202e+00 4.845251e+00 4.472052e+00 3.559628e+00 2.912786e+00 5.537440e+00 1.133048e+00 5.752825e-01 7.338926e-01 8.323022e-01 1.072004e+00 7.962973e-01 9.060389e-01 9.967346e-01 9.097094e-01 8.001690e-01 6.720927e-01 5.400936e-01 8.874345e-01
<GCONST> 1.449409e+02
<STATE> 3
<MEAN> 39
 -8.192909e+00 1.863994e+00 1.511108e+00 1.836272e-01 -5.451894e+00 -1.751202e+00 -7.175013e+00 -8.356024e+00 -2.897370e+00 -7.265557e+00 -1.692635e+00 -1.284864e+00 7.361252e+01 4.424470e-02 -3.689209e-02 1.956652e-02 7.646853e-02 -5.892585e-02 -6.852877e-02 -1.708636e-02 -1.696644e-02 -7.005979e-03 -1.786300e-02 -2.039115e-02 -2.158893e-02 1.161656e-01 8.823732e-03 -1.485917e-02 3.031711e-03 1.668812e-02 -4.378529e-03 -1.117847e-02 4.407814e-03 5.901855e-03 1.368307e-03 1.155875e-02 1.904764e-04 -7.613557e-04 -3.083241e-02
<VARIANCE> 39
 1.539432e+02 4.314382e+01 6.334465e+01 8.560942e+01 1.019462e+02 7.754936e+01 9.220129e+01 7.563655e+01 6.460236e+01 6.377887e+01 5.338957e+01 5.608719e+01 6.875243e+01 8.338084e+00 3.138250e+00 3.986973e+00 4.891565e+00 6.298082e+00 4.480967e+00 5.140321e+00 5.686282e+00 4.839879e+00 4.471119e+00 3.554963e+00 2.914280e+00 5.414146e+00 1.115482e+00 5.726225e-01 7.294959e-01 8.220252e-01 1.070593e+00 7.956512e-01 9.040848e-01 9.967713e-01 9.074287e-01 8.025938e-01 6.699368e-01 5.386799e-01 8.723664e-01
<GCONST> 1.448156e+02
<STATE> 4
<MEAN> 39
 -8.096297e+00 1.714606e+00 1.571453e+00 4.213544e-01 -5.603418e+00 -1.950000e+00 -7.190238e+00 -8.349565e+00 -2.891068e+00 -7.251617e+00 -1.744604e+00 -1.347461e+00 7.379060e+01 5.128153e-02 -7.210968e-02 2.218185e-02 1.038132e-01 -6.173516e-02 -8.668069e-02 -1.209922e-03 9.528634e-03 3.103842e-03 1.655538e-02 -1.617547e-02 -2.134197e-02 3.168974e-02 3.628743e-03 -1.222483e-02 -5.895304e-04 9.617857e-03 6.220394e-05 -5.850953e-03 6.267647e-03 1.155896e-02 4.089879e-03 1.229158e-02 1.184936e-03 2.015294e-04 -3.616064e-02
<VARIANCE> 39
 1.511938e+02 4.371621e+01 6.378104e+01 8.627214e+01 1.043725e+02 7.780770e+01 9.260707e+01 7.531865e+01 6.431586e+01 6.373775e+01 5.331849e+01 5.599607e+01 6.844251e+01 8.122746e+00 3.126277e+00 3.962208e+00 4.779401e+00 6.281261e+00 4.458657e+00 5.087536e+00 5.612996e+00 4.785437e+00 4.423363e+00 3.533496e+00 2.902379e+00 5.306555e+00 1.085655e+00 5.681286e-01 7.211818e-01 7.958919e-01 1.062077e+00 7.903073e-01 8.964297e-01 9.862000e-01 8.961839e-01 7.982599e-01 6.644987e-01 5.347822e-01 8.641836e-01
<GCONST> 1.445418e+02
<TRANSP> 5
 0.000000e+00 1.000000e+00 0.000000e+00 0.000000e+00 0.000000e+00
 0.000000e+00 5.928451e-01 4.071548e-01 0.000000e+00 0.000000e+00
 0.000000e+00 0.000000e+00 5.928347e-01 4.071653e-01 0.000000e+00
 0.000000e+00 0.000000e+00 0.000000e+00 5.928354e-01 4.071646e-01
 0.000000e+00 0.000000e+00 0.000000e+00 0.000000e+00 0.000000e+00
<ENDHMM>
~h "v"
<BEGINHMM>
<NUMSTATES> 5
<STATE> 2
<MEAN> 39
 -3.380018e+00 1.597816e+00 -1.013515e+00 -2.891626e+00 -9.171019e+00 -2.703393e-01 -5.349204e+00 -9.128740e+00 -3.435785e+00 -7.352474e+00 -1.796944e+00 -1.873564e+00 7.493433e+01 7.245011e-02 -8.541225e-03 1.242541e-02 5.006223e-02 -2.306415e-02 -1.673708e-02 -2.713438e-02 -2.787019e-02 6.909048e-03 -4.506893e-02 -2.360339e-02 1.319186e-02 9.237812e-02 -1.991919e-02 -2.127169e-03 1.211019e-02 2.021030e-02 2.131539e-02 -1.241512e-02 -7.799625e-03 6.556601e-03 1.131178e-03 3.351416e-03 -1.460612e-04 3.301227e-04 -1.240280e-02
<VARIANCE> 39
 9.843078e+01 4.951653e+01 5.505540e+01 9.351767e+01 9.797009e+01 7.243905e+01 9.014790e+01 6.300201e+01 6.233654e+01 5.447694e+01 6.701895e+01 6.701384e+01 6.264853e+01 5.352920e+00 3.113455e+00 3.163728e+00 4.601182e+00 6.075460e+00 3.962899e+00 4.404521e+00 4.272073e+00 4.037375e+00 3.670367e+00 3.868959e+00 2.831154e+00 4.301847e+00 7.241792e-01 5.508566e-01 5.411850e-01 7.616700e-01 9.916586e-01 6.877355e-01 7.823581e-01 7.712773e-01 7.425762e-01 6.683599e-01 7.261458e-01 5.249197e-01 7.233795e-01
<GCONST> 1.403791e+02
<STATE> 3
<MEAN> 39
 -3.280429e+00 1.557576e+00 -9.516797e-01 -2.704212e+00 -9.159788e+00 -3.624361e-01 -5.442665e+00 -9.170171e+00 -3.392352e+00 -7.434334e+00 -1.845774e+00 -1.839598e+00 7.511807e+01 4.525134e-03 -1.812127e-02 4.108946e-02 9.828975e-02 3.653213e-02 -4.752263e-02 -4.365298e-02 -4.503288e-03 1.798733e-02 -2.477333e-02 -1.701710e-02 1.485298e-02 5.289478e-02 -2.884396e-02 -4.598240e-03 1.048110e-02 1.684216e-02 2.197310e-02 -1.201210e-02 -6.343424e-03 1.029539e-02 4.573258e-03 9.756963e-03 3.703092e-03 -1.405691e-04 -1.888457e-02
<VARIANCE> 39
 9.742950e+01 4.926494e+01 5.627358e+01 9.420615e+01 9.791535e+01 7.357185e+01 9.156167e+01 6.320843e+01 6.296711e+01 5.460770e+01 6.737112e+01 6.791811e+01 5.571524e+01 5.317338e+00 3.092194e+00 3.240620e+00 4.632514e+00 6.131812e+00 3.989716e+00 4.434711e+00 4.318389e+00 4.056787e+00 3.702770e+00 3.903456e+00 2.851452e+00 4.362569e+00 7.184116e-01 5.450544e-01 5.545090e-01 7.646175e-01 9.945814e-01 6.921102e-01 7.853870e-01 7.798054e-01 7.492968e-01 6.748085e-01 7.304423e-01 5.287265e-01 7.242578e-01
<GCONST> 1.405018e+02
<STATE> 4
<MEAN> 39
 -3.386292e+00 1.488534e+00 -8.201754e-01 -2.400307e+00 -8.988758e+00 -5.273523e-01 -5.569124e+00 -9.138318e+00 -3.310830e+00 -7.446748e+00 -1.864844e+00 -1.798368e+00 7.518050e+01 -7.787346e-02 -3.050700e-02 6.614904e-02 1.376319e-01 9.323727e-02 -7.541208e-02 -5.643161e-02 2.584670e-02 3.237550e-02 4.973037e-03 -3.475616e-03 1.559477e-02 -2.287401e-03 -3.178166e-02 -5.518567e-03 8.125283e-03 1.183531e-02 1.800389e-02 -1.118979e-02 -5.068885e-03 1.172232e-02 6.069186e-03 1.261372e-02 6.096460e-03 -3.391466e-04 -2.384321e-02
<VARIANCE> 39
 9.866933e+01 4.886250e+01 5.812440e+01 9.499796e+01 9.857568e+01 7.495962e+01 9.259293e+01 6.380642e+01 6.329616e+01 5.496535e+01 6.718530e+01 6.844910e+01 5.289229e+01 5.288249e+00 3.074324e+00 3.337288e+00 4.654357e+00 6.186000e+00 4.033563e+00 4.467786e+00 4.373076e+00 4.075161e+00 3.717613e+00 3.912362e+00 2.867220e+00 4.444120e+00 7.165931e-01 5.399162e-01 5.720553e-01 7.657452e-01 9.988605e-01 6.998158e-01 7.888569e-01 7.897960e-01 7.566169e-01 6.788449e-01 7.307585e-01 5.313755e-01 7.359853e-01
<GCONST> 1.407455e+02
<TRANSP> 5
 0.000000e+00 1.000000e+00 0.000000e+00 0.000000e+00 0.000000e+00
 0.000000e+00 5.919510e-01 4.080491e-01 0.000000e+00 0.000000e+00
 0.000000e+00 0.000000e+00 5.919511e-01 4.080489e-01 0.000000e+00
 0.000000e+00 0.000000e+00 0.000000e+00 5.919490e-01 4.080510e-01
 0.000000e+00 0.000000e+00 0.000000e+00 0.000000e+00 0.000000e+00
<ENDHMM>
~h "w"
<BEGINHMM>
<NUMSTATES> 5
<STATE> 2
<MEAN> 39
 -4.589092e+00 1.575419e+00 -2.780877e-01 -2.353483e+00 -8.347417e+00 -6.175790e-01 -6.082819e+00 -8.848138e+00 -3.256836e+00 -7.642597e+00 -1.798583e+00 -1.009560e+00 7.520300e+01 -1.084276e-01 4.339263e-02 8.516484e-02 1.229519e-01 6.005945e-02 -8.422212e-02 -2.028365e-02 4.632194e-02 4.459694e-02 -2.396638e-02 -2.611750e-02 3.069262e-03 -5.866688e-02 -1.464091e-02 -5.764914e-03 1.113011e-02 2.246666e-02 1.308355e-02 -1.493707e-02 -3.233227e-03 6.315279e-03 4.383646e-03 5.704056e-03 8.381632e-04 -3.512325e-03 -1.604833e-02
<VARIANCE> 39
 1.283823e+02 5.342230e+01 6.894987e+01 8.951399e+01 1.026598e+02 8.134553e+01 9.179511e+01 6.789365e+01 6.547591e+01 6.499938e+01 6.503734e+01 6.719128e+01 5.303968e+01 6.941045e+00 3.314652e+00 3.974761e+00 4.620071e+00 6.915823e+00 4.558722e+00 4.790065e+00 4.837611e+00 4.416856e+00 4.388254e+00 3.811038e+00 2.970645e+00 4.607513e+00 8.841407e-01 5.485381e-01 6.690028e-01 7.356600e-01 1.094689e+00 7.907635e-01 8.524525e-01 8.708764e-01 8.231384e-01 7.655554e-01 6.874571e-01 5.421523e-01 8.073928e-01
<GCONST> 1.437367e+02
<STATE> 3
<MEAN> 39
 -4.926510e+00 1.665596e+00 -1.130092e-02 -1.954882e+00 -8.144350e+00 -8.808206e-01 -6.148106e+00 -8.710549e+00 -3.128342e+00 -7.681397e+00 -1.853622e+00 -1.009041e+00 7.500340e+01 -1.332122e-01 2.230999e-02 1.058842e-01 1.698803e-01 8.485988e-02 -1.172261e-01 -3.024407e-02 5.632985e-02 5.287499e-02 -8.209107e-03 -2.085771e-02 -5.552378e-03 -8.202982e-02 -4.969107e-03 -7.008426e-03 6.218314e-03 1.607946e-02 8.329178e-03 -1.057816e-02 -2.847128e-03 3.216465e-03 1.435913e-03 5.292817e-03 1.527493e-03 -2.901779e-03 -9.452445e-03
<VARIANCE> 39
 1.307418e+02 5.243232e+01 6.860097e+01 8.955737e+01 1.036353e+02 8.154960e+01 9.148582e+01 6.872512e+01 6.591044e+01 6.517363e+01 6.418389e+01 6.573445e+01 5.489324e+01 7.005096e+00 3.322985e+00 3.986171e+00 4.584321e+00 6.897515e+00 4.565946e+00 4.826369e+00 4.887603e+00 4.448347e+00 4.395046e+00 3.793246e+00 2.974238e+00 4.677281e+00 8.997601e-01 5.553945e-01 6.806265e-01 7.390541e-01 1.101700e+00 7.943479e-01 8.599581e-01 8.804025e-01 8.301604e-01 7.701967e-01 6.871091e-01 5.441954e-01 8.320169e-01
<GCONST> 1.439348e+02
<STATE> 4
<MEAN> 39
 -5.287974e+00 1.689281e+00 2.810409e-01 -1.473104e+00 -7.905860e+00 -1.209448e+00 -6.239345e+00 -8.563108e+00 -2.988832e+00 -7.680028e+00 -1.891029e+00 -1.029726e+00 7.478543e+01 -1.311202e-01 6.217643e-04 1.113484e-01 1.963692e-01 9.598392e-02 -1.356766e-01 -3.694237e-02 5.888154e-02 5.194098e-02 4.206444e-03 -1.574728e-02 -1.249553e-02 -9.103872e-02 3.513033e-03 -6.465156e-03 1.046399e-03 8.537998e-03 4.826808e-03 -3.987470e-03 -8.480499e-04 7.919595e-04 -2.453201e-03 3.393954e-03 1.353544e-03 -2.336900e-03 -4.830211e-03
<VARIANCE> 39
 1.319232e+02 5.123636e+01 6.826969e+01 8.934196e+01 1.043386e+02 8.165083e+01 9.091006e+01 6.943882e+01 6.603807e+01 6.518414e+01 6.293053e+01 6.438478e+01 5.773797e+01 7.063984e+00 3.313536e+00 3.999738e+00 4.535454e+00 6.861471e+00 4.565791e+00 4.849294e+00 4.934134e+00 4.467784e+00 4.389050e+00 3.757571e+00 2.971149e+00 4.799889e+00 9.148186e-01 5.604497e-01 6.916289e-01 7.391358e-01 1.105299e+00 7.964358e-01 8.649327e-01 8.882949e-01 8.345811e-01 7.732481e-01 6.840338e-01 5.448819e-01 8.582525e-01
<GCONST> 1.440626e+02
<TRANSP> 5
 0.000000e+00 1.000000e+00 0.000000e+00 0.000000e+00 0.000000e+00
 0.000000e+00 5.896223e-01 4.103777e-01 0.000000e+00 0.000000e+00
 0.000000e+00 0.000000e+00 5.896267e-01 4.103734e-01 0.000000e+00
 0.000000e+00 0.000000e+00 0.000000e+00 5.896252e-01 4.103748e-01
 0.000000e+00 0.000000e+00 0.000000e+00 0.000000e+00 0.000000e+00
<ENDHMM>
~h "x"
<BEGINHMM>
<NUMSTATES> 5
<STATE> 2
<MEAN> 39
 -6.134917e+00 -1.724076e+00 -3.856471e+00 -3.997505e+00 -4.425764e+00 1.909343e+00 -6.216038e+00 -6.255587e+00 -1.489439e+00 -4.081271e+00 1.505213e-01 -7.139151e-01 7.381138e+01 2.390253e-01 -1.120186e-02 -5.832491e-02 -3.217114e-02 -4.107046e-02 3.835454e-02 -4.267055e-02 -1.138081e-01 -4.903835e-02 -4.822455e-02 4.745778e-03 -3.044908e-02 1.797450e-01 -1.546800e-02 5.393751e-03 1.592474e-02 4.725609e-03 5.277837e-03 -1.557211e-02 5.450943e-03 4.758749e-03 -9.134362e-03 -8.478042e-03 -1.902405e-02 -4.603022e-03 -1.384795e-02
<VARIANCE> 39
 9.248113e+01 4.959957e+01 6.201801e+01 8.150420e+01 9.099628e+01 8.855839e+01 7.906490e+01 6.315219e+01 5.915979e+01 6.926095e+01 5.880132e+01 7.408791e+01 7.429959e+01 5.914570e+00 3.221026e+00 4.507528e+00 4.541264e+00 5.989486e+00 5.449800e+00 4.018550e+00 4.130746e+00 4.472782e+00 4.486943e+00 4.156308e+00 3.261554e+00 4.062340e+00 8.484628e-01 5.929227e-01 7.892565e-01 7.045165e-01 9.971968e-01 8.675037e-01 6.930535e-01 7.355716e-01 8.381063e-01 8.233297e-01 7.373790e-01 5.692895e-01 6.568945e-01
<GCONST> 1.426691e+02
<STATE> 3
<MEAN> 39
 -5.519522e+00 -1.723054e+00 -3.951341e+00 -4.079248e+00 -4.556670e+00 1.923535e+00 -6.321672e+00 -6.549413e+00 -1.657718e+00 -4.239533e+00 6.951237e-02 -8.547921e-01 7.424264e+01 2.044799e-01 1.473481e-02 1.285373e-03 7.913866e-03 -3.625168e-02 -2.235899e-02 -2.981177e-02 -9.930731e-02 -7.444545e-02 -7.257428e-02 -5.016222e-02 -5.236904e-02 1.302253e-01 -1.768702e-02 7.425711e-03 2.176486e-02 1.397116e-02 1.611535e-03 -2.220475e-02 5.889339e-03 8.653992e-03 -7.637419e-03 -6.071515e-03 -1.870986e-02 -8.618555e-03 -2.313084e-02
<VARIANCE> 39
 8.862707e+01 5.058261e+01 6.304874e+01 8.235704e+01 9.005153e+01 8.796088e+01 7.900830e+01 6.356737e+01 5.898606e+01 7.028159e+01 6.018056e+01 7.676823e+01 6.174091e+01 5.510424e+00 3.106309e+00 4.460409e+00 4.405823e+00 5.937459e+00 5.309325e+00 3.989081e+00 4.139743e+00 4.468218e+00 4.448534e+00 4.144404e+00 3.297616e+00 3.967606e+00 7.924380e-01 5.731627e-01 7.840320e-01 6.815306e-01 9.838637e-01 8.387233e-01 6.890090e-01 7.385801e-01 8.402688e-01 8.187305e-01 7.372320e-01 5.787109e-01 6.421776e-01
<GCONST> 1.421336e+02
<STATE> 4
<MEAN> 39
 -4.991746e+00 -1.647190e+00 -3.860610e+00 -3.995825e+00 -4.689203e+00 1.750824e+00 -6.387433e+00 -6.794963e+00 -1.882517e+00 -4.449177e+00 -1.458062e-01 -1.058172e+00 7.451521e+01 1.585493e-01 3.514013e-02 6.558166e-02 6.381008e-02 -3.736796e-02 -8.736286e-02 -1.443471e-02 -7.405268e-02 -8.817952e-02 -8.107139e-02 -9.093674e-02 -7.469655e-02 6.079601e-02 -1.984060e-02 4.686378e-03 2.118249e-02 1.665534e-02 -4.585011e-03 -2.449242e-02 5.490952e-03 1.046477e-02 -1.951059e-03 4.530509e-04 -1.115999e-02 -8.522153e-03 -2.796781e-02
<VARIANCE> 39
 8.644225e+01 5.126195e+01 6.446136e+01 8.374161e+01 8.858218e+01 8.738255e+01 7.897665e+01 6.375146e+01 5.869639e+01 7.031939e+01 6.062996e+01 7.890462e+01 5.522199e+01 5.179218e+00 3.008436e+00 4.375618e+00 4.229352e+00 5.863292e+00 5.110196e+00 3.964256e+00 4.130765e+00 4.454961e+00 4.379483e+00 4.090251e+00 3.293550e+00 3.971630e+00 7.422076e-01 5.537468e-01 7.735083e-01 6.610141e-01 9.693401e-01 8.061385e-01 6.865695e-01 7.394599e-01 8.404765e-01 8.080998e-01 7.301258e-01 5.819532e-01 6.450887e-01
<GCONST> 1.416006e+02
<TRANSP> 5
 0.000000e+00 1.000000e+00 0.000000e+00 0.000000e+00 0.000000e+00
 0.000000e+00 6.023731e-01 3.976269e-01 0.000000e+00 0.000000e+00
 0.000000e+00 0.000000e+00 6.023752e-01 3.976248e-01 0.000000e+00
 0.000000e+00 0.000000e+00 0.000000e+00 6.023751e-01 3.976249e-01
 0.000000e+00 0.000000e+00 0.000000e+00 0.000000e+00 0.000000e+00
<ENDHMM>
~h "z"
<BEGINHMM>
<NUMSTATES> 5
<STATE> 2
<MEAN> 39
 -5.902322e+00 4.670030e+00 1.138608e+00 -1.598654e+00 -4.317369e+00 -8.862038e-01 -7.816995e+00 -1.074312e+01 -5.205618e+00 -7.233919e+00 -1.284640e+00 -2.651800e+00 7.594296e+01 9.531012e-02 -2.207631e-02 -4.558958e-02 -5.766490e-02 -4.381486e-02 8.954832e-02 9.152261e-02 3.922129e-02 4.647098e-02 2.826528e-03 -1.327447e-02 2.400143e-02 -2.536218e-02 5.603327e-03 -2.157272e-02 -2.560065e-03 1.610810e-02 -1.712061e-02 -1.187681e-02 5.574248e-03 9.454235e-03 1.494456e-02 -1.601940e-03 -5.487631e-03 6.683986e-03 -1.036148e-02
<VARIANCE> 39
 8.500320e+01 7.432946e+01 5.691325e+01 7.520877e+01 1.079388e+02 7.602270e+01 8.823230e+01 5.961302e+01 5.943282e+01 4.735136e+01 5.740259e+01 7.057937e+01 4.506503e+01 6.963763e+00 5.086686e+00 3.263700e+00 4.163107e+00 7.142211e+00 4.120514e+00 4.444820e+00 4.755080e+00 4.282571e+00 3.449136e+00 3.640890e+00 2.573378e+00 4.409666e+00 1.053630e+00 7.390572e-01 5.421954e-01 6.800551e-01 1.028385e+00 6.900924e-01 7.847186e-01 8.700365e-01 7.568907e-01 6.336803e-01 6.496695e-01 4.787878e-01 7.769999e-01
<GCONST> 1.413241e+02
<STATE> 3
<MEAN> 39
 -5.634435e+00 4.519938e+00 1.024385e+00 -1.687615e+00 -4.506864e+00 -7.066634e-01 -7.572454e+00 -1.061361e+01 -5.034957e+00 -7.238246e+00 -1.332690e+00 -2.567219e+00 7.585203e+01 1.096690e-01 -7.876255e-02 -5.164859e-02 -1.631091e-02 -9.057564e-02 5.545349e-02 9.942538e-02 6.047463e-02 8.440501e-02 -8.631989e-04 -2.600778e-02 3.770398e-02 -4.430753e-02 1.934340e-03 -2.066970e-02 -6.880877e-04 1.721545e-02 -1.584888e-02 -1.422771e-02 1.441355e-03 8.061154e-03 1.320513e-02 -1.113641e-03 -4.320821e-03 4.762531e-03 -8.011479e-03
<VARIANCE> 39
 8.487910e+01 7.455256e+01 5.706945e+01 7.441652e+01 1.090991e+02 7.456701e+01 8.836800e+01 6.048439e+01 6.025388e+01 4.759032e+01 5.760250e+01 7.111149e+01 4.644226e+01 6.738097e+00 4.984249e+00 3.271466e+00 4.156630e+00 7.111735e+00 4.078544e+00 4.376283e+00 4.771485e+00 4.270408e+00 3.412263e+00 3.636341e+00 2.574312e+00 4.571161e+00 1.015659e+00 7.289622e-01 5.430457e-01 6.797804e-01 1.026973e+00 6.837586e-01 7.731306e-01 8.737884e-01 7.577435e-01 6.265070e-01 6.512276e-01 4.792092e-01 8.099543e-01
<GCONST> 1.412915e+02
<STATE> 4
<MEAN> 39
 -5.335696e+00 4.230844e+00 8.954583e-01 -1.675152e+00 -4.812170e+00 -6.196959e-01 -7.323957e+00 -1.043799e+01 -4.773992e+00 -7.248773e+00 -1.407933e+00 -2.457652e+00 7.572836e+01 1.116885e-01 -1.277630e-01 -5.275485e-02 2.501727e-02 -1.278465e-01 1.780008e-02 9.667373e-02 7.761430e-02 1.143027e-01 -2.260530e-03 -3.438844e-02 4.591538e-02 -5.865804e-02 -2.514865e-03 -1.749492e-02 1.508142e-03 1.632601e-02 -1.194204e-02 -1.534750e-02 -2.908863e-03 6.375610e-03 9.330444e-03 -1.036243e-04 -1.984645e-03 2.732403e-03 -6.204795e-03
<VARIANCE> 39
 8.545042e+01 7.403938e+01 5.754678e+01 7.442924e+01 1.099172e+02 7.344993e+01 8.886866e+01 6.186042e+01 6.124586e+01 4.832497e+01 5.787431e+01 7.156454e+01 4.844430e+01 6.465716e+00 4.804459e+00 3.301684e+00 4.149366e+00 7.049019e+00 4.040133e+00 4.320600e+00 4.787145e+00 4.262258e+00 3.408451e+00 3.632934e+00 2.590225e+00 4.743518e+00 9.687586e-01 7.121418e-01 5.492601e-01 6.797863e-01 1.026953e+00 6.804708e-01 7.632545e-01 8.770052e-01 7.614173e-01 6.247563e-01 6.537507e-01 4.821998e-01 8.426101e-01
<GCONST> 1.413245e+02
<TRANSP> 5
 0.000000e+00 1.000000e+00 0.000000e+00 0.000000e+00 0.000000e+00
 0.000000e+00 5.893311e-01 4.106689e-01 0.000000e+00 0.000000e+00
 0.000000e+00 0.000000e+00 5.893321e-01 4.106679e-01 0.000000e+00
 0.000000e+00 0.000000e+00 0.000000e+00 5.893323e-01 4.106676e-01
 0.000000e+00 0.000000e+00 0.000000e+00 0.000000e+00 0.000000e+00
<ENDHMM>
~h "Aa"
<BEGINHMM>
<NUMSTATES> 5
<STATE> 2
<MEAN> 39
 -2.943290e+00 -1.943278e+00 -3.332938e+00 -2.488017e+00 -6.636747e+00 -2.136416e-01 -5.787940e+00 -7.546885e+00 -2.415724e+00 -5.207644e+00 -2.038223e+00 -3.072060e+00 7.649036e+01 2.347676e-02 9.117491e-03 8.227433e-02 8.531754e-02 -4.329818e-02 -9.924182e-02 -2.772676e-02 -1.327805e-02 -1.714024e-02 -4.965710e-02 -3.481000e-02 2.197036e-02 1.042184e-01 -3.246675e-02 8.878924e-03 1.486590e-02 1.153709e-02 8.048696e-03 -1.043141e-02 -3.672540e-03 3.121035e-03 5.530642e-04 3.007658e-04 3.140797e-03 6.187476e-03 -2.733048e-02
<VARIANCE> 39
 8.678561e+01 5.569102e+01 6.616740e+01 8.206519e+01 7.848707e+01 7.042397e+01 8.037755e+01 6.316559e+01 6.250853e+01 5.922212e+01 6.139181e+01 8.214371e+01 7.339085e+01 4.886435e+00 3.391798e+00 3.817375e+00 3.826900e+00 5.121435e+00 3.779546e+00 3.832239e+00 3.908995e+00 3.937116e+00 3.865069e+00 3.288014e+00 2.965322e+00 5.417637e+00 6.751285e-01 4.989569e-01 6.015173e-01 5.887444e-01 8.761758e-01 6.553652e-01 6.658899e-01 6.947433e-01 7.029138e-01 6.708047e-01 6.006729e-01 5.160038e-01 8.217995e-01
<GCONST> 1.392257e+02
<STATE> 3
<MEAN> 39
 -3.000447e+00 -1.850552e+00 -3.051986e+00 -2.194734e+00 -6.715403e+00 -5.109725e-01 -5.862727e+00 -7.565763e+00 -2.463449e+00 -5.344224e+00 -2.103808e+00 -2.975791e+00 7.659687e+01 -5.807315e-02 5.162878e-02 1.336164e-01 1.261512e-01 -1.408851e-02 -1.236328e-01 -3.523682e-02 -4.985570e-03 -2.074181e-02 -5.825237e-02 -2.325146e-02 4.250057e-02 1.808456e-02 -2.882495e-02 1.469111e-02 1.740909e-02 1.360196e-02 9.336474e-03 -7.152719e-03 -2.936058e-03 3.015629e-03 -6.268765e-04 -2.887507e-03 4.209216e-03 6.491328e-03 -3.178437e-02
<VARIANCE> 39
 8.848246e+01 5.516687e+01 6.816882e+01 8.291554e+01 7.984539e+01 7.184038e+01 8.084992e+01 6.324567e+01 6.260557e+01 6.014766e+01 6.107530e+01 8.054714e+01 6.637509e+01 4.891031e+00 3.364624e+00 3.835494e+00 3.857493e+00 5.261220e+00 3.843863e+00 3.909495e+00 3.950068e+00 3.968363e+00 3.913432e+00 3.329605e+00 2.972738e+00 5.327883e+00 6.739395e-01 4.973758e-01 6.060550e-01 5.950299e-01 8.986878e-01 6.667796e-01 6.794819e-01 7.015912e-01 7.096535e-01 6.762962e-01 6.084982e-01 5.181568e-01 8.239116e-01
<GCONST> 1.394334e+02
<STATE> 4
<MEAN> 39
 -3.258367e+00 -1.614314e+00 -2.617841e+00 -1.782652e+00 -6.701569e+00 -8.604039e-01 -5.953850e+00 -7.564896e+00 -2.525906e+00 -5.518590e+00 -2.130783e+00 -2.817191e+00 7.646386e+01 -1.265913e-01 1.000976e-01 1.839924e-01 1.638575e-01 1.491726e-02 -1.376166e-01 -4.187475e-02 1.630336e-03 -2.397587e-02 -7.004890e-02 -9.200645e-03 6.235532e-02 -6.696218e-02 -2.187079e-02 1.666463e-02 1.635968e-02 1.200286e-02 8.058465e-03 -3.424151e-03 -2.302963e-03 1.843953e-03 -6.871696e-04 -3.762457e-03 4.981847e-03 6.721627e-03 -3.048655e-02
<VARIANCE> 39
 9.267622e+01 5.466711e+01 7.007664e+01 8.345602e+01 8.170802e+01 7.306716e+01 8.122402e+01 6.347298e+01 6.270281e+01 6.099921e+01 6.050528e+01 7.819086e+01 6.350316e+01 5.000779e+00 3.326306e+00 3.852958e+00 3.895598e+00 5.429045e+00 3.936122e+00 4.022111e+00 4.031594e+00 4.018981e+00 3.985014e+00 3.381038e+00 2.981185e+00 5.214466e+00 6.905971e-01 5.025983e-01 6.185120e-01 6.084808e-01 9.274118e-01 6.843358e-01 7.002961e-01 7.170032e-01 7.222986e-01 6.882199e-01 6.195411e-01 5.228342e-01 8.366563e-01
<GCONST> 1.399061e+02
<TRANSP> 5
 0.000000e+00 1.000000e+00 0.000000e+00 0.000000e+00 0.000000e+00
 0.000000e+00 5.931796e-01 4.068204e-01 0.000000e+00 0.000000e+00
 0.000000e+00 0.000000e+00 5.931790e-01 4.068209e-01 0.000000e+00
 0.000000e+00 0.000000e+00 0.000000e+00 5.931766e-01 4.068234e-01
 0.000000e+00 0.000000e+00 0.000000e+00 0.000000e+00 0.000000e+00
<ENDHMM>
~h "Ea"
<BEGINHMM>
<NUMSTATES> 5
<STATE> 2
<MEAN> 39
 -5.232233e+00 -2.358518e+00 -5.045589e-01 1.296721e+00 -7.868667e+00 -4.432745e+00 -8.007713e+00 -6.071209e+00 -1.579600e+00 -4.951363e+00 -2.796441e+00 -3.182487e+00 7.732972e+01 5.382635e-02 -2.162075e-02 -8.821990e-02 -6.656512e-02 -1.290366e-02 -4.061867e-02 -3.055206e-02 2.585152e-02 -9.057631e-03 -2.906963e-03 -1.268498e-02 -2.821082e-03 1.921873e-01 -2.386534e-02 1.250886e-02 -7.758087e-03 -5.944842e-03 2.371358e-02 1.150570e-02 1.265053e-02 9.553431e-03 -3.228800e-03 7.313634e-04 7.939206e-03 9.646696e-03 -5.379668e-02
<VARIANCE> 39
 9.544569e+01 5.286385e+01 7.770695e+01 6.273892e+01 9.776265e+01 6.945983e+01 7.620176e+01 6.768457e+01 6.279712e+01 6.332912e+01 5.564789e+01 6.442185e+01 6.981406e+01 5.473681e+00 3.150561e+00 4.356786e+00 3.357494e+00 5.354851e+00 3.939354e+00 4.380298e+00 4.473791e+00 3.854048e+00 3.917583e+00 3.091315e+00 2.791722e+00 5.232563e+00 7.397936e-01 4.614475e-01 6.617864e-01 5.372558e-01 9.232947e-01 6.958174e-01 7.589024e-01 7.889253e-01 7.016785e-01 6.677232e-01 5.576221e-01 4.858849e-01 7.642578e-01
<GCONST> 1.394679e+02
<STATE> 3
<MEAN> 39
 -5.196206e+00 -2.320947e+00 -7.136810e-01 1.137600e+00 -7.787985e+00 -4.473916e+00 -8.021378e+00 -5.995409e+00 -1.629302e+00 -4.969264e+00 -2.793836e+00 -3.136768e+00 7.755062e+01 -9.600939e-03 3.264616e-02 -6.858483e-02 -5.790973e-02 4.772862e-02 -1.199697e-02 -9.688343e-04 2.595728e-02 -2.658205e-02 -1.944815e-02 5.305694e-03 2.413200e-02 5.839081e-02 -2.302918e-02 2.172815e-02 1.067282e-02 5.335866e-03 2.239446e-02 1.137995e-02 1.032141e-02 -2.668127e-03 -7.838577e-03 -7.944876e-03 6.495934e-03 9.799697e-03 -5.177862e-02
<VARIANCE> 39
 9.821938e+01 5.235729e+01 7.456628e+01 6.215335e+01 9.907529e+01 7.058376e+01 7.606192e+01 6.674373e+01 6.287646e+01 6.402341e+01 5.614449e+01 6.451042e+01 6.317105e+01 5.643147e+00 3.147074e+00 4.228494e+00 3.360061e+00 5.376779e+00 3.925686e+00 4.381786e+00 4.375130e+00 3.867509e+00 3.943764e+00 3.103676e+00 2.802176e+00 4.930068e+00 7.593485e-01 4.596131e-01 6.431847e-01 5.405897e-01 9.287562e-01 6.987691e-01 7.628388e-01 7.735414e-01 7.033101e-01 6.685063e-01 5.589095e-01 4.874858e-01 7.528437e-01
<GCONST> 1.392990e+02
<STATE> 4
<MEAN> 39
 -5.323821e+00 -2.109455e+00 -7.860925e-01 1.050754e+00 -7.567420e+00 -4.454610e+00 -7.977867e+00 -5.973437e+00 -1.736152e+00 -5.063308e+00 -2.747254e+00 -3.019578e+00 7.746481e+01 -6.747742e-02 9.828369e-02 -1.118349e-02 -2.706723e-02 9.691171e-02 1.191996e-02 1.746598e-02 4.094951e-04 -4.961447e-02 -4.976790e-02 2.148626e-02 4.965848e-02 -5.739154e-02 -1.968800e-02 2.495975e-02 2.380704e-02 1.309785e-02 1.694169e-02 9.358593e-03 5.834238e-03 -1.168664e-02 -9.287441e-03 -1.186165e-02 5.961087e-03 9.370681e-03 -4.378343e-02
<VARIANCE> 39
 1.026580e+02 5.201757e+01 7.148798e+01 6.193689e+01 1.000251e+02 7.151151e+01 7.633394e+01 6.594075e+01 6.267462e+01 6.470819e+01 5.637387e+01 6.406459e+01 6.116283e+01 5.891116e+00 3.148872e+00 4.141138e+00 3.413139e+00 5.458695e+00 3.958365e+00 4.454771e+00 4.340166e+00 3.916092e+00 4.002369e+00 3.134192e+00 2.820122e+00 4.807052e+00 7.934761e-01 4.683778e-01 6.376786e-01 5.541615e-01 9.422157e-01 7.085527e-01 7.788144e-01 7.692136e-01 7.128462e-01 6.777802e-01 5.654492e-01 4.923038e-01 7.666283e-01
<GCONST> 1.395551e+02
<TRANSP> 5
 0.000000e+00 1.000000e+00 0.000000e+00 0.000000e+00 0.000000e+00
 0.000000e+00 5.895352e-01 4.104648e-01 0.000000e+00 0.000000e+00
 0.000000e+00 0.000000e+00 5.895365e-01 4.104635e-01 0.000000e+00
 0.000000e+00 0.000000e+00 0.000000e+00 5.895362e-01 4.104638e-01
 0.000000e+00 0.000000e+00 0.000000e+00 0.000000e+00 0.000000e+00
<ENDHMM>
~h "Ee"
<BEGINHMM>
<NUMSTATES> 5
<STATE> 2
<MEAN> 39
 -6.291518e+00 1.028379e-01 4.265656e+00 6.074962e+00 -1.068706e+01 -8.021478e+00 -8.775317e+00 -8.417664e+00 -2.825185e+00 -8.586641e+00 -1.615111e+00 -1.133664e+00 7.650390e+01 -9.784697e-03 6.341625e-04 -1.042320e-01 -1.402494e-01 7.858087e-02 7.770101e-02 2.715687e-02 2.121433e-02 -1.351240e-02 6.146733e-02 -2.921023e-03 -1.417471e-02 6.457321e-03 -1.518860e-04 4.774134e-03 -1.413106e-02 -1.998276e-02 2.164677e-02 2.171391e-02 6.839979e-03 4.598596e-03 -2.448247e-04 5.460993e-03 -3.288308e-03 -2.127230e-03 -1.291347e-02
<VARIANCE> 39
 7.441000e+01 3.759209e+01 5.833480e+01 6.200936e+01 1.505730e+02 7.589787e+01 8.066656e+01 6.065810e+01 7.090691e+01 4.820854e+01 5.473303e+01 4.595566e+01 5.454715e+01 4.559177e+00 2.512407e+00 3.031399e+00 3.218689e+00 6.187912e+00 4.012829e+00 4.107998e+00 3.974426e+00 3.543191e+00 3.356723e+00 2.814805e+00 2.321355e+00 4.955241e+00 6.609158e-01 4.694088e-01 5.526019e-01 5.493517e-01 9.312280e-01 6.729262e-01 7.160975e-01 7.097915e-01 6.496773e-01 6.101300e-01 5.106915e-01 4.290424e-01 8.774651e-01
<GCONST> 1.362065e+02
<STATE> 3
<MEAN> 39
 -6.312562e+00 1.254641e-01 3.966560e+00 5.662259e+00 -1.038884e+01 -7.746544e+00 -8.689444e+00 -8.353133e+00 -2.867155e+00 -8.407933e+00 -1.635797e+00 -1.177589e+00 7.646004e+01 -8.523870e-03 1.717225e-02 -1.346654e-01 -1.831976e-01 1.346098e-01 1.335546e-01 4.474079e-02 3.168274e-02 -1.428093e-02 7.219324e-02 -1.332088e-02 -1.944195e-02 -2.931387e-02 4.390161e-05 6.752967e-03 -1.000379e-02 -1.372450e-02 2.219470e-02 2.188924e-02 7.930758e-03 4.427328e-03 -3.827660e-04 2.691650e-03 -4.336985e-03 -1.687849e-03 -1.612945e-02
<VARIANCE> 39
 7.844575e+01 3.789109e+01 5.878915e+01 6.403852e+01 1.467052e+02 7.823251e+01 8.077572e+01 6.194851e+01 7.047620e+01 4.939871e+01 5.541683e+01 4.728241e+01 5.263224e+01 4.808950e+00 2.510648e+00 3.058868e+00 3.271173e+00 6.102351e+00 4.018024e+00 4.179997e+00 4.004013e+00 3.595664e+00 3.394276e+00 2.849445e+00 2.370510e+00 4.866768e+00 6.912233e-01 4.663062e-01 5.584935e-01 5.590990e-01 9.213334e-01 6.715307e-01 7.265497e-01 7.123583e-01 6.577632e-01 6.149859e-01 5.162446e-01 4.365291e-01 8.716891e-01
<GCONST> 1.366018e+02
<STATE> 4
<MEAN> 39
 -6.331390e+00 1.984322e-01 3.606252e+00 5.162910e+00 -9.951387e+00 -7.333462e+00 -8.556923e+00 -8.263923e+00 -2.910330e+00 -8.210409e+00 -1.686229e+00 -1.232740e+00 7.632144e+01 -1.010562e-02 3.683238e-02 -1.529634e-01 -2.085148e-01 1.892456e-01 1.868265e-01 6.582931e-02 4.231635e-02 -1.530297e-02 7.588314e-02 -2.501390e-02 -2.262120e-02 -7.192098e-02 -2.526578e-03 7.581702e-03 -4.504937e-03 -6.296412e-03 2.242031e-02 2.048353e-02 9.155071e-03 4.589209e-03 -1.010854e-03 5.209671e-04 -4.042091e-03 -7.230185e-04 -2.028668e-02
<VARIANCE> 39
 8.420835e+01 3.833416e+01 5.931270e+01 6.630322e+01 1.418440e+02 8.100043e+01 8.127495e+01 6.337376e+01 6.977116e+01 5.082021e+01 5.590527e+01 4.906891e+01 5.149464e+01 5.114638e+00 2.522852e+00 3.113411e+00 3.353418e+00 6.027036e+00 4.033782e+00 4.270400e+00 4.057293e+00 3.670614e+00 3.455388e+00 2.899547e+00 2.437465e+00 4.791052e+00 7.271940e-01 4.655884e-01 5.684268e-01 5.723963e-01 9.171743e-01 6.747587e-01 7.400485e-01 7.199867e-01 6.712322e-01 6.236696e-01 5.256042e-01 4.474307e-01 8.655835e-01
<GCONST> 1.371930e+02
<TRANSP> 5
 0.000000e+00 1.000000e+00 0.000000e+00 0.000000e+00 0.000000e+00
 0.000000e+00 5.948011e-01 4.051989e-01 0.000000e+00 0.000000e+00
 0.000000e+00 0.000000e+00 5.948038e-01 4.051962e-01 0.000000e+00
 0.000000e+00 0.000000e+00 0.000000e+00 5.948030e-01 4.051970e-01
 0.000000e+00 0.000000e+00 0.000000e+00 0.000000e+00 0.000000e+00
<ENDHMM>
~h "Ie"
<BEGINHMM>
<NUMSTATES> 5
<STATE> 2
<MEAN> 39
 -8.280228e+00 6.168935e-01 4.091615e+00 4.208704e+00 -8.419970e+00 -6.116891e+00 -7.408323e+00 -7.928098e+00 -3.125934e+00 -8.025718e+00 -2.001302e+00 -1.490901e+00 7.521262e+01 1.114824e-01 -1.842184e-02 -7.943481e-02 -1.367853e-01 -3.327287e-02 7.682063e-03 -4.445044e-02 -8.668669e-02 -4.403776e-02 -1.037524e-02 3.831353e-03 -2.321910e-02 2.825168e-01 1.027137e-02 -2.807420e-03 -2.203425e-02 -1.410500e-02 7.184046e-03 1.188973e-02 4.732688e-03 9.409127e-03 5.331608e-03 7.908676e-03 3.569216e-03 -6.993258e-04 -3.645812e-02
<VARIANCE> 39
 1.104679e+02 3.737257e+01 7.212704e+01 7.117068e+01 1.267791e+02 7.297081e+01 7.532116e+01 6.193389e+01 6.596090e+01 5.648412e+01 4.948356e+01 5.471428e+01 6.725628e+01 5.698233e+00 2.832690e+00 4.813898e+00 3.910621e+00 6.202560e+00 4.491984e+00 4.165482e+00 4.764130e+00 4.579638e+00 4.604653e+00 3.161090e+00 2.748994e+00 5.242497e+00 7.779021e-01 5.252457e-01 8.348803e-01 6.809904e-01 9.428350e-01 7.583925e-01 7.088039e-01 8.570345e-01 8.496000e-01 8.664486e-01 5.962068e-01 5.195469e-01 8.075846e-01
<GCONST> 1.413758e+02
<STATE> 3
<MEAN> 39
 -7.933772e+00 5.623973e-01 3.776678e+00 3.808231e+00 -8.435381e+00 -6.038435e+00 -7.510322e+00 -8.088531e+00 -3.217923e+00 -8.002932e+00 -1.967553e+00 -1.547422e+00 7.572746e+01 1.350208e-01 -1.808502e-02 -1.338716e-01 -1.644232e-01 -7.488066e-05 4.673284e-02 -3.290859e-02 -5.625131e-02 -2.729486e-02 1.173171e-02 1.265668e-02 -2.296957e-02 1.788970e-01 8.684371e-03 2.519472e-04 -2.052922e-02 -8.128569e-03 1.345829e-02 1.580538e-02 4.364551e-03 1.337623e-02 7.280856e-03 8.035228e-03 2.788692e-03 1.193017e-04 -4.156720e-02
<VARIANCE> 39
 1.106407e+02 3.744617e+01 7.224344e+01 7.206461e+01 1.276732e+02 7.532902e+01 7.612942e+01 6.183540e+01 6.721869e+01 5.609569e+01 5.020029e+01 5.678658e+01 5.659246e+01 5.885422e+00 2.830729e+00 4.775664e+00 3.902073e+00 6.313199e+00 4.502307e+00 4.204857e+00 4.755493e+00 4.697424e+00 4.643685e+00 3.189430e+00 2.802775e+00 4.893590e+00 8.002114e-01 5.234649e-01 8.371494e-01 6.843649e-01 9.600828e-01 7.597939e-01 7.147377e-01 8.576649e-01 8.751106e-01 8.777394e-01 6.022695e-01 5.302858e-01 7.866960e-01
<GCONST> 1.414830e+02
<STATE> 4
<MEAN> 39
 -7.565620e+00 5.285467e-01 3.343709e+00 3.356231e+00 -8.331982e+00 -5.837131e+00 -7.576365e+00 -8.163695e+00 -3.263674e+00 -7.918105e+00 -1.914834e+00 -1.596992e+00 7.597967e+01 1.394683e-01 -1.007012e-02 -1.763902e-01 -1.780420e-01 4.751969e-02 9.544829e-02 -1.810616e-02 -1.952941e-02 -8.533835e-03 3.443499e-02 1.805325e-02 -2.031836e-02 7.507411e-02 -4.141018e-04 3.599913e-03 -1.453391e-02 -2.785154e-03 2.052633e-02 1.945510e-02 6.153952e-03 1.552633e-02 6.705970e-03 8.221130e-03 1.718418e-03 1.391673e-03 -4.257355e-02
<VARIANCE> 39
 1.101223e+02 3.768738e+01 7.158405e+01 7.245422e+01 1.281281e+02 7.801006e+01 7.708148e+01 6.204825e+01 6.808338e+01 5.612218e+01 5.095089e+01 5.871382e+01 5.193172e+01 6.093583e+00 2.838450e+00 4.696881e+00 3.903279e+00 6.396481e+00 4.492879e+00 4.269320e+00 4.746619e+00 4.790987e+00 4.663295e+00 3.222700e+00 2.855386e+00 4.686399e+00 8.239717e-01 5.234923e-01 8.328279e-01 6.860908e-01 9.769859e-01 7.612833e-01 7.254798e-01 8.568035e-01 8.977423e-01 8.843212e-01 6.088038e-01 5.404556e-01 7.837363e-01
<GCONST> 1.416851e+02
<TRANSP> 5
 0.000000e+00 1.000000e+00 0.000000e+00 0.000000e+00 0.000000e+00
 0.000000e+00 6.012057e-01 3.987943e-01 0.000000e+00 0.000000e+00
 0.000000e+00 0.000000e+00 6.012071e-01 3.987928e-01 0.000000e+00
 0.000000e+00 0.000000e+00 0.000000e+00 6.012076e-01 3.987924e-01
 0.000000e+00 0.000000e+00 0.000000e+00 0.000000e+00 0.000000e+00
<ENDHMM>
~h "Ii"
<BEGINHMM>
<NUMSTATES> 5
<STATE> 2
<MEAN> 39
 -7.779753e+00 2.444391e+00 7.000892e+00 6.334044e+00 -8.041615e+00 -6.520987e+00 -5.747563e+00 -9.580886e+00 -4.464489e+00 -9.317249e+00 -3.203957e+00 -1.387780e+00 7.366251e+01 1.168104e-01 -4.198696e-02 -1.535441e-01 -1.052755e-01 -1.123008e-02 2.835640e-02 -4.658553e-02 -5.341330e-03 1.765464e-02 4.830899e-02 2.457206e-02 -3.047099e-02 1.178530e-01 -6.305131e-04 -9.699609e-03 -2.860756e-02 -2.136876e-02 6.682269e-04 1.199490e-02 -7.149684e-03 6.326031e-03 1.124681e-02 9.784239e-03 5.591921e-03 1.519383e-03 7.231622e-03
<VARIANCE> 39
 8.289639e+01 3.795619e+01 7.935355e+01 7.430087e+01 1.108903e+02 6.879102e+01 7.606178e+01 6.482569e+01 6.682623e+01 6.323324e+01 4.707031e+01 4.462048e+01 6.576651e+01 4.858554e+00 3.007245e+00 4.367279e+00 4.018378e+00 6.744326e+00 4.707396e+00 4.359580e+00 5.075254e+00 4.191866e+00 4.245818e+00 3.092425e+00 2.495427e+00 6.429794e+00 7.184966e-01 5.833653e-01 7.144108e-01 6.664751e-01 1.136881e+00 8.493278e-01 7.880829e-01 8.654850e-01 7.815437e-01 7.273483e-01 5.727233e-01 4.772489e-01 1.163942e+00
<GCONST> 1.411865e+02
<STATE> 3
<MEAN> 39
 -7.491092e+00 2.305362e+00 6.499198e+00 5.999185e+00 -8.038462e+00 -6.401387e+00 -5.892222e+00 -9.546455e+00 -4.380982e+00 -9.138897e+00 -3.115177e+00 -1.460198e+00 7.394505e+01 1.117585e-01 -6.366590e-02 -2.265174e-01 -1.537235e-01 2.340649e-03 6.240330e-02 -6.059296e-02 2.066153e-02 4.667525e-02 7.732090e-02 4.015493e-02 -2.504502e-02 1.191570e-01 -4.688762e-03 -5.718649e-03 -2.371689e-02 -1.466611e-02 9.017688e-03 1.404318e-02 -1.934609e-03 1.152977e-02 9.618523e-03 8.863604e-03 4.397913e-03 2.745868e-03 -6.730568e-03
<VARIANCE> 39
 8.378539e+01 3.855571e+01 8.026599e+01 7.565663e+01 1.101933e+02 7.080863e+01 7.702455e+01 6.504619e+01 6.764310e+01 6.303240e+01 4.841549e+01 4.610049e+01 6.054239e+01 4.937500e+00 3.011620e+00 4.270809e+00 4.001586e+00 6.787963e+00 4.749456e+00 4.418711e+00 5.095651e+00 4.222998e+00 4.223289e+00 3.132720e+00 2.555801e+00 6.413225e+00 7.313875e-01 5.820068e-01 7.072588e-01 6.679978e-01 1.146451e+00 8.564328e-01 7.992818e-01 8.729441e-01 7.873433e-01 7.284094e-01 5.810187e-01 4.871705e-01 1.170720e+00
<GCONST> 1.414249e+02
<STATE> 4
<MEAN> 39
 -7.223627e+00 2.122273e+00 5.825581e+00 5.558942e+00 -7.974324e+00 -6.187059e+00 -6.060239e+00 -9.427391e+00 -4.226844e+00 -8.883599e+00 -2.986392e+00 -1.516204e+00 7.419181e+01 9.649494e-02 -7.280195e-02 -2.789403e-01 -1.836266e-01 3.590137e-02 1.012376e-01 -6.045591e-02 5.644980e-02 6.868542e-02 1.002695e-01 5.112449e-02 -1.790041e-02 8.654139e-02 -9.507278e-03 -2.916771e-04 -1.470425e-02 -7.550860e-03 1.864244e-02 1.669631e-02 3.282164e-03 1.564053e-02 6.203682e-03 6.963285e-03 2.963402e-03 2.569108e-03 -2.198263e-02
<VARIANCE> 39
 8.610255e+01 3.905592e+01 8.075778e+01 7.696799e+01 1.096671e+02 7.346293e+01 7.819048e+01 6.575359e+01 6.805347e+01 6.292288e+01 4.976991e+01 4.793565e+01 5.665831e+01 5.089863e+00 3.001994e+00 4.127930e+00 3.985022e+00 6.771880e+00 4.764256e+00 4.477033e+00 5.064281e+00 4.226479e+00 4.177806e+00 3.168551e+00 2.615148e+00 6.272496e+00 7.499890e-01 5.767728e-01 6.965227e-01 6.698065e-01 1.146071e+00 8.599177e-01 8.082290e-01 8.756186e-01 7.906308e-01 7.285076e-01 5.890012e-01 4.963407e-01 1.158286e+00
<GCONST> 1.415970e+02
<TRANSP> 5
 0.000000e+00 1.000000e+00 0.000000e+00 0.000000e+00 0.000000e+00
 0.000000e+00 5.914254e-01 4.085746e-01 0.000000e+00 0.000000e+00
 0.000000e+00 0.000000e+00 5.914211e-01 4.085789e-01 0.000000e+00
 0.000000e+00 0.000000e+00 0.000000e+00 5.914248e-01 4.085752e-01
 0.000000e+00 0.000000e+00 0.000000e+00 0.000000e+00 0.000000e+00
<ENDHMM>
~h "Oo"
<BEGINHMM>
<NUMSTATES> 5
<STATE> 2
<MEAN> 39
 -2.885283e+00 1.741572e+00 -4.977705e-01 -4.236673e+00 -9.868776e+00 -3.885913e-01 -4.698098e+00 -8.981043e+00 -3.104597e+00 -7.964561e+00 -2.071750e+00 -9.369980e-01 7.461398e+01 1.402874e-04 -1.759137e-02 6.128327e-03 7.595598e-02 -3.822234e-02 -9.725614e-02 -8.346532e-02 -4.728979e-02 3.150452e-02 -1.003560e-02 -6.800593e-03 -1.428247e-02 1.407800e-01 -2.134190e-02 -5.351707e-03 4.861887e-03 2.115345e-02 1.404884e-02 -1.134406e-02 -7.766104e-03 6.885897e-03 2.021110e-03 1.066322e-02 -1.382584e-03 -4.613201e-03 -1.116475e-02
<VARIANCE> 39
 9.133398e+01 4.010402e+01 5.811784e+01 1.085588e+02 1.116312e+02 8.088293e+01 9.245025e+01 6.807498e+01 6.029269e+01 5.466324e+01 6.900202e+01 6.693963e+01 6.408124e+01 5.241516e+00 2.848125e+00 3.682784e+00 5.316322e+00 7.299539e+00 4.494052e+00 4.834673e+00 4.621792e+00 4.392266e+00 4.127999e+00 3.691481e+00 2.919217e+00 5.413275e+00 7.136620e-01 5.380996e-01 6.599477e-01 7.596908e-01 1.076083e+00 7.560424e-01 8.546491e-01 8.397789e-01 8.197128e-01 7.515754e-01 6.796173e-01 5.375681e-01 9.466879e-01
<GCONST> 1.426941e+02
<STATE> 3
<MEAN> 39
 -2.986980e+00 1.671826e+00 -4.501723e-01 -3.915659e+00 -9.872997e+00 -6.839764e-01 -4.948394e+00 -9.063929e+00 -3.019107e+00 -7.944923e+00 -2.076715e+00 -9.814481e-01 7.489117e+01 -6.176349e-02 -2.780888e-02 2.692721e-02 1.457450e-01 1.865274e-02 -1.210279e-01 -1.020236e-01 -2.399202e-02 3.209938e-02 1.460424e-02 -8.321586e-03 -2.276112e-02 9.800808e-02 -2.387579e-02 -2.682017e-03 6.890883e-03 2.494946e-02 2.453260e-02 -4.767353e-03 -4.203180e-03 1.064825e-02 -4.155371e-05 8.430340e-03 -1.306391e-03 -2.763809e-03 -2.055940e-02
<VARIANCE> 39
 9.212114e+01 4.000978e+01 5.824952e+01 1.101463e+02 1.098132e+02 8.168256e+01 9.412086e+01 6.811504e+01 6.010086e+01 5.451196e+01 6.897177e+01 6.644485e+01 5.687931e+01 5.320924e+00 2.854038e+00 3.672554e+00 5.219899e+00 7.249982e+00 4.547694e+00 4.914104e+00 4.639817e+00 4.386306e+00 4.100588e+00 3.729156e+00 2.928115e+00 5.235187e+00 7.230375e-01 5.386971e-01 6.597591e-01 7.519025e-01 1.078199e+00 7.657617e-01 8.687270e-01 8.431584e-01 8.192103e-01 7.490702e-01 6.884789e-01 5.396829e-01 9.330590e-01
<GCONST> 1.426260e+02
<STATE> 4
<MEAN> 39
 -3.260762e+00 1.585130e+00 -3.334328e-01 -3.392804e+00 -9.691831e+00 -1.024919e+00 -5.241445e+00 -9.075300e+00 -2.939363e+00 -7.871945e+00 -2.078594e+00 -1.036683e+00 7.503700e+01 -1.266536e-01 -3.116438e-02 4.935930e-02 2.151041e-01 9.441062e-02 -1.264982e-01 -1.103224e-01 7.326798e-03 2.990922e-02 3.211299e-02 -8.766504e-03 -2.566329e-02 3.886060e-02 -2.526113e-02 -2.440517e-04 7.396039e-03 2.432410e-02 3.214889e-02 2.088123e-03 -6.046689e-04 1.329909e-02 -9.642798e-04 6.018746e-03 -1.598374e-04 -7.046497e-04 -2.710399e-02
<VARIANCE> 39
 9.500858e+01 3.998565e+01 5.873464e+01 1.110278e+02 1.086739e+02 8.235007e+01 9.517517e+01 6.851931e+01 6.000220e+01 5.479845e+01 6.836670e+01 6.568413e+01 5.242712e+01 5.477226e+00 2.870838e+00 3.672771e+00 5.070204e+00 7.148084e+00 4.602188e+00 4.977970e+00 4.659454e+00 4.372416e+00 4.089650e+00 3.756886e+00 2.935062e+00 5.075552e+00 7.440940e-01 5.409667e-01 6.621569e-01 7.425509e-01 1.079773e+00 7.761741e-01 8.799060e-01 8.463595e-01 8.183470e-01 7.483034e-01 6.956965e-01 5.412537e-01 9.215564e-01
<GCONST> 1.426372e+02
<TRANSP> 5
 0.000000e+00 1.000000e+00 0.000000e+00 0.000000e+00 0.000000e+00
 0.000000e+00 5.983685e-01 4.016315e-01 0.000000e+00 0.000000e+00
 0.000000e+00 0.000000e+00 5.983674e-01 4.016327e-01 0.000000e+00
 0.000000e+00 0.000000e+00 0.000000e+00 5.983695e-01 4.016305e-01
 0.000000e+00 0.000000e+00 0.000000e+00 0.000000e+00 0.000000e+00
<ENDHMM>
~h "Uo"
<BEGINHMM>
<NUMSTATES> 5
<STATE> 2
<MEAN> 39
 -3.528694e+00 1.464938e+00 1.398894e-01 -2.100717e+00 -8.746759e+00 -1.298730e+00 -6.456204e+00 -9.394886e+00 -2.942157e+00 -7.321591e+00 -1.820284e+00 -1.407320e+00 7.486646e+01 -4.603539e-02 -7.885405e-02 -1.520288e-02 1.105469e-01 2.186375e-02 -1.147076e-01 -9.581675e-02 3.893959e-02 3.436263e-02 6.236185e-02 6.157440e-03 -2.632603e-02 5.050833e-02 -7.620195e-03 -5.577871e-04 3.715188e-03 1.155560e-02 5.344370e-03 -9.018257e-03 -4.498855e-03 5.785725e-03 3.595433e-03 -1.662123e-03 -2.894728e-03 -2.021953e-03 -3.819844e-03
<VARIANCE> 39
 9.259790e+01 4.453434e+01 5.614875e+01 8.360600e+01 1.073350e+02 8.394534e+01 9.513930e+01 6.940715e+01 6.085978e+01 5.651553e+01 6.575308e+01 7.380163e+01 5.965995e+01 5.406819e+00 3.458452e+00 3.606915e+00 4.341512e+00 6.934499e+00 4.712409e+00 4.807701e+00 4.671349e+00 4.346711e+00 4.149860e+00 4.198478e+00 3.222490e+00 5.575409e+00 7.562402e-01 6.401646e-01 6.319442e-01 6.621994e-01 1.063276e+00 8.265852e-01 8.545433e-01 8.523305e-01 8.247034e-01 7.582071e-01 7.657254e-01 5.899324e-01 1.005158e+00
<GCONST> 1.432683e+02
<STATE> 3
<MEAN> 39
 -3.700246e+00 1.265416e+00 1.249166e-01 -1.769232e+00 -8.649892e+00 -1.613871e+00 -6.713373e+00 -9.260480e+00 -2.839019e+00 -7.159557e+00 -1.796511e+00 -1.473566e+00 7.496108e+01 -6.350028e-02 -7.422450e-02 1.609199e-03 1.426777e-01 4.241020e-02 -1.333533e-01 -1.040735e-01 5.294984e-02 4.068166e-02 5.470861e-02 -3.515959e-03 -2.977833e-02 3.821070e-02 -5.852036e-03 2.897998e-03 6.045818e-03 1.151069e-02 1.088125e-02 -3.344893e-03 2.506639e-04 5.644541e-03 1.996121e-03 -3.729158e-03 -4.911869e-03 -1.218454e-03 -7.794723e-03
<VARIANCE> 39
 9.252650e+01 4.307549e+01 5.493642e+01 8.304194e+01 1.058030e+02 8.408176e+01 9.445151e+01 7.048199e+01 6.039449e+01 5.642811e+01 6.473919e+01 7.208974e+01 5.826661e+01 5.481390e+00 3.355750e+00 3.565037e+00 4.285909e+00 6.790286e+00 4.719241e+00 4.811643e+00 4.690960e+00 4.294274e+00 4.112990e+00 4.131650e+00 3.210529e+00 5.592709e+00 7.781327e-01 6.243498e-01 6.307626e-01 6.592745e-01 1.053650e+00 8.285051e-01 8.572190e-01 8.569557e-01 8.171048e-01 7.538002e-01 7.588496e-01 5.892087e-01 1.021417e+00
<GCONST> 1.430256e+02
<STATE> 4
<MEAN> 39
 -3.907383e+00 1.091223e+00 1.673850e-01 -1.348848e+00 -8.487046e+00 -1.965168e+00 -6.982815e+00 -9.095843e+00 -2.729900e+00 -7.026839e+00 -1.804317e+00 -1.542574e+00 7.501868e+01 -7.613140e-02 -6.192103e-02 2.180548e-02 1.743184e-01 7.607841e-02 -1.364772e-01 -9.942858e-02 6.544451e-02 4.155144e-02 4.226501e-02 -1.810856e-02 -3.075668e-02 1.461114e-02 -6.988454e-03 5.892224e-03 7.246448e-03 1.132579e-02 1.771172e-02 3.429551e-03 5.789810e-03 5.603991e-03 -3.769762e-04 -4.613475e-03 -5.742998e-03 -2.094967e-04 -1.484936e-02
<VARIANCE> 39
 9.303724e+01 4.177161e+01 5.411905e+01 8.254858e+01 1.043790e+02 8.413569e+01 9.333792e+01 7.160013e+01 5.997242e+01 5.633950e+01 6.367013e+01 7.040286e+01 5.703354e+01 5.588878e+00 3.253865e+00 3.534392e+00 4.209514e+00 6.637079e+00 4.718753e+00 4.807827e+00 4.712067e+00 4.258748e+00 4.087605e+00 4.048129e+00 3.193837e+00 5.565414e+00 8.017275e-01 6.069056e-01 6.311920e-01 6.551986e-01 1.044283e+00 8.278968e-01 8.576558e-01 8.612231e-01 8.114752e-01 7.502231e-01 7.486856e-01 5.874328e-01 1.024233e+00
<GCONST> 1.427641e+02
<TRANSP> 5
 0.000000e+00 1.000000e+00 0.000000e+00 0.000000e+00 0.000000e+00
 0.000000e+00 5.966448e-01 4.033552e-01 0.000000e+00 0.000000e+00
 0.000000e+00 0.000000e+00 5.966476e-01 4.033524e-01 0.000000e+00
 0.000000e+00 0.000000e+00 0.000000e+00 5.966428e-01 4.033572e-01
 0.000000e+00 0.000000e+00 0.000000e+00 0.000000e+00 0.000000e+00
<ENDHMM>
~h "Uu"
<BEGINHMM>
<NUMSTATES> 5
<STATE> 2
<MEAN> 39
 -5.541354e+00 4.195423e+00 2.186425e+00 -1.494241e+00 -6.748711e+00 -1.758022e+00 -4.938692e+00 -8.938381e+00 -3.235535e+00 -9.106150e+00 -3.378430e+00 -9.456733e-01 7.199962e+01 -7.316242e-02 -7.284667e-02 -3.471934e-02 -1.317836e-02 -1.772253e-02 -2.484978e-05 -7.019662e-02 -4.206397e-02 3.789875e-02 2.416131e-02 4.011803e-02 -1.635894e-02 1.779058e-01 -5.870449e-03 -1.497641e-02 -7.739579e-03 6.719511e-03 4.565931e-04 -3.978206e-03 -1.116313e-02 -1.394196e-03 4.150953e-03 1.236236e-02 6.536354e-03 -5.950693e-03 2.483988e-03
<VARIANCE> 39
 1.378728e+02 5.488409e+01 5.687187e+01 7.760633e+01 9.411017e+01 7.390076e+01 9.359243e+01 6.754478e+01 6.262852e+01 7.015193e+01 5.751194e+01 5.672444e+01 6.176102e+01 7.597474e+00 4.037220e+00 4.041994e+00 5.152079e+00 7.156805e+00 4.988870e+00 5.333177e+00 5.941392e+00 5.157741e+00 5.354602e+00 4.107958e+00 3.136794e+00 5.732159e+00 9.844559e-01 7.266039e-01 7.675369e-01 8.916467e-01 1.208554e+00 8.961684e-01 9.999635e-01 1.091583e+00 1.003908e+00 9.365689e-01 7.487610e-01 6.012536e-01 1.077885e+00
<GCONST> 1.469813e+02
<STATE> 3
<MEAN> 39
 -5.755762e+00 3.947337e+00 2.077665e+00 -1.480670e+00 -6.768808e+00 -1.765111e+00 -5.158646e+00 -9.035513e+00 -3.134459e+00 -8.985407e+00 -3.241211e+00 -1.008073e+00 7.242359e+01 -8.509140e-02 -1.049068e-01 -4.548615e-02 1.562405e-02 -5.993250e-03 -7.046359e-03 -9.365666e-02 -3.675310e-02 4.203831e-02 5.134291e-02 5.543037e-02 -2.979073e-02 1.712791e-01 -4.557217e-03 -9.915203e-03 -3.112614e-03 1.260116e-02 6.981538e-03 -1.996898e-03 -6.982753e-03 4.767521e-03 1.110675e-03 9.403992e-03 5.057593e-03 -3.816148e-03 -7.491648e-03
<VARIANCE> 39
 1.394621e+02 5.525945e+01 5.692063e+01 7.724606e+01 9.431371e+01 7.495450e+01 9.521365e+01 6.814455e+01 6.262000e+01 6.975627e+01 5.769670e+01 5.724504e+01 5.623170e+01 7.837213e+00 4.038401e+00 4.008701e+00 5.111961e+00 7.154683e+00 5.033528e+00 5.381161e+00 6.036537e+00 5.201666e+00 5.355055e+00 4.070156e+00 3.152437e+00 5.624505e+00 1.013664e+00 7.266646e-01 7.614461e-01 8.877181e-01 1.207730e+00 9.049090e-01 1.008048e+00 1.106923e+00 1.011055e+00 9.355518e-01 7.428308e-01 6.031872e-01 1.073840e+00
<GCONST> 1.470303e+02
<STATE> 4
<MEAN> 39
 -5.993412e+00 3.633752e+00 1.961294e+00 -1.369362e+00 -6.735732e+00 -1.784727e+00 -5.423718e+00 -9.093716e+00 -3.035598e+00 -8.806575e+00 -3.071571e+00 -1.098032e+00 7.280505e+01 -9.489428e-02 -1.243418e-01 -4.687872e-02 5.547723e-02 2.048233e-02 -9.671545e-03 -1.055872e-01 -1.438841e-02 4.069587e-02 7.154033e-02 6.631853e-02 -3.676054e-02 1.430908e-01 -5.330311e-03 -6.149441e-03 -1.238125e-04 1.643283e-02 1.333412e-02 -8.016443e-05 -2.740086e-03 1.177837e-02 -8.637432e-04 7.679208e-03 4.337113e-03 -1.421656e-03 -1.568682e-02
<VARIANCE> 39
 1.401836e+02 5.502205e+01 5.708481e+01 7.712201e+01 9.455553e+01 7.585649e+01 9.654527e+01 6.895556e+01 6.258857e+01 6.929942e+01 5.775535e+01 5.790158e+01 5.276090e+01 8.063202e+00 4.000167e+00 3.977033e+00 5.018549e+00 7.088541e+00 5.046339e+00 5.394428e+00 6.091647e+00 5.211274e+00 5.311916e+00 4.008098e+00 3.160421e+00 5.516347e+00 1.040309e+00 7.201248e-01 7.540699e-01 8.750671e-01 1.197350e+00 9.073041e-01 1.007307e+00 1.115386e+00 1.010038e+00 9.276668e-01 7.330322e-01 6.037570e-01 1.064163e+00
<GCONST> 1.469361e+02
<TRANSP> 5
 0.000000e+00 1.000000e+00 0.000000e+00 0.000000e+00 0.000000e+00
 0.000000e+00 5.959657e-01 4.040343e-01 0.000000e+00 0.000000e+00
 0.000000e+00 0.000000e+00 5.959705e-01 4.040295e-01 0.000000e+00
 0.000000e+00 0.000000e+00 0.000000e+00 5.959707e-01 4.040292e-01
 0.000000e+00 0.000000e+00 0.000000e+00 0.000000e+00 0.000000e+00
<ENDHMM>
~h "aA"
<BEGINHMM>
<NUMSTATES> 5
<STATE> 2
<MEAN> 39
 -4.127600e+00 -2.537309e+00 -3.798704e+00 -2.299819e+00 -5.813658e+00 6.471872e-03 -5.927342e+00 -6.933603e+00 -2.001536e+00 -4.237112e+00 -1.947499e+00 -3.312477e+00 7.630421e+01 7.574523e-03 2.973214e-02 1.093251e-01 6.420840e-02 -6.344289e-02 -8.329934e-02 -5.280024e-02 -2.728153e-02 -2.444305e-02 -4.802620e-02 -2.497894e-02 1.327950e-02 9.781030e-02 -7.637080e-03 1.047916e-02 1.804299e-02 1.034140e-02 -3.904526e-03 -1.059399e-02 -5.208804e-03 -2.858048e-03 -4.940719e-03 -9.336155e-03 -1.584750e-03 5.322477e-03 -1.701250e-02
<VARIANCE> 39
 1.006309e+02 5.593511e+01 6.682517e+01 7.512569e+01 7.500121e+01 6.395981e+01 7.685593e+01 6.288001e+01 5.673997e+01 5.724112e+01 5.804105e+01 8.024342e+01 7.791417e+01 5.567969e+00 3.310877e+00 3.789625e+00 3.797094e+00 4.895490e+00 3.579091e+00 3.888256e+00 3.927864e+00 3.627689e+00 3.486467e+00 3.065538e+00 2.921357e+00 6.011857e+00 7.707691e-01 5.057330e-01 6.167610e-01 6.138563e-01 8.738232e-01 6.413402e-01 6.825423e-01 7.138299e-01 6.759667e-01 6.117218e-01 5.556822e-01 5.016740e-01 9.649040e-01
<GCONST> 1.389666e+02
<STATE> 3
<MEAN> 39
 -4.159475e+00 -2.395759e+00 -3.439607e+00 -2.065772e+00 -5.974236e+00 -2.536738e-01 -6.073662e+00 -7.007041e+00 -2.072039e+00 -4.386590e+00 -2.001501e+00 -3.241784e+00 7.643509e+01 -2.094438e-02 6.971564e-02 1.623257e-01 1.020457e-01 -6.565995e-02 -1.109394e-01 -5.989251e-02 -3.163423e-02 -3.496600e-02 -7.521599e-02 -2.574214e-02 3.323353e-02 3.538972e-02 -9.630024e-03 1.436918e-02 1.756970e-02 1.401434e-02 1.122635e-03 -8.147692e-03 -4.456053e-04 -8.925117e-04 -3.933385e-03 -1.020833e-02 -1.265033e-03 7.291461e-03 -2.499723e-02
<VARIANCE> 39
 1.009664e+02 5.536600e+01 6.927711e+01 7.628073e+01 7.709232e+01 6.539584e+01 7.754552e+01 6.350009e+01 5.666577e+01 5.823477e+01 5.809495e+01 7.826938e+01 6.942200e+01 5.647575e+00 3.278015e+00 3.816005e+00 3.796422e+00 4.991547e+00 3.618860e+00 3.971017e+00 3.994392e+00 3.651601e+00 3.507955e+00 3.096264e+00 2.911982e+00 5.775202e+00 7.790253e-01 5.076301e-01 6.270214e-01 6.174496e-01 8.894591e-01 6.497070e-01 6.964977e-01 7.251277e-01 6.816403e-01 6.140835e-01 5.600297e-01 5.017947e-01 9.463951e-01
<GCONST> 1.391189e+02
<STATE> 4
<MEAN> 39
 -4.282963e+00 -2.126430e+00 -2.936186e+00 -1.714219e+00 -6.124407e+00 -5.820351e-01 -6.223694e+00 -7.086453e+00 -2.163000e+00 -4.613435e+00 -2.047502e+00 -3.106493e+00 7.637576e+01 -5.199682e-02 1.146474e-01 2.088456e-01 1.439004e-01 -5.598924e-02 -1.296050e-01 -5.589746e-02 -3.180023e-02 -4.262335e-02 -1.026764e-01 -2.497415e-02 5.614023e-02 -3.755358e-02 -1.182516e-02 1.611181e-02 1.513825e-02 1.571797e-02 7.547554e-03 -3.815453e-03 3.749468e-03 1.180867e-03 -2.826022e-03 -9.165754e-03 2.645404e-04 8.310446e-03 -2.964536e-02
<VARIANCE> 39
 1.020493e+02 5.461851e+01 7.159158e+01 7.737615e+01 7.976550e+01 6.706561e+01 7.822279e+01 6.420415e+01 5.682072e+01 5.935360e+01 5.792279e+01 7.587226e+01 6.471187e+01 5.743690e+00 3.214433e+00 3.826660e+00 3.779859e+00 5.112802e+00 3.665772e+00 4.058109e+00 4.069902e+00 3.691960e+00 3.548819e+00 3.128076e+00 2.891928e+00 5.457499e+00 7.900711e-01 5.088375e-01 6.377895e-01 6.203205e-01 9.061053e-01 6.582017e-01 7.110651e-01 7.382369e-01 6.908532e-01 6.206783e-01 5.651580e-01 5.021500e-01 9.232304e-01
<GCONST> 1.393192e+02
<TRANSP> 5
 0.000000e+00 1.000000e+00 0.000000e+00 0.000000e+00 0.000000e+00
 0.000000e+00 5.984308e-01 4.015692e-01 0.000000e+00 0.000000e+00
 0.000000e+00 0.000000e+00 5.984273e-01 4.015727e-01 0.000000e+00
 0.000000e+00 0.000000e+00 0.000000e+00 5.984218e-01 4.015782e-01
 0.000000e+00 0.000000e+00 0.000000e+00 0.000000e+00 0.000000e+00
<ENDHMM>
~h "aa"
<BEGINHMM>
<NUMSTATES> 5
<STATE> 2
<MEAN> 39
 -3.220661e+00 -1.039647e+00 -1.575323e+00 5.672004e-01 -4.696941e+00 5.814240e-01 -5.212106e+00 -7.405341e+00 -2.235607e+00 -5.621274e+00 -2.405389e+00 -3.030328e+00 7.271909e+01 -2.818962e-01 9.182207e-02 1.707751e-01 2.068958e-01 2.482477e-01 1.759696e-02 9.336926e-02 1.456531e-01 -5.630869e-02 -2.989142e-03 -2.083568e-02 8.437096e-02 -6.698045e-01 -6.719242e-02 4.622919e-03 -2.937738e-03 -2.876579e-02 -3.090460e-02 -4.659550e-02 -1.648268e-02 2.013414e-02 1.213861e-02 1.827201e-02 2.446608e-02 2.058850e-02 -7.372830e-02
<VARIANCE> 39
 7.732565e+01 3.539505e+01 5.564393e+01 6.622308e+01 9.213181e+01 8.242414e+01 8.191602e+01 6.869015e+01 5.752338e+01 5.218489e+01 5.777613e+01 9.146660e+01 8.980557e+01 4.680188e+00 2.417022e+00 3.442241e+00 3.690029e+00 5.177452e+00 3.788656e+00 3.736233e+00 4.062954e+00 3.958633e+00 3.642440e+00 3.069909e+00 3.068595e+00 5.992590e+00 6.360568e-01 4.220402e-01 5.988333e-01 6.166950e-01 8.521124e-01 6.680926e-01 6.506472e-01 7.106078e-01 7.193998e-01 6.650177e-01 5.596836e-01 5.323249e-01 8.270717e-01
<GCONST> 1.380332e+02
<STATE> 3
<MEAN> 39
 -4.021562e+00 -7.994718e-01 -1.137906e+00 1.064463e+00 -4.100188e+00 5.685420e-01 -4.992512e+00 -7.014898e+00 -2.367140e+00 -5.610211e+00 -2.430051e+00 -2.785989e+00 7.095945e+01 -4.405213e-01 9.675893e-02 1.483721e-01 1.158510e-01 1.498782e-01 -9.826390e-02 5.511593e-02 1.896430e-01 -1.243506e-02 5.457369e-02 4.549627e-02 1.361370e-01 -8.346925e-01 -3.909794e-02 -5.310077e-03 -2.202752e-02 -4.911288e-02 -5.774578e-02 -4.424560e-02 -1.515914e-02 6.666298e-03 2.341436e-02 2.708166e-02 2.254701e-02 1.140713e-02 -3.179048e-02
<VARIANCE> 39
 7.830512e+01 3.420682e+01 5.506812e+01 6.614886e+01 9.629011e+01 8.049789e+01 8.013674e+01 6.694042e+01 5.538363e+01 5.126644e+01 5.701188e+01 8.693357e+01 1.235443e+02 4.811210e+00 2.347802e+00 3.328924e+00 3.695393e+00 5.182465e+00 3.835863e+00 3.687962e+00 4.031785e+00 3.906151e+00 3.634894e+00 3.130723e+00 3.118020e+00 6.145502e+00 6.458203e-01 4.139576e-01 5.828415e-01 6.199262e-01 8.563790e-01 6.714856e-01 6.413682e-01 7.009562e-01 7.093773e-01 6.587950e-01 5.633403e-01 5.295320e-01 8.216287e-01
<GCONST> 1.381038e+02
<STATE> 4
<MEAN> 39
 -5.185113e+00 -5.607517e-01 -7.878238e-01 1.293380e+00 -3.794842e+00 2.738206e-01 -4.860796e+00 -6.531288e+00 -2.356085e+00 -5.429665e+00 -2.274184e+00 -2.408577e+00 6.884636e+01 -5.109060e-01 8.283377e-02 9.141387e-02 -6.282772e-03 3.336916e-03 -1.953820e-01 2.322365e-02 1.962477e-01 5.051796e-02 1.223367e-01 1.020206e-01 1.624874e-01 -8.801245e-01 1.120691e-02 -7.186539e-03 -2.085784e-02 -3.479249e-02 -4.829479e-02 -1.928898e-02 -7.285603e-03 -1.083675e-02 1.754727e-02 1.612733e-02 8.963285e-03 -3.423829e-03 2.612097e-02
<VARIANCE> 39
 8.014220e+01 3.331152e+01 5.394404e+01 6.471230e+01 9.659961e+01 7.582661e+01 7.742603e+01 6.480283e+01 5.265202e+01 5.108712e+01 5.421494e+01 7.888922e+01 1.696329e+02 4.814418e+00 2.295470e+00 3.182716e+00 3.577225e+00 5.042782e+00 3.768982e+00 3.610913e+00 3.911630e+00 3.795659e+00 3.589885e+00 3.159544e+00 3.156783e+00 6.052281e+00 6.499187e-01 4.083480e-01 5.597799e-01 6.042932e-01 8.431819e-01 6.635067e-01 6.312712e-01 6.848089e-01 6.929802e-01 6.478000e-01 5.634798e-01 5.268025e-01 8.230739e-01
<GCONST> 1.376362e+02
<TRANSP> 5
 0.000000e+00 1.000000e+00 0.000000e+00 0.000000e+00 0.000000e+00
 0.000000e+00 5.951247e-01 4.048753e-01 0.000000e+00 0.000000e+00
 0.000000e+00 0.000000e+00 5.951239e-01 4.048760e-01 0.000000e+00
 0.000000e+00 0.000000e+00 0.000000e+00 5.951208e-01 4.048793e-01
 0.000000e+00 0.000000e+00 0.000000e+00 0.000000e+00 0.000000e+00
<ENDHMM>
~h "dZ"
<BEGINHMM>
<NUMSTATES> 5
<STATE> 2
<MEAN> 39
 -3.811854e+00 -1.568902e+00 1.696244e+00 1.369419e+00 -4.280703e+00 -4.784460e-01 -7.751712e+00 -9.654022e+00 -4.005161e+00 -4.807757e+00 -1.155863e+00 -3.173349e+00 7.676018e+01 1.180359e-01 6.975556e-02 1.196874e-02 -5.022578e-02 -1.110425e-01 1.257340e-01 1.189020e-01 -7.910102e-02 -1.200551e-01 -1.302780e-01 -4.394405e-02 -1.691518e-02 1.541277e-01 -3.532224e-02 3.313547e-02 2.064674e-02 1.175219e-02 3.879540e-02 7.767479e-03 3.341792e-02 1.771228e-02 7.189093e-04 -4.168075e-03 -1.463647e-02 1.736654e-02 -8.918540e-02
<VARIANCE> 39
 7.161104e+01 3.705650e+01 8.796549e+01 8.496529e+01 9.569872e+01 6.900291e+01 7.941640e+01 6.094795e+01 5.648893e+01 5.643592e+01 5.489118e+01 5.664332e+01 4.347125e+01 6.573710e+00 2.962420e+00 5.620180e+00 3.690779e+00 6.905219e+00 4.167068e+00 4.584374e+00 4.407096e+00 4.069637e+00 3.473508e+00 3.304539e+00 2.351022e+00 4.798985e+00 1.072680e+00 5.207452e-01 8.663721e-01 5.468586e-01 1.122192e+00 7.612199e-01 8.144572e-01 7.947600e-01 7.455722e-01 6.239955e-01 5.928895e-01 4.405046e-01 7.876837e-01
<GCONST> 1.400071e+02
<STATE> 3
<MEAN> 39
 -3.544884e+00 -1.288224e+00 1.700987e+00 1.202563e+00 -4.472699e+00 -1.280591e-01 -7.343874e+00 -9.777431e+00 -4.278348e+00 -5.126850e+00 -1.300473e+00 -3.155592e+00 7.684663e+01 5.177018e-02 1.405589e-01 4.742284e-02 -4.121572e-02 -1.166587e-02 1.401737e-01 1.763353e-01 -2.590925e-02 -8.691856e-02 -1.420778e-01 -6.604706e-02 3.040944e-02 -3.903953e-02 -3.813592e-02 2.370804e-02 1.351221e-02 9.188311e-04 4.215224e-02 -3.651128e-03 1.507621e-02 2.367699e-02 1.173051e-02 -4.171398e-03 -8.768283e-03 1.733604e-02 -7.216088e-02
<VARIANCE> 39
 7.355945e+01 3.613660e+01 8.773566e+01 8.626418e+01 9.489613e+01 6.758705e+01 7.838801e+01 6.182237e+01 5.957780e+01 5.753179e+01 5.742669e+01 5.645472e+01 3.666417e+01 6.499208e+00 2.705334e+00 5.606100e+00 3.730874e+00 6.848136e+00 4.011267e+00 4.461741e+00 4.451655e+00 4.187394e+00 3.546033e+00 3.317163e+00 2.263191e+00 3.996438e+00 1.043990e+00 4.807533e-01 8.603966e-01 5.541767e-01 1.104099e+00 7.427692e-01 7.985390e-01 8.039038e-01 7.664437e-01 6.401448e-01 5.958439e-01 4.287226e-01 6.927097e-01
<GCONST> 1.393649e+02
<STATE> 4
<MEAN> 39
 -3.422490e+00 -8.822139e-01 1.774987e+00 1.023317e+00 -4.435863e+00 2.377450e-01 -6.874732e+00 -9.740155e+00 -4.394013e+00 -5.496647e+00 -1.467537e+00 -3.019906e+00 7.655376e+01 -2.871842e-02 1.831539e-01 6.496407e-02 -5.564911e-02 6.841847e-02 1.195131e-01 1.757760e-01 3.634309e-02 -2.912591e-02 -1.594622e-01 -7.679258e-02 6.965941e-02 -1.744358e-01 -3.666379e-02 1.539803e-02 -1.386864e-03 -1.293504e-02 2.128758e-02 -1.724265e-02 -9.245109e-03 2.355613e-02 2.331184e-02 -4.999179e-03 -5.423858e-03 1.174120e-02 -4.661419e-02
<VARIANCE> 39
 7.705210e+01 3.611652e+01 8.663094e+01 8.748653e+01 9.549357e+01 6.454823e+01 7.729371e+01 6.336703e+01 6.218371e+01 5.912995e+01 5.957112e+01 5.616541e+01 3.611657e+01 6.479305e+00 2.576687e+00 5.511144e+00 3.785816e+00 6.774262e+00 3.940557e+00 4.340161e+00 4.505512e+00 4.345553e+00 3.654882e+00 3.313765e+00 2.225979e+00 3.550625e+00 1.013289e+00 4.598700e-01 8.518952e-01 5.705022e-01 1.086460e+00 7.388318e-01 7.805349e-01 8.134910e-01 7.901741e-01 6.611009e-01 5.955431e-01 4.264081e-01 6.221616e-01
<GCONST> 1.391645e+02
<TRANSP> 5
 0.000000e+00 1.000000e+00 0.000000e+00 0.000000e+00 0.000000e+00
 0.000000e+00 5.862117e-01 4.137883e-01 0.000000e+00 0.000000e+00
 0.000000e+00 0.000000e+00 5.862120e-01 4.137880e-01 0.000000e+00
 0.000000e+00 0.000000e+00 0.000000e+00 5.862132e-01 4.137868e-01
 0.000000e+00 0.000000e+00 0.000000e+00 0.000000e+00 0.000000e+00
<ENDHMM>
~h "eA"
<BEGINHMM>
<NUMSTATES> 5
<STATE> 2
<MEAN> 39
 -4.668315e+00 -3.125242e+00 -9.686065e-01 8.895011e-01 -6.859947e+00 -3.563060e+00 -7.710126e+00 -6.339530e+00 -1.337693e+00 -4.523732e+00 -3.133354e+00 -3.570773e+00 7.702138e+01 1.671253e-02 3.482741e-02 -7.568630e-03 -4.508767e-02 -1.983697e-02 8.674276e-03 -5.297439e-03 -4.641426e-02 -2.819822e-02 -2.385554e-02 -6.723236e-03 3.518043e-03 1.323768e-01 -1.367299e-02 1.514051e-02 -4.642923e-04 -1.491750e-03 5.588238e-03 3.865196e-03 7.515071e-03 2.247334e-03 -4.294333e-03 -7.443280e-03 1.605049e-03 7.683356e-03 -2.978091e-02
<VARIANCE> 39
 8.941660e+01 5.195251e+01 7.599044e+01 5.995976e+01 8.572089e+01 6.257559e+01 8.010500e+01 7.170782e+01 5.886013e+01 6.456287e+01 5.710995e+01 6.651306e+01 7.152373e+01 5.241672e+00 3.206958e+00 4.336758e+00 3.243986e+00 4.935380e+00 3.617068e+00 4.244129e+00 4.438553e+00 3.860028e+00 3.589261e+00 3.074595e+00 2.826400e+00 5.451609e+00 7.414302e-01 5.023596e-01 6.765851e-01 5.298122e-01 8.893417e-01 6.634162e-01 7.396140e-01 8.042700e-01 7.303426e-01 6.255135e-01 5.565640e-01 4.838669e-01 8.461537e-01
<GCONST> 1.389913e+02
<STATE> 3
<MEAN> 39
 -4.688127e+00 -2.948728e+00 -9.654169e-01 7.970108e-01 -6.863773e+00 -3.511482e+00 -7.699074e+00 -6.469118e+00 -1.426894e+00 -4.608197e+00 -3.121658e+00 -3.512095e+00 7.718393e+01 -2.178375e-02 8.897265e-02 1.183947e-02 -3.384453e-02 4.371536e-03 1.975682e-02 1.363306e-02 -4.583151e-02 -4.448294e-02 -4.939891e-02 2.876942e-03 3.332764e-02 3.963894e-02 -1.461846e-02 2.016252e-02 6.101631e-03 3.847852e-03 1.106112e-02 6.397442e-03 8.981685e-03 1.957785e-03 -6.112956e-03 -9.072096e-03 3.297624e-03 1.107796e-02 -3.673050e-02
<VARIANCE> 39
 9.233193e+01 5.220829e+01 7.520054e+01 6.067312e+01 8.621590e+01 6.318702e+01 8.026836e+01 7.133925e+01 5.822073e+01 6.513503e+01 5.771684e+01 6.612558e+01 6.303567e+01 5.446237e+00 3.202731e+00 4.315591e+00 3.270703e+00 4.964191e+00 3.639941e+00 4.291710e+00 4.472448e+00 3.886566e+00 3.611733e+00 3.120923e+00 2.843945e+00 5.174409e+00 7.630621e-01 5.057769e-01 6.810700e-01 5.370520e-01 8.923615e-01 6.685839e-01 7.450492e-01 8.150905e-01 7.369874e-01 6.282243e-01 5.636693e-01 4.877138e-01 8.279186e-01
<GCONST> 1.390713e+02
<STATE> 4
<MEAN> 39
 -4.816307e+00 -2.609335e+00 -8.652761e-01 7.634739e-01 -6.794806e+00 -3.435931e+00 -7.640432e+00 -6.606318e+00 -1.564597e+00 -4.769800e+00 -3.072985e+00 -3.357369e+00 7.709295e+01 -6.250305e-02 1.468702e-01 4.429418e-02 -1.373960e-02 3.547394e-02 3.412493e-02 3.570471e-02 -4.409599e-02 -6.217642e-02 -7.521689e-02 1.549596e-02 6.769910e-02 -5.682148e-02 -1.625669e-02 2.057511e-02 1.127522e-02 7.480593e-03 1.436434e-02 8.007628e-03 9.515612e-03 1.709248e-03 -6.344038e-03 -7.843637e-03 4.845229e-03 1.198951e-02 -3.795652e-02
<VARIANCE> 39
 9.692986e+01 5.259903e+01 7.433828e+01 6.189764e+01 8.725867e+01 6.404391e+01 8.064655e+01 7.088090e+01 5.778814e+01 6.551260e+01 5.812090e+01 6.566765e+01 5.897765e+01 5.716156e+00 3.175725e+00 4.279081e+00 3.328817e+00 5.024320e+00 3.680776e+00 4.359524e+00 4.504632e+00 3.913836e+00 3.642965e+00 3.165564e+00 2.854913e+00 4.862091e+00 7.928162e-01 5.102345e-01 6.866052e-01 5.503169e-01 8.984348e-01 6.758407e-01 7.536781e-01 8.238598e-01 7.445760e-01 6.348504e-01 5.722188e-01 4.931956e-01 8.086876e-01
<GCONST> 1.393006e+02
<TRANSP> 5
 0.000000e+00 1.000000e+00 0.000000e+00 0.000000e+00 0.000000e+00
 0.000000e+00 6.014312e-01 3.985688e-01 0.000000e+00 0.000000e+00
 0.000000e+00 0.000000e+00 6.014305e-01 3.985695e-01 0.000000e+00
 0.000000e+00 0.000000e+00 0.000000e+00 6.014319e-01 3.985681e-01
 0.000000e+00 0.000000e+00 0.000000e+00 0.000000e+00 0.000000e+00
<ENDHMM>
~h "eE"
<BEGINHMM>
<NUMSTATES> 5
<STATE> 2
<MEAN> 39
 -7.218422e+00 5.724531e-01 3.974701e+00 4.793166e+00 -9.361252e+00 -7.390535e+00 -8.473660e+00 -8.082907e+00 -3.025826e+00 -7.642365e+00 -1.597270e+00 -1.653127e+00 7.602185e+01 -8.222819e-02 1.910838e-02 -6.481219e-02 -8.937040e-02 8.314539e-02 8.051603e-02 7.603858e-02 1.698975e-02 -7.960971e-03 8.500056e-03 -7.282348e-03 1.465129e-02 -6.986663e-02 -4.587981e-03 -3.898281e-03 -1.644624e-02 -2.232158e-02 5.322742e-03 1.568598e-02 8.145601e-03 3.633945e-03 9.306798e-04 8.139248e-03 4.772420e-03 5.466681e-03 -3.162188e-02
<VARIANCE> 39
 9.677335e+01 4.050478e+01 6.965124e+01 7.067455e+01 1.456166e+02 7.716618e+01 7.727966e+01 6.615009e+01 6.998610e+01 5.285625e+01 5.179958e+01 4.846851e+01 6.252578e+01 4.890329e+00 2.397967e+00 3.070320e+00 3.191917e+00 5.971386e+00 4.238376e+00 4.028845e+00 4.059064e+00 3.687206e+00 3.277327e+00 2.932649e+00 2.408405e+00 4.571372e+00 6.761657e-01 4.189229e-01 5.339310e-01 4.988746e-01 8.838848e-01 6.881338e-01 7.001669e-01 7.185531e-01 6.666508e-01 5.912556e-01 5.302453e-01 4.400924e-01 7.107035e-01
<GCONST> 1.367390e+02
<STATE> 3
<MEAN> 39
 -7.406285e+00 6.067955e-01 3.731769e+00 4.509184e+00 -9.108154e+00 -7.089002e+00 -8.247435e+00 -8.005392e+00 -3.047467e+00 -7.585605e+00 -1.601599e+00 -1.598780e+00 7.574240e+01 -8.802459e-02 1.441650e-02 -1.047185e-01 -1.401938e-01 1.068853e-01 1.250270e-01 9.286921e-02 2.954090e-02 -7.869668e-03 3.153512e-02 1.982276e-03 2.211681e-02 -1.562066e-01 3.425454e-03 -4.017457e-03 -1.219273e-02 -1.659270e-02 1.192727e-03 1.029325e-02 4.118037e-03 4.269788e-03 -8.971382e-04 8.926420e-03 4.010871e-03 2.634004e-03 -2.897337e-02
<VARIANCE> 39
 1.014990e+02 4.055409e+01 6.904364e+01 7.264757e+01 1.444214e+02 7.906812e+01 7.778746e+01 6.683398e+01 7.058762e+01 5.385043e+01 5.191353e+01 4.915701e+01 6.785702e+01 4.918494e+00 2.357298e+00 3.055776e+00 3.262493e+00 5.866640e+00 4.203020e+00 3.987477e+00 4.056419e+00 3.698884e+00 3.321259e+00 2.952077e+00 2.437038e+00 4.553779e+00 6.741256e-01 4.107239e-01 5.343623e-01 5.129938e-01 8.745686e-01 6.840847e-01 6.949579e-01 7.181725e-01 6.698941e-01 5.975926e-01 5.352848e-01 4.451469e-01 6.991308e-01
<GCONST> 1.369661e+02
<STATE> 4
<MEAN> 39
 -7.602483e+00 6.412655e-01 3.398312e+00 4.119102e+00 -8.760627e+00 -6.665934e+00 -7.978675e+00 -7.876776e+00 -3.070442e+00 -7.466790e+00 -1.597976e+00 -1.545396e+00 7.521642e+01 -7.669533e-02 8.267570e-03 -1.274263e-01 -1.702884e-01 1.208050e-01 1.521042e-01 1.038040e-01 4.730137e-02 -1.024581e-02 5.379133e-02 7.357213e-03 2.207876e-02 -2.356003e-01 1.025743e-02 -3.233292e-03 -4.170861e-03 -4.782865e-03 2.763395e-03 6.764672e-03 3.853971e-03 7.802112e-03 -1.573287e-03 6.309713e-03 1.479200e-03 -4.418851e-04 -2.519146e-02
<VARIANCE> 39
 1.053859e+02 4.068618e+01 6.832338e+01 7.449506e+01 1.414913e+02 8.088847e+01 7.858532e+01 6.708097e+01 7.063270e+01 5.506846e+01 5.151672e+01 4.991844e+01 7.995035e+01 4.993165e+00 2.351070e+00 3.048051e+00 3.351521e+00 5.744804e+00 4.135505e+00 3.975401e+00 4.062734e+00 3.718047e+00 3.378046e+00 2.973643e+00 2.475052e+00 4.568797e+00 6.773117e-01 4.081366e-01 5.353332e-01 5.306385e-01 8.655249e-01 6.788079e-01 6.927112e-01 7.181668e-01 6.742766e-01 6.058291e-01 5.401174e-01 4.513028e-01 6.985256e-01
<GCONST> 1.373335e+02
<TRANSP> 5
 0.000000e+00 1.000000e+00 0.000000e+00 0.000000e+00 0.000000e+00
 0.000000e+00 6.286731e-01 3.713269e-01 0.000000e+00 0.000000e+00
 0.000000e+00 0.000000e+00 6.286737e-01 3.713264e-01 0.000000e+00
 0.000000e+00 0.000000e+00 0.000000e+00 6.286713e-01 3.713288e-01
 0.000000e+00 0.000000e+00 0.000000e+00 0.000000e+00 0.000000e+00
<ENDHMM>
~h "dz"
<BEGINHMM>
<NUMSTATES> 5
<STATE> 2
<MEAN> 39
 -8.972053e+00 4.869886e+00 -1.454993e-01 -2.600781e+00 -2.875710e+00 1.889380e+00 -8.486547e+00 -8.052570e+00 -4.960863e+00 -4.111687e+00 3.567843e+00 -3.949552e+00 7.610707e+01 -8.277255e-01 4.365337e-01 8.169475e-02 1.069621e-01 5.385398e-01 -8.662677e-02 -1.408699e-02 1.582429e-01 6.051624e-02 -1.962339e-02 -2.059525e-01 -1.012721e-01 7.947906e-04 -1.372703e-01 5.785094e-02 5.335535e-02 3.144851e-02 9.390654e-02 5.924843e-03 7.473680e-02 7.785428e-02 3.320057e-02 -6.973213e-04 -7.917564e-02 6.426527e-02 -1.749846e-01
<VARIANCE> 39
 1.397743e+02 7.016690e+01 4.019042e+01 5.082316e+01 8.577263e+01 5.617402e+01 7.327723e+01 5.539343e+01 3.915041e+01 3.820987e+01 5.528186e+01 5.591439e+01 4.481420e+01 1.109511e+01 5.097777e+00 2.335376e+00 4.130708e+00 6.267787e+00 4.023065e+00 4.307284e+00 3.812443e+00 2.895281e+00 2.734056e+00 3.072307e+00 2.242372e+00 5.468801e+00 1.474800e+00 7.631901e-01 3.644962e-01 6.694401e-01 8.307086e-01 7.321461e-01 7.355119e-01 6.447582e-01 5.332534e-01 5.006158e-01 4.398303e-01 3.683633e-01 7.829150e-01
<GCONST> 1.365331e+02
<STATE> 3
<MEAN> 39
 -1.126052e+01 6.084098e+00 3.205667e-01 -2.229847e+00 -1.383270e+00 1.714981e+00 -8.207631e+00 -7.361862e+00 -4.690710e+00 -4.161765e+00 2.742234e+00 -3.921171e+00 7.546187e+01 -1.028827e+00 4.765919e-01 1.872044e-01 9.623530e-02 6.558531e-01 -8.984881e-02 1.658287e-01 3.290710e-01 1.505790e-01 -1.686623e-02 -3.858702e-01 6.258144e-02 -3.203647e-01 -2.452269e-02 -2.701487e-03 3.681796e-02 -1.781765e-02 1.136767e-02 -2.379910e-03 6.144080e-02 4.192389e-02 1.825340e-02 -7.111896e-03 -5.594064e-02 6.039526e-02 -1.011022e-01
<VARIANCE> 39
 1.686432e+02 6.702174e+01 3.873930e+01 5.446368e+01 8.361971e+01 5.564124e+01 7.202625e+01 5.640482e+01 4.451834e+01 3.973431e+01 5.608761e+01 5.168978e+01 3.560352e+01 1.100554e+01 4.789655e+00 2.209876e+00 4.160669e+00 5.505690e+00 3.822067e+00 4.452945e+00 3.289121e+00 2.990789e+00 2.575814e+00 2.804498e+00 1.840022e+00 4.123380e+00 1.469415e+00 7.562081e-01 3.608828e-01 7.018973e-01 7.419637e-01 6.835082e-01 8.173934e-01 5.936312e-01 5.345819e-01 4.728348e-01 4.204738e-01 3.063126e-01 7.386674e-01
<GCONST> 1.350579e+02
<STATE> 4
<MEAN> 39
 -1.366624e+01 7.125379e+00 9.296840e-01 -2.120582e+00 9.124994e-02 1.447546e+00 -7.566628e+00 -6.373237e+00 -4.198800e+00 -4.195518e+00 1.568122e+00 -3.554397e+00 7.434734e+01 -9.389383e-01 3.733324e-01 2.334245e-01 -2.381141e-02 5.675319e-01 -1.254447e-01 2.798234e-01 3.766880e-01 1.920915e-01 -3.222747e-02 -4.792923e-01 1.781158e-01 -4.541181e-01 1.026312e-01 -5.523376e-02 1.806338e-02 -4.704800e-02 -7.016605e-02 -9.479251e-03 3.382667e-02 -7.526906e-03 -4.718708e-04 -1.619147e-02 -1.907871e-02 3.675728e-02 -4.215346e-02
<VARIANCE> 39
 1.926689e+02 5.973749e+01 3.818966e+01 5.708133e+01 7.603856e+01 5.733704e+01 7.023821e+01 5.714602e+01 5.068150e+01 4.257379e+01 5.533507e+01 4.671653e+01 3.331853e+01 1.089786e+01 4.358223e+00 2.129617e+00 4.180978e+00 4.865391e+00 3.546711e+00 4.496305e+00 2.966376e+00 3.105850e+00 2.499768e+00 2.606339e+00 1.553026e+00 3.660633e+00 1.414732e+00 7.205423e-01 3.674656e-01 7.353492e-01 6.352621e-01 6.250875e-01 8.755113e-01 5.659043e-01 5.460041e-01 4.638134e-01 4.175495e-01 2.668923e-01 7.570651e-01
<GCONST> 1.339032e+02
<TRANSP> 5
 0.000000e+00 1.000000e+00 0.000000e+00 0.000000e+00 0.000000e+00
 0.000000e+00 6.102880e-01 3.897119e-01 0.000000e+00 0.000000e+00
 0.000000e+00 0.000000e+00 6.102883e-01 3.897117e-01 0.000000e+00
 0.000000e+00 0.000000e+00 0.000000e+00 6.102891e-01 3.897110e-01
 0.000000e+00 0.000000e+00 0.000000e+00 0.000000e+00 0.000000e+00
<ENDHMM>
~h "ea"
<BEGINHMM>
<NUMSTATES> 5
<STATE> 2
<MEAN> 39
 -5.751964e+00 -8.235058e-01 -3.262889e-02 2.247746e+00 -5.717169e+00 -3.140435e+00 -6.540858e+00 -6.487746e+00 -1.638474e+00 -5.373751e+00 -2.831208e+00 -3.006018e+00 7.437151e+01 -2.595091e-01 1.244466e-01 2.276235e-02 -6.028443e-03 3.415968e-01 2.196924e-01 1.461120e-01 5.980951e-02 -8.781889e-02 1.169983e-02 5.450064e-02 9.319997e-02 -5.513086e-01 -3.656829e-02 7.517266e-03 8.667866e-03 -1.868661e-02 -2.834774e-02 -2.620207e-02 -1.376440e-02 9.230658e-03 5.864399e-03 3.528466e-03 1.687106e-02 2.039692e-02 -5.493552e-02
<VARIANCE> 39
 1.072685e+02 4.081648e+01 5.706514e+01 6.164410e+01 1.057366e+02 7.913952e+01 7.790815e+01 6.918517e+01 5.801408e+01 5.454833e+01 5.732249e+01 6.988329e+01 7.251746e+01 6.271317e+00 2.790124e+00 3.495137e+00 3.424570e+00 5.373345e+00 4.009406e+00 4.106284e+00 4.320544e+00 3.878040e+00 3.533883e+00 3.133965e+00 2.929400e+00 5.136155e+00 8.712519e-01 4.824215e-01 6.121731e-01 5.831435e-01 8.701766e-01 6.864181e-01 7.028751e-01 7.668853e-01 7.126459e-01 6.468604e-01 5.762623e-01 5.048219e-01 7.566032e-01
<GCONST> 1.389342e+02
<STATE> 3
<MEAN> 39
 -6.435194e+00 -4.987029e-01 4.584539e-02 2.210673e+00 -4.890359e+00 -2.611858e+00 -6.180883e+00 -6.338805e+00 -1.853779e+00 -5.351069e+00 -2.682441e+00 -2.744289e+00 7.293476e+01 -3.402149e-01 1.325122e-01 3.330917e-02 -6.213206e-02 2.495769e-01 1.460664e-01 1.116259e-01 8.289448e-02 -6.101265e-02 3.041480e-02 9.580109e-02 1.420047e-01 -6.704235e-01 -1.377118e-02 -6.490955e-03 -5.740615e-03 -2.702162e-02 -5.357428e-02 -3.626135e-02 -1.481843e-02 5.281306e-03 1.729066e-02 1.338687e-02 1.045538e-02 1.085252e-02 -2.643979e-02
<VARIANCE> 39
 1.124754e+02 4.036306e+01 5.576592e+01 6.307923e+01 1.064669e+02 7.952425e+01 7.755943e+01 6.607495e+01 5.621141e+01 5.336971e+01 5.684223e+01 6.952068e+01 9.843826e+01 6.451277e+00 2.759869e+00 3.443947e+00 3.514616e+00 5.406390e+00 3.990276e+00 4.072924e+00 4.231974e+00 3.850061e+00 3.557501e+00 3.195976e+00 2.988922e+00 5.446777e+00 8.862054e-01 4.822687e-01 6.125689e-01 6.009677e-01 8.779249e-01 6.860897e-01 6.980363e-01 7.524981e-01 7.102314e-01 6.501802e-01 5.828232e-01 5.126248e-01 7.805427e-01
<GCONST> 1.393586e+02
<STATE> 4
<MEAN> 39
 -7.289386e+00 -1.800726e-01 1.250086e-01 2.014126e+00 -4.341433e+00 -2.284553e+00 -5.906505e+00 -6.133954e+00 -1.973353e+00 -5.257264e+00 -2.429304e+00 -2.365474e+00 7.124849e+01 -3.541351e-01 1.086291e-01 1.400432e-02 -1.274003e-01 1.079907e-01 5.686070e-02 7.785035e-02 9.132951e-02 -1.299765e-02 6.806583e-02 1.202584e-01 1.639957e-01 -7.113712e-01 2.264701e-02 -1.435982e-02 -8.918285e-03 -1.424865e-02 -5.171797e-02 -2.783716e-02 -9.596495e-03 -5.462379e-03 1.477470e-02 1.123138e-02 -1.064415e-03 -4.363767e-03 1.125292e-02
<VARIANCE> 39
 1.149222e+02 3.982670e+01 5.466836e+01 6.393570e+01 1.046058e+02 7.734727e+01 7.643709e+01 6.349895e+01 5.426629e+01 5.255948e+01 5.459112e+01 6.639088e+01 1.339387e+02 6.512592e+00 2.733263e+00 3.376105e+00 3.535622e+00 5.342402e+00 3.898682e+00 4.028182e+00 4.116287e+00 3.791257e+00 3.562344e+00 3.232567e+00 3.025690e+00 5.595981e+00 8.869619e-01 4.819637e-01 6.061211e-01 6.066321e-01 8.747440e-01 6.769693e-01 6.938739e-01 7.385232e-01 7.028340e-01 6.491950e-01 5.835871e-01 5.143532e-01 8.083273e-01
<GCONST> 1.393651e+02
<TRANSP> 5
 0.000000e+00 1.000000e+00 0.000000e+00 0.000000e+00 0.000000e+00
 0.000000e+00 5.934914e-01 4.065085e-01 0.000000e+00 0.000000e+00
 0.000000e+00 0.000000e+00 5.934907e-01 4.065094e-01 0.000000e+00
 0.000000e+00 0.000000e+00 0.000000e+00 5.934920e-01 4.065080e-01
 0.000000e+00 0.000000e+00 0.000000e+00 0.000000e+00 0.000000e+00
<ENDHMM>
~h "ee"
<BEGINHMM>
<NUMSTATES> 5
<STATE> 2
<MEAN> 39
 -6.981177e+00 1.032858e+00 2.856328e+00 4.390528e+00 -7.629122e+00 -5.826460e+00 -7.745461e+00 -7.346009e+00 -2.857072e+00 -7.681388e+00 -2.005152e+00 -1.711056e+00 7.476010e+01 -1.218957e-01 7.828689e-03 -7.944526e-02 -1.085826e-01 1.526366e-01 1.507739e-01 8.318715e-02 3.225287e-02 1.712176e-02 5.344816e-02 1.374143e-02 5.140997e-03 -1.535303e-01 -9.196568e-03 -7.888568e-03 -1.395343e-02 -2.379084e-02 -8.934977e-04 1.028280e-02 1.667366e-03 3.563408e-05 5.789415e-03 1.366843e-02 7.467688e-03 3.472610e-03 -3.225432e-02
<VARIANCE> 39
 1.078926e+02 4.099956e+01 6.406886e+01 6.913372e+01 1.247569e+02 7.786842e+01 8.072196e+01 6.415261e+01 6.731127e+01 5.709369e+01 5.255341e+01 4.979648e+01 6.236098e+01 6.029025e+00 2.765766e+00 3.526682e+00 3.564076e+00 6.675126e+00 4.484977e+00 4.506970e+00 4.200623e+00 3.945330e+00 3.767432e+00 3.165784e+00 2.620701e+00 5.132502e+00 8.380804e-01 4.969436e-01 6.282238e-01 5.887325e-01 1.059733e+00 7.671625e-01 7.814492e-01 7.580522e-01 7.400267e-01 6.864246e-01 5.823248e-01 4.855390e-01 8.293379e-01
<GCONST> 1.398649e+02
<STATE> 3
<MEAN> 39
 -7.300422e+00 1.033532e+00 2.616021e+00 4.052357e+00 -7.226642e+00 -5.396007e+00 -7.512261e+00 -7.257535e+00 -2.801956e+00 -7.513209e+00 -1.963041e+00 -1.697191e+00 7.430344e+01 -1.350293e-01 -9.712902e-03 -1.120145e-01 -1.656642e-01 1.451747e-01 1.706607e-01 8.435357e-02 3.202326e-02 3.096942e-02 8.771991e-02 3.155151e-02 1.497436e-02 -2.332365e-01 4.100991e-03 -6.452670e-03 -9.403177e-03 -1.647917e-02 -1.242724e-02 -7.478561e-05 -1.766503e-03 -1.217701e-03 3.679260e-03 1.188925e-02 5.529348e-03 4.720708e-03 -2.662869e-02
<VARIANCE> 39
 1.137222e+02 4.075756e+01 6.394970e+01 7.094840e+01 1.236758e+02 7.944636e+01 8.159827e+01 6.470671e+01 6.663912e+01 5.690637e+01 5.239410e+01 5.094402e+01 7.276575e+01 6.083209e+00 2.726559e+00 3.517048e+00 3.607293e+00 6.540102e+00 4.413817e+00 4.446794e+00 4.172010e+00 3.953863e+00 3.769032e+00 3.180648e+00 2.629242e+00 5.200295e+00 8.380239e-01 4.886171e-01 6.267661e-01 5.949163e-01 1.041871e+00 7.572610e-01 7.729853e-01 7.523910e-01 7.384197e-01 6.833346e-01 5.828549e-01 4.851404e-01 8.264443e-01
<GCONST> 1.400308e+02
<STATE> 4
<MEAN> 39
 -7.628824e+00 9.955049e-01 2.304186e+00 3.583625e+00 -6.855125e+00 -4.934100e+00 -7.283968e+00 -7.170367e+00 -2.713026e+00 -7.259968e+00 -1.879247e+00 -1.654538e+00 7.365550e+01 -1.132364e-01 -2.230147e-02 -1.291428e-01 -1.973334e-01 1.124961e-01 1.648874e-01 7.804730e-02 2.898953e-02 3.792282e-02 1.140440e-01 4.246816e-02 2.743791e-02 -2.935999e-01 1.927822e-02 -2.486121e-03 -8.432789e-04 -1.231998e-03 -1.396701e-02 -4.816420e-03 -1.882086e-03 -8.192314e-04 -1.607113e-03 4.104526e-03 3.577123e-05 3.307828e-03 -1.683345e-02
<VARIANCE> 39
 1.180407e+02 4.062302e+01 6.361775e+01 7.229969e+01 1.209621e+02 8.002904e+01 8.235582e+01 6.522222e+01 6.539711e+01 5.694532e+01 5.182386e+01 5.207753e+01 9.055522e+01 6.107808e+00 2.704928e+00 3.495479e+00 3.638915e+00 6.325041e+00 4.305211e+00 4.389080e+00 4.151793e+00 3.960024e+00 3.769699e+00 3.179894e+00 2.640704e+00 5.234523e+00 8.334708e-01 4.836166e-01 6.234089e-01 5.994378e-01 1.016036e+00 7.433672e-01 7.649128e-01 7.496473e-01 7.359005e-01 6.798691e-01 5.817715e-01 4.848550e-01 8.323244e-01
<GCONST> 1.401520e+02
<TRANSP> 5
 0.000000e+00 1.000000e+00 0.000000e+00 0.000000e+00 0.000000e+00
 0.000000e+00 5.977244e-01 4.022757e-01 0.000000e+00 0.000000e+00
 0.000000e+00 0.000000e+00 5.977257e-01 4.022743e-01 0.000000e+00
 0.000000e+00 0.000000e+00 0.000000e+00 5.977237e-01 4.022763e-01
 0.000000e+00 0.000000e+00 0.000000e+00 0.000000e+00 0.000000e+00
<ENDHMM>
~h "iE"
<BEGINHMM>
<NUMSTATES> 5
<STATE> 2
<MEAN> 39
 -8.018618e+00 6.696555e-01 4.138071e+00 4.036488e+00 -8.457951e+00 -6.154214e+00 -7.652839e+00 -8.195036e+00 -2.865476e+00 -7.553547e+00 -2.196072e+00 -1.738456e+00 7.546305e+01 -3.454471e-02 -3.872138e-02 -1.140106e-01 -1.335710e-01 3.855176e-02 5.951821e-02 -2.505073e-02 1.371828e-02 8.724721e-03 7.581924e-02 2.840456e-02 -3.462530e-03 1.032714e-01 7.345736e-03 -2.837990e-03 -2.879554e-02 -1.685602e-02 8.316018e-03 1.554947e-02 4.476005e-03 1.100766e-02 4.997707e-03 7.222335e-03 6.097977e-03 1.951865e-03 -3.344600e-02
<VARIANCE> 39
 1.011172e+02 4.513722e+01 7.534178e+01 6.849149e+01 1.250882e+02 7.567437e+01 7.987852e+01 6.160670e+01 6.526300e+01 5.750573e+01 4.954457e+01 5.255827e+01 6.057003e+01 5.968448e+00 3.084643e+00 4.244666e+00 3.885752e+00 6.432840e+00 4.480731e+00 4.611967e+00 4.753835e+00 4.094179e+00 3.996626e+00 3.252828e+00 2.810028e+00 5.392532e+00 8.544982e-01 5.460153e-01 7.279193e-01 6.624578e-01 9.760233e-01 7.405423e-01 7.861761e-01 8.700854e-01 7.550767e-01 7.377697e-01 6.028396e-01 5.137411e-01 8.731790e-01
<GCONST> 1.412761e+02
<STATE> 3
<MEAN> 39
 -8.080662e+00 5.737960e-01 3.712253e+00 3.625230e+00 -8.275522e+00 -5.908827e+00 -7.691636e+00 -8.103833e+00 -2.817673e+00 -7.314619e+00 -2.097076e+00 -1.734835e+00 7.556243e+01 -6.717735e-03 -3.596896e-02 -1.681990e-01 -1.632649e-01 6.309728e-02 9.941551e-02 -1.418173e-02 3.262344e-02 1.688148e-02 8.417404e-02 3.749776e-02 1.597818e-03 2.267070e-02 1.462253e-02 6.324573e-04 -1.951090e-02 -8.636079e-03 9.115119e-03 1.447968e-02 4.613964e-03 7.343794e-03 3.627625e-03 2.378640e-03 2.032845e-03 1.193058e-03 -3.144447e-02
<VARIANCE> 39
 1.066962e+02 4.448418e+01 7.457774e+01 6.973814e+01 1.254123e+02 7.764175e+01 7.977805e+01 6.101090e+01 6.498634e+01 5.670188e+01 4.969278e+01 5.307512e+01 5.881078e+01 6.211240e+00 3.068341e+00 4.106936e+00 3.849026e+00 6.463929e+00 4.471353e+00 4.613501e+00 4.666043e+00 4.097346e+00 3.952327e+00 3.255243e+00 2.824298e+00 5.325554e+00 8.871900e-01 5.463126e-01 7.190312e-01 6.633468e-01 9.822549e-01 7.414372e-01 7.889894e-01 8.572838e-01 7.562951e-01 7.309359e-01 6.046588e-01 5.159511e-01 8.870786e-01
<GCONST> 1.413037e+02
<STATE> 4
<MEAN> 39
 -8.063114e+00 5.043918e-01 3.210494e+00 3.170973e+00 -8.030188e+00 -5.569760e+00 -7.702045e+00 -7.988715e+00 -2.762434e+00 -7.078884e+00 -1.993638e+00 -1.719318e+00 7.548176e+01 3.053316e-02 -2.805712e-02 -1.936765e-01 -1.730942e-01 8.754778e-02 1.334335e-01 -1.220970e-03 4.317252e-02 2.101961e-02 8.217050e-02 3.599849e-02 4.203098e-03 -4.707276e-02 1.480491e-02 2.819023e-03 -8.709793e-03 -9.261511e-04 1.176513e-02 1.360903e-02 6.202821e-03 5.164534e-03 1.628271e-03 -8.765599e-04 -1.315774e-03 3.970498e-04 -2.853065e-02
<VARIANCE> 39
 1.114139e+02 4.360851e+01 7.301720e+01 7.099395e+01 1.248271e+02 7.965520e+01 8.008140e+01 6.077032e+01 6.440495e+01 5.614370e+01 4.988265e+01 5.379063e+01 6.062360e+01 6.443006e+00 3.063186e+00 4.014903e+00 3.845345e+00 6.473567e+00 4.459377e+00 4.638978e+00 4.620783e+00 4.113042e+00 3.935380e+00 3.272496e+00 2.840500e+00 5.340761e+00 9.175004e-01 5.486231e-01 7.110658e-01 6.654583e-01 9.881313e-01 7.436152e-01 7.952681e-01 8.497708e-01 7.604886e-01 7.271558e-01 6.084389e-01 5.191000e-01 9.078665e-01
<GCONST> 1.414662e+02
<TRANSP> 5
 0.000000e+00 1.000000e+00 0.000000e+00 0.000000e+00 0.000000e+00
 0.000000e+00 5.994698e-01 4.005303e-01 0.000000e+00 0.000000e+00
 0.000000e+00 0.000000e+00 5.994724e-01 4.005276e-01 0.000000e+00
 0.000000e+00 0.000000e+00 0.000000e+00 5.994707e-01 4.005293e-01
 0.000000e+00 0.000000e+00 0.000000e+00 0.000000e+00 0.000000e+00
<ENDHMM>
~h "iI"
<BEGINHMM>
<NUMSTATES> 5
<STATE> 2
<MEAN> 39
 -1.000889e+01 2.309698e+00 6.815222e+00 5.360908e+00 -7.306282e+00 -6.069420e+00 -5.467650e+00 -9.028174e+00 -4.475267e+00 -9.201619e+00 -2.983686e+00 -1.074212e+00 7.406241e+01 -2.894898e-02 -1.970561e-02 -1.949960e-01 -1.930443e-01 7.102995e-02 9.534278e-02 -9.423536e-03 3.889213e-02 3.317663e-02 1.020962e-01 5.212191e-02 -1.949657e-02 6.563723e-02 1.571814e-02 -5.673508e-03 -2.327740e-02 -1.739449e-02 -2.113325e-03 1.204155e-02 -2.857927e-03 2.436492e-03 8.494397e-03 8.338751e-03 4.990248e-03 -4.094564e-04 -1.197089e-02
<VARIANCE> 39
 1.081087e+02 4.238842e+01 9.350755e+01 8.495481e+01 1.121609e+02 7.117595e+01 7.290896e+01 6.832869e+01 7.043986e+01 6.639347e+01 4.631211e+01 4.424310e+01 5.530252e+01 5.324055e+00 2.800276e+00 4.634727e+00 4.279585e+00 6.455276e+00 4.522666e+00 4.119300e+00 4.792933e+00 4.235536e+00 4.358298e+00 3.076849e+00 2.409113e+00 4.847158e+00 7.209697e-01 5.175889e-01 7.298164e-01 6.652684e-01 1.037237e+00 7.786249e-01 7.377691e-01 8.146704e-01 7.646959e-01 7.347613e-01 5.611604e-01 4.472011e-01 8.427255e-01
<GCONST> 1.406565e+02
<STATE> 3
<MEAN> 39
 -1.003075e+01 2.245295e+00 6.214093e+00 4.816783e+00 -7.106437e+00 -5.780457e+00 -5.506061e+00 -8.900241e+00 -4.359235e+00 -8.905877e+00 -2.831712e+00 -1.121839e+00 7.417332e+01 1.239123e-02 -3.524133e-02 -2.491854e-01 -2.281307e-01 6.656446e-02 1.229323e-01 -1.573499e-02 4.942964e-02 5.525688e-02 1.230169e-01 6.266177e-02 -1.894667e-02 2.818535e-02 1.856450e-02 -5.794395e-03 -1.536905e-02 -6.659587e-03 -2.286762e-03 7.718929e-03 -4.270195e-04 4.102059e-03 7.223306e-03 5.617390e-03 1.557350e-03 7.675466e-04 -1.801764e-02
<VARIANCE> 39
 1.154146e+02 4.283432e+01 9.516911e+01 8.666510e+01 1.114562e+02 7.321847e+01 7.286968e+01 6.856299e+01 7.151662e+01 6.610637e+01 4.751145e+01 4.560002e+01 5.241715e+01 5.466752e+00 2.806429e+00 4.547376e+00 4.242372e+00 6.417796e+00 4.509430e+00 4.155849e+00 4.746138e+00 4.251924e+00 4.314882e+00 3.108510e+00 2.456231e+00 4.795658e+00 7.389204e-01 5.161151e-01 7.292641e-01 6.634831e-01 1.032559e+00 7.776374e-01 7.438180e-01 8.091676e-01 7.670941e-01 7.307680e-01 5.679173e-01 4.534563e-01 8.417558e-01
<GCONST> 1.408480e+02
<STATE> 4
<MEAN> 39
 -9.948695e+00 2.140833e+00 5.499201e+00 4.206984e+00 -6.916726e+00 -5.428769e+00 -5.557099e+00 -8.737179e+00 -4.188564e+00 -8.558553e+00 -2.657782e+00 -1.163131e+00 7.417595e+01 5.731047e-02 -4.970577e-02 -2.778356e-01 -2.351920e-01 6.247624e-02 1.395864e-01 -1.507071e-02 6.356831e-02 7.201244e-02 1.366263e-01 6.468841e-02 -1.586041e-02 -2.178135e-02 1.706091e-02 -5.023601e-03 -6.743676e-03 4.215905e-03 1.194872e-03 4.996275e-03 2.230411e-03 7.697788e-03 4.747380e-03 3.273102e-03 -1.167276e-03 1.236020e-03 -2.472106e-02
<VARIANCE> 39
 1.218100e+02 4.302876e+01 9.502409e+01 8.766707e+01 1.109933e+02 7.528306e+01 7.345547e+01 6.876659e+01 7.204775e+01 6.571393e+01 4.869900e+01 4.728664e+01 5.286716e+01 5.639061e+00 2.817762e+00 4.431280e+00 4.192644e+00 6.356363e+00 4.481292e+00 4.211373e+00 4.695311e+00 4.258887e+00 4.260628e+00 3.138393e+00 2.509430e+00 4.747000e+00 7.585731e-01 5.142730e-01 7.238032e-01 6.592009e-01 1.024874e+00 7.752165e-01 7.512825e-01 8.047290e-01 7.693811e-01 7.266724e-01 5.750147e-01 4.609422e-01 8.384996e-01
<GCONST> 1.410408e+02
<TRANSP> 5
 0.000000e+00 1.000000e+00 0.000000e+00 0.000000e+00 0.000000e+00
 0.000000e+00 5.988358e-01 4.011642e-01 0.000000e+00 0.000000e+00
 0.000000e+00 0.000000e+00 5.988391e-01 4.011609e-01 0.000000e+00
 0.000000e+00 0.000000e+00 0.000000e+00 5.988337e-01 4.011663e-01
 0.000000e+00 0.000000e+00 0.000000e+00 0.000000e+00 0.000000e+00
<ENDHMM>
~h "ie"
<BEGINHMM>
<NUMSTATES> 5
<STATE> 2
<MEAN> 39
 -7.021578e+00 4.919012e-01 3.644991e+00 4.003314e+00 -7.609855e+00 -5.408373e+00 -8.133411e+00 -8.056351e+00 -2.931449e+00 -7.670943e+00 -1.836750e+00 -1.601777e+00 7.493228e+01 5.896121e-02 8.965049e-03 -3.297501e-02 -1.014172e-01 -6.355164e-02 2.646017e-02 4.712032e-03 -7.091545e-02 -3.031175e-02 -3.808361e-02 4.240246e-03 4.584382e-03 1.783007e-01 -1.101281e-03 -2.008599e-03 -2.149024e-02 -2.482438e-02 6.531829e-03 1.602329e-02 1.290378e-02 7.122578e-03 5.240541e-03 1.226963e-02 1.791428e-03 -7.788611e-04 -2.172761e-02
<VARIANCE> 39
 9.785313e+01 4.155523e+01 6.320377e+01 7.843578e+01 1.163271e+02 7.730632e+01 8.198605e+01 6.116761e+01 6.112158e+01 6.230289e+01 5.423103e+01 5.217498e+01 6.587680e+01 6.336741e+00 3.114918e+00 3.941397e+00 4.085577e+00 7.239041e+00 4.723274e+00 4.905215e+00 4.584527e+00 4.358178e+00 4.504908e+00 3.508059e+00 2.900333e+00 6.329509e+00 9.129977e-01 5.781613e-01 7.256036e-01 6.951033e-01 1.154090e+00 8.082683e-01 8.408276e-01 8.416016e-01 8.342523e-01 8.205935e-01 6.474887e-01 5.430143e-01 1.063918e+00
<GCONST> 1.429491e+02
<STATE> 3
<MEAN> 39
 -6.868382e+00 5.133752e-01 3.462590e+00 3.630644e+00 -7.707929e+00 -5.256796e+00 -8.059713e+00 -8.196731e+00 -2.991357e+00 -7.705594e+00 -1.821792e+00 -1.596646e+00 7.525695e+01 5.802899e-02 9.866668e-03 -8.265647e-02 -1.553689e-01 -3.073852e-02 7.209120e-02 3.794443e-02 -5.060402e-02 -1.879601e-02 -6.424578e-03 5.593667e-03 2.275497e-03 1.159761e-01 -1.909433e-03 1.061425e-03 -1.805826e-02 -1.753572e-02 1.592623e-02 1.759364e-02 1.264072e-02 8.959520e-03 4.355110e-03 1.228751e-02 6.274727e-04 -6.957859e-04 -2.761279e-02
<VARIANCE> 39
 9.956792e+01 4.176567e+01 6.413170e+01 8.027315e+01 1.162760e+02 7.911196e+01 8.261414e+01 6.152587e+01 6.199189e+01 6.172017e+01 5.486483e+01 5.419189e+01 5.922844e+01 6.409326e+00 3.101142e+00 3.890634e+00 4.029315e+00 7.186216e+00 4.663833e+00 4.837842e+00 4.532448e+00 4.391105e+00 4.453194e+00 3.501708e+00 2.891774e+00 5.976398e+00 9.165285e-01 5.760534e-01 7.212866e-01 6.912296e-01 1.146474e+00 7.980983e-01 8.294679e-01 8.302040e-01 8.397029e-01 8.106997e-01 6.462107e-01 5.402454e-01 1.027832e+00
<GCONST> 1.427569e+02
<STATE> 4
<MEAN> 39
 -6.720697e+00 5.466150e-01 3.179159e+00 3.158782e+00 -7.701467e+00 -4.990825e+00 -7.907719e+00 -8.285917e+00 -3.027254e+00 -7.667382e+00 -1.812744e+00 -1.596527e+00 7.542283e+01 5.101939e-02 1.522017e-02 -1.177024e-01 -1.838510e-01 1.573014e-02 1.147904e-01 6.684388e-02 -2.857673e-02 -9.938017e-03 2.082677e-02 3.841799e-03 8.685428e-04 4.773415e-02 -4.590096e-03 2.345630e-03 -1.198229e-02 -7.448949e-03 2.066358e-02 1.611707e-02 1.052092e-02 9.492903e-03 2.917707e-03 9.924682e-03 -2.991993e-04 -3.722286e-04 -2.978908e-02
<VARIANCE> 39
 1.020253e+02 4.217794e+01 6.493505e+01 8.163276e+01 1.155075e+02 8.083578e+01 8.346503e+01 6.222056e+01 6.266622e+01 6.130610e+01 5.545407e+01 5.649094e+01 5.570355e+01 6.504634e+00 3.090413e+00 3.838584e+00 4.000436e+00 7.086136e+00 4.592422e+00 4.779438e+00 4.492150e+00 4.414366e+00 4.390524e+00 3.490171e+00 2.883562e+00 5.696924e+00 9.210478e-01 5.735689e-01 7.148964e-01 6.874729e-01 1.133059e+00 7.876034e-01 8.197134e-01 8.198621e-01 8.428606e-01 7.988759e-01 6.442482e-01 5.373341e-01 9.980897e-01
<GCONST> 1.426170e+02
<TRANSP> 5
 0.000000e+00 1.000000e+00 0.000000e+00 0.000000e+00 0.000000e+00
 0.000000e+00 5.980188e-01 4.019812e-01 0.000000e+00 0.000000e+00
 0.000000e+00 0.000000e+00 5.980280e-01 4.019720e-01 0.000000e+00
 0.000000e+00 0.000000e+00 0.000000e+00 5.980212e-01 4.019788e-01
 0.000000e+00 0.000000e+00 0.000000e+00 0.000000e+00 0.000000e+00
<ENDHMM>
~h "ii"
<BEGINHMM>
<NUMSTATES> 5
<STATE> 2
<MEAN> 39
 -7.307887e+00 1.524112e+00 4.186622e+00 4.752253e+00 -7.757056e+00 -5.258251e+00 -6.620949e+00 -8.531787e+00 -3.402820e+00 -8.744288e+00 -2.528350e+00 -1.447656e+00 7.372552e+01 6.490596e-02 -3.929068e-02 -1.075114e-01 -8.174874e-02 2.366469e-02 9.460669e-02 7.100578e-03 1.346767e-02 1.687481e-02 3.202717e-02 1.627725e-02 -2.314059e-02 4.567514e-02 -5.758885e-03 -1.032992e-02 -1.905579e-02 -2.213651e-02 5.860153e-03 5.506511e-03 -6.449698e-03 3.263745e-03 7.193105e-03 1.354273e-02 3.949490e-03 4.310491e-04 -9.768032e-03
<VARIANCE> 39
 9.930884e+01 4.189756e+01 7.844304e+01 8.157816e+01 1.117613e+02 7.534370e+01 7.879008e+01 6.710915e+01 6.987986e+01 6.389865e+01 5.177168e+01 5.049970e+01 7.831059e+01 5.526947e+00 2.800451e+00 4.324153e+00 4.167307e+00 6.424795e+00 4.639901e+00 4.341141e+00 4.873195e+00 4.227462e+00 4.448761e+00 3.212900e+00 2.566201e+00 5.548811e+00 7.709083e-01 5.123960e-01 7.240995e-01 6.712453e-01 1.075500e+00 8.050307e-01 7.685097e-01 8.466610e-01 7.971019e-01 7.770762e-01 5.955738e-01 4.762259e-01 8.999313e-01
<GCONST> 1.417861e+02
<STATE> 3
<MEAN> 39
 -7.149933e+00 1.389302e+00 3.831825e+00 4.467146e+00 -7.656868e+00 -4.987414e+00 -6.613993e+00 -8.467520e+00 -3.340143e+00 -8.611109e+00 -2.482465e+00 -1.511557e+00 7.380112e+01 4.396530e-02 -6.641833e-02 -1.663745e-01 -1.444795e-01 4.907421e-02 1.121662e-01 -5.413163e-03 3.466060e-02 4.137983e-02 8.000870e-02 2.968747e-02 -1.888253e-02 -1.283031e-03 -7.297607e-03 -7.501061e-03 -1.816051e-02 -1.965143e-02 5.817222e-03 2.503259e-03 -4.447305e-03 5.643480e-03 7.978136e-03 1.741789e-02 4.880272e-03 3.549458e-03 -1.949265e-02
<VARIANCE> 39
 1.007257e+02 4.222150e+01 7.887325e+01 8.232996e+01 1.111258e+02 7.680795e+01 7.960291e+01 6.743473e+01 6.956964e+01 6.378195e+01 5.239940e+01 5.243267e+01 7.725098e+01 5.502159e+00 2.787146e+00 4.296834e+00 4.151452e+00 6.360611e+00 4.601103e+00 4.324543e+00 4.817573e+00 4.250773e+00 4.422318e+00 3.229827e+00 2.588902e+00 5.597919e+00 7.626471e-01 5.073439e-01 7.180003e-01 6.661501e-01 1.065373e+00 7.978359e-01 7.658402e-01 8.356857e-01 7.954513e-01 7.686722e-01 5.961939e-01 4.777236e-01 8.936229e-01
<GCONST> 1.417627e+02
<STATE> 4
<MEAN> 39
 -7.058885e+00 1.191397e+00 3.318094e+00 4.017609e+00 -7.476584e+00 -4.664175e+00 -6.626186e+00 -8.324278e+00 -3.202364e+00 -8.332495e+00 -2.393992e+00 -1.556793e+00 7.371194e+01 2.333337e-02 -8.075392e-02 -2.117192e-01 -1.914862e-01 6.880590e-02 1.221703e-01 -1.056046e-02 5.680852e-02 6.380835e-02 1.288035e-01 4.373755e-02 -7.689097e-03 -6.361041e-02 -3.934219e-03 -9.851905e-04 -1.036702e-02 -9.230346e-03 6.299715e-03 2.800472e-03 5.272363e-04 6.428070e-03 4.555113e-03 1.367339e-02 3.104842e-03 4.061051e-03 -2.244292e-02
<VARIANCE> 39
 1.030219e+02 4.241330e+01 7.858111e+01 8.255443e+01 1.094859e+02 7.763354e+01 8.022031e+01 6.788325e+01 6.833256e+01 6.380999e+01 5.286376e+01 5.423798e+01 8.350719e+01 5.494703e+00 2.772150e+00 4.175047e+00 4.100647e+00 6.190205e+00 4.504746e+00 4.298966e+00 4.698997e+00 4.242639e+00 4.335330e+00 3.230690e+00 2.611552e+00 5.444521e+00 7.567047e-01 5.023704e-01 7.042634e-01 6.602520e-01 1.042840e+00 7.852750e-01 7.624581e-01 8.218651e-01 7.912052e-01 7.554473e-01 5.957447e-01 4.792654e-01 8.839335e-01
<GCONST> 1.415991e+02
<TRANSP> 5
 0.000000e+00 1.000000e+00 0.000000e+00 0.000000e+00 0.000000e+00
 0.000000e+00 5.941218e-01 4.058782e-01 0.000000e+00 0.000000e+00
 0.000000e+00 0.000000e+00 5.941191e-01 4.058809e-01 0.000000e+00
 0.000000e+00 0.000000e+00 0.000000e+00 5.941182e-01 4.058818e-01
 0.000000e+00 0.000000e+00 0.000000e+00 0.000000e+00 0.000000e+00
<ENDHMM>
~h "oO"
<BEGINHMM>
<NUMSTATES> 5
<STATE> 2
<MEAN> 39
 -5.916974e+00 1.970491e+00 1.729364e-01 -3.309380e+00 -8.296171e+00 -7.699094e-01 -5.255289e+00 -8.689781e+00 -3.232709e+00 -6.943542e+00 -1.647246e+00 -1.398785e+00 7.492168e+01 -1.098395e-01 -1.522906e-03 -2.562104e-02 8.320269e-03 9.455300e-02 -4.474456e-02 -6.391124e-02 8.855101e-03 9.859696e-03 3.078484e-02 7.288147e-04 -1.632067e-02 1.210108e-01 -1.416996e-03 -2.345690e-03 -5.976440e-03 1.316909e-03 5.557434e-03 2.071926e-03 -2.135350e-03 8.291810e-03 2.037174e-03 2.346792e-03 2.199936e-03 1.079079e-03 -3.110315e-02
<VARIANCE> 39
 1.463434e+02 4.565194e+01 6.510697e+01 1.132808e+02 1.209502e+02 8.200697e+01 9.317333e+01 7.171961e+01 5.972993e+01 5.635801e+01 6.289785e+01 6.216604e+01 5.590497e+01 7.775012e+00 2.869017e+00 3.882175e+00 5.411964e+00 7.244618e+00 4.439885e+00 4.748676e+00 4.743411e+00 4.235255e+00 4.041214e+00 3.591685e+00 2.801780e+00 4.389780e+00 1.001005e+00 5.046034e-01 6.649293e-01 7.800776e-01 1.065757e+00 7.467761e-01 8.453429e-01 8.483493e-01 7.968329e-01 7.298164e-01 6.436515e-01 5.035926e-01 6.974760e-01
<GCONST> 1.432505e+02
<STATE> 3
<MEAN> 39
 -6.243448e+00 1.973996e+00 1.123096e-01 -3.235915e+00 -7.991931e+00 -8.784239e-01 -5.413541e+00 -8.620545e+00 -3.200276e+00 -6.858539e+00 -1.639114e+00 -1.425037e+00 7.508199e+01 -1.184555e-01 -4.737531e-03 -1.872444e-02 3.647370e-02 1.104410e-01 -4.618436e-02 -6.555244e-02 2.681185e-02 1.405978e-02 3.269436e-02 2.145612e-03 -1.231156e-02 3.815109e-02 1.008467e-03 -1.147294e-03 3.515630e-03 1.143036e-02 4.192099e-03 -1.010354e-06 2.082063e-03 6.464565e-03 1.126187e-03 -6.003563e-04 -7.181086e-04 1.178964e-03 -3.453591e-02
<VARIANCE> 39
 1.521820e+02 4.583884e+01 6.401588e+01 1.105440e+02 1.213265e+02 8.106221e+01 9.251105e+01 7.197095e+01 6.009181e+01 5.641121e+01 6.215792e+01 6.183497e+01 5.149050e+01 7.932297e+00 2.889682e+00 3.821785e+00 5.283791e+00 7.196400e+00 4.409297e+00 4.752969e+00 4.748529e+00 4.252939e+00 4.004195e+00 3.569366e+00 2.816357e+00 4.181518e+00 1.024727e+00 5.061308e-01 6.568791e-01 7.667938e-01 1.063306e+00 7.435243e-01 8.428608e-01 8.474168e-01 7.976457e-01 7.218524e-01 6.411177e-01 5.052457e-01 6.831294e-01
<GCONST> 1.430240e+02
<STATE> 4
<MEAN> 39
 -6.599753e+00 1.967132e+00 1.156231e-01 -3.036863e+00 -7.650566e+00 -1.013479e+00 -5.570954e+00 -8.515985e+00 -3.154901e+00 -6.775935e+00 -1.636081e+00 -1.438248e+00 7.504138e+01 -1.184779e-01 -9.298143e-03 5.657940e-03 8.463798e-02 1.211657e-01 -5.420878e-02 -5.827387e-02 3.997594e-02 1.798136e-02 2.887657e-02 -2.472071e-03 -8.485384e-03 -4.464905e-02 2.109658e-03 -1.571118e-03 9.107457e-03 1.979379e-02 5.502494e-03 -1.906428e-03 5.294493e-03 5.649180e-03 1.174971e-03 -2.188697e-03 -2.423193e-03 9.928696e-04 -3.485034e-02
<VARIANCE> 39
 1.555245e+02 4.573091e+01 6.298763e+01 1.075054e+02 1.210387e+02 8.004460e+01 9.153644e+01 7.221600e+01 6.046384e+01 5.684679e+01 6.098006e+01 6.128038e+01 5.245637e+01 8.047026e+00 2.921329e+00 3.774885e+00 5.094332e+00 7.115983e+00 4.371750e+00 4.754250e+00 4.764975e+00 4.265014e+00 3.973402e+00 3.536543e+00 2.819649e+00 4.092500e+00 1.042563e+00 5.095188e-01 6.523455e-01 7.483328e-01 1.059173e+00 7.390919e-01 8.396276e-01 8.470307e-01 7.976142e-01 7.156810e-01 6.374622e-01 5.063825e-01 6.810367e-01
<GCONST> 1.428706e+02
<TRANSP> 5
 0.000000e+00 1.000000e+00 0.000000e+00 0.000000e+00 0.000000e+00
 0.000000e+00 6.010537e-01 3.989463e-01 0.000000e+00 0.000000e+00
 0.000000e+00 0.000000e+00 6.010532e-01 3.989468e-01 0.000000e+00
 0.000000e+00 0.000000e+00 0.000000e+00 6.010542e-01 3.989458e-01
 0.000000e+00 0.000000e+00 0.000000e+00 0.000000e+00 0.000000e+00
<ENDHMM>
~h "oo"
<BEGINHMM>
<NUMSTATES> 5
<STATE> 2
<MEAN> 39
 -4.801591e+00 1.330141e+00 1.472389e-01 -1.384325e+00 -7.341541e+00 -7.872140e-01 -5.825432e+00 -8.427132e+00 -3.105169e+00 -7.186259e+00 -1.692770e+00 -1.324044e+00 7.354438e+01 -6.364504e-02 1.612639e-02 2.354799e-02 4.304744e-02 3.401563e-02 -2.148508e-02 -1.031877e-02 1.708782e-02 2.070212e-02 1.130457e-03 -1.204926e-02 -1.538961e-02 4.418128e-02 -1.441113e-02 -7.377316e-03 1.667169e-03 5.374167e-03 -2.267374e-03 -1.531760e-02 -9.219700e-03 1.867847e-03 3.225799e-03 5.832812e-03 4.562688e-03 -9.556913e-04 -1.674296e-02
<VARIANCE> 39
 1.133751e+02 4.136979e+01 5.917976e+01 8.831442e+01 1.004908e+02 7.990890e+01 9.668767e+01 7.212990e+01 6.053111e+01 5.908807e+01 6.270295e+01 6.502180e+01 8.213805e+01 6.519937e+00 2.839681e+00 3.707125e+00 4.741842e+00 6.680253e+00 4.242884e+00 4.550634e+00 4.694183e+00 4.234113e+00 4.035654e+00 3.656802e+00 2.933968e+00 5.817060e+00 8.792006e-01 5.209603e-01 6.661642e-01 7.676472e-01 1.087951e+00 7.387810e-01 7.971643e-01 8.293694e-01 7.948478e-01 7.282024e-01 6.685488e-01 5.347934e-01 9.054165e-01
<GCONST> 1.428415e+02
<STATE> 3
<MEAN> 39
 -5.026022e+00 1.345905e+00 2.191511e-01 -1.220139e+00 -7.218546e+00 -8.771000e-01 -5.865457e+00 -8.370324e+00 -3.046688e+00 -7.170119e+00 -1.719127e+00 -1.361992e+00 7.358829e+01 -1.145985e-01 -6.654576e-03 2.987393e-02 7.264972e-02 4.702082e-02 -6.022284e-02 -3.137637e-02 2.674158e-02 3.257166e-02 2.456854e-02 3.095014e-03 -1.098660e-02 -2.462722e-02 -1.441099e-02 -8.190379e-03 1.257773e-03 1.010370e-02 1.816382e-03 -1.491807e-02 -7.263737e-03 2.314900e-03 4.200791e-03 8.563875e-03 5.124664e-03 2.603570e-03 -2.798403e-02
<VARIANCE> 39
 1.164558e+02 4.177403e+01 5.928804e+01 8.909861e+01 1.025381e+02 8.047378e+01 9.665125e+01 7.231213e+01 6.080603e+01 5.893368e+01 6.220508e+01 6.450119e+01 7.985843e+01 6.587410e+00 2.858065e+00 3.686313e+00 4.674793e+00 6.666489e+00 4.253998e+00 4.557412e+00 4.696858e+00 4.249915e+00 4.059857e+00 3.657819e+00 2.946862e+00 5.868021e+00 8.815244e-01 5.231867e-01 6.631198e-01 7.589101e-01 1.087817e+00 7.394137e-01 7.982646e-01 8.267657e-01 7.941903e-01 7.294112e-01 6.678872e-01 5.345683e-01 9.017398e-01
<GCONST> 1.428836e+02
<STATE> 4
<MEAN> 39
 -5.401009e+00 1.298135e+00 3.111644e-01 -9.568660e-01 -7.031243e+00 -1.063166e+00 -5.951108e+00 -8.274336e+00 -2.948075e+00 -7.075468e+00 -1.700113e+00 -1.374502e+00 7.341091e+01 -1.538679e-01 -2.734980e-02 3.551438e-02 1.061390e-01 6.243545e-02 -9.484135e-02 -4.478893e-02 3.786740e-02 4.504222e-02 5.043696e-02 1.626738e-02 -7.765172e-04 -1.070773e-01 -6.227924e-03 -5.392116e-03 2.566824e-03 1.371021e-02 5.915754e-03 -9.198410e-03 -1.384390e-03 3.370614e-03 1.992691e-03 5.776737e-03 1.521074e-03 2.868640e-03 -2.822474e-02
<VARIANCE> 39
 1.189566e+02 4.221988e+01 5.964177e+01 8.874494e+01 1.038473e+02 8.015839e+01 9.533823e+01 7.237431e+01 6.047772e+01 5.913355e+01 6.106447e+01 6.346333e+01 8.676172e+01 6.547272e+00 2.870507e+00 3.677264e+00 4.531486e+00 6.518208e+00 4.244013e+00 4.545490e+00 4.675763e+00 4.240155e+00 4.050001e+00 3.623307e+00 2.944386e+00 5.717642e+00 8.766910e-01 5.250931e-01 6.616594e-01 7.405696e-01 1.073157e+00 7.374645e-01 7.971575e-01 8.239279e-01 7.906100e-01 7.284376e-01 6.633728e-01 5.328708e-01 8.966530e-01
<GCONST> 1.427801e+02
<TRANSP> 5
 0.000000e+00 1.000000e+00 0.000000e+00 0.000000e+00 0.000000e+00
 0.000000e+00 5.950538e-01 4.049462e-01 0.000000e+00 0.000000e+00
 0.000000e+00 0.000000e+00 5.950627e-01 4.049372e-01 0.000000e+00
 0.000000e+00 0.000000e+00 0.000000e+00 5.950541e-01 4.049459e-01
 0.000000e+00 0.000000e+00 0.000000e+00 0.000000e+00 0.000000e+00
<ENDHMM>
~h "tS"
<BEGINHMM>
<NUMSTATES> 5
<STATE> 2
<MEAN> 39
 -1.185425e+01 -5.031575e+00 1.543054e+00 2.545817e-01 -3.969132e+00 -2.755037e+00 -6.488242e+00 -7.011774e+00 -2.306677e+00 -2.801371e+00 -9.178135e-01 -2.061237e+00 7.579259e+01 -2.013412e-01 -6.051836e-03 -5.874136e-02 -1.481739e-01 6.280824e-02 1.137271e-01 2.466221e-02 -2.103419e-02 7.284162e-02 1.185844e-01 3.391527e-02 2.439883e-02 5.718394e-02 -8.357540e-03 4.360455e-02 2.407282e-02 1.672400e-02 3.548945e-03 6.510274e-04 2.011226e-02 -2.554801e-03 -1.144356e-02 -2.898642e-02 -7.123664e-03 1.089797e-02 -4.797761e-02
<VARIANCE> 39
 1.778121e+02 6.335933e+01 6.913937e+01 7.213259e+01 8.441061e+01 6.107194e+01 9.232202e+01 5.700854e+01 4.877782e+01 6.391076e+01 4.503400e+01 5.434967e+01 5.394810e+01 1.361396e+01 4.439496e+00 4.807416e+00 4.622111e+00 6.525905e+00 4.504334e+00 6.098789e+00 5.324230e+00 3.684761e+00 4.287247e+00 3.692810e+00 3.439036e+00 6.176261e+00 1.832466e+00 7.494455e-01 7.975757e-01 7.862854e-01 1.142854e+00 8.171709e-01 1.018737e+00 1.006043e+00 7.037935e-01 7.278919e-01 7.176566e-01 6.279451e-01 1.125901e+00
<GCONST> 1.461187e+02
<STATE> 3
<MEAN> 39
 -1.236140e+01 -4.889762e+00 1.482069e+00 -4.826725e-02 -3.793528e+00 -2.474298e+00 -6.345248e+00 -7.075620e+00 -2.179843e+00 -2.613178e+00 -8.349124e-01 -1.963350e+00 7.575591e+01 -1.770523e-01 1.076805e-01 -2.533551e-02 -1.126420e-01 6.756483e-02 1.175766e-01 5.315044e-02 -1.489289e-02 3.924662e-02 3.905505e-02 2.092586e-02 4.470410e-02 -7.201611e-02 1.325007e-02 4.302880e-02 1.418254e-02 1.549378e-02 1.264895e-03 2.856122e-04 7.955124e-03 4.728301e-03 -1.609868e-02 -3.300318e-02 -4.862809e-03 5.243601e-03 -4.984279e-02
<VARIANCE> 39
 1.846232e+02 6.528963e+01 6.886092e+01 7.118780e+01 8.459402e+01 6.165201e+01 9.243150e+01 5.694017e+01 5.004087e+01 6.376254e+01 4.488090e+01 5.427257e+01 5.290713e+01 1.392991e+01 4.556644e+00 4.769097e+00 4.480004e+00 6.490847e+00 4.443266e+00 6.004712e+00 5.224567e+00 3.770451e+00 4.262292e+00 3.642646e+00 3.390668e+00 5.622176e+00 1.829228e+00 7.694178e-01 8.021630e-01 7.593744e-01 1.127357e+00 8.017902e-01 9.958162e-01 9.834791e-01 7.138204e-01 7.189051e-01 7.052420e-01 6.136212e-01 1.013759e+00
<GCONST> 1.458049e+02
<STATE> 4
<MEAN> 39
 -1.268035e+01 -4.459418e+00 1.440150e+00 -2.920790e-01 -3.647846e+00 -2.182072e+00 -6.200297e+00 -7.112932e+00 -2.146250e+00 -2.637396e+00 -7.795385e-01 -1.836793e+00 7.540594e+01 -9.476466e-02 2.132245e-01 -1.333259e-02 -8.496060e-02 5.252689e-02 1.181341e-01 4.680381e-02 -2.752661e-03 -4.022690e-03 -4.867698e-02 9.047307e-03 5.029828e-02 -1.853589e-01 3.727633e-02 3.627411e-02 7.215430e-03 1.348281e-02 -6.507020e-03 -2.495729e-03 -3.780158e-03 3.921227e-03 -1.838447e-02 -3.601826e-02 -4.867583e-03 1.288699e-03 -3.826391e-02
<VARIANCE> 39
 1.881536e+02 6.651355e+01 6.868128e+01 7.096522e+01 8.456880e+01 6.291811e+01 9.219978e+01 5.703419e+01 5.123257e+01 6.401743e+01 4.491899e+01 5.370450e+01 5.781537e+01 1.381020e+01 4.597879e+00 4.715869e+00 4.347514e+00 6.433351e+00 4.387153e+00 5.835178e+00 5.106641e+00 3.872390e+00 4.249943e+00 3.585891e+00 3.315937e+00 5.309855e+00 1.784635e+00 7.829655e-01 8.071167e-01 7.321963e-01 1.102047e+00 7.868719e-01 9.632378e-01 9.521519e-01 7.274831e-01 7.160023e-01 6.911440e-01 5.939302e-01 9.588267e-01
<GCONST> 1.455388e+02
<TRANSP> 5
 0.000000e+00 1.000000e+00 0.000000e+00 0.000000e+00 0.000000e+00
 0.000000e+00 5.972760e-01 4.027240e-01 0.000000e+00 0.000000e+00
 0.000000e+00 0.000000e+00 5.972762e-01 4.027238e-01 0.000000e+00
 0.000000e+00 0.000000e+00 0.000000e+00 5.972776e-01 4.027224e-01
 0.000000e+00 0.000000e+00 0.000000e+00 0.000000e+00 0.000000e+00
<ENDHMM>
~h "uO"
<BEGINHMM>
<NUMSTATES> 5
<STATE> 2
<MEAN> 39
 -6.223372e+00 1.058887e+00 2.102279e-01 -1.533096e+00 -7.378577e+00 -1.591635e+00 -6.068800e+00 -8.657190e+00 -2.843165e+00 -6.673724e+00 -1.694734e+00 -1.351701e+00 7.401905e+01 8.661909e-03 -7.934311e-04 -7.766379e-02 -7.727791e-02 -2.100546e-02 -3.648452e-02 -9.767213e-02 -4.757674e-02 -3.780654e-02 1.772034e-02 2.889456e-03 -5.408257e-02 2.362940e-01 -1.848385e-03 5.802528e-03 -9.750082e-03 -4.012960e-03 3.129289e-03 5.828369e-03 -3.373086e-03 1.422539e-02 1.169184e-03 7.088360e-03 3.605775e-03 -1.955924e-03 -3.841861e-02
<VARIANCE> 39
 1.374882e+02 5.228687e+01 6.378891e+01 9.574261e+01 1.091702e+02 8.080817e+01 1.009380e+02 6.984671e+01 5.804927e+01 5.922538e+01 6.152558e+01 6.735561e+01 6.941091e+01 7.507408e+00 3.675066e+00 4.039920e+00 5.122855e+00 6.954871e+00 4.794573e+00 5.214684e+00 4.951585e+00 4.546045e+00 4.503410e+00 4.120220e+00 3.101089e+00 5.061641e+00 9.667877e-01 6.597688e-01 6.991479e-01 7.843401e-01 1.085065e+00 8.417155e-01 9.174958e-01 8.840933e-01 8.586978e-01 8.214065e-01 7.395167e-01 5.549844e-01 7.838221e-01
<GCONST> 1.453929e+02
<STATE> 3
<MEAN> 39
 -6.267417e+00 1.076874e+00 8.789659e-03 -1.690102e+00 -7.354649e+00 -1.650796e+00 -6.317388e+00 -8.706680e+00 -2.927294e+00 -6.586066e+00 -1.661969e+00 -1.494738e+00 7.443774e+01 -1.235723e-02 1.217681e-02 -7.536504e-02 -6.461678e-02 1.099551e-03 -2.532797e-02 -9.684244e-02 -9.083457e-03 -2.950273e-02 3.690492e-02 1.086864e-02 -5.179184e-02 1.321847e-01 -6.510173e-03 2.829426e-03 1.111202e-03 5.059376e-03 9.159631e-03 5.300594e-03 4.705268e-03 1.519356e-02 4.532129e-03 7.008493e-03 2.244242e-03 1.298748e-03 -4.141459e-02
<VARIANCE> 39
 1.413834e+02 5.155616e+01 6.136475e+01 9.496381e+01 1.097543e+02 7.994614e+01 1.008057e+02 7.008236e+01 5.797311e+01 5.766398e+01 6.117517e+01 6.740762e+01 6.174061e+01 7.708067e+00 3.651212e+00 3.942370e+00 5.037262e+00 6.989898e+00 4.744381e+00 5.237225e+00 4.954210e+00 4.538013e+00 4.419954e+00 4.116884e+00 3.143913e+00 4.817379e+00 9.959165e-01 6.546769e-01 6.855059e-01 7.705724e-01 1.091404e+00 8.357648e-01 9.167686e-01 8.776324e-01 8.548605e-01 8.077925e-01 7.424109e-01 5.620033e-01 7.614407e-01
<GCONST> 1.450689e+02
<STATE> 4
<MEAN> 39
 -6.403873e+00 1.115282e+00 -1.310956e-01 -1.769120e+00 -7.247766e+00 -1.702983e+00 -6.541128e+00 -8.653966e+00 -2.974187e+00 -6.451267e+00 -1.617757e+00 -1.611223e+00 7.459566e+01 -4.377940e-02 1.364364e-02 -5.282884e-02 -3.410493e-02 3.559732e-02 -2.056379e-02 -7.628610e-02 3.093089e-02 -1.214634e-02 5.396979e-02 1.298489e-02 -4.140848e-02 3.115020e-02 -1.177317e-02 -1.905992e-03 8.933921e-03 1.503588e-02 1.736820e-02 4.169229e-03 1.167854e-02 1.489001e-02 6.923338e-03 5.464208e-03 1.999716e-04 3.675660e-03 -3.894579e-02
<VARIANCE> 39
 1.436565e+02 5.003905e+01 5.898233e+01 9.325447e+01 1.101577e+02 7.853599e+01 9.977496e+01 7.071436e+01 5.770050e+01 5.635538e+01 6.040247e+01 6.707231e+01 6.210781e+01 7.887995e+00 3.610545e+00 3.874650e+00 4.908158e+00 6.963396e+00 4.682949e+00 5.223921e+00 4.938587e+00 4.492317e+00 4.326103e+00 4.077075e+00 3.178368e+00 4.684087e+00 1.022037e+00 6.448720e-01 6.771200e-01 7.497204e-01 1.091665e+00 8.255275e-01 9.100143e-01 8.686796e-01 8.455298e-01 7.918305e-01 7.400347e-01 5.682739e-01 7.575814e-01
<GCONST> 1.447431e+02
<TRANSP> 5
 0.000000e+00 1.000000e+00 0.000000e+00 0.000000e+00 0.000000e+00
 0.000000e+00 6.002356e-01 3.997644e-01 0.000000e+00 0.000000e+00
 0.000000e+00 0.000000e+00 6.002335e-01 3.997665e-01 0.000000e+00
 0.000000e+00 0.000000e+00 0.000000e+00 6.002353e-01 3.997646e-01
 0.000000e+00 0.000000e+00 0.000000e+00 0.000000e+00 0.000000e+00
<ENDHMM>
~h "ts"
<BEGINHMM>
<NUMSTATES> 5
<STATE> 2
<MEAN> 39
 -1.242598e+01 1.669524e+00 -2.123574e+00 -2.890627e+00 -3.570725e+00 -3.714783e-01 -6.335831e+00 -6.087266e+00 -2.205733e+00 -3.602038e+00 -4.556723e-01 -2.024015e+00 7.425225e+01 -9.425237e-02 4.617371e-02 2.570288e-02 -9.459955e-02 -1.740118e-02 6.712684e-02 6.348076e-02 3.287357e-04 3.087316e-03 -2.898822e-02 -6.313735e-03 5.285951e-02 2.101566e-02 1.521471e-02 3.312521e-04 1.237290e-02 1.710307e-02 -8.536602e-03 -1.351508e-03 6.278696e-03 -1.626997e-03 -5.225979e-03 -1.432496e-02 -8.111980e-04 1.007517e-02 -3.894043e-02
<VARIANCE> 39
 2.000859e+02 4.841562e+01 5.189325e+01 7.297903e+01 8.374982e+01 5.989725e+01 6.818600e+01 5.805972e+01 4.952604e+01 5.101913e+01 4.719012e+01 5.793773e+01 7.188251e+01 1.260522e+01 3.802832e+00 3.652807e+00 4.364668e+00 5.517038e+00 3.808618e+00 4.703576e+00 4.695606e+00 4.057029e+00 3.599173e+00 3.095232e+00 3.132223e+00 6.577156e+00 1.514286e+00 6.796995e-01 6.833085e-01 7.331530e-01 8.944904e-01 6.865871e-01 8.204008e-01 8.374240e-01 7.594426e-01 6.475617e-01 5.558712e-01 5.383118e-01 1.127131e+00
<GCONST> 1.422160e+02
<STATE> 3
<MEAN> 39
 -1.253984e+01 1.753397e+00 -2.013418e+00 -3.090865e+00 -3.671968e+00 -2.142866e-01 -6.166500e+00 -6.106083e+00 -2.207198e+00 -3.742051e+00 -4.700185e-01 -1.861409e+00 7.419086e+01 2.151721e-03 2.843248e-02 5.918272e-02 -4.776348e-02 -6.344339e-02 4.855932e-02 6.159750e-02 -1.970407e-02 -1.374149e-02 -7.392147e-02 -1.206373e-02 6.297917e-02 -4.331690e-02 3.871088e-02 -5.924935e-03 1.158642e-02 1.877994e-02 -1.750414e-02 -9.114261e-03 -2.635094e-03 -9.018582e-03 -6.183170e-03 -1.680317e-02 -2.438122e-03 1.933828e-03 -2.035114e-02
<VARIANCE> 39
 2.004105e+02 4.740405e+01 5.192623e+01 7.400926e+01 8.488155e+01 5.940385e+01 6.841418e+01 5.907980e+01 4.933195e+01 5.117185e+01 4.695035e+01 5.709506e+01 6.861412e+01 1.251586e+01 3.715604e+00 3.676718e+00 4.467793e+00 5.509657e+00 3.762871e+00 4.689592e+00 4.735090e+00 4.068123e+00 3.561407e+00 3.111623e+00 3.091802e+00 6.413216e+00 1.491051e+00 6.684749e-01 6.884066e-01 7.523957e-01 8.949280e-01 6.769436e-01 8.174958e-01 8.422434e-01 7.626822e-01 6.431479e-01 5.607442e-01 5.327759e-01 1.113643e+00
<GCONST> 1.420942e+02
<STATE> 4
<MEAN> 39
 -1.227901e+01 1.757209e+00 -1.818585e+00 -3.162405e+00 -3.938466e+00 -1.356463e-01 -6.041813e+00 -6.211769e+00 -2.262204e+00 -4.006283e+00 -5.119458e-01 -1.714418e+00 7.403963e+01 1.454485e-01 2.407921e-03 8.811336e-02 4.317210e-03 -1.230067e-01 1.506613e-02 4.027912e-02 -5.504967e-02 -3.298359e-02 -1.183599e-01 -2.369156e-02 5.263468e-02 -6.728391e-02 5.415655e-02 -8.830271e-03 1.051251e-02 2.027028e-02 -2.076979e-02 -1.348610e-02 -1.070736e-02 -1.490941e-02 -7.066322e-03 -1.608845e-02 -4.814434e-03 -5.181694e-03 -3.838699e-03
<VARIANCE> 39
 1.981218e+02 4.629253e+01 5.278136e+01 7.571080e+01 8.647523e+01 5.932506e+01 6.960740e+01 6.074725e+01 4.972337e+01 5.203387e+01 4.709603e+01 5.683239e+01 6.969562e+01 1.208646e+01 3.584346e+00 3.683178e+00 4.542964e+00 5.510141e+00 3.742308e+00 4.666009e+00 4.774954e+00 4.080043e+00 3.545863e+00 3.137830e+00 3.058006e+00 6.250300e+00 1.441987e+00 6.499637e-01 6.893295e-01 7.684421e-01 9.006273e-01 6.712956e-01 8.134480e-01 8.473489e-01 7.661144e-01 6.436033e-01 5.675038e-01 5.280688e-01 1.092597e+00
<GCONST> 1.420641e+02
<TRANSP> 5
 0.000000e+00 1.000000e+00 0.000000e+00 0.000000e+00 0.000000e+00
 0.000000e+00 5.958378e-01 4.041622e-01 0.000000e+00 0.000000e+00
 0.000000e+00 0.000000e+00 5.958368e-01 4.041631e-01 0.000000e+00
 0.000000e+00 0.000000e+00 0.000000e+00 5.958375e-01 4.041625e-01
 0.000000e+00 0.000000e+00 0.000000e+00 0.000000e+00 0.000000e+00
<ENDHMM>
~h "uU"
<BEGINHMM>
<NUMSTATES> 5
<STATE> 2
<MEAN> 39
 -3.612860e+00 3.516545e+00 2.234191e+00 4.393271e-01 -7.699199e+00 -2.528478e+00 -5.383723e+00 -9.822428e+00 -3.642569e+00 -1.008517e+01 -3.338824e+00 -5.861353e-01 7.258904e+01 -1.140417e-01 -1.116581e-01 -1.161057e-01 4.956330e-02 1.603308e-01 7.004911e-02 3.015266e-02 7.692285e-02 2.071309e-03 1.281585e-01 4.044189e-02 -4.320346e-02 -1.108265e-01 -2.943752e-02 -1.628321e-02 -1.292166e-02 -1.055698e-02 -3.073464e-03 -1.174247e-03 -8.821722e-03 6.526751e-03 1.456719e-02 2.108262e-02 8.818824e-03 -4.566717e-03 -2.405630e-02
<VARIANCE> 39
 9.706090e+01 5.543255e+01 6.280241e+01 9.170698e+01 1.028783e+02 8.087005e+01 9.622103e+01 7.260757e+01 6.616017e+01 6.998325e+01 6.388234e+01 6.719963e+01 6.300604e+01 5.284337e+00 3.393290e+00 3.749412e+00 4.776242e+00 6.384686e+00 4.825801e+00 4.638088e+00 5.116315e+00 4.814942e+00 4.833914e+00 3.839000e+00 3.019528e+00 4.494562e+00 6.866128e-01 5.836347e-01 6.643043e-01 7.739313e-01 1.059614e+00 8.602430e-01 8.362601e-01 9.170848e-01 9.091236e-01 8.341437e-01 6.821471e-01 5.555093e-01 7.486801e-01
<GCONST> 1.437455e+02
<STATE> 3
<MEAN> 39
 -3.954763e+00 3.196334e+00 1.937397e+00 5.537311e-01 -7.287869e+00 -2.347317e+00 -5.323077e+00 -9.591722e+00 -3.622371e+00 -9.710505e+00 -3.214890e+00 -7.102941e-01 7.228249e+01 -1.852628e-01 -1.473464e-01 -1.382602e-01 2.251085e-02 1.439100e-01 5.924921e-02 5.580816e-03 9.179267e-02 4.082350e-02 1.790740e-01 6.279974e-02 -5.065582e-02 -1.679733e-01 -1.930259e-02 -7.497528e-03 -4.162801e-03 -1.347277e-02 -1.649456e-02 -1.299574e-02 -1.379069e-02 3.158679e-03 1.470872e-02 1.532672e-02 8.210990e-03 1.252989e-03 -1.707093e-02
<VARIANCE> 39
 9.678192e+01 5.384366e+01 6.184669e+01 8.947425e+01 1.020958e+02 8.032639e+01 9.694455e+01 7.438052e+01 6.542358e+01 7.008723e+01 6.366265e+01 6.635907e+01 7.619659e+01 5.424181e+00 3.361164e+00 3.754042e+00 4.709110e+00 6.323174e+00 4.771417e+00 4.609430e+00 5.090261e+00 4.796951e+00 4.792063e+00 3.806965e+00 3.028066e+00 4.661601e+00 7.004233e-01 5.749422e-01 6.623117e-01 7.684276e-01 1.052675e+00 8.492035e-01 8.295635e-01 9.123154e-01 9.011514e-01 8.218833e-01 6.804138e-01 5.539913e-01 7.591957e-01
<GCONST> 1.437921e+02
<STATE> 4
<MEAN> 39
 -4.466708e+00 2.798962e+00 1.610569e+00 6.037530e-01 -6.937799e+00 -2.214880e+00 -5.330235e+00 -9.328361e+00 -3.499243e+00 -9.214558e+00 -3.034560e+00 -8.406608e-01 7.184502e+01 -2.253266e-01 -1.598968e-01 -1.361159e-01 -4.724774e-03 9.979285e-02 2.159519e-02 -2.883328e-02 9.788301e-02 7.590748e-02 2.115029e-01 8.246657e-02 -4.285315e-02 -2.011598e-01 -1.731436e-03 2.827709e-03 9.413362e-03 -5.387499e-03 -1.748333e-02 -1.626199e-02 -1.241318e-02 1.226832e-03 6.799919e-03 3.490355e-03 4.681922e-03 4.451963e-03 -2.560648e-03
<VARIANCE> 39
 9.746934e+01 5.193172e+01 6.089594e+01 8.708693e+01 1.009801e+02 7.894786e+01 9.673515e+01 7.567856e+01 6.402970e+01 7.047519e+01 6.269881e+01 6.453942e+01 9.623595e+01 5.518157e+00 3.304296e+00 3.740255e+00 4.602406e+00 6.200983e+00 4.647799e+00 4.557115e+00 5.042128e+00 4.736368e+00 4.713992e+00 3.744097e+00 3.007153e+00 4.795763e+00 7.157291e-01 5.653433e-01 6.584346e-01 7.559451e-01 1.039474e+00 8.281541e-01 8.196163e-01 9.036808e-01 8.865325e-01 8.069547e-01 6.733324e-01 5.483834e-01 7.761840e-01
<GCONST> 1.436542e+02
<TRANSP> 5
 0.000000e+00 1.000000e+00 0.000000e+00 0.000000e+00 0.000000e+00
 0.000000e+00 5.984074e-01 4.015926e-01 0.000000e+00 0.000000e+00
 0.000000e+00 0.000000e+00 5.984046e-01 4.015954e-01 0.000000e+00
 0.000000e+00 0.000000e+00 0.000000e+00 5.984058e-01 4.015941e-01
 0.000000e+00 0.000000e+00 0.000000e+00 0.000000e+00 0.000000e+00
<ENDHMM>
~h "uo"
<BEGINHMM>
<NUMSTATES> 5
<STATE> 2
<MEAN> 39
 -6.458519e+00 1.226176e+00 6.151308e-01 -9.490545e-01 -6.602855e+00 -1.529488e+00 -6.681539e+00 -8.862310e+00 -2.911525e+00 -6.837096e+00 -1.337282e+00 -1.207576e+00 7.484381e+01 1.813074e-02 -3.018464e-02 -3.985023e-02 -2.212949e-02 -7.373656e-02 -5.392800e-02 -5.970794e-02 -8.207052e-03 4.989523e-02 5.009822e-03 -4.479139e-03 -2.896098e-02 1.862342e-01 1.039594e-02 -6.387985e-03 -5.490589e-03 2.742888e-03 -6.370260e-04 -2.278914e-04 3.186121e-03 8.938474e-03 9.046486e-04 8.177662e-03 -3.501795e-03 -3.143527e-03 -2.534653e-02
<VARIANCE> 39
 1.483362e+02 4.265173e+01 6.197976e+01 7.819686e+01 9.848616e+01 7.108601e+01 9.787501e+01 7.351369e+01 6.196447e+01 5.719968e+01 5.864415e+01 6.476628e+01 5.836042e+01 8.523790e+00 3.270663e+00 4.325498e+00 4.622571e+00 6.781576e+00 4.294201e+00 5.159324e+00 5.041930e+00 4.500004e+00 4.035635e+00 3.825951e+00 3.213737e+00 5.065001e+00 1.083139e+00 6.112205e-01 7.901336e-01 7.662205e-01 1.119372e+00 7.670453e-01 8.975239e-01 8.923512e-01 8.571082e-01 7.547484e-01 7.119246e-01 5.854242e-01 8.376681e-01
<GCONST> 1.443404e+02
<STATE> 3
<MEAN> 39
 -6.447174e+00 1.136308e+00 5.122190e-01 -9.878097e-01 -6.748755e+00 -1.662800e+00 -6.815305e+00 -8.822623e+00 -2.767307e+00 -6.782663e+00 -1.344283e+00 -1.296970e+00 7.517994e+01 4.654131e-02 -4.041050e-02 -3.465349e-02 1.207906e-03 -5.821617e-02 -5.524212e-02 -5.167201e-02 1.441399e-02 4.256152e-02 1.756235e-02 -1.501462e-02 -3.646531e-02 1.151908e-01 9.493502e-03 -7.412169e-04 2.900017e-03 1.145571e-02 1.135488e-02 2.033537e-03 5.997750e-03 9.460836e-03 -4.794393e-03 3.781162e-03 -5.228144e-03 -1.297837e-03 -3.237733e-02
<VARIANCE> 39
 1.482246e+02 4.264999e+01 6.133143e+01 7.895936e+01 9.818291e+01 7.232610e+01 9.689580e+01 7.346431e+01 6.173249e+01 5.683453e+01 5.866212e+01 6.479974e+01 5.237086e+01 8.576939e+00 3.238356e+00 4.244706e+00 4.577440e+00 6.730675e+00 4.286781e+00 5.123832e+00 4.959094e+00 4.422102e+00 3.979801e+00 3.803321e+00 3.224109e+00 4.912275e+00 1.088760e+00 6.024387e-01 7.784312e-01 7.561636e-01 1.111777e+00 7.617420e-01 8.925554e-01 8.786979e-01 8.408105e-01 7.467648e-01 7.054101e-01 5.869297e-01 8.354710e-01
<GCONST> 1.439836e+02
<STATE> 4
<MEAN> 39
 -6.353524e+00 1.029780e+00 4.610949e-01 -9.351995e-01 -6.828906e+00 -1.805906e+00 -6.931494e+00 -8.733800e+00 -2.663254e+00 -6.720742e+00 -1.383906e+00 -1.399089e+00 7.533829e+01 7.111074e-02 -3.935755e-02 -1.416243e-02 4.028900e-02 -2.016085e-02 -5.188461e-02 -3.667307e-02 3.518455e-02 2.373909e-02 1.824414e-02 -2.972666e-02 -3.704961e-02 3.602400e-02 2.854844e-03 3.108622e-03 8.243815e-03 1.578724e-02 2.045403e-02 4.549870e-03 9.349397e-03 9.194991e-03 -7.708458e-03 -3.559456e-04 -5.426047e-03 1.212933e-03 -3.530086e-02
<VARIANCE> 39
 1.452315e+02 4.266875e+01 6.058186e+01 7.936810e+01 9.770834e+01 7.378499e+01 9.523216e+01 7.338055e+01 6.113407e+01 5.663021e+01 5.877541e+01 6.514137e+01 5.017047e+01 8.533879e+00 3.203517e+00 4.164914e+00 4.503293e+00 6.665022e+00 4.285338e+00 5.080431e+00 4.882507e+00 4.352088e+00 3.950747e+00 3.774598e+00 3.230180e+00 4.856297e+00 1.085333e+00 5.935777e-01 7.658566e-01 7.434359e-01 1.102295e+00 7.574517e-01 8.860278e-01 8.647654e-01 8.248084e-01 7.398830e-01 6.983331e-01 5.873550e-01 8.438830e-01
<GCONST> 1.436617e+02
<TRANSP> 5
 0.000000e+00 1.000000e+00 0.000000e+00 0.000000e+00 0.000000e+00
 0.000000e+00 5.979300e-01 4.020700e-01 0.000000e+00 0.000000e+00
 0.000000e+00 0.000000e+00 5.979365e-01 4.020635e-01 0.000000e+00
 0.000000e+00 0.000000e+00 0.000000e+00 5.979320e-01 4.020680e-01
 0.000000e+00 0.000000e+00 0.000000e+00 0.000000e+00 0.000000e+00
<ENDHMM>
~h "uu"
<BEGINHMM>
<NUMSTATES> 5
<STATE> 2
<MEAN> 39
 -4.505136e+00 2.409080e+00 1.865281e+00 1.361378e+00 -6.561302e+00 -1.664462e+00 -5.855327e+00 -8.582867e+00 -3.672227e+00 -8.649211e+00 -2.652292e+00 -1.034569e+00 7.208408e+01 -1.378431e-01 -7.746516e-02 -6.321520e-02 4.053238e-02 1.514978e-01 7.278756e-02 8.602098e-02 1.260869e-01 4.230434e-02 1.403443e-01 3.495970e-02 -4.967703e-02 -2.538514e-01 -3.803525e-02 -2.398493e-02 -1.093813e-02 -9.163969e-03 -2.676177e-03 -1.312617e-02 -1.117246e-02 -3.095892e-03 1.485861e-02 2.350930e-02 1.191757e-02 6.712462e-04 -2.906389e-02
<VARIANCE> 39
 1.032257e+02 4.809785e+01 6.110965e+01 8.304694e+01 9.810510e+01 7.825716e+01 9.394963e+01 7.446964e+01 6.642123e+01 6.384008e+01 5.713541e+01 6.136091e+01 7.715054e+01 5.982926e+00 3.268765e+00 3.653838e+00 4.299458e+00 6.110509e+00 4.418498e+00 4.652197e+00 5.204912e+00 4.641094e+00 4.545115e+00 3.694080e+00 2.898113e+00 5.021128e+00 8.136521e-01 5.863086e-01 6.501126e-01 7.329084e-01 1.030404e+00 7.890881e-01 8.302013e-01 9.288499e-01 8.787206e-01 7.988987e-01 6.818389e-01 5.356389e-01 8.320263e-01
<GCONST> 1.431295e+02
<STATE> 3
<MEAN> 39
 -4.902781e+00 2.168479e+00 1.699387e+00 1.449545e+00 -6.181130e+00 -1.501907e+00 -5.646096e+00 -8.261345e+00 -3.548455e+00 -8.262615e+00 -2.553481e+00 -1.165611e+00 7.141738e+01 -2.282038e-01 -1.309876e-01 -8.884153e-02 1.088940e-02 1.338723e-01 3.441564e-02 5.290976e-02 1.157208e-01 8.097437e-02 1.956655e-01 6.509678e-02 -4.144848e-02 -3.224916e-01 -2.143700e-02 -1.156447e-02 -6.169707e-03 -1.353377e-02 -2.057365e-02 -2.274535e-02 -1.829004e-02 -7.934398e-03 1.262399e-02 1.340529e-02 9.450128e-03 8.255371e-03 -1.736822e-02
<VARIANCE> 39
 1.015438e+02 4.663874e+01 6.054120e+01 8.201409e+01 9.838426e+01 7.830264e+01 9.408840e+01 7.518697e+01 6.473294e+01 6.361122e+01 5.671730e+01 6.078104e+01 9.701169e+01 5.932458e+00 3.190576e+00 3.618937e+00 4.202130e+00 5.980633e+00 4.338995e+00 4.550133e+00 5.049061e+00 4.568047e+00 4.486361e+00 3.646100e+00 2.892198e+00 5.181108e+00 7.983138e-01 5.693865e-01 6.418431e-01 7.155067e-01 1.009522e+00 7.731069e-01 8.107792e-01 9.018100e-01 8.580689e-01 7.847719e-01 6.723183e-01 5.310129e-01 8.315017e-01
<GCONST> 1.428435e+02
<STATE> 4
<MEAN> 39
 -5.510779e+00 1.814068e+00 1.477189e+00 1.451041e+00 -5.870417e+00 -1.448065e+00 -5.531563e+00 -7.970821e+00 -3.323481e+00 -7.747048e+00 -2.377959e+00 -1.257211e+00 7.059312e+01 -2.682587e-01 -1.481591e-01 -9.679597e-02 -2.081532e-02 7.748178e-02 -2.343612e-02 6.517829e-03 9.570256e-02 1.102478e-01 2.215267e-01 8.627590e-02 -1.552267e-02 -3.543827e-01 6.244570e-03 5.629143e-03 6.221055e-03 -4.918134e-03 -2.483781e-02 -2.147819e-02 -1.529698e-02 -7.695130e-03 3.047241e-03 -3.627471e-03 1.176645e-03 9.817127e-03 3.629648e-03
<VARIANCE> 39
 1.002758e+02 4.480428e+01 6.026868e+01 8.060417e+01 9.810345e+01 7.727773e+01 9.291463e+01 7.522186e+01 6.211198e+01 6.369608e+01 5.546132e+01 5.908751e+01 1.251150e+02 5.826015e+00 3.097833e+00 3.572857e+00 4.076859e+00 5.794060e+00 4.222112e+00 4.440375e+00 4.888414e+00 4.467361e+00 4.392875e+00 3.576851e+00 2.871146e+00 5.262577e+00 7.829224e-01 5.525102e-01 6.331853e-01 6.924055e-01 9.844738e-01 7.519963e-01 7.913820e-01 8.751082e-01 8.345092e-01 7.677656e-01 6.595033e-01 5.239507e-01 8.376552e-01
<GCONST> 1.423658e+02
<TRANSP> 5
 0.000000e+00 1.000000e+00 0.000000e+00 0.000000e+00 0.000000e+00
 0.000000e+00 5.936526e-01 4.063474e-01 0.000000e+00 0.000000e+00
 0.000000e+00 0.000000e+00 5.936480e-01 4.063521e-01 0.000000e+00
 0.000000e+00 0.000000e+00 0.000000e+00 5.936509e-01 4.063492e-01
 0.000000e+00 0.000000e+00 0.000000e+00 0.000000e+00 0.000000e+00
<ENDHMM>
~h "k_pal"
<BEGINHMM>
<NUMSTATES> 5
<STATE> 2
<MEAN> 39
 -9.275213e+00 -6.577045e-02 2.721343e+00 3.017723e+00 -6.784299e+00 -4.455646e+00 -6.758695e+00 -6.404090e+00 -2.726290e+00 -7.058264e+00 -1.202369e+00 -1.021085e+00 7.282243e+01 4.976291e-02 -1.352239e-02 3.181960e-02 4.129957e-02 -7.837561e-03 -1.453744e-02 -4.375505e-02 -2.174202e-02 -1.258104e-02 -1.998603e-02 -1.436124e-02 -2.030619e-02 8.533037e-02 8.379485e-03 2.159439e-03 -3.572967e-03 -2.319670e-03 4.162901e-03 5.955352e-03 -8.877680e-04 -4.310706e-03 -1.442322e-03 1.264474e-03 -3.204829e-03 -2.364001e-03 -2.380088e-03
<VARIANCE> 39
 1.095674e+02 4.602577e+01 6.602196e+01 7.696508e+01 1.079790e+02 7.213773e+01 7.487349e+01 6.298130e+01 6.233841e+01 6.431544e+01 5.031101e+01 4.989243e+01 9.631622e+01 6.915205e+00 4.180301e+00 4.660541e+00 4.752908e+00 6.950408e+00 5.256685e+00 5.067859e+00 4.866460e+00 4.488595e+00 5.105562e+00 3.632920e+00 2.942299e+00 8.101543e+00 9.735149e-01 8.267761e-01 9.077811e-01 8.502328e-01 1.179514e+00 9.247632e-01 9.019613e-01 8.651040e-01 8.550524e-01 9.273385e-01 6.874731e-01 5.418099e-01 1.492290e+00
<GCONST> 1.462498e+02
<STATE> 3
<MEAN> 39
 -9.112078e+00 -9.264332e-02 2.797487e+00 3.119281e+00 -6.813147e+00 -4.496440e+00 -6.888871e+00 -6.490154e+00 -2.767085e+00 -7.110990e+00 -1.255103e+00 -1.092339e+00 7.305550e+01 7.396534e-02 -4.650766e-03 2.225869e-02 3.152132e-02 -4.384221e-03 -5.225556e-03 -4.701481e-02 -3.742478e-02 -1.750015e-02 -2.102363e-02 -2.379433e-02 -2.819796e-02 9.102038e-02 7.988736e-03 3.092854e-03 -4.402862e-03 -4.866804e-03 7.611817e-04 3.835903e-03 -1.205795e-03 -6.150164e-03 -1.284709e-03 -7.863532e-05 -2.747792e-03 -3.160090e-03 8.657156e-04
<VARIANCE> 39
 1.088777e+02 4.575551e+01 6.566880e+01 7.595310e+01 1.079804e+02 7.267079e+01 7.512180e+01 6.303241e+01 6.220156e+01 6.394415e+01 5.069627e+01 5.031984e+01 8.831319e+01 6.852720e+00 4.145218e+00 4.673101e+00 4.735025e+00 6.930778e+00 5.298066e+00 5.067646e+00 4.871985e+00 4.486540e+00 5.082804e+00 3.636299e+00 2.933502e+00 8.037575e+00 9.674487e-01 8.198293e-01 9.079943e-01 8.481738e-01 1.172886e+00 9.295256e-01 8.994986e-01 8.670183e-01 8.562577e-01 9.263138e-01 6.885949e-01 5.411451e-01 1.473842e+00
<GCONST> 1.460948e+02
<STATE> 4
<MEAN> 39
 -8.879608e+00 -8.578175e-02 2.842108e+00 3.184532e+00 -6.841491e+00 -4.521645e+00 -7.024221e+00 -6.621984e+00 -2.820240e+00 -7.174482e+00 -1.334937e+00 -1.184712e+00 7.331150e+01 9.691000e-02 7.298464e-03 8.047460e-03 1.493180e-02 -5.014740e-03 1.887770e-03 -4.843695e-02 -5.440194e-02 -1.999432e-02 -2.354758e-02 -3.182262e-02 -3.581181e-02 9.372940e-02 7.665815e-03 4.132784e-03 -6.301904e-03 -7.422872e-03 -1.460425e-03 2.302946e-03 -7.828659e-04 -6.533144e-03 8.647359e-06 -4.075409e-05 -2.229795e-03 -2.584857e-03 -1.385129e-03
<VARIANCE> 39
 1.087882e+02 4.534051e+01 6.534870e+01 7.519096e+01 1.081178e+02 7.348409e+01 7.564185e+01 6.321347e+01 6.219842e+01 6.356944e+01 5.114125e+01 5.097826e+01 8.109312e+01 6.794020e+00 4.061466e+00 4.657110e+00 4.699716e+00 6.889902e+00 5.308255e+00 5.061109e+00 4.873399e+00 4.484974e+00 5.038167e+00 3.627810e+00 2.919630e+00 7.894716e+00 9.606885e-01 8.010786e-01 8.996858e-01 8.404007e-01 1.161593e+00 9.283914e-01 8.949691e-01 8.674902e-01 8.565853e-01 9.193069e-01 6.867178e-01 5.391473e-01 1.432912e+00
<GCONST> 1.458377e+02
<TRANSP> 5
 0.000000e+00 1.000000e+00 0.000000e+00 0.000000e+00 0.000000e+00
 0.000000e+00 5.926337e-01 4.073663e-01 0.000000e+00 0.000000e+00
 0.000000e+00 0.000000e+00 5.926336e-01 4.073664e-01 0.000000e+00
 0.000000e+00 0.000000e+00 0.000000e+00 5.926352e-01 4.073648e-01
 0.000000e+00 0.000000e+00 0.000000e+00 0.000000e+00 0.000000e+00
<ENDHMM>
~h "x_pal"
<BEGINHMM>
<NUMSTATES> 5
<STATE> 2
<MEAN> 39
 -1.004676e+01 -1.481931e+00 3.663391e+00 2.336168e+00 -7.336464e+00 -4.230387e+00 -6.404490e+00 -5.307236e+00 -2.430484e+00 -5.745999e+00 -4.870681e-01 -6.923675e-01 7.451878e+01 1.668740e-01 6.057658e-02 3.379142e-02 -3.421995e-02 -5.816597e-02 3.092568e-02 -2.655005e-02 -2.774853e-02 -4.744120e-02 -1.303091e-01 -2.558176e-02 -1.070108e-02 3.505398e-02 8.856236e-03 5.749242e-03 -8.960946e-03 2.580964e-03 -8.633625e-04 -1.174494e-02 -1.186182e-02 -5.628215e-03 3.332040e-03 1.793988e-03 -1.164078e-02 -3.108802e-03 2.745152e-03
<VARIANCE> 39
 1.034825e+02 3.690062e+01 6.977722e+01 6.925288e+01 9.678117e+01 7.406763e+01 6.512840e+01 5.625434e+01 5.668877e+01 6.665400e+01 4.237971e+01 4.402364e+01 6.678220e+01 7.141248e+00 2.897688e+00 4.124698e+00 4.397779e+00 6.138760e+00 5.571898e+00 5.012422e+00 4.229636e+00 3.856240e+00 5.493690e+00 3.388204e+00 2.680621e+00 4.649852e+00 9.678146e-01 5.553216e-01 7.361333e-01 7.716130e-01 1.083465e+00 9.017252e-01 8.954895e-01 7.423691e-01 7.180839e-01 9.728349e-01 6.401711e-01 5.020801e-01 7.999474e-01
<GCONST> 1.414373e+02
<STATE> 3
<MEAN> 39
 -9.572599e+00 -1.310876e+00 3.728548e+00 2.308166e+00 -7.505514e+00 -4.236145e+00 -6.517592e+00 -5.405295e+00 -2.542618e+00 -6.104363e+00 -6.005199e-01 -7.297973e-01 7.460780e+01 1.946949e-01 6.994423e-02 3.119593e-03 -1.513769e-02 -6.180649e-02 -6.085068e-03 -5.788869e-02 -4.731964e-02 -3.890520e-02 -1.320113e-01 -5.462847e-02 -1.801717e-02 3.594166e-02 7.729067e-03 8.762624e-04 -1.279158e-02 7.889456e-03 1.760493e-03 -1.147853e-02 -1.109758e-02 -7.475435e-03 4.660591e-03 4.090231e-03 -8.651968e-03 -1.782170e-03 -2.026957e-03
<VARIANCE> 39
 1.009243e+02 3.641187e+01 6.948083e+01 7.062409e+01 9.989150e+01 7.557135e+01 6.518749e+01 5.572443e+01 5.731933e+01 6.854520e+01 4.336884e+01 4.447922e+01 5.935832e+01 6.841531e+00 2.895051e+00 4.110415e+00 4.386980e+00 6.221020e+00 5.503774e+00 4.956657e+00 4.146582e+00 3.849671e+00 5.542364e+00 3.382527e+00 2.682397e+00 4.763440e+00 9.383852e-01 5.585672e-01 7.375468e-01 7.748380e-01 1.096880e+00 8.929527e-01 8.936499e-01 7.310951e-01 7.184026e-01 9.832876e-01 6.398726e-01 5.067711e-01 8.199894e-01
<GCONST> 1.413734e+02
<STATE> 4
<MEAN> 39
 -9.009380e+00 -1.127649e+00 3.696675e+00 2.352324e+00 -7.672378e+00 -4.332859e+00 -6.708560e+00 -5.566060e+00 -2.629514e+00 -6.466722e+00 -7.802272e-01 -7.889661e-01 7.466837e+01 2.209317e-01 6.819247e-02 -3.682095e-02 1.091856e-02 -5.117605e-02 -3.040145e-02 -8.548699e-02 -6.976587e-02 -2.424471e-02 -1.200503e-01 -7.198043e-02 -2.364877e-02 1.889993e-02 7.882776e-03 -2.990216e-03 -1.606369e-02 9.534605e-03 7.612736e-03 -5.404754e-03 -9.495422e-03 -7.782653e-03 7.902003e-03 8.311600e-03 -3.691479e-03 -1.118832e-03 -8.406509e-03
<VARIANCE> 39
 9.787243e+01 3.639935e+01 6.879953e+01 7.155586e+01 1.040465e+02 7.719868e+01 6.572398e+01 5.555993e+01 5.826761e+01 6.947817e+01 4.449086e+01 4.542379e+01 5.504690e+01 6.470488e+00 2.894414e+00 4.081893e+00 4.360821e+00 6.319357e+00 5.416685e+00 4.896893e+00 4.057211e+00 3.854989e+00 5.525634e+00 3.365174e+00 2.691810e+00 4.952701e+00 9.016631e-01 5.618061e-01 7.348987e-01 7.767138e-01 1.111496e+00 8.844918e-01 8.899556e-01 7.215684e-01 7.222567e-01 9.840767e-01 6.375966e-01 5.104886e-01 8.690482e-01
<GCONST> 1.413657e+02
<TRANSP> 5
 0.000000e+00 1.000000e+00 0.000000e+00 0.000000e+00 0.000000e+00
 0.000000e+00 5.934117e-01 4.065882e-01 0.000000e+00 0.000000e+00
 0.000000e+00 0.000000e+00 5.934125e-01 4.065875e-01 0.000000e+00
 0.000000e+00 0.000000e+00 0.000000e+00 5.934156e-01 4.065845e-01
 0.000000e+00 0.000000e+00 0.000000e+00 0.000000e+00 0.000000e+00
<ENDHMM>
~h "n_pal"
<BEGINHMM>
<NUMSTATES> 5
<STATE> 2
<MEAN> 39
 -4.933691e+00 1.576079e+00 2.822277e+00 3.619548e+00 -7.792988e+00 -5.595485e+00 -7.478125e+00 -7.805997e+00 -3.321566e+00 -9.459015e+00 -2.616052e+00 -1.538121e+00 7.458060e+01 8.927427e-03 4.531780e-02 8.653464e-03 3.378245e-04 2.391523e-02 -2.487376e-03 1.054031e-02 -1.480866e-02 -4.615561e-02 -7.585369e-03 -1.212164e-03 -2.251179e-02 9.570756e-02 -1.281643e-02 -4.382479e-03 -6.449465e-03 -7.481801e-03 8.640231e-03 1.183735e-02 -1.263047e-03 2.772285e-04 3.109206e-03 1.142998e-02 5.672147e-03 -2.012288e-04 -3.775330e-03
<VARIANCE> 39
 8.722593e+01 4.274690e+01 6.491553e+01 5.698709e+01 1.087083e+02 6.810263e+01 7.861517e+01 6.286975e+01 7.406293e+01 6.608795e+01 5.159741e+01 5.897792e+01 7.062914e+01 5.741338e+00 3.117621e+00 3.714514e+00 3.352332e+00 6.099412e+00 3.970917e+00 4.177649e+00 4.387773e+00 4.787019e+00 4.910018e+00 3.254072e+00 2.744598e+00 4.651587e+00 8.507739e-01 5.575658e-01 6.594074e-01 5.821980e-01 1.049482e+00 7.082334e-01 7.381001e-01 8.019025e-01 9.057279e-01 8.690217e-01 6.281390e-01 5.095496e-01 7.592943e-01
<GCONST> 1.405143e+02
<STATE> 3
<MEAN> 39
 -4.971820e+00 1.651048e+00 2.809128e+00 3.582954e+00 -7.718426e+00 -5.562902e+00 -7.446997e+00 -7.837087e+00 -3.398781e+00 -9.412233e+00 -2.612028e+00 -1.591458e+00 7.480127e+01 -3.925444e-02 2.164599e-02 -1.824443e-02 -2.676057e-02 4.398790e-02 3.391664e-02 1.473965e-02 -7.485296e-03 -2.218619e-02 3.775453e-02 1.083929e-02 -1.961837e-02 7.455495e-02 -2.084680e-02 -1.086204e-02 -1.198589e-02 -1.140885e-02 7.334452e-03 1.401795e-02 1.699899e-03 3.712716e-03 1.103092e-02 1.938532e-02 4.585301e-03 2.146728e-03 -1.274271e-02
<VARIANCE> 39
 9.041154e+01 4.374025e+01 6.495862e+01 5.792703e+01 1.093833e+02 6.927508e+01 7.860988e+01 6.244314e+01 7.430782e+01 6.571419e+01 5.237958e+01 5.946529e+01 6.095437e+01 5.880783e+00 3.159629e+00 3.731906e+00 3.369584e+00 6.161298e+00 4.013666e+00 4.208764e+00 4.360772e+00 4.768346e+00 4.877364e+00 3.283954e+00 2.755007e+00 4.732757e+00 8.679716e-01 5.644270e-01 6.645616e-01 5.837643e-01 1.051508e+00 7.130405e-01 7.417021e-01 7.946470e-01 9.002146e-01 8.627914e-01 6.317578e-01 5.103306e-01 7.611428e-01
<GCONST> 1.406126e+02
<STATE> 4
<MEAN> 39
 -5.160486e+00 1.647889e+00 2.711311e+00 3.466713e+00 -7.589482e+00 -5.423741e+00 -7.388324e+00 -7.833416e+00 -3.391072e+00 -9.223335e+00 -2.582389e+00 -1.632134e+00 7.493325e+01 -9.982337e-02 -1.031785e-02 -5.281224e-02 -5.828091e-02 6.353316e-02 7.349262e-02 2.514450e-02 7.506580e-03 1.222181e-02 9.450260e-02 2.015275e-02 -1.281492e-02 2.901848e-02 -2.356473e-02 -1.300376e-02 -1.408387e-02 -1.278969e-02 5.437919e-03 1.370567e-02 4.039873e-03 6.181494e-03 1.419437e-02 2.278078e-02 3.097241e-03 3.337417e-03 -2.179058e-02
<VARIANCE> 39
 9.549323e+01 4.451736e+01 6.519410e+01 5.974593e+01 1.103100e+02 7.081859e+01 7.885077e+01 6.213136e+01 7.370113e+01 6.567290e+01 5.303067e+01 5.982035e+01 5.537994e+01 5.984814e+00 3.175520e+00 3.730712e+00 3.404303e+00 6.218861e+00 4.046960e+00 4.224349e+00 4.327843e+00 4.699102e+00 4.765350e+00 3.310526e+00 2.765668e+00 4.774470e+00 8.808981e-01 5.672832e-01 6.681384e-01 5.885208e-01 1.052895e+00 7.182779e-01 7.450067e-01 7.871864e-01 8.877680e-01 8.478622e-01 6.337696e-01 5.111263e-01 7.673503e-01
<GCONST> 1.407090e+02
<TRANSP> 5
 0.000000e+00 1.000000e+00 0.000000e+00 0.000000e+00 0.000000e+00
 0.000000e+00 5.905514e-01 4.094486e-01 0.000000e+00 0.000000e+00
 0.000000e+00 0.000000e+00 5.905573e-01 4.094427e-01 0.000000e+00
 0.000000e+00 0.000000e+00 0.000000e+00 5.905576e-01 4.094423e-01
 0.000000e+00 0.000000e+00 0.000000e+00 0.000000e+00 0.000000e+00
<ENDHMM>
~h "ts_pal"
<BEGINHMM>
<NUMSTATES> 5
<STATE> 2
<MEAN> 39
 -1.361301e+01 2.387182e+00 2.806832e-01 1.608765e+00 -4.395376e+00 -4.637431e+00 -7.469660e+00 -5.278256e+00 -2.237845e+00 -5.225522e+00 -1.180330e+00 -1.891290e+00 7.487337e+01 1.828146e-02 8.625383e-03 1.730587e-01 6.522343e-02 -5.315172e-02 -9.034298e-02 -1.716749e-02 -6.206597e-02 -3.376355e-02 -9.144183e-02 8.532742e-03 8.948166e-03 6.649031e-02 4.835345e-02 -9.022340e-03 3.644729e-03 4.672341e-03 -1.400294e-02 7.745360e-03 -3.990961e-04 -1.317180e-02 -2.453355e-03 -6.879632e-03 -2.216058e-03 3.513400e-03 -1.433814e-02
<VARIANCE> 39
 1.897919e+02 4.402616e+01 6.686419e+01 6.398643e+01 8.968304e+01 6.380206e+01 7.091825e+01 5.926175e+01 5.003032e+01 5.218887e+01 4.257532e+01 4.790344e+01 4.822953e+01 1.289593e+01 3.567350e+00 4.795780e+00 4.780183e+00 5.366755e+00 4.620640e+00 5.359050e+00 4.739532e+00 3.832072e+00 3.623232e+00 3.074242e+00 2.867748e+00 4.821644e+00 1.572799e+00 6.174816e-01 8.556083e-01 8.034589e-01 8.659371e-01 8.120323e-01 9.006324e-01 8.197746e-01 7.125959e-01 6.368586e-01 5.611278e-01 5.056642e-01 8.353494e-01
<GCONST> 1.419265e+02
<STATE> 3
<MEAN> 39
 -1.338468e+01 2.354311e+00 7.356966e-01 1.778098e+00 -4.592695e+00 -4.848992e+00 -7.528820e+00 -5.490517e+00 -2.326625e+00 -5.491345e+00 -1.166948e+00 -1.867300e+00 7.499652e+01 1.542771e-01 -2.362770e-02 1.754330e-01 7.370272e-02 -9.333558e-02 -7.062531e-02 -2.369085e-02 -9.598717e-02 -3.925684e-02 -1.078501e-01 -1.145231e-04 1.271944e-02 4.013768e-02 5.073834e-02 -1.265930e-02 -4.292689e-03 3.419073e-04 -1.347809e-02 1.003980e-02 -1.773873e-03 -1.060865e-02 -1.861229e-04 -3.823921e-03 -3.612826e-03 1.338703e-03 -1.067516e-02
<VARIANCE> 39
 1.870796e+02 4.249756e+01 6.851997e+01 6.523190e+01 9.292309e+01 6.480603e+01 7.168488e+01 6.059231e+01 5.136255e+01 5.273614e+01 4.325594e+01 4.814036e+01 4.500165e+01 1.259667e+01 3.450526e+00 4.852680e+00 4.840661e+00 5.304396e+00 4.589394e+00 5.291290e+00 4.788254e+00 3.860808e+00 3.655716e+00 3.079362e+00 2.833129e+00 4.611799e+00 1.541811e+00 6.029442e-01 8.596758e-01 8.128300e-01 8.527868e-01 8.022911e-01 8.881468e-01 8.261341e-01 7.151482e-01 6.397147e-01 5.598104e-01 5.001864e-01 8.093253e-01
<GCONST> 1.418030e+02
<STATE> 4
<MEAN> 39
 -1.279650e+01 2.226593e+00 1.171368e+00 1.960605e+00 -4.895037e+00 -5.005919e+00 -7.612423e+00 -5.782931e+00 -2.427148e+00 -5.787912e+00 -1.182895e+00 -1.845821e+00 7.507211e+01 2.829470e-01 -5.862195e-02 1.549236e-01 7.114949e-02 -1.265202e-01 -4.401076e-02 -3.006298e-02 -1.191594e-01 -3.866952e-02 -1.130341e-01 -1.157422e-02 1.170980e-02 2.052641e-02 4.419455e-02 -1.290117e-02 -1.257973e-02 -4.442495e-03 -9.567654e-03 1.220725e-02 -1.193749e-03 -5.903739e-03 2.279783e-03 4.316394e-04 -4.587577e-03 -5.925809e-04 -8.052344e-03
<VARIANCE> 39
 1.825471e+02 4.130541e+01 6.953234e+01 6.657529e+01 9.694482e+01 6.644267e+01 7.283774e+01 6.231577e+01 5.328864e+01 5.359506e+01 4.437310e+01 4.900766e+01 4.399479e+01 1.195758e+01 3.313882e+00 4.844058e+00 4.829684e+00 5.265707e+00 4.545501e+00 5.190339e+00 4.834364e+00 3.907527e+00 3.706442e+00 3.092622e+00 2.804163e+00 4.482305e+00 1.478085e+00 5.850862e-01 8.515970e-01 8.110942e-01 8.447243e-01 7.903806e-01 8.710502e-01 8.334115e-01 7.215174e-01 6.464748e-01 5.605589e-01 4.959344e-01 7.919614e-01
<GCONST> 1.417098e+02
<TRANSP> 5
 0.000000e+00 1.000000e+00 0.000000e+00 0.000000e+00 0.000000e+00
 0.000000e+00 5.914699e-01 4.085301e-01 0.000000e+00 0.000000e+00
 0.000000e+00 0.000000e+00 5.914701e-01 4.085299e-01 0.000000e+00
 0.000000e+00 0.000000e+00 0.000000e+00 5.914722e-01 4.085278e-01
 0.000000e+00 0.000000e+00 0.000000e+00 0.000000e+00 0.000000e+00
<ENDHMM>
~h "d_pal"
<BEGINHMM>
<NUMSTATES> 5
<STATE> 2
<MEAN> 39
 -5.040218e+00 2.041869e+00 3.782796e+00 5.188110e+00 -6.782071e+00 -6.497683e+00 -8.719317e+00 -8.834550e+00 -3.048990e+00 -8.006813e+00 -2.544634e+00 -2.460649e+00 7.436159e+01 3.488673e-02 4.750317e-02 1.053750e-01 6.516061e-02 -2.350914e-02 -6.032141e-02 1.025053e-03 -5.553440e-02 -4.673693e-02 -6.993291e-02 -2.716176e-02 -4.942195e-03 1.529202e-01 -1.438439e-02 -1.810073e-03 -8.872731e-03 -1.535888e-02 9.110455e-03 1.889147e-02 1.499680e-02 8.467590e-03 9.653508e-06 3.529845e-03 1.254558e-03 6.751001e-03 -2.131924e-02
<VARIANCE> 39
 6.108306e+01 4.679096e+01 6.576851e+01 6.515354e+01 1.096626e+02 7.154829e+01 7.719904e+01 6.253681e+01 6.239460e+01 5.600024e+01 5.061801e+01 5.259149e+01 8.182632e+01 4.179678e+00 3.512353e+00 3.452175e+00 3.322839e+00 6.491983e+00 4.497864e+00 4.397919e+00 4.855969e+00 4.115478e+00 3.722303e+00 3.231632e+00 2.682651e+00 6.377176e+00 6.558344e-01 6.089121e-01 5.798854e-01 5.548706e-01 1.107181e+00 8.343772e-01 7.880993e-01 8.960560e-01 7.844856e-01 6.854538e-01 5.961601e-01 5.008143e-01 1.120950e+00
<GCONST> 1.400077e+02
<STATE> 3
<MEAN> 39
 -5.026423e+00 2.109488e+00 3.985720e+00 5.281991e+00 -6.832809e+00 -6.583874e+00 -8.666746e+00 -8.944990e+00 -3.140432e+00 -8.153961e+00 -2.594855e+00 -2.433872e+00 7.468102e+01 -8.243402e-03 2.087592e-02 6.158511e-02 1.172302e-02 -1.039978e-02 -8.669870e-03 3.658106e-02 -3.329087e-02 -3.522936e-02 -5.068950e-02 -1.661605e-02 1.728836e-02 1.110666e-01 -1.834973e-02 -1.264543e-02 -2.040059e-02 -2.326878e-02 3.967352e-03 2.070524e-02 1.284923e-02 8.375080e-03 5.990257e-03 8.973923e-03 4.615922e-03 8.584945e-03 -1.743818e-02
<VARIANCE> 39
 6.317200e+01 4.691912e+01 6.584516e+01 6.533665e+01 1.100853e+02 7.166379e+01 7.679080e+01 6.281863e+01 6.328462e+01 5.551934e+01 5.084157e+01 5.306971e+01 7.053654e+01 4.275026e+00 3.490142e+00 3.502100e+00 3.364287e+00 6.503375e+00 4.531754e+00 4.369958e+00 4.849093e+00 4.141036e+00 3.746093e+00 3.235410e+00 2.681447e+00 6.174587e+00 6.663984e-01 6.065691e-01 5.894676e-01 5.611446e-01 1.115104e+00 8.400889e-01 7.873074e-01 8.932716e-01 7.902926e-01 6.900685e-01 5.986156e-01 5.006960e-01 1.096819e+00
<GCONST> 1.399944e+02
<STATE> 4
<MEAN> 39
 -5.123752e+00 2.072287e+00 4.037623e+00 5.214067e+00 -6.870378e+00 -6.531586e+00 -8.536147e+00 -9.001935e+00 -3.187478e+00 -8.234238e+00 -2.604411e+00 -2.349434e+00 7.491525e+01 -5.222726e-02 -2.251316e-02 -2.362145e-03 -5.475150e-02 -8.220899e-03 4.479476e-02 6.293964e-02 -1.406993e-02 -1.600412e-02 -2.302053e-02 -4.709644e-04 3.814258e-02 7.575496e-02 -1.698692e-02 -1.794747e-02 -2.637228e-02 -2.674237e-02 -1.283509e-03 1.962136e-02 8.171512e-03 6.557555e-03 8.288555e-03 1.138615e-02 6.583150e-03 7.611472e-03 -1.408543e-02
<VARIANCE> 39
 6.751816e+01 4.666098e+01 6.623830e+01 6.660107e+01 1.102373e+02 7.231122e+01 7.708769e+01 6.332112e+01 6.409434e+01 5.559808e+01 5.107623e+01 5.386049e+01 6.289240e+01 4.392689e+00 3.408233e+00 3.514697e+00 3.413950e+00 6.492675e+00 4.534426e+00 4.340730e+00 4.823982e+00 4.163046e+00 3.770777e+00 3.238316e+00 2.683067e+00 5.965181e+00 6.781518e-01 5.954335e-01 5.975514e-01 5.707228e-01 1.115905e+00 8.389235e-01 7.843626e-01 8.851893e-01 7.952273e-01 6.951801e-01 6.014655e-01 5.009841e-01 1.062865e+00
<GCONST> 1.400127e+02
<TRANSP> 5
 0.000000e+00 1.000000e+00 0.000000e+00 0.000000e+00 0.000000e+00
 0.000000e+00 5.916203e-01 4.083797e-01 0.000000e+00 0.000000e+00
 0.000000e+00 0.000000e+00 5.916153e-01 4.083847e-01 0.000000e+00
 0.000000e+00 0.000000e+00 0.000000e+00 5.916281e-01 4.083719e-01
 0.000000e+00 0.000000e+00 0.000000e+00 0.000000e+00 0.000000e+00
<ENDHMM>
~h "M_pal"
<BEGINHMM>
<NUMSTATES> 5
<STATE> 2
<MEAN> 39
 -4.906036e+00 6.456131e-01 2.937574e+00 3.151958e+00 -5.087133e+00 -5.106575e+00 -8.471718e+00 -8.181430e+00 -3.738754e+00 -8.743349e+00 -2.963281e+00 -1.170398e+00 7.413208e+01 -9.588514e-02 4.658950e-02 9.677594e-02 2.421639e-02 1.351686e-01 1.339449e-03 -1.022954e-02 4.622521e-02 -4.430805e-02 1.671877e-02 -4.901170e-02 8.015608e-04 -6.358861e-02 -1.715463e-02 6.609777e-03 -1.078302e-02 -4.843174e-03 1.814557e-03 8.623564e-03 1.198060e-02 1.047627e-02 1.145866e-02 1.443377e-02 8.707246e-03 3.000283e-03 -1.832674e-02
<VARIANCE> 39
 1.043797e+02 4.369691e+01 6.981583e+01 6.654422e+01 1.037742e+02 6.840415e+01 7.505069e+01 6.030708e+01 7.938103e+01 6.559398e+01 5.229822e+01 6.442178e+01 6.739542e+01 6.532802e+00 3.093653e+00 4.076522e+00 3.638761e+00 5.886947e+00 4.681329e+00 4.576599e+00 4.261259e+00 4.668493e+00 4.984728e+00 3.159815e+00 3.186385e+00 5.333040e+00 8.854980e-01 5.327995e-01 7.276586e-01 6.438660e-01 9.498482e-01 8.676569e-01 7.878163e-01 7.436752e-01 7.975041e-01 8.472952e-01 5.833652e-01 5.834114e-01 8.701489e-01
<GCONST> 1.419964e+02
<STATE> 3
<MEAN> 39
 -5.285520e+00 8.172715e-01 3.174978e+00 3.209424e+00 -4.700501e+00 -5.077088e+00 -8.417673e+00 -7.984485e+00 -3.810920e+00 -8.640578e+00 -3.050037e+00 -1.144360e+00 7.386643e+01 -1.336359e-01 5.580088e-02 6.484018e-02 8.751058e-03 1.161321e-01 1.152249e-02 1.818877e-02 6.845687e-02 -9.650509e-03 5.786259e-02 -2.220921e-02 2.227831e-03 -8.147416e-02 -9.707333e-03 2.873129e-03 -1.292103e-02 -4.319719e-03 -7.899153e-03 5.141522e-03 1.318414e-02 6.590505e-03 1.197356e-02 1.430972e-02 8.901159e-03 1.014411e-03 -6.165734e-03
<VARIANCE> 39
 1.097805e+02 4.354480e+01 6.888653e+01 6.557364e+01 1.022704e+02 6.717453e+01 7.374113e+01 6.007520e+01 7.891328e+01 6.404236e+01 5.146962e+01 6.297959e+01 6.789660e+01 6.890190e+00 3.176749e+00 4.133341e+00 3.711302e+00 6.016090e+00 4.680247e+00 4.710270e+00 4.323109e+00 4.725242e+00 5.035139e+00 3.202921e+00 3.207224e+00 5.337844e+00 9.398552e-01 5.500925e-01 7.376280e-01 6.591228e-01 9.702529e-01 8.627126e-01 8.197396e-01 7.585220e-01 8.061870e-01 8.609046e-01 5.940199e-01 5.863959e-01 8.874208e-01
<GCONST> 1.423943e+02
<STATE> 4
<MEAN> 39
 -5.726911e+00 9.848207e-01 3.314922e+00 3.220318e+00 -4.431465e+00 -5.046748e+00 -8.306576e+00 -7.751154e+00 -3.780982e+00 -8.430828e+00 -3.062215e+00 -1.137739e+00 7.362022e+01 -1.444215e-01 5.154813e-02 2.886783e-02 -3.299119e-03 7.425433e-02 1.769000e-02 4.594272e-02 7.652013e-02 2.361473e-02 9.233443e-02 1.124630e-03 -3.169979e-03 -7.628668e-02 -3.640313e-03 -2.063959e-03 -1.217391e-02 -3.553144e-03 -1.080955e-02 7.321700e-03 1.423291e-02 3.603767e-03 9.946221e-03 1.060633e-02 7.537159e-03 -1.778087e-03 -1.668544e-03
<VARIANCE> 39
 1.155639e+02 4.313146e+01 6.719296e+01 6.572570e+01 1.011874e+02 6.657978e+01 7.271144e+01 6.042548e+01 7.750307e+01 6.266983e+01 5.089015e+01 6.133197e+01 6.850574e+01 7.199393e+00 3.230414e+00 4.144423e+00 3.774775e+00 6.145171e+00 4.690788e+00 4.867169e+00 4.397417e+00 4.747691e+00 5.028187e+00 3.230101e+00 3.208757e+00 5.486605e+00 9.847674e-01 5.616659e-01 7.390764e-01 6.698622e-01 9.900928e-01 8.542621e-01 8.543111e-01 7.776757e-01 8.108131e-01 8.658673e-01 6.010773e-01 5.851853e-01 9.170694e-01
<GCONST> 1.427269e+02
<TRANSP> 5
 0.000000e+00 1.000000e+00 0.000000e+00 0.000000e+00 0.000000e+00
 0.000000e+00 6.132286e-01 3.867714e-01 0.000000e+00 0.000000e+00
 0.000000e+00 0.000000e+00 6.132284e-01 3.867716e-01 0.000000e+00
 0.000000e+00 0.000000e+00 0.000000e+00 6.132296e-01 3.867703e-01
 0.000000e+00 0.000000e+00 0.000000e+00 0.000000e+00 0.000000e+00
<ENDHMM>
~h "Z_pal"
<BEGINHMM>
<NUMSTATES> 5
<STATE> 2
<MEAN> 39
 -7.558577e+00 -4.533282e-01 7.332631e+00 5.254345e+00 -6.387242e+00 -6.512604e+00 -7.407252e+00 -8.713947e+00 -3.693227e+00 -7.939329e+00 -4.301791e+00 -2.240026e+00 7.610247e+01 4.576999e-02 3.821436e-02 5.459859e-02 3.765871e-02 1.445893e-03 -2.520056e-02 6.464873e-03 -2.712679e-02 -2.987119e-02 -5.055382e-02 -2.023286e-02 -6.521145e-03 1.342822e-01 1.844807e-03 8.497788e-03 -2.535541e-02 -1.568210e-02 6.673542e-03 1.562422e-02 3.997510e-03 7.181512e-03 1.912990e-03 3.904284e-03 7.484362e-03 3.701571e-03 -1.800405e-02
<VARIANCE> 39
 9.438945e+01 3.198063e+01 1.151378e+02 7.689494e+01 1.226614e+02 6.939249e+01 8.998714e+01 5.820990e+01 5.455731e+01 6.464867e+01 5.652182e+01 4.569397e+01 5.872659e+01 6.808241e+00 2.278867e+00 5.535966e+00 3.290638e+00 6.234299e+00 4.419650e+00 5.133148e+00 4.399635e+00 3.788351e+00 4.097161e+00 3.611421e+00 2.485287e+00 3.139033e+00 9.720704e-01 4.012540e-01 7.094533e-01 5.224833e-01 9.685677e-01 8.102351e-01 8.829774e-01 7.659478e-01 7.102489e-01 7.157905e-01 6.402678e-01 4.590752e-01 4.671766e-01
<GCONST> 1.394178e+02
<STATE> 3
<MEAN> 39
 -7.411123e+00 -3.404656e-01 7.322690e+00 5.283972e+00 -6.378908e+00 -6.511114e+00 -7.385784e+00 -8.756217e+00 -3.745142e+00 -8.036366e+00 -4.302419e+00 -2.237843e+00 7.635696e+01 5.567932e-02 5.538279e-02 -3.653499e-02 -1.014807e-02 1.031760e-02 2.315579e-02 1.489104e-02 -4.898795e-03 -1.602862e-02 -3.366723e-02 8.599541e-03 6.966421e-03 7.539133e-02 7.469885e-04 5.050618e-03 -3.711587e-02 -1.912924e-02 3.579507e-03 1.870030e-02 2.623662e-03 9.564917e-03 7.142832e-03 7.681732e-03 1.197853e-02 4.652021e-03 -2.588538e-02
<VARIANCE> 39
 9.571021e+01 3.230770e+01 1.154804e+02 7.743687e+01 1.225329e+02 7.032684e+01 8.920845e+01 5.817108e+01 5.527058e+01 6.398450e+01 5.653588e+01 4.682022e+01 4.684212e+01 6.759754e+00 2.300871e+00 5.457717e+00 3.263792e+00 6.201766e+00 4.400843e+00 5.016792e+00 4.358362e+00 3.799038e+00 4.055905e+00 3.556024e+00 2.484611e+00 3.129858e+00 9.671615e-01 4.043104e-01 7.066446e-01 5.169207e-01 9.714370e-01 8.070765e-01 8.666996e-01 7.617756e-01 7.128165e-01 7.102498e-01 6.316414e-01 4.568872e-01 4.701557e-01
<GCONST> 1.391149e+02
<STATE> 4
<MEAN> 39
 -7.219422e+00 -1.951036e-01 7.031669e+00 5.182554e+00 -6.377327e+00 -6.376242e+00 -7.354037e+00 -8.740690e+00 -3.746218e+00 -8.082838e+00 -4.214257e+00 -2.195934e+00 7.643571e+01 6.615532e-02 6.361015e-02 -1.450367e-01 -6.047948e-02 6.921308e-03 7.178342e-02 1.584056e-02 1.761667e-02 6.868531e-03 -1.303478e-02 4.278667e-02 2.007976e-02 2.778795e-03 2.658375e-03 1.234851e-03 -4.185222e-02 -1.941745e-02 -3.128718e-03 1.692100e-02 -1.164554e-03 7.992714e-03 1.022334e-02 8.265768e-03 1.337629e-02 4.449824e-03 -2.925398e-02
<VARIANCE> 39
 9.779099e+01 3.303852e+01 1.148561e+02 7.836436e+01 1.222509e+02 7.176747e+01 8.863852e+01 5.860833e+01 5.631420e+01 6.333637e+01 5.671126e+01 4.840234e+01 4.053110e+01 6.642159e+00 2.340312e+00 5.197987e+00 3.228305e+00 6.152247e+00 4.337096e+00 4.881841e+00 4.309752e+00 3.818056e+00 4.009717e+00 3.487077e+00 2.490191e+00 3.088416e+00 9.490015e-01 4.109867e-01 6.949502e-01 5.135925e-01 9.725428e-01 7.979587e-01 8.463734e-01 7.570787e-01 7.173724e-01 7.050025e-01 6.229640e-01 4.566262e-01 4.820165e-01
<GCONST> 1.388696e+02
<TRANSP> 5
 0.000000e+00 1.000000e+00 0.000000e+00 0.000000e+00 0.000000e+00
 0.000000e+00 5.979466e-01 4.020534e-01 0.000000e+00 0.000000e+00
 0.000000e+00 0.000000e+00 5.979454e-01 4.020546e-01 0.000000e+00
 0.000000e+00 0.000000e+00 0.000000e+00 5.979446e-01 4.020554e-01
 0.000000e+00 0.000000e+00 0.000000e+00 0.000000e+00 0.000000e+00
<ENDHMM>
~h "g_pal"
<BEGINHMM>
<NUMSTATES> 5
<STATE> 2
<MEAN> 39
 -5.166540e+00 1.756275e+00 4.849106e+00 5.806834e+00 -8.656102e+00 -6.173343e+00 -8.204921e+00 -8.791209e+00 -3.473204e+00 -1.022144e+01 -2.212554e+00 -1.335291e+00 7.464784e+01 2.130676e-02 2.929962e-03 4.200607e-02 6.334689e-02 1.062057e-02 -3.168666e-02 -1.553149e-02 -4.786827e-03 -1.740642e-02 -3.524878e-02 -9.793472e-03 -8.967335e-04 1.104307e-01 -5.849327e-03 -4.870708e-03 -1.511022e-02 -2.004254e-02 7.406313e-03 1.161168e-02 5.494109e-03 3.067850e-03 2.621639e-03 1.628919e-02 1.248853e-03 -2.437907e-03 -3.541341e-03
<VARIANCE> 39
 6.435999e+01 4.728837e+01 7.290374e+01 8.295570e+01 1.085159e+02 7.309091e+01 7.822114e+01 6.359558e+01 7.672357e+01 6.429128e+01 5.496752e+01 6.076338e+01 7.365686e+01 4.312134e+00 3.445394e+00 3.415854e+00 3.786052e+00 5.949459e+00 4.720561e+00 4.290397e+00 4.663288e+00 4.473336e+00 4.581322e+00 3.466867e+00 2.855040e+00 5.183558e+00 6.966936e-01 6.187814e-01 5.408601e-01 5.834950e-01 1.002703e+00 8.635615e-01 7.812635e-01 8.507218e-01 8.398481e-01 8.189551e-01 6.513407e-01 5.371972e-01 9.051142e-01
<GCONST> 1.412891e+02
<STATE> 3
<MEAN> 39
 -5.153059e+00 1.714371e+00 4.888282e+00 5.883554e+00 -8.624568e+00 -6.214106e+00 -8.228372e+00 -8.808600e+00 -3.484279e+00 -1.022526e+01 -2.234591e+00 -1.346781e+00 7.492849e+01 -4.882449e-03 -2.203287e-02 -1.005124e-02 1.017148e-03 2.568641e-02 5.433991e-03 3.404640e-03 3.156628e-03 -6.709504e-04 2.053421e-02 -6.400512e-03 -6.709535e-03 9.893322e-02 -1.283965e-02 -1.098625e-02 -2.125918e-02 -2.571963e-02 5.841707e-03 1.543484e-02 7.881852e-03 3.324936e-03 7.581564e-03 2.296508e-02 1.199833e-03 -2.711272e-03 -7.400206e-03
<VARIANCE> 39
 6.675619e+01 4.739449e+01 7.304089e+01 8.170539e+01 1.083275e+02 7.306089e+01 7.781912e+01 6.362770e+01 7.687401e+01 6.336455e+01 5.495308e+01 6.105476e+01 6.337801e+01 4.411249e+00 3.417778e+00 3.457256e+00 3.767021e+00 6.006123e+00 4.761346e+00 4.284112e+00 4.640610e+00 4.474761e+00 4.555610e+00 3.439672e+00 2.860590e+00 5.167077e+00 7.067285e-01 6.150442e-01 5.505707e-01 5.828698e-01 1.014037e+00 8.702384e-01 7.771516e-01 8.430768e-01 8.431656e-01 8.177550e-01 6.462902e-01 5.385906e-01 8.971695e-01
<GCONST> 1.411865e+02
<STATE> 4
<MEAN> 39
 -5.222898e+00 1.595904e+00 4.768681e+00 5.784338e+00 -8.552810e+00 -6.141575e+00 -8.193250e+00 -8.801692e+00 -3.441287e+00 -1.006861e+01 -2.249400e+00 -1.371870e+00 7.515615e+01 -4.131079e-02 -5.235198e-02 -7.153532e-02 -6.863366e-02 4.094398e-02 4.977378e-02 2.586428e-02 1.272153e-02 2.100503e-02 8.240282e-02 -3.939237e-03 -1.300715e-02 7.145869e-02 -1.490348e-02 -1.202051e-02 -2.344486e-02 -2.722237e-02 5.031268e-03 1.637528e-02 7.784258e-03 3.254829e-03 8.762224e-03 2.348027e-02 9.734562e-04 -2.555417e-03 -1.284399e-02
<VARIANCE> 39
 7.113302e+01 4.709425e+01 7.350055e+01 8.107051e+01 1.084309e+02 7.345010e+01 7.801933e+01 6.384229e+01 7.631757e+01 6.303290e+01 5.489691e+01 6.111787e+01 5.661148e+01 4.486714e+00 3.328792e+00 3.471521e+00 3.730073e+00 6.050579e+00 4.737271e+00 4.260066e+00 4.596703e+00 4.437507e+00 4.465886e+00 3.401563e+00 2.850317e+00 5.105856e+00 7.101378e-01 5.996144e-01 5.608881e-01 5.827944e-01 1.022854e+00 8.653423e-01 7.701057e-01 8.309345e-01 8.400122e-01 8.086298e-01 6.384243e-01 5.366547e-01 8.854172e-01
<GCONST> 1.409792e+02
<TRANSP> 5
 0.000000e+00 1.000000e+00 0.000000e+00 0.000000e+00 0.000000e+00
 0.000000e+00 5.929463e-01 4.070537e-01 0.000000e+00 0.000000e+00
 0.000000e+00 0.000000e+00 5.929418e-01 4.070583e-01 0.000000e+00
 0.000000e+00 0.000000e+00 0.000000e+00 5.929441e-01 4.070559e-01
 0.000000e+00 0.000000e+00 0.000000e+00 0.000000e+00 0.000000e+00
<ENDHMM>
~h "t_pal"
<BEGINHMM>
<NUMSTATES> 5
<STATE> 2
<MEAN> 39
 -8.489008e+00 1.048229e+00 2.431522e+00 3.487183e+00 -5.829644e+00 -5.173845e+00 -7.290108e+00 -6.252318e+00 -2.765196e+00 -6.371614e+00 -1.782196e+00 -1.611248e+00 7.250382e+01 5.447367e-02 8.161346e-03 2.284979e-02 3.507014e-02 -1.468109e-02 -1.299640e-02 -1.911043e-02 -3.122095e-02 -1.502749e-02 -4.336223e-02 -1.912144e-02 -1.204938e-02 9.068343e-02 4.698849e-03 1.853870e-03 -4.969423e-03 -5.299076e-03 6.628959e-03 1.543478e-02 8.360302e-03 -2.658817e-03 -2.006566e-03 -6.036228e-03 -1.530848e-03 2.152263e-03 -7.627584e-03
<VARIANCE> 39
 9.400784e+01 3.708881e+01 6.063227e+01 6.317981e+01 1.030772e+02 6.995660e+01 7.496162e+01 6.134058e+01 5.604666e+01 5.917165e+01 4.519831e+01 4.738657e+01 1.044586e+02 6.383866e+00 3.152407e+00 4.271627e+00 4.502652e+00 6.425101e+00 5.222921e+00 5.346343e+00 4.942752e+00 3.912514e+00 4.322469e+00 3.243194e+00 2.886325e+00 8.931643e+00 9.479622e-01 6.071590e-01 8.284302e-01 8.381587e-01 1.061331e+00 9.447753e-01 9.451818e-01 8.880476e-01 7.515867e-01 7.822778e-01 6.202736e-01 5.341640e-01 1.608605e+00
<GCONST> 1.435767e+02
<STATE> 3
<MEAN> 39
 -8.312598e+00 1.062325e+00 2.476803e+00 3.560026e+00 -5.885299e+00 -5.188004e+00 -7.341331e+00 -6.359241e+00 -2.810916e+00 -6.515227e+00 -1.839944e+00 -1.645551e+00 7.275775e+01 6.875089e-02 8.625985e-03 8.597454e-03 1.844929e-02 -3.347499e-03 2.256707e-02 -2.141590e-03 -4.061976e-02 -1.948741e-02 -5.964042e-02 -2.339460e-02 -9.328224e-03 8.152783e-02 7.927832e-04 -7.081580e-04 -6.978695e-03 -9.674805e-03 4.646695e-03 1.455924e-02 6.670028e-03 -2.971242e-03 -7.037221e-04 -3.873945e-03 3.728463e-04 1.262950e-03 -7.980017e-03
<VARIANCE> 39
 9.417770e+01 3.676244e+01 6.067381e+01 6.416225e+01 1.042465e+02 7.129855e+01 7.472762e+01 6.162040e+01 5.656371e+01 5.937161e+01 4.605490e+01 4.819553e+01 9.498499e+01 6.357322e+00 3.097059e+00 4.233150e+00 4.492424e+00 6.429299e+00 5.251768e+00 5.291089e+00 4.925012e+00 3.933765e+00 4.323382e+00 3.248230e+00 2.870736e+00 8.650889e+00 9.468233e-01 5.965132e-01 8.188158e-01 8.332028e-01 1.061787e+00 9.461570e-01 9.355669e-01 8.868852e-01 7.554277e-01 7.829224e-01 6.207225e-01 5.306275e-01 1.548694e+00
<GCONST> 1.434154e+02
<STATE> 4
<MEAN> 39
 -8.100940e+00 1.070647e+00 2.481402e+00 3.583015e+00 -5.917399e+00 -5.115850e+00 -7.355144e+00 -6.491274e+00 -2.864408e+00 -6.695913e+00 -1.907503e+00 -1.678665e+00 7.299422e+01 6.991591e-02 3.952957e-03 -1.083989e-02 -9.064591e-03 5.357193e-03 5.672055e-02 1.207155e-02 -4.829751e-02 -1.912564e-02 -6.614579e-02 -2.139883e-02 -7.680912e-03 6.179331e-02 -3.378670e-03 -3.372502e-03 -9.114791e-03 -1.410081e-02 -4.125845e-04 1.059791e-02 3.482080e-03 -3.317560e-03 1.652534e-03 7.953234e-04 3.041781e-03 1.186536e-03 -1.102364e-02
<VARIANCE> 39
 9.572690e+01 3.676906e+01 6.103223e+01 6.588734e+01 1.056826e+02 7.304768e+01 7.494307e+01 6.207875e+01 5.746107e+01 5.969719e+01 4.720836e+01 4.948424e+01 8.670883e+01 6.328055e+00 3.045695e+00 4.188996e+00 4.468521e+00 6.445555e+00 5.246752e+00 5.217250e+00 4.896226e+00 3.975744e+00 4.334524e+00 3.264726e+00 2.857722e+00 8.332475e+00 9.411771e-01 5.848301e-01 8.051513e-01 8.223194e-01 1.063695e+00 9.403058e-01 9.210427e-01 8.825973e-01 7.621318e-01 7.837079e-01 6.225457e-01 5.276140e-01 1.468057e+00
<GCONST> 1.432874e+02
<TRANSP> 5
 0.000000e+00 1.000000e+00 0.000000e+00 0.000000e+00 0.000000e+00
 0.000000e+00 5.907723e-01 4.092277e-01 0.000000e+00 0.000000e+00
 0.000000e+00 0.000000e+00 5.907817e-01 4.092183e-01 0.000000e+00
 0.000000e+00 0.000000e+00 0.000000e+00 5.907661e-01 4.092339e-01
 0.000000e+00 0.000000e+00 0.000000e+00 0.000000e+00 0.000000e+00
<ENDHMM>
~h "j_pal"
<BEGINHMM>
<NUMSTATES> 5
<STATE> 2
<MEAN> 39
 -6.021738e+00 7.374163e-01 3.025475e+00 3.726105e+00 -9.393517e+00 -5.270641e+00 -7.337070e+00 -9.054436e+00 -2.514848e+00 -8.217087e+00 -2.292678e+00 -1.404543e+00 7.447488e+01 7.701956e-02 5.421408e-02 4.548404e-02 1.736223e-02 4.521440e-02 3.568444e-02 -8.770046e-03 -7.364000e-02 -5.601886e-02 -5.017082e-02 -5.087378e-02 -3.129881e-02 2.188117e-01 -5.546072e-03 2.778684e-03 -6.993571e-04 -6.047205e-03 2.394051e-02 1.154567e-02 -2.484224e-03 -1.072151e-03 -9.618955e-03 9.615954e-04 -8.282502e-04 -1.167786e-03 -4.465330e-03
<VARIANCE> 39
 8.605277e+01 3.947658e+01 7.420815e+01 8.167718e+01 1.146546e+02 8.167384e+01 8.856940e+01 7.548514e+01 6.478490e+01 6.349487e+01 5.888953e+01 5.540881e+01 9.492873e+01 4.514464e+00 2.346592e+00 4.298793e+00 4.125292e+00 5.201607e+00 4.252302e+00 4.180243e+00 4.541912e+00 3.788567e+00 4.044140e+00 3.112245e+00 2.531468e+00 4.212387e+00 5.948371e-01 3.999603e-01 6.663674e-01 6.159740e-01 7.982192e-01 6.919885e-01 7.067008e-01 7.641326e-01 6.938767e-01 6.909388e-01 5.607578e-01 4.520994e-01 5.743812e-01
<GCONST> 1.387448e+02
<STATE> 3
<MEAN> 39
 -5.838199e+00 8.390826e-01 3.051955e+00 3.702575e+00 -9.185705e+00 -5.145245e+00 -7.373221e+00 -9.196853e+00 -2.663548e+00 -8.288649e+00 -2.412070e+00 -1.480586e+00 7.497737e+01 4.936622e-02 4.304297e-02 6.329387e-04 -2.057590e-02 1.233377e-01 7.948331e-02 -2.891779e-03 -4.097561e-02 -6.464815e-02 -1.914301e-02 -3.814863e-02 -2.547517e-02 1.569560e-01 -1.588722e-02 -6.907739e-03 -2.098974e-02 -1.621237e-02 2.823390e-02 1.435461e-02 1.597444e-03 1.575287e-02 -3.709565e-04 1.477484e-02 8.945676e-03 3.458197e-03 -3.434350e-02
<VARIANCE> 39
 8.816718e+01 4.082449e+01 7.671821e+01 8.170632e+01 1.142896e+02 8.299893e+01 8.901588e+01 7.490495e+01 6.517183e+01 6.338165e+01 5.953584e+01 5.744187e+01 7.321647e+01 4.689733e+00 2.412539e+00 4.413914e+00 4.178056e+00 5.315524e+00 4.347390e+00 4.257593e+00 4.571009e+00 3.860619e+00 4.080937e+00 3.161656e+00 2.575866e+00 4.426952e+00 6.158720e-01 4.097524e-01 6.869827e-01 6.284741e-01 8.170153e-01 7.052435e-01 7.176449e-01 7.704760e-01 7.089434e-01 7.018292e-01 5.701691e-01 4.596356e-01 5.821579e-01
<GCONST> 1.391811e+02
<STATE> 4
<MEAN> 39
 -5.762070e+00 8.919795e-01 2.894135e+00 3.546044e+00 -8.753319e+00 -4.869050e+00 -7.353365e+00 -9.187721e+00 -2.803455e+00 -8.235508e+00 -2.468563e+00 -1.527101e+00 7.520495e+01 -3.899593e-03 2.134821e-02 -7.342845e-02 -7.365064e-02 1.989526e-01 1.282584e-01 1.634400e-02 2.132030e-02 -5.453528e-02 3.232060e-02 -6.234410e-03 -1.215558e-02 3.037583e-02 -2.418051e-02 -9.859893e-03 -3.071190e-02 -2.316076e-02 2.129386e-02 1.289426e-02 5.719465e-03 2.553347e-02 8.050716e-03 2.218052e-02 1.475559e-02 6.105546e-03 -5.512369e-02
<VARIANCE> 39
 9.221943e+01 4.164551e+01 7.767750e+01 8.186919e+01 1.147244e+02 8.453968e+01 8.931403e+01 7.406613e+01 6.527292e+01 6.293753e+01 6.003957e+01 5.939245e+01 6.134338e+01 4.918398e+00 2.462723e+00 4.330081e+00 4.197654e+00 5.392629e+00 4.374866e+00 4.285353e+00 4.500382e+00 3.916965e+00 4.052169e+00 3.196993e+00 2.618744e+00 4.425643e+00 6.443391e-01 4.181456e-01 6.874285e-01 6.408805e-01 8.391224e-01 7.170208e-01 7.257362e-01 7.678439e-01 7.236475e-01 7.064344e-01 5.789581e-01 4.689476e-01 5.932425e-01
<GCONST> 1.394521e+02
<TRANSP> 5
 0.000000e+00 1.000000e+00 0.000000e+00 0.000000e+00 0.000000e+00
 0.000000e+00 5.936557e-01 4.063443e-01 0.000000e+00 0.000000e+00
 0.000000e+00 0.000000e+00 5.936624e-01 4.063376e-01 0.000000e+00
 0.000000e+00 0.000000e+00 0.000000e+00 5.936549e-01 4.063451e-01
 0.000000e+00 0.000000e+00 0.000000e+00 0.000000e+00 0.000000e+00
<ENDHMM>
~h "S_pal"
<BEGINHMM>
<NUMSTATES> 5
<STATE> 2
<MEAN> 39
 -1.333873e+01 -3.910639e+00 5.691567e+00 2.771428e+00 -5.539113e+00 -5.796176e+00 -5.327574e+00 -5.868068e+00 -1.864691e+00 -5.305171e+00 -2.151283e+00 -6.186895e-01 7.464068e+01 -5.469890e-02 -5.885353e-02 6.064874e-02 2.811057e-03 9.100077e-03 -3.080472e-02 -1.462712e-02 -1.507246e-02 -5.397640e-03 6.141847e-04 1.219760e-02 7.962673e-04 1.901222e-01 1.952324e-02 1.806842e-02 -1.873921e-02 -6.827625e-03 -3.789152e-04 8.199662e-03 -6.286675e-03 -4.487756e-03 -5.271208e-03 -4.757020e-03 1.137500e-03 -2.133752e-03 -9.402892e-03
<VARIANCE> 39
 1.688076e+02 5.533663e+01 7.584311e+01 6.922352e+01 9.597697e+01 6.391181e+01 8.028279e+01 5.846690e+01 5.363024e+01 6.524219e+01 4.699539e+01 4.180521e+01 7.875069e+01 1.105474e+01 4.476764e+00 4.265802e+00 3.941192e+00 6.030824e+00 4.391277e+00 5.445773e+00 4.542213e+00 4.171700e+00 4.455487e+00 3.492960e+00 2.735760e+00 4.374386e+00 1.344600e+00 7.378626e-01 7.206667e-01 6.528971e-01 1.034949e+00 7.800140e-01 8.962859e-01 7.880157e-01 7.726055e-01 7.624969e-01 6.376901e-01 4.894598e-01 6.834460e-01
<GCONST> 1.431369e+02
<STATE> 3
<MEAN> 39
 -1.333485e+01 -3.946604e+00 5.731804e+00 2.764457e+00 -5.536420e+00 -5.845204e+00 -5.412602e+00 -5.948638e+00 -1.911511e+00 -5.335503e+00 -2.124813e+00 -6.409702e-01 7.503539e+01 4.052550e-02 1.403616e-02 -7.679716e-03 -7.902587e-03 -1.288138e-04 -3.898609e-03 -4.229392e-02 -3.856825e-02 -2.646192e-02 -2.241264e-02 9.844250e-03 -1.105293e-02 1.457165e-01 3.889083e-02 3.059296e-02 -2.881474e-02 -4.023069e-03 -3.149780e-03 1.182651e-02 -1.081069e-02 -9.522338e-03 -7.643765e-03 -9.832095e-03 -9.093617e-04 -4.950508e-03 -2.160505e-02
<VARIANCE> 39
 1.731141e+02 5.687085e+01 7.477679e+01 6.991034e+01 9.597316e+01 6.458257e+01 8.099255e+01 5.848416e+01 5.383916e+01 6.460160e+01 4.769798e+01 4.299759e+01 6.263022e+01 1.114942e+01 4.497984e+00 4.239551e+00 3.967101e+00 5.964900e+00 4.427596e+00 5.460814e+00 4.547314e+00 4.177402e+00 4.433999e+00 3.503592e+00 2.759684e+00 4.408034e+00 1.355324e+00 7.392715e-01 7.214513e-01 6.590163e-01 1.021108e+00 7.827693e-01 8.999409e-01 7.895858e-01 7.720643e-01 7.587209e-01 6.391141e-01 4.932246e-01 6.892065e-01
<GCONST> 1.430723e+02
<STATE> 4
<MEAN> 39
 -1.298063e+01 -3.745256e+00 5.565119e+00 2.750241e+00 -5.573085e+00 -5.812205e+00 -5.593702e+00 -6.109537e+00 -2.025854e+00 -5.447597e+00 -2.119099e+00 -7.078469e-01 7.526971e+01 1.760521e-01 1.073759e-01 -8.922970e-02 -1.043971e-02 -1.354641e-02 3.080844e-02 -7.791886e-02 -6.925056e-02 -4.959174e-02 -5.514025e-02 2.603564e-03 -2.799211e-02 7.478371e-02 5.193321e-02 3.616021e-02 -3.173466e-02 -9.360263e-04 -4.967891e-03 1.402220e-02 -1.325628e-02 -1.188420e-02 -7.586118e-03 -1.286018e-02 -2.399306e-03 -6.400164e-03 -3.081793e-02
<VARIANCE> 39
 1.758294e+02 5.824435e+01 7.393755e+01 7.075399e+01 9.677616e+01 6.598561e+01 8.190110e+01 5.882913e+01 5.437802e+01 6.423431e+01 4.870391e+01 4.465840e+01 5.237876e+01 1.099280e+01 4.400148e+00 4.138302e+00 3.986294e+00 5.940529e+00 4.438917e+00 5.460061e+00 4.573371e+00 4.196308e+00 4.428709e+00 3.520122e+00 2.793185e+00 4.351969e+00 1.347907e+00 7.304956e-01 7.162933e-01 6.647975e-01 1.013761e+00 7.848194e-01 9.023333e-01 7.957878e-01 7.750803e-01 7.594808e-01 6.420288e-01 4.991737e-01 6.986902e-01
<GCONST> 1.430246e+02
<TRANSP> 5
 0.000000e+00 1.000000e+00 0.000000e+00 0.000000e+00 0.000000e+00
 0.000000e+00 5.950429e-01 4.049571e-01 0.000000e+00 0.000000e+00
 0.000000e+00 0.000000e+00 5.950458e-01 4.049542e-01 0.000000e+00
 0.000000e+00 0.000000e+00 0.000000e+00 5.950429e-01 4.049571e-01
 0.000000e+00 0.000000e+00 0.000000e+00 0.000000e+00 0.000000e+00
<ENDHMM>
~h "m_pal"
<BEGINHMM>
<NUMSTATES> 5
<STATE> 2
<MEAN> 39
 -4.182955e+00 2.611448e-01 1.773266e+00 3.177242e+00 -6.382274e+00 -4.568234e+00 -8.204445e+00 -9.137500e+00 -2.789006e+00 -7.970805e+00 -3.033069e+00 -1.721352e+00 7.502290e+01 -6.250676e-03 5.111067e-02 2.039630e-02 4.296520e-02 2.524764e-02 -2.472025e-02 1.439401e-03 -1.996364e-03 -9.967310e-03 -1.787974e-02 -1.808681e-02 -2.893225e-02 4.926125e-02 -1.845884e-02 1.567261e-03 1.197878e-03 -7.957448e-03 5.834034e-04 7.375260e-03 3.429359e-03 5.555742e-03 8.833758e-04 3.242512e-03 7.834662e-03 3.055899e-03 -7.231371e-03
<VARIANCE> 39
 9.904002e+01 3.920182e+01 6.483672e+01 6.358343e+01 1.054041e+02 7.103230e+01 8.324740e+01 6.660694e+01 6.732221e+01 6.126113e+01 5.505685e+01 6.642442e+01 6.498102e+01 5.873670e+00 2.783321e+00 3.968098e+00 3.575798e+00 6.583290e+00 3.969353e+00 4.231296e+00 4.070618e+00 4.651828e+00 4.576642e+00 3.124617e+00 3.153553e+00 4.623682e+00 7.806742e-01 5.014704e-01 7.147158e-01 6.028502e-01 1.147131e+00 7.027147e-01 7.356009e-01 7.121278e-01 8.801304e-01 8.325793e-01 5.829886e-01 5.801289e-01 7.609017e-01
<GCONST> 1.406336e+02
<STATE> 3
<MEAN> 39
 -4.284458e+00 3.838154e-01 1.817501e+00 3.245211e+00 -6.328514e+00 -4.612207e+00 -8.173197e+00 -9.109430e+00 -2.793753e+00 -7.983305e+00 -3.048682e+00 -1.791209e+00 7.512203e+01 -6.774560e-02 4.934299e-02 1.550444e-02 1.257185e-02 2.511497e-02 -8.593717e-04 2.124653e-02 1.982987e-02 -2.537109e-03 1.821206e-03 4.772634e-03 -2.062820e-02 2.292540e-02 -2.367364e-02 -1.988924e-03 -3.836382e-03 -1.327155e-02 -1.245433e-03 9.213219e-03 7.945621e-03 8.452238e-03 2.533572e-03 8.883297e-03 9.182294e-03 4.075307e-03 -1.344408e-02
<VARIANCE> 39
 1.008739e+02 3.968366e+01 6.528014e+01 6.366650e+01 1.064915e+02 7.148308e+01 8.297255e+01 6.622326e+01 6.745260e+01 6.136123e+01 5.530542e+01 6.650870e+01 5.842318e+01 5.869187e+00 2.809238e+00 3.951540e+00 3.567078e+00 6.619911e+00 3.988181e+00 4.260123e+00 4.079609e+00 4.641791e+00 4.522502e+00 3.137498e+00 3.146752e+00 4.765214e+00 7.810605e-01 5.063759e-01 7.100969e-01 6.007228e-01 1.147950e+00 7.047381e-01 7.406891e-01 7.140129e-01 8.798815e-01 8.240985e-01 5.851402e-01 5.779750e-01 7.765291e-01
<GCONST> 1.406450e+02
<STATE> 4
<MEAN> 39
 -4.565131e+00 4.960971e-01 1.835329e+00 3.219965e+00 -6.271776e+00 -4.582864e+00 -8.070754e+00 -9.009637e+00 -2.776414e+00 -7.928121e+00 -3.000994e+00 -1.838717e+00 7.513050e+01 -1.335777e-01 4.322777e-02 1.613464e-03 -2.567576e-02 2.306569e-02 2.628903e-02 4.796863e-02 4.644809e-02 4.515357e-03 2.987483e-02 2.922146e-02 -1.038526e-02 -1.947690e-02 -2.347294e-02 -3.397661e-03 -7.002664e-03 -1.587399e-02 -3.300715e-03 8.905727e-03 1.007765e-02 9.932430e-03 3.102381e-03 1.202931e-02 9.038773e-03 4.035043e-03 -1.878046e-02
<VARIANCE> 39
 1.046920e+02 4.027387e+01 6.583724e+01 6.443698e+01 1.076030e+02 7.229263e+01 8.281326e+01 6.594223e+01 6.725154e+01 6.162708e+01 5.553181e+01 6.637125e+01 5.535695e+01 5.845540e+00 2.836428e+00 3.916755e+00 3.565393e+00 6.635750e+00 4.007566e+00 4.260715e+00 4.090125e+00 4.606642e+00 4.440350e+00 3.160612e+00 3.128618e+00 4.883554e+00 7.840441e-01 5.112410e-01 7.034836e-01 6.008868e-01 1.144283e+00 7.085508e-01 7.447321e-01 7.185801e-01 8.752407e-01 8.116094e-01 5.892543e-01 5.736941e-01 7.972671e-01
<GCONST> 1.407125e+02
<TRANSP> 5
 0.000000e+00 1.000000e+00 0.000000e+00 0.000000e+00 0.000000e+00
 0.000000e+00 5.926948e-01 4.073052e-01 0.000000e+00 0.000000e+00
 0.000000e+00 0.000000e+00 5.926822e-01 4.073177e-01 0.000000e+00
 0.000000e+00 0.000000e+00 0.000000e+00 5.926898e-01 4.073102e-01
 0.000000e+00 0.000000e+00 0.000000e+00 0.000000e+00 0.000000e+00
<ENDHMM>
~h "z_pal"
<BEGINHMM>
<NUMSTATES> 5
<STATE> 2
<MEAN> 39
 -7.861731e+00 4.264413e+00 3.345421e+00 4.070272e+00 -3.902751e+00 -5.926514e+00 -9.405400e+00 -9.284937e+00 -3.649856e+00 -7.831059e+00 -2.702028e+00 -3.066061e+00 7.617729e+01 -3.570742e-02 -2.751618e-02 9.201121e-02 8.184645e-02 -2.102084e-03 -2.541566e-02 2.995929e-02 1.564395e-03 3.133805e-02 -4.134737e-03 1.920487e-03 1.346645e-02 7.283936e-03 1.387639e-02 -2.124689e-02 -7.569454e-03 -6.886236e-03 -1.698288e-02 1.084901e-02 1.352400e-02 2.505841e-03 2.365162e-03 -4.163864e-04 3.038983e-03 9.851672e-03 -1.088756e-02
<VARIANCE> 39
 8.150417e+01 6.524709e+01 6.335459e+01 6.814240e+01 1.192945e+02 7.787971e+01 7.510520e+01 5.760242e+01 5.640663e+01 5.287286e+01 4.989952e+01 5.357896e+01 4.102509e+01 6.453986e+00 4.619562e+00 3.281151e+00 3.456412e+00 6.863883e+00 4.875443e+00 4.757272e+00 4.320010e+00 3.769570e+00 3.442429e+00 3.255962e+00 2.351231e+00 4.082654e+00 9.803632e-01 6.843669e-01 5.398543e-01 5.557077e-01 9.787236e-01 8.204846e-01 8.285261e-01 7.717294e-01 6.890003e-01 6.288760e-01 5.578423e-01 4.281832e-01 7.101151e-01
<GCONST> 1.392234e+02
<STATE> 3
<MEAN> 39
 -7.885947e+00 4.101674e+00 3.560372e+00 4.255901e+00 -3.990932e+00 -5.962804e+00 -9.291375e+00 -9.274643e+00 -3.562809e+00 -7.849976e+00 -2.678273e+00 -2.990007e+00 7.616675e+01 4.990682e-03 -8.473698e-02 6.935765e-02 6.136833e-02 -4.907402e-02 -4.564868e-04 6.108199e-02 6.966372e-03 3.647679e-02 -5.278870e-03 1.036395e-02 3.832919e-02 -1.440373e-02 1.458843e-02 -2.054557e-02 -9.845040e-03 -9.960551e-03 -1.659992e-02 1.055288e-02 1.140294e-02 3.059609e-03 1.307761e-03 -2.678404e-04 3.775701e-03 9.485476e-03 -9.686486e-03
<VARIANCE> 39
 8.150899e+01 6.473520e+01 6.411466e+01 6.867455e+01 1.205309e+02 7.807105e+01 7.435635e+01 5.806986e+01 5.699939e+01 5.309481e+01 4.981739e+01 5.299606e+01 4.099599e+01 6.352259e+00 4.496994e+00 3.309448e+00 3.466079e+00 6.782890e+00 4.859761e+00 4.659423e+00 4.315375e+00 3.779054e+00 3.425686e+00 3.235307e+00 2.340167e+00 4.118623e+00 9.593949e-01 6.703293e-01 5.422255e-01 5.536348e-01 9.684585e-01 8.150610e-01 8.141985e-01 7.694172e-01 6.890668e-01 6.243963e-01 5.558969e-01 4.250218e-01 7.201334e-01
<GCONST> 1.390911e+02
<STATE> 4
<MEAN> 39
 -7.801308e+00 3.795385e+00 3.705992e+00 4.380244e+00 -4.197838e+00 -5.940246e+00 -9.106789e+00 -9.253419e+00 -3.465014e+00 -7.868163e+00 -2.633628e+00 -2.854769e+00 7.611254e+01 4.300982e-02 -1.346337e-01 4.002981e-02 3.287337e-02 -9.020169e-02 2.339984e-02 8.628739e-02 1.362120e-02 3.885499e-02 -4.634915e-03 1.947366e-02 6.025477e-02 -3.427603e-02 1.336624e-02 -1.731181e-02 -1.208576e-02 -1.284764e-02 -1.475599e-02 9.033998e-03 8.624092e-03 3.328907e-03 4.145776e-04 6.488640e-04 3.730241e-03 8.055822e-03 -8.978697e-03
<VARIANCE> 39
 8.254236e+01 6.385276e+01 6.515275e+01 6.982315e+01 1.211706e+02 7.841474e+01 7.449083e+01 5.886114e+01 5.791650e+01 5.367648e+01 5.013226e+01 5.293835e+01 4.169547e+01 6.214713e+00 4.317918e+00 3.351856e+00 3.490311e+00 6.666434e+00 4.815200e+00 4.551415e+00 4.315686e+00 3.806162e+00 3.438998e+00 3.226418e+00 2.347285e+00 4.174357e+00 9.320806e-01 6.522607e-01 5.487308e-01 5.548812e-01 9.597707e-01 8.067896e-01 7.978638e-01 7.681442e-01 6.932852e-01 6.256546e-01 5.577756e-01 4.255209e-01 7.313009e-01
<GCONST> 1.390736e+02
<TRANSP> 5
 0.000000e+00 1.000000e+00 0.000000e+00 0.000000e+00 0.000000e+00
 0.000000e+00 5.926197e-01 4.073803e-01 0.000000e+00 0.000000e+00
 0.000000e+00 0.000000e+00 5.926207e-01 4.073793e-01 0.000000e+00
 0.000000e+00 0.000000e+00 0.000000e+00 5.926201e-01 4.073799e-01
 0.000000e+00 0.000000e+00 0.000000e+00 0.000000e+00 0.000000e+00
<ENDHMM>
~h "sil"
<BEGINHMM>
<NUMSTATES> 5
<STATE> 2
<MEAN> 39
 -1.287253e+01 4.993812e-01 -9.432831e-01 1.196712e+00 4.342732e-01 1.698168e+00 -1.349072e-01 -7.602725e-01 -1.080982e+00 -1.430031e+00 -1.044169e+00 2.785927e-01 4.638349e+01 -1.652691e-01 -5.739321e-02 -8.699853e-02 -6.446552e-02 -4.294457e-02 -8.905915e-02 -2.323497e-02 1.168242e-01 1.045833e-01 2.148262e-01 1.327063e-01 6.390415e-02 -8.096341e-01 2.386031e-02 2.383448e-02 2.034623e-02 1.171726e-02 -2.823296e-02 -8.835333e-03 -1.753284e-02 -2.418040e-02 1.795696e-03 -1.898611e-02 -5.952015e-03 -1.020493e-02 1.641543e-01
<VARIANCE> 39
 4.008065e+01 1.417740e+01 1.851214e+01 2.205680e+01 2.701834e+01 2.647280e+01 2.400433e+01 2.756015e+01 2.816532e+01 2.988345e+01 2.460070e+01 2.808271e+01 1.362943e+02 2.159207e+00 1.058306e+00 1.345024e+00 1.683526e+00 2.161855e+00 2.108309e+00 1.995835e+00 2.255031e+00 2.230549e+00 2.329685e+00 1.982746e+00 1.908866e+00 4.437934e+00 2.489098e-01 1.675188e-01 2.179934e-01 2.708523e-01 3.458524e-01 3.355305e-01 3.242863e-01 3.636811e-01 3.572235e-01 3.706535e-01 3.141121e-01 2.958790e-01 3.711461e-01
<GCONST> 1.087341e+02
<STATE> 3
<MEAN> 39
 -1.315179e+01 4.379856e-01 -1.031244e+00 1.084858e+00 2.252111e-01 1.433298e+00 -2.808933e-01 -5.745668e-01 -8.632680e-01 -1.017768e+00 -7.093242e-01 4.077253e-01 4.502481e+01 -6.218565e-02 9.338933e-03 -1.403873e-03 -2.009487e-02 -1.241073e-01 -1.184406e-01 -8.608779e-02 1.598449e-02 6.755439e-02 1.057971e-01 9.938718e-02 1.828475e-02 -2.717820e-01 5.584674e-02 2.140189e-02 4.200863e-02 2.364331e-02 -1.473155e-02 7.417530e-04 -1.738376e-02 -4.298193e-02 -2.826049e-02 -6.221471e-02 -2.121164e-02 -2.210099e-02 2.476149e-01
<VARIANCE> 39
 2.596946e+01 1.319355e+01 1.659312e+01 1.836050e+01 2.284660e+01 2.260782e+01 2.276063e+01 2.513572e+01 2.467468e+01 2.644025e+01 2.065653e+01 2.270833e+01 1.131505e+02 1.898404e+00 1.131816e+00 1.387809e+00 1.593683e+00 2.002368e+00 2.028438e+00 2.046659e+00 2.344845e+00 2.223538e+00 2.408154e+00 1.924928e+00 1.870044e+00 5.286100e+00 2.706766e-01 2.030835e-01 2.426809e-01 2.842132e-01 3.601230e-01 3.662785e-01 3.719881e-01 4.234506e-01 3.993950e-01 4.173082e-01 3.468470e-01 3.299041e-01 4.603202e-01
<GCONST> 1.081579e+02
<STATE> 4
<MEAN> 39
 -1.310625e+01 5.171982e-01 -8.781898e-01 1.073478e+00 -2.371540e-01 1.045075e+00 -6.455579e-01 -7.461658e-01 -8.291382e-01 -1.008408e+00 -5.195776e-01 3.812624e-01 4.516410e+01 1.074395e-01 4.979736e-02 1.064505e-01 2.466437e-02 -1.838102e-01 -1.396921e-01 -1.544532e-01 -1.253668e-01 -2.941733e-02 -8.822541e-02 2.996404e-02 -4.469169e-02 4.204760e-01 6.431918e-02 7.573724e-03 3.719641e-02 1.072897e-02 -2.175131e-02 -9.949497e-03 -2.635274e-02 -5.044886e-02 -3.723118e-02 -7.259542e-02 -2.190945e-02 -1.811360e-02 2.540983e-01
<VARIANCE> 39
 2.621747e+01 1.523681e+01 1.930444e+01 2.020520e+01 2.582025e+01 2.399489e+01 2.568685e+01 2.825242e+01 2.555266e+01 2.891141e+01 2.001281e+01 2.125381e+01 1.328357e+02 1.976173e+00 1.319742e+00 1.615094e+00 1.704870e+00 2.152938e+00 2.109803e+00 2.212898e+00 2.553162e+00 2.303898e+00 2.570108e+00 1.906492e+00 1.827000e+00 5.974875e+00 2.867751e-01 2.261304e-01 2.608843e-01 2.799692e-01 3.580126e-01 3.540445e-01 3.644122e-01 4.168265e-01 3.780124e-01 4.048026e-01 3.168823e-01 2.986017e-01 5.540584e-01
<GCONST> 1.100993e+02
<TRANSP> 5
 0.000000e+00 1.000000e+00 0.000000e+00 0.000000e+00 0.000000e+00
 0.000000e+00 5.973946e-01 4.026053e-01 0.000000e+00 0.000000e+00
 0.000000e+00 0.000000e+00 5.973718e-01 4.026282e-01 0.000000e+00
 0.000000e+00 0.000000e+00 0.000000e+00 5.972858e-01 4.027143e-01
 0.000000e+00 0.000000e+00 0.000000e+00 0.000000e+00 0.000000e+00
<ENDHMM>
~h "p_pal"
<BEGINHMM>
<NUMSTATES> 5
<STATE> 2
<MEAN> 39
 -7.402107e+00 -1.582447e-01 1.838616e+00 3.305074e+00 -5.618043e+00 -3.702677e+00 -7.361218e+00 -6.567377e+00 -2.046856e+00 -5.337770e+00 -1.367095e+00 -1.705601e+00 7.093984e+01 3.447624e-02 -1.492154e-02 6.201006e-02 1.053522e-01 -3.331858e-02 -5.340131e-02 -2.712727e-02 -1.492501e-02 -5.601367e-03 -2.633782e-02 -2.516363e-03 3.656069e-03 1.485952e-01 2.914690e-05 4.361747e-03 -6.151330e-04 -4.373814e-03 -4.935998e-03 -3.884002e-03 -2.215145e-03 -4.999620e-03 -4.079162e-03 -9.825107e-03 -4.100036e-04 2.443766e-03 1.770048e-02
<VARIANCE> 39
 9.378542e+01 3.705317e+01 5.408382e+01 6.892738e+01 1.062570e+02 6.877606e+01 8.036661e+01 6.238776e+01 5.359889e+01 6.150042e+01 4.769762e+01 4.714879e+01 1.517208e+02 6.213911e+00 2.935798e+00 3.667187e+00 3.970153e+00 6.695147e+00 4.615983e+00 5.388411e+00 4.938814e+00 4.009073e+00 4.496202e+00 3.295773e+00 2.802236e+00 1.050706e+01 9.596650e-01 5.489355e-01 6.916295e-01 6.870023e-01 1.085438e+00 8.092290e-01 9.757072e-01 8.972843e-01 7.598976e-01 8.190379e-01 6.350991e-01 5.195987e-01 1.828831e+00
<GCONST> 1.434459e+02
<STATE> 3
<MEAN> 39
 -7.305314e+00 -1.922138e-01 1.984764e+00 3.548829e+00 -5.758575e+00 -3.880667e+00 -7.468213e+00 -6.650927e+00 -2.081875e+00 -5.457599e+00 -1.382318e+00 -1.703524e+00 7.142384e+01 4.597909e-02 -8.087415e-03 5.567975e-02 8.527730e-02 -5.916335e-02 -6.842194e-02 -4.226550e-02 -3.874623e-02 -1.932901e-02 -5.664317e-02 -8.345384e-03 2.428854e-03 2.138820e-01 5.335193e-03 2.068399e-03 -3.514462e-03 -9.473384e-03 -1.085401e-02 -5.430748e-03 -6.882299e-03 -1.019693e-02 -5.416505e-03 -1.177318e-02 -2.521272e-03 -1.164436e-03 2.605160e-02
<VARIANCE> 39
 9.269529e+01 3.694709e+01 5.523095e+01 6.872145e+01 1.078774e+02 6.920581e+01 8.071281e+01 6.275011e+01 5.406580e+01 6.230551e+01 4.798818e+01 4.738403e+01 1.372501e+02 6.140885e+00 2.927279e+00 3.711053e+00 3.985420e+00 6.694565e+00 4.675307e+00 5.465133e+00 4.970959e+00 4.036166e+00 4.568802e+00 3.339442e+00 2.806916e+00 1.037015e+01 9.457373e-01 5.455089e-01 6.949831e-01 6.881587e-01 1.083537e+00 8.176575e-01 9.873223e-01 9.015418e-01 7.634159e-01 8.308367e-01 6.439222e-01 5.212694e-01 1.796113e+00
<GCONST> 1.435008e+02
<STATE> 4
<MEAN> 39
 -7.157315e+00 -2.139035e-01 2.100566e+00 3.719407e+00 -5.981380e+00 -4.095753e+00 -7.622476e+00 -6.810805e+00 -2.160286e+00 -5.659897e+00 -1.421916e+00 -1.716875e+00 7.208363e+01 6.603679e-02 -4.082526e-03 4.150744e-02 5.343898e-02 -9.095939e-02 -8.017184e-02 -6.064249e-02 -6.852128e-02 -3.573791e-02 -8.740214e-02 -1.756205e-02 -3.806546e-03 2.766839e-01 7.636659e-03 1.146121e-03 -6.512603e-03 -1.373653e-02 -1.260198e-02 -3.638147e-03 -7.165345e-03 -1.162485e-02 -6.086786e-03 -1.136963e-02 -3.434914e-03 -2.577425e-03 2.175612e-02
<VARIANCE> 39
 9.261208e+01 3.723120e+01 5.699809e+01 6.926730e+01 1.097354e+02 6.999735e+01 8.114216e+01 6.308899e+01 5.508205e+01 6.331375e+01 4.860773e+01 4.809035e+01 1.214909e+02 6.095958e+00 2.929119e+00 3.770101e+00 4.012974e+00 6.713889e+00 4.730794e+00 5.526073e+00 4.996451e+00 4.073869e+00 4.634328e+00 3.391868e+00 2.822101e+00 1.006845e+01 9.305025e-01 5.432370e-01 7.002302e-01 6.901430e-01 1.085126e+00 8.248428e-01 9.934965e-01 9.031749e-01 7.683575e-01 8.399402e-01 6.534063e-01 5.241963e-01 1.725255e+00
<GCONST> 1.435938e+02
<TRANSP> 5
 0.000000e+00 1.000000e+00 0.000000e+00 0.000000e+00 0.000000e+00
 0.000000e+00 5.907605e-01 4.092395e-01 0.000000e+00 0.000000e+00
 0.000000e+00 0.000000e+00 5.907603e-01 4.092397e-01 0.000000e+00
 0.000000e+00 0.000000e+00 0.000000e+00 5.907581e-01 4.092419e-01
 0.000000e+00 0.000000e+00 0.000000e+00 0.000000e+00 0.000000e+00
<ENDHMM>
~h "L_pal"
<BEGINHMM>
<NUMSTATES> 5
<STATE> 2
<MEAN> 39
 -6.217866e+00 -5.988868e-01 3.774187e+00 3.492929e+00 -6.890881e+00 -5.481303e+00 -9.944824e+00 -8.995025e+00 -2.737202e+00 -7.309975e+00 -2.729369e+00 -2.440308e+00 7.586990e+01 -1.286986e-01 8.173510e-02 5.441340e-02 6.675665e-02 4.694918e-02 -2.599110e-02 1.032377e-01 5.238337e-02 -2.445346e-02 -7.074896e-02 -1.544051e-02 4.141250e-02 -5.212465e-02 -9.216341e-03 3.765390e-03 -1.845747e-02 -1.467371e-02 4.466258e-03 8.095163e-03 1.254965e-02 1.572523e-02 3.044117e-03 5.044502e-03 4.709595e-03 6.509001e-03 -1.181143e-02
<VARIANCE> 39
 9.752344e+01 4.070095e+01 7.210130e+01 7.499387e+01 1.000241e+02 6.329602e+01 8.521333e+01 6.763639e+01 6.446429e+01 6.428553e+01 5.502351e+01 5.578910e+01 4.376550e+01 5.610219e+00 3.067454e+00 3.856171e+00 3.572603e+00 5.792723e+00 4.684333e+00 5.281586e+00 5.479616e+00 4.601097e+00 4.068738e+00 3.637746e+00 2.822320e+00 4.391604e+00 7.778334e-01 5.436131e-01 6.624126e-01 5.922900e-01 9.871370e-01 8.955057e-01 9.090657e-01 9.997026e-01 8.712395e-01 7.386044e-01 6.746805e-01 5.315113e-01 7.855448e-01
<GCONST> 1.412589e+02
<STATE> 3
<MEAN> 39
 -6.574735e+00 -3.618219e-01 3.876902e+00 3.641201e+00 -6.738453e+00 -5.518888e+00 -9.633577e+00 -8.827028e+00 -2.794429e+00 -7.468470e+00 -2.740675e+00 -2.305951e+00 7.568148e+01 -1.428365e-01 8.847856e-02 5.166277e-03 2.765241e-02 5.203447e-02 -4.484181e-03 1.298771e-01 8.758090e-02 -1.337553e-02 -5.625312e-02 -4.899130e-03 5.503695e-02 -7.219786e-02 -3.005424e-03 2.708552e-03 -1.889024e-02 -1.595807e-02 2.128528e-03 1.006931e-02 9.241836e-03 1.217526e-02 4.054432e-03 6.305530e-03 3.386845e-03 4.797934e-03 -7.978007e-03
<VARIANCE> 39
 1.027410e+02 3.985373e+01 7.093862e+01 7.516769e+01 9.992053e+01 6.395829e+01 8.372501e+01 6.774581e+01 6.483012e+01 6.397336e+01 5.443878e+01 5.416796e+01 4.369542e+01 6.010097e+00 3.054470e+00 3.879187e+00 3.694939e+00 5.895024e+00 4.765667e+00 5.315331e+00 5.417615e+00 4.563970e+00 4.139968e+00 3.621779e+00 2.812139e+00 4.431071e+00 8.345062e-01 5.481776e-01 6.737297e-01 6.117420e-01 1.014722e+00 9.071969e-01 9.223782e-01 9.909075e-01 8.667091e-01 7.508888e-01 6.715370e-01 5.301949e-01 8.066857e-01
<GCONST> 1.415774e+02
<STATE> 4
<MEAN> 39
 -6.941357e+00 -1.184487e-01 3.850894e+00 3.686517e+00 -6.592397e+00 -5.501780e+00 -9.269061e+00 -8.585789e+00 -2.817302e+00 -7.585750e+00 -2.732516e+00 -2.146945e+00 7.547065e+01 -1.410811e-01 9.108320e-02 -4.232680e-02 -1.357727e-02 5.117090e-02 2.115482e-02 1.475025e-01 1.107592e-01 -1.555384e-03 -3.823150e-02 1.436860e-03 6.294499e-02 -8.149435e-02 2.066975e-03 9.362392e-04 -1.626796e-02 -1.513585e-02 1.314722e-03 1.212425e-02 6.414554e-03 6.541351e-03 3.705030e-03 7.963539e-03 2.586052e-03 2.196025e-03 -4.632988e-03
<VARIANCE> 39
 1.090439e+02 3.936265e+01 6.958165e+01 7.524096e+01 9.983227e+01 6.502682e+01 8.221613e+01 6.787835e+01 6.497729e+01 6.374535e+01 5.383065e+01 5.324843e+01 4.418059e+01 6.449622e+00 3.023852e+00 3.896830e+00 3.797021e+00 5.985589e+00 4.834280e+00 5.306531e+00 5.324941e+00 4.529485e+00 4.203532e+00 3.593153e+00 2.806506e+00 4.518890e+00 8.930567e-01 5.494342e-01 6.841072e-01 6.282303e-01 1.038522e+00 9.135603e-01 9.266112e-01 9.739602e-01 8.615223e-01 7.615094e-01 6.664701e-01 5.283527e-01 8.291020e-01
<GCONST> 1.418612e+02
<TRANSP> 5
 0.000000e+00 1.000000e+00 0.000000e+00 0.000000e+00 0.000000e+00
 0.000000e+00 6.009260e-01 3.990740e-01 0.000000e+00 0.000000e+00
 0.000000e+00 0.000000e+00 6.009245e-01 3.990755e-01 0.000000e+00
 0.000000e+00 0.000000e+00 0.000000e+00 6.009262e-01 3.990739e-01
 0.000000e+00 0.000000e+00 0.000000e+00 0.000000e+00 0.000000e+00
<ENDHMM>
~h "f_pal"
<BEGINHMM>
<NUMSTATES> 5
<STATE> 2
<MEAN> 39
 -9.502602e+00 -3.524114e-01 -2.079469e-01 1.905432e+00 -5.507768e+00 -3.097730e+00 -7.947762e+00 -6.135780e+00 -1.410515e+00 -5.174596e+00 -1.449668e+00 -2.040668e+00 7.403989e+01 5.751398e-02 3.313114e-02 6.356725e-02 3.421745e-02 -1.727608e-02 -3.907062e-02 -1.642487e-02 -2.743848e-02 -2.345061e-03 -7.843208e-02 -1.444513e-02 3.687693e-02 7.129667e-02 1.510169e-02 8.144920e-03 3.079860e-03 -7.207835e-03 -4.463891e-03 -3.198580e-03 3.746166e-03 -8.640468e-03 -9.924763e-03 -1.043856e-02 -3.145233e-03 7.399095e-04 -4.138679e-04
<VARIANCE> 39
 1.227067e+02 4.149898e+01 5.959040e+01 6.935974e+01 8.468712e+01 6.502323e+01 7.213438e+01 6.395437e+01 5.404283e+01 6.233783e+01 4.918031e+01 5.344193e+01 6.960228e+01 9.188967e+00 3.198436e+00 3.890268e+00 3.878627e+00 5.532928e+00 4.584723e+00 4.960916e+00 4.833199e+00 4.175884e+00 4.128246e+00 3.228153e+00 2.864486e+00 4.519905e+00 1.328723e+00 5.853311e-01 7.107520e-01 6.816888e-01 9.503603e-01 8.035144e-01 8.632483e-01 8.393629e-01 7.855661e-01 7.244707e-01 6.025063e-01 5.246015e-01 7.586104e-01
<GCONST> 1.413548e+02
<STATE> 3
<MEAN> 39
 -9.276913e+00 -2.378699e-01 -2.208889e-02 1.963576e+00 -5.591271e+00 -3.221679e+00 -7.996812e+00 -6.273079e+00 -1.459661e+00 -5.420618e+00 -1.490313e+00 -1.959599e+00 7.421310e+01 1.132718e-01 4.742052e-02 6.972727e-02 7.438738e-03 -4.065729e-02 -5.099218e-02 -1.297974e-02 -5.837930e-02 -2.724795e-02 -1.027391e-01 -1.997069e-02 3.095942e-02 8.086473e-02 2.097973e-02 4.214448e-03 4.179580e-04 -1.111266e-02 -8.409646e-03 -2.824979e-03 1.624520e-03 -1.164984e-02 -8.534722e-03 -6.630256e-03 -1.526192e-03 -3.217981e-03 3.016992e-03
<VARIANCE> 39
 1.225914e+02 4.248063e+01 6.131966e+01 7.123607e+01 8.607831e+01 6.552597e+01 7.244479e+01 6.405263e+01 5.549574e+01 6.338214e+01 4.952708e+01 5.427780e+01 6.126434e+01 8.946094e+00 3.201184e+00 3.938941e+00 3.903811e+00 5.480371e+00 4.598948e+00 4.931237e+00 4.821592e+00 4.203147e+00 4.177867e+00 3.234623e+00 2.854471e+00 4.611404e+00 1.295132e+00 5.819831e-01 7.209734e-01 6.881812e-01 9.430959e-01 8.057913e-01 8.612472e-01 8.409021e-01 7.895476e-01 7.349911e-01 6.052272e-01 5.240365e-01 7.790635e-01
<GCONST> 1.414521e+02
<STATE> 4
<MEAN> 39
 -8.883041e+00 -1.015056e-01 1.749974e-01 1.937524e+00 -5.748558e+00 -3.376393e+00 -8.041397e+00 -6.493592e+00 -1.566342e+00 -5.716472e+00 -1.540372e+00 -1.901599e+00 7.442687e+01 1.738871e-01 5.401788e-02 6.966434e-02 -2.481785e-02 -6.369870e-02 -5.597485e-02 -8.837809e-03 -8.725490e-02 -4.642402e-02 -1.150126e-01 -2.259726e-02 2.046929e-02 9.083267e-02 2.134472e-02 1.743888e-03 -1.402054e-03 -1.199551e-02 -6.831008e-03 4.212263e-04 2.455303e-03 -1.008523e-02 -6.318335e-03 -2.377028e-03 -8.201600e-04 -4.699458e-03 1.610676e-03
<VARIANCE> 39
 1.223071e+02 4.357058e+01 6.322537e+01 7.318581e+01 8.824249e+01 6.656731e+01 7.305801e+01 6.417033e+01 5.736532e+01 6.419968e+01 5.023447e+01 5.548587e+01 5.522121e+01 8.616156e+00 3.192194e+00 3.963949e+00 3.927993e+00 5.472362e+00 4.587768e+00 4.888829e+00 4.793447e+00 4.232630e+00 4.214632e+00 3.261250e+00 2.858533e+00 4.689136e+00 1.245582e+00 5.761268e-01 7.262182e-01 6.930733e-01 9.429221e-01 8.039607e-01 8.562616e-01 8.387174e-01 7.926939e-01 7.420224e-01 6.107442e-01 5.246151e-01 8.029378e-01
<GCONST> 1.415659e+02
<TRANSP> 5
 0.000000e+00 1.000000e+00 0.000000e+00 0.000000e+00 0.000000e+00
 0.000000e+00 5.948224e-01 4.051776e-01 0.000000e+00 0.000000e+00
 0.000000e+00 0.000000e+00 5.948219e-01 4.051781e-01 0.000000e+00
 0.000000e+00 0.000000e+00 0.000000e+00 5.948234e-01 4.051766e-01
 0.000000e+00 0.000000e+00 0.000000e+00 0.000000e+00 0.000000e+00
<ENDHMM>
~h "dZ_pal"
<BEGINHMM>
<NUMSTATES> 5
<STATE> 2
<MEAN> 39
 -6.661015e+00 5.832750e-02 6.416930e+00 4.374706e+00 -6.060208e+00 -5.233304e+00 -7.297012e+00 -8.862323e+00 -3.527473e+00 -7.661893e+00 -3.793880e+00 -2.491006e+00 7.584062e+01 6.333170e-02 3.611124e-02 -1.447846e-01 -7.909735e-02 -2.416542e-02 9.472807e-02 2.466035e-02 7.609208e-03 5.209561e-03 -1.018622e-02 1.940837e-02 5.751320e-02 -2.432332e-02 4.558694e-03 8.280105e-03 -2.738638e-02 -1.046966e-02 8.268238e-03 1.897098e-02 5.752027e-03 8.136334e-03 2.022236e-03 4.319035e-03 6.689916e-03 2.612986e-03 -2.504463e-02
<VARIANCE> 39
 9.514649e+01 3.715271e+01 1.093774e+02 8.766276e+01 1.112888e+02 7.552412e+01 9.917284e+01 5.938701e+01 5.426138e+01 6.130709e+01 5.688992e+01 4.908018e+01 4.305334e+01 7.731209e+00 2.718650e+00 5.499731e+00 3.890112e+00 6.460650e+00 5.058365e+00 6.050136e+00 4.660298e+00 3.900004e+00 4.110682e+00 3.877282e+00 2.772244e+00 3.424571e+00 1.211722e+00 4.809217e-01 7.469718e-01 6.308479e-01 1.009043e+00 9.392117e-01 1.065114e+00 8.372731e-01 7.347826e-01 7.288767e-01 7.053367e-01 5.104903e-01 5.888753e-01
<GCONST> 1.422189e+02
<STATE> 3
<MEAN> 39
 -6.460173e+00 1.584932e-01 5.954354e+00 4.152226e+00 -6.115237e+00 -4.952510e+00 -7.246298e+00 -8.824300e+00 -3.507116e+00 -7.663566e+00 -3.715526e+00 -2.331483e+00 7.572378e+01 6.728033e-02 5.183752e-02 -2.086512e-01 -1.002623e-01 -1.999320e-03 1.381634e-01 3.903824e-02 2.856391e-02 9.895747e-03 -5.480205e-05 3.608767e-02 6.409836e-02 -8.384406e-02 -7.867266e-03 3.185745e-03 -1.981575e-02 -8.323655e-03 1.243249e-02 1.521910e-02 5.195057e-03 9.342531e-03 2.644903e-03 5.580860e-03 7.768747e-03 5.367981e-04 -2.593534e-02
<VARIANCE> 39
 9.778867e+01 3.778658e+01 1.073510e+02 8.806110e+01 1.106360e+02 7.816661e+01 9.920549e+01 6.069688e+01 5.518046e+01 6.068501e+01 5.776593e+01 5.120708e+01 4.282706e+01 7.612378e+00 2.694622e+00 5.353327e+00 3.870226e+00 6.416911e+00 5.060757e+00 5.915177e+00 4.651330e+00 3.927386e+00 4.109501e+00 3.840561e+00 2.790534e+00 3.503072e+00 1.184970e+00 4.763641e-01 7.440414e-01 6.269557e-01 1.008416e+00 9.379613e-01 1.041997e+00 8.358603e-01 7.425908e-01 7.319253e-01 6.985473e-01 5.134322e-01 5.932983e-01
<GCONST> 1.422487e+02
<STATE> 4
<MEAN> 39
 -6.271422e+00 2.894749e-01 5.348473e+00 3.888433e+00 -6.112144e+00 -4.575402e+00 -7.154487e+00 -8.733014e+00 -3.477670e+00 -7.642777e+00 -3.597889e+00 -2.159068e+00 7.546120e+01 3.897016e-02 5.664291e-02 -2.502885e-01 -1.177954e-01 2.869159e-02 1.699207e-01 5.282507e-02 5.181507e-02 1.579401e-02 1.324269e-02 5.404538e-02 6.376607e-02 -1.474175e-01 -1.805632e-02 -1.710242e-03 -1.255041e-02 -8.360965e-03 1.056181e-02 7.803699e-03 2.281360e-03 8.415638e-03 3.515091e-03 7.149848e-03 8.094066e-03 -1.228201e-03 -2.642541e-02
<VARIANCE> 39
 1.008086e+02 3.859486e+01 1.040842e+02 8.836791e+01 1.102947e+02 8.098717e+01 9.877211e+01 6.234089e+01 5.637650e+01 6.027891e+01 5.846077e+01 5.346934e+01 4.568282e+01 7.405673e+00 2.673648e+00 5.130031e+00 3.847238e+00 6.367831e+00 5.011905e+00 5.723540e+00 4.630903e+00 3.942925e+00 4.097974e+00 3.779152e+00 2.794886e+00 3.667033e+00 1.140051e+00 4.720746e-01 7.354257e-01 6.236001e-01 1.009146e+00 9.270419e-01 1.009495e+00 8.323178e-01 7.473161e-01 7.325045e-01 6.878625e-01 5.150625e-01 6.073704e-01
<GCONST> 1.422624e+02
<TRANSP> 5
 0.000000e+00 1.000000e+00 0.000000e+00 0.000000e+00 0.000000e+00
 0.000000e+00 5.985234e-01 4.014765e-01 0.000000e+00 0.000000e+00
 0.000000e+00 0.000000e+00 5.985258e-01 4.014742e-01 0.000000e+00
 0.000000e+00 0.000000e+00 0.000000e+00 5.985233e-01 4.014767e-01
 0.000000e+00 0.000000e+00 0.000000e+00 0.000000e+00 0.000000e+00
<ENDHMM>
~h "s_pal"
<BEGINHMM>
<NUMSTATES> 5
<STATE> 2
<MEAN> 39
 -1.337380e+01 2.276059e+00 1.124364e+00 1.038920e+00 -4.083317e+00 -4.548638e+00 -7.367436e+00 -5.507278e+00 -1.868904e+00 -5.966547e+00 -1.589142e+00 -1.665632e+00 7.525838e+01 6.994234e-03 -1.790761e-02 5.166023e-02 4.674245e-02 6.937122e-03 -3.055070e-02 -1.366229e-03 3.376207e-03 1.144757e-03 -2.215223e-02 -5.391263e-03 -9.950846e-04 3.539056e-02 3.470580e-02 -7.017350e-03 -8.623506e-04 6.565225e-03 -1.118468e-02 7.545979e-03 2.472847e-03 -1.127059e-02 -6.644363e-03 -7.175671e-03 -1.564707e-03 1.187542e-03 -1.205196e-02
<VARIANCE> 39
 1.836252e+02 3.959219e+01 6.511502e+01 6.577261e+01 9.882761e+01 6.787327e+01 7.645744e+01 6.662917e+01 5.864225e+01 5.577978e+01 4.399833e+01 4.780333e+01 5.424391e+01 1.296256e+01 3.237133e+00 4.751223e+00 4.331665e+00 6.459763e+00 4.781697e+00 5.750178e+00 5.348952e+00 4.375144e+00 4.123392e+00 3.278775e+00 2.920405e+00 4.257265e+00 1.633447e+00 5.798692e-01 8.734142e-01 7.200346e-01 1.042579e+00 8.482532e-01 9.724973e-01 9.177909e-01 8.117856e-01 7.378697e-01 6.154024e-01 5.221959e-01 7.105371e-01
<GCONST> 1.434896e+02
<STATE> 3
<MEAN> 39
 -1.318695e+01 2.190026e+00 1.257908e+00 1.185085e+00 -4.134001e+00 -4.604938e+00 -7.383386e+00 -5.554037e+00 -1.896069e+00 -6.052928e+00 -1.610156e+00 -1.677251e+00 7.530009e+01 1.132023e-01 -3.894306e-02 5.165987e-02 6.634124e-02 -2.804935e-02 -1.147453e-02 4.082709e-05 -3.027798e-02 -1.996240e-02 -4.179531e-02 -1.056210e-02 -1.094213e-03 1.792976e-03 3.816128e-02 -7.775012e-03 -8.388653e-04 5.640997e-03 -1.291630e-02 8.871661e-03 5.114531e-04 -1.244145e-02 -7.381465e-03 -6.256223e-03 -7.191524e-04 3.921327e-04 -1.556043e-02
<VARIANCE> 39
 1.830866e+02 3.960634e+01 6.567118e+01 6.666135e+01 1.003117e+02 6.812505e+01 7.585887e+01 6.642859e+01 5.864132e+01 5.590125e+01 4.422190e+01 4.831938e+01 4.991035e+01 1.264606e+01 3.198365e+00 4.732062e+00 4.332656e+00 6.383277e+00 4.770878e+00 5.669291e+00 5.308283e+00 4.364018e+00 4.114188e+00 3.248364e+00 2.897399e+00 4.374490e+00 1.598804e+00 5.757158e-01 8.686181e-01 7.198406e-01 1.029055e+00 8.446667e-01 9.602659e-01 9.115637e-01 8.078812e-01 7.359724e-01 6.089536e-01 5.194596e-01 7.343156e-01
<GCONST> 1.433186e+02
<STATE> 4
<MEAN> 39
 -1.269914e+01 2.044542e+00 1.397145e+00 1.383359e+00 -4.282448e+00 -4.616296e+00 -7.405100e+00 -5.693278e+00 -1.984414e+00 -6.189610e+00 -1.647332e+00 -1.695321e+00 7.525199e+01 2.180280e-01 -6.054671e-02 5.157269e-02 8.023179e-02 -6.325557e-02 8.578259e-03 -2.204658e-03 -6.338479e-02 -4.032018e-02 -5.691417e-02 -1.319455e-02 -2.090215e-03 -3.807187e-02 3.675114e-02 -8.240768e-03 -9.484586e-04 2.402847e-03 -1.396377e-02 7.788935e-03 -1.769262e-03 -1.195157e-02 -6.447286e-03 -3.969482e-03 4.226523e-04 -1.083178e-04 -1.700709e-02
<VARIANCE> 39
 1.808806e+02 3.980054e+01 6.623360e+01 6.797920e+01 1.023753e+02 6.890306e+01 7.579504e+01 6.624140e+01 5.888176e+01 5.639597e+01 4.490730e+01 4.930204e+01 4.870342e+01 1.202157e+01 3.151434e+00 4.678227e+00 4.315729e+00 6.315967e+00 4.745913e+00 5.559215e+00 5.239846e+00 4.350564e+00 4.118122e+00 3.230547e+00 2.876767e+00 4.512851e+00 1.534438e+00 5.705081e-01 8.568574e-01 7.181101e-01 1.019091e+00 8.386387e-01 9.439875e-01 9.029078e-01 8.049732e-01 7.367390e-01 6.048937e-01 5.176676e-01 7.654913e-01
<GCONST> 1.431977e+02
<TRANSP> 5
 0.000000e+00 1.000000e+00 0.000000e+00 0.000000e+00 0.000000e+00
 0.000000e+00 5.937051e-01 4.062950e-01 0.000000e+00 0.000000e+00
 0.000000e+00 0.000000e+00 5.937063e-01 4.062938e-01 0.000000e+00
 0.000000e+00 0.000000e+00 0.000000e+00 5.937034e-01 4.062966e-01
 0.000000e+00 0.000000e+00 0.000000e+00 0.000000e+00 0.000000e+00
<ENDHMM>
~h "v_pal"
<BEGINHMM>
<NUMSTATES> 5
<STATE> 2
<MEAN> 39
 -6.752754e+00 4.264518e-01 2.396241e+00 4.180188e+00 -6.637934e+00 -5.218164e+00 -8.621279e+00 -8.906876e+00 -2.514245e+00 -7.189576e+00 -2.157861e+00 -2.313922e+00 7.475652e+01 6.263363e-02 3.086094e-02 4.745343e-02 6.572710e-02 -3.372747e-03 -4.168185e-02 -4.749770e-02 -6.145200e-02 -3.236437e-02 -6.486989e-02 -3.395726e-02 -9.077417e-03 1.867107e-01 -2.170359e-03 1.827784e-03 -3.454298e-03 -9.499255e-03 1.875004e-03 5.815320e-03 3.848613e-03 2.763073e-03 -1.525078e-03 1.087396e-03 5.537099e-04 2.252782e-03 -5.557033e-03
<VARIANCE> 39
 9.872757e+01 4.105693e+01 6.498312e+01 7.810353e+01 1.029393e+02 6.956032e+01 8.029647e+01 6.589258e+01 5.684552e+01 6.044506e+01 5.391405e+01 5.032323e+01 7.867812e+01 5.628385e+00 2.856497e+00 3.346107e+00 3.582105e+00 5.683348e+00 4.025992e+00 4.354134e+00 4.231096e+00 3.858034e+00 3.593719e+00 2.983581e+00 2.457219e+00 4.534630e+00 7.643546e-01 5.278457e-01 5.642591e-01 5.620478e-01 9.749413e-01 7.204165e-01 7.467238e-01 7.324727e-01 7.295011e-01 6.362959e-01 5.417341e-01 4.460140e-01 7.402426e-01
<GCONST> 1.383170e+02
<STATE> 3
<MEAN> 39
 -6.629703e+00 4.927308e-01 2.489049e+00 4.288519e+00 -6.658444e+00 -5.307518e+00 -8.712491e+00 -9.041311e+00 -2.583786e+00 -7.322315e+00 -2.228657e+00 -2.325593e+00 7.518509e+01 3.605417e-02 2.658158e-02 2.920847e-02 2.293767e-02 -1.750364e-03 -2.131463e-02 -2.165428e-02 -4.098415e-02 -2.707878e-02 -4.606887e-02 -2.243179e-02 5.140175e-04 1.565916e-01 -1.247657e-02 -3.352482e-03 -9.077482e-03 -1.889445e-02 -5.974905e-04 8.255823e-03 1.091067e-02 9.108012e-03 3.068466e-03 9.229793e-03 5.749963e-03 3.460082e-03 -1.500637e-02
<VARIANCE> 39
 9.924446e+01 4.114111e+01 6.560323e+01 7.871017e+01 1.041412e+02 7.033764e+01 7.972672e+01 6.513426e+01 5.752650e+01 6.028757e+01 5.431593e+01 5.121533e+01 6.407578e+01 5.707178e+00 2.869749e+00 3.397248e+00 3.610020e+00 5.757028e+00 4.079295e+00 4.392931e+00 4.274806e+00 3.893142e+00 3.621694e+00 2.997622e+00 2.476396e+00 4.571311e+00 7.744110e-01 5.292904e-01 5.740532e-01 5.642017e-01 9.811218e-01 7.282256e-01 7.528290e-01 7.388619e-01 7.352930e-01 6.421322e-01 5.437734e-01 4.497313e-01 7.393206e-01
<GCONST> 1.383971e+02
<STATE> 4
<MEAN> 39
 -6.614875e+00 5.359326e-01 2.514821e+00 4.249855e+00 -6.671496e+00 -5.326640e+00 -8.703317e+00 -9.091913e+00 -2.626973e+00 -7.380708e+00 -2.250268e+00 -2.305054e+00 7.549420e+01 -7.699549e-03 1.527899e-02 -1.996678e-04 -3.760679e-02 -1.347635e-03 6.488324e-03 1.733961e-02 -7.150898e-03 -1.620046e-02 -1.500538e-02 -2.179288e-03 1.173737e-02 1.033098e-01 -1.693072e-02 -5.084090e-03 -1.246337e-02 -2.471127e-02 -1.131283e-03 1.056909e-02 1.479064e-02 1.329213e-02 4.434335e-03 1.270460e-02 8.002438e-03 4.108027e-03 -2.314171e-02
<VARIANCE> 39
 1.008549e+02 4.120906e+01 6.636334e+01 7.947525e+01 1.054031e+02 7.144500e+01 7.968653e+01 6.481634e+01 5.827494e+01 6.029357e+01 5.459638e+01 5.225300e+01 5.483188e+01 5.773861e+00 2.880150e+00 3.447449e+00 3.610853e+00 5.834663e+00 4.117767e+00 4.403610e+00 4.303276e+00 3.938936e+00 3.645774e+00 3.008026e+00 2.504224e+00 4.555716e+00 7.828355e-01 5.289344e-01 5.860361e-01 5.668855e-01 9.865014e-01 7.336162e-01 7.577649e-01 7.460304e-01 7.432589e-01 6.494172e-01 5.471820e-01 4.557782e-01 7.436322e-01
<GCONST> 1.385443e+02
<TRANSP> 5
 0.000000e+00 1.000000e+00 0.000000e+00 0.000000e+00 0.000000e+00
 0.000000e+00 5.924759e-01 4.075241e-01 0.000000e+00 0.000000e+00
 0.000000e+00 0.000000e+00 5.924699e-01 4.075301e-01 0.000000e+00
 0.000000e+00 0.000000e+00 0.000000e+00 5.924685e-01 4.075316e-01
 0.000000e+00 0.000000e+00 0.000000e+00 0.000000e+00 0.000000e+00
<ENDHMM>
~h "R_pal"
<BEGINHMM>
<NUMSTATES> 5
<STATE> 2
<MEAN> 39
 -7.598082e+00 -8.092797e-01 2.415433e+00 4.203233e+00 -6.878895e+00 -5.675383e+00 -9.494326e+00 -7.636373e+00 -2.437812e+00 -6.413854e+00 -1.924201e+00 -2.158443e+00 7.547945e+01 -1.586017e-01 8.302182e-03 1.375805e-01 9.282414e-02 1.243490e-02 -8.040261e-02 8.775122e-04 1.412853e-02 -3.676080e-02 -4.398588e-02 -4.314017e-02 -5.519006e-04 5.324391e-02 -5.413885e-03 1.600596e-02 4.841544e-04 -8.032067e-03 1.717543e-02 1.807592e-02 1.792854e-02 6.075043e-03 -1.595231e-03 -1.040342e-03 4.064000e-03 3.991498e-03 -3.634382e-02
<VARIANCE> 39
 1.120713e+02 4.270936e+01 6.754782e+01 7.356530e+01 9.580990e+01 6.221911e+01 8.293816e+01 6.825464e+01 6.016516e+01 5.923702e+01 4.857316e+01 4.634931e+01 7.055360e+01 6.082117e+00 3.199112e+00 3.824772e+00 4.285536e+00 6.158510e+00 4.228747e+00 5.183415e+00 4.737934e+00 4.189071e+00 4.249764e+00 3.716542e+00 2.736543e+00 6.379474e+00 8.078064e-01 5.721421e-01 6.755898e-01 7.019500e-01 1.075117e+00 7.639807e-01 8.995962e-01 8.207358e-01 7.892470e-01 7.833369e-01 7.110533e-01 5.135391e-01 1.076800e+00
<GCONST> 1.419958e+02
<STATE> 3
<MEAN> 39
 -8.035920e+00 -7.221424e-01 2.753300e+00 4.396282e+00 -6.756943e+00 -5.784913e+00 -9.405771e+00 -7.564790e+00 -2.531658e+00 -6.508418e+00 -2.003386e+00 -2.137510e+00 7.544105e+01 -1.539869e-01 4.657764e-02 1.291559e-01 5.989653e-02 4.717959e-02 -3.476927e-02 4.208788e-02 2.539698e-02 -3.940117e-02 -4.852362e-02 -3.072198e-02 9.432690e-03 -1.810108e-02 6.957986e-03 1.510273e-02 -5.715764e-03 -1.401923e-02 1.241785e-02 1.793765e-02 1.603517e-02 4.150931e-03 -4.920212e-04 -1.897712e-03 4.810892e-03 4.315928e-03 -2.605956e-02
<VARIANCE> 39
 1.172803e+02 4.274710e+01 6.784049e+01 7.214729e+01 9.735120e+01 6.144039e+01 8.235588e+01 6.809384e+01 6.005993e+01 6.002070e+01 4.767555e+01 4.584892e+01 6.621627e+01 6.367310e+00 3.216725e+00 3.870713e+00 4.232642e+00 6.177600e+00 4.243862e+00 5.232098e+00 4.719790e+00 4.163874e+00 4.261060e+00 3.637908e+00 2.718914e+00 6.048916e+00 8.431872e-01 5.801271e-01 6.839278e-01 6.933986e-01 1.082333e+00 7.712892e-01 9.129657e-01 8.215916e-01 7.904934e-01 7.850583e-01 6.938193e-01 5.089784e-01 1.062667e+00
<GCONST> 1.419638e+02
<STATE> 4
<MEAN> 39
 -8.406574e+00 -5.560945e-01 3.044045e+00 4.481154e+00 -6.585212e+00 -5.793933e+00 -9.235908e+00 -7.486127e+00 -2.629353e+00 -6.617832e+00 -2.052129e+00 -2.095520e+00 7.529324e+01 -1.149201e-01 7.615428e-02 1.044106e-01 1.636727e-02 6.312881e-02 3.760228e-03 7.299029e-02 2.673433e-02 -3.997328e-02 -5.369932e-02 -1.969437e-02 1.811288e-02 -5.570517e-02 1.884867e-02 1.115893e-02 -1.233907e-02 -1.752708e-02 6.047620e-03 1.573661e-02 1.293580e-02 7.949320e-04 2.493100e-05 -1.164365e-03 3.838624e-03 3.492795e-03 -1.458290e-02
<VARIANCE> 39
 1.218218e+02 4.297150e+01 6.759034e+01 7.092297e+01 9.889222e+01 6.145136e+01 8.178287e+01 6.773927e+01 5.994795e+01 6.087212e+01 4.723750e+01 4.577977e+01 6.320243e+01 6.692808e+00 3.245389e+00 3.911207e+00 4.177766e+00 6.216722e+00 4.276863e+00 5.298605e+00 4.714676e+00 4.145778e+00 4.272470e+00 3.569046e+00 2.716029e+00 5.894048e+00 8.837143e-01 5.897619e-01 6.925665e-01 6.899650e-01 1.089238e+00 7.798626e-01 9.280213e-01 8.247480e-01 7.910345e-01 7.850208e-01 6.787179e-01 5.069814e-01 1.062998e+00
<GCONST> 1.420623e+02
<TRANSP> 5
 0.000000e+00 1.000000e+00 0.000000e+00 0.000000e+00 0.000000e+00
 0.000000e+00 5.930657e-01 4.069343e-01 0.000000e+00 0.000000e+00
 0.000000e+00 0.000000e+00 5.930657e-01 4.069344e-01 0.000000e+00
 0.000000e+00 0.000000e+00 0.000000e+00 5.930667e-01 4.069332e-01
 0.000000e+00 0.000000e+00 0.000000e+00 0.000000e+00 0.000000e+00
<ENDHMM>
~h "l_pal"
<BEGINHMM>
<NUMSTATES> 5
<STATE> 2
<MEAN> 39
 -4.812792e+00 -6.864513e-01 2.588286e+00 3.787741e+00 -8.621573e+00 -4.152953e+00 -9.333920e+00 -9.728458e+00 -2.653993e+00 -7.267533e+00 -2.062619e+00 -2.049701e+00 7.571251e+01 -8.672041e-03 6.474661e-02 3.993991e-02 3.117616e-02 2.234885e-03 -2.107456e-02 2.707395e-02 -2.765952e-03 -3.557781e-02 -4.681265e-02 -2.790598e-02 1.949608e-02 1.811341e-02 -1.568362e-02 1.086528e-02 -5.557985e-03 -1.137523e-02 1.910903e-02 7.494058e-03 1.484552e-02 1.414912e-02 -2.571787e-03 9.703060e-04 3.945260e-04 3.210142e-03 -2.028374e-02
<VARIANCE> 39
 8.200529e+01 4.157686e+01 7.357426e+01 7.683773e+01 1.097462e+02 6.595564e+01 8.391057e+01 7.427524e+01 6.477739e+01 6.134914e+01 5.417961e+01 6.162175e+01 6.016294e+01 4.265231e+00 2.742152e+00 4.219454e+00 3.756250e+00 5.921700e+00 4.198513e+00 4.664269e+00 5.673200e+00 4.610185e+00 3.785952e+00 3.518674e+00 3.031064e+00 4.611537e+00 5.800624e-01 4.774962e-01 7.403947e-01 5.915757e-01 1.006858e+00 7.686589e-01 8.106379e-01 1.039172e+00 8.921857e-01 6.776434e-01 6.583144e-01 5.715111e-01 7.851638e-01
<GCONST> 1.407809e+02
<STATE> 3
<MEAN> 39
 -4.888926e+00 -4.886295e-01 2.662091e+00 3.838169e+00 -8.547846e+00 -4.191717e+00 -9.207752e+00 -9.676642e+00 -2.749941e+00 -7.376585e+00 -2.124128e+00 -1.977721e+00 7.567752e+01 -5.232096e-02 8.620126e-02 1.594326e-02 -2.869716e-03 5.170951e-02 -1.202677e-03 6.821540e-02 4.124067e-02 -3.651532e-02 -3.859367e-02 -2.313058e-02 2.974591e-02 -3.393124e-02 -1.726607e-02 6.290368e-03 -1.048032e-02 -1.359515e-02 1.876886e-02 7.948634e-03 1.422618e-02 1.640538e-02 8.223570e-04 4.331568e-03 3.103483e-03 3.313051e-03 -2.230800e-02
<VARIANCE> 39
 8.455343e+01 4.163325e+01 7.366483e+01 7.710278e+01 1.102715e+02 6.696980e+01 8.359267e+01 7.432432e+01 6.526305e+01 6.155439e+01 5.433053e+01 6.188046e+01 5.591894e+01 4.353268e+00 2.718616e+00 4.188478e+00 3.780530e+00 5.955557e+00 4.197256e+00 4.658162e+00 5.603086e+00 4.562897e+00 3.798008e+00 3.505769e+00 3.013605e+00 4.629109e+00 5.895436e-01 4.750810e-01 7.356921e-01 5.968654e-01 1.007395e+00 7.644846e-01 8.102807e-01 1.024502e+00 8.799461e-01 6.786289e-01 6.542693e-01 5.672688e-01 7.915161e-01
<GCONST> 1.407450e+02
<STATE> 4
<MEAN> 39
 -5.078803e+00 -2.521952e-01 2.654123e+00 3.789944e+00 -8.352084e+00 -4.175152e+00 -8.974030e+00 -9.502271e+00 -2.834231e+00 -7.451852e+00 -2.164943e+00 -1.880188e+00 7.551283e+01 -9.559130e-02 9.600604e-02 -1.726443e-02 -4.107384e-02 9.589789e-02 2.005046e-02 1.038399e-01 8.495838e-02 -2.906167e-02 -2.294030e-02 -1.213680e-02 3.725486e-02 -8.824385e-02 -1.586037e-02 1.584067e-03 -1.345340e-02 -1.460152e-02 1.464648e-02 7.024244e-03 1.113026e-02 1.517894e-02 4.172911e-03 7.398094e-03 5.489272e-03 2.390274e-03 -2.265005e-02
<VARIANCE> 39
 8.917259e+01 4.189641e+01 7.317158e+01 7.736341e+01 1.110869e+02 6.849382e+01 8.356305e+01 7.420921e+01 6.572117e+01 6.169349e+01 5.442687e+01 6.205141e+01 5.484105e+01 4.509827e+00 2.720684e+00 4.118157e+00 3.803033e+00 6.000167e+00 4.206811e+00 4.628499e+00 5.454523e+00 4.508107e+00 3.817459e+00 3.483405e+00 2.986098e+00 4.687355e+00 6.108532e-01 4.773370e-01 7.269010e-01 6.043438e-01 1.009922e+00 7.625816e-01 8.076921e-01 9.983594e-01 8.654669e-01 6.812288e-01 6.488067e-01 5.604969e-01 8.066454e-01
<GCONST> 1.408123e+02
<TRANSP> 5
 0.000000e+00 1.000000e+00 0.000000e+00 0.000000e+00 0.000000e+00
 0.000000e+00 5.927897e-01 4.072103e-01 0.000000e+00 0.000000e+00
 0.000000e+00 0.000000e+00 5.927864e-01 4.072136e-01 0.000000e+00
 0.000000e+00 0.000000e+00 0.000000e+00 5.927786e-01 4.072214e-01
 0.000000e+00 0.000000e+00 0.000000e+00 0.000000e+00 0.000000e+00
<ENDHMM>
~h "dz_pal"
<BEGINHMM>
<NUMSTATES> 5
<STATE> 2
<MEAN> 39
 -7.257593e+00 2.023616e+00 1.219637e+00 3.440074e+00 -4.062163e+00 -5.555636e+00 -9.117230e+00 -7.752371e+00 -2.790254e+00 -5.221897e+00 -2.402192e+00 -3.681888e+00 7.725957e+01 -3.070435e-01 3.033374e-01 2.289175e-01 2.428367e-01 2.598905e-01 -1.897590e-01 -1.026146e-01 -1.779411e-02 -8.050292e-02 -1.398511e-01 -8.097154e-02 -6.589162e-02 7.876492e-03 -2.985855e-02 1.067043e-02 2.285480e-02 9.981466e-03 1.369665e-02 1.035117e-02 3.801509e-02 6.826395e-03 -5.258658e-04 -1.365164e-03 7.135293e-03 3.115224e-02 -5.155019e-02
<VARIANCE> 39
 8.842569e+01 9.192526e+01 6.769736e+01 7.568284e+01 1.046661e+02 7.805054e+01 6.304313e+01 4.989271e+01 5.653493e+01 5.221772e+01 5.310366e+01 5.952215e+01 4.783332e+01 7.344621e+00 5.732152e+00 2.765037e+00 3.378168e+00 5.989349e+00 4.037348e+00 4.728438e+00 4.075680e+00 3.338869e+00 3.040487e+00 3.013832e+00 2.537360e+00 4.752892e+00 1.119249e+00 7.998886e-01 4.482583e-01 5.504143e-01 8.488249e-01 6.469259e-01 8.200665e-01 7.626579e-01 6.117243e-01 5.808926e-01 5.254044e-01 4.376006e-01 7.865945e-01
<GCONST> 1.389062e+02
<STATE> 3
<MEAN> 39
 -8.143762e+00 2.767693e+00 1.914734e+00 4.053484e+00 -3.371064e+00 -5.962605e+00 -9.187824e+00 -7.774423e+00 -3.001436e+00 -5.588708e+00 -2.583828e+00 -3.731454e+00 7.710895e+01 -3.173604e-01 2.733825e-01 2.779821e-01 2.398939e-01 2.432822e-01 -1.608708e-01 -1.702558e-02 -2.928801e-03 -7.565868e-02 -1.356858e-01 -6.200790e-02 9.711862e-03 -9.013848e-02 1.830512e-03 -1.823971e-02 1.279003e-02 -5.518999e-03 -1.071440e-02 1.483559e-02 2.947193e-02 7.807502e-03 3.689355e-03 3.543103e-03 9.319038e-03 2.918640e-02 -3.259184e-02
<VARIANCE> 39
 9.174377e+01 9.150980e+01 6.701382e+01 7.228487e+01 1.083516e+02 7.626347e+01 6.202382e+01 4.792459e+01 5.585549e+01 5.177988e+01 5.106037e+01 5.603402e+01 4.313117e+01 7.763780e+00 5.953781e+00 2.775593e+00 3.400630e+00 6.113255e+00 4.125689e+00 4.698824e+00 3.993536e+00 3.298642e+00 2.989657e+00 2.988633e+00 2.372683e+00 4.348243e+00 1.196472e+00 8.430042e-01 4.579292e-01 5.578207e-01 8.553707e-01 6.666231e-01 8.280105e-01 7.493727e-01 5.968738e-01 5.689321e-01 5.217760e-01 4.164020e-01 7.530227e-01
<GCONST> 1.385776e+02
<STATE> 4
<MEAN> 39
 -8.877094e+00 3.258850e+00 2.726729e+00 4.576685e+00 -2.871315e+00 -6.291054e+00 -9.095919e+00 -7.753527e+00 -3.177792e+00 -5.912673e+00 -2.708749e+00 -3.614266e+00 7.679384e+01 -2.576119e-01 1.735929e-01 2.994255e-01 2.000253e-01 1.717324e-01 -1.188921e-01 3.356808e-02 2.031042e-02 -5.907334e-02 -1.172319e-01 -3.543349e-02 7.131047e-02 -1.400412e-01 2.781159e-02 -4.389431e-02 1.853114e-03 -1.767324e-02 -3.303126e-02 1.681853e-02 1.533791e-02 8.993691e-03 7.041258e-03 7.587215e-03 1.133811e-02 2.247486e-02 -1.224116e-02
<VARIANCE> 39
 9.347517e+01 8.822002e+01 6.700235e+01 6.942502e+01 1.118258e+02 7.527462e+01 6.223506e+01 4.636391e+01 5.516589e+01 5.132823e+01 4.959922e+01 5.255176e+01 4.188798e+01 8.094817e+00 6.019278e+00 2.804241e+00 3.439132e+00 6.243693e+00 4.230932e+00 4.642560e+00 3.933744e+00 3.274026e+00 2.988516e+00 3.012982e+00 2.252481e+00 4.253970e+00 1.254320e+00 8.693915e-01 4.675107e-01 5.672032e-01 8.630716e-01 6.885384e-01 8.268023e-01 7.424181e-01 5.871786e-01 5.641986e-01 5.271532e-01 4.037434e-01 7.577782e-01
<GCONST> 1.384910e+02
<TRANSP> 5
 0.000000e+00 1.000000e+00 0.000000e+00 0.000000e+00 0.000000e+00
 0.000000e+00 6.428175e-01 3.571825e-01 0.000000e+00 0.000000e+00
 0.000000e+00 0.000000e+00 6.428184e-01 3.571816e-01 0.000000e+00
 0.000000e+00 0.000000e+00 0.000000e+00 6.428199e-01 3.571801e-01
 0.000000e+00 0.000000e+00 0.000000e+00 0.000000e+00 0.000000e+00
<ENDHMM>
~h "b_pal"
<BEGINHMM>
<NUMSTATES> 5
<STATE> 2
<MEAN> 39
 -3.738348e+00 1.397608e+00 2.781794e+00 4.537861e+00 -6.267354e+00 -4.461920e+00 -8.410497e+00 -9.297792e+00 -2.927645e+00 -7.061033e+00 -2.123844e+00 -2.241953e+00 7.178603e+01 1.545374e-01 4.270029e-02 6.440758e-02 8.125423e-02 -6.180124e-03 -6.962972e-02 -1.061321e-01 -7.531480e-02 -3.711492e-02 -7.006124e-02 -2.504027e-02 -1.713579e-02 3.143826e-01 -1.046506e-02 -2.820395e-04 -2.402989e-03 -1.172849e-02 -1.543360e-03 -1.064163e-03 -2.585910e-03 1.603776e-03 -3.143412e-04 -2.893477e-04 1.846413e-03 3.617688e-03 1.875198e-02
<VARIANCE> 39
 6.957852e+01 4.489033e+01 5.907823e+01 6.952045e+01 1.077482e+02 7.133440e+01 8.202553e+01 6.338329e+01 5.854274e+01 5.602848e+01 5.426958e+01 5.356497e+01 1.325690e+02 4.364775e+00 3.835400e+00 3.381374e+00 3.364753e+00 6.764904e+00 4.429780e+00 4.537138e+00 4.544314e+00 4.196362e+00 3.820431e+00 3.224330e+00 2.539801e+00 7.402914e+00 6.407524e-01 7.199377e-01 5.851790e-01 5.483486e-01 1.164746e+00 8.046079e-01 8.325570e-01 8.255516e-01 7.841928e-01 6.975186e-01 5.984218e-01 4.745082e-01 1.250447e+00
<GCONST> 1.410713e+02
<STATE> 3
<MEAN> 39
 -3.471792e+00 1.434667e+00 2.877835e+00 4.659728e+00 -6.350642e+00 -4.659257e+00 -8.657087e+00 -9.464060e+00 -2.974447e+00 -7.189682e+00 -2.156986e+00 -2.259508e+00 7.264091e+01 8.010244e-02 7.112144e-03 2.636143e-02 2.543047e-02 -2.562537e-02 -6.280133e-02 -8.361520e-02 -5.245043e-02 -1.331780e-02 -3.963606e-02 -6.470498e-03 -1.727505e-03 3.357142e-01 -3.586688e-02 -1.848671e-02 -1.905912e-02 -2.510920e-02 -9.598412e-03 3.249522e-03 1.147239e-02 1.101295e-02 1.132766e-02 1.575051e-02 8.763408e-03 5.667690e-03 1.071157e-03
<VARIANCE> 39
 6.975195e+01 4.661262e+01 6.033850e+01 7.017136e+01 1.105186e+02 7.231660e+01 8.137872e+01 6.254691e+01 5.920695e+01 5.597423e+01 5.505547e+01 5.484099e+01 1.101881e+02 4.459962e+00 3.932309e+00 3.476321e+00 3.430697e+00 6.875929e+00 4.515369e+00 4.611084e+00 4.587914e+00 4.185441e+00 3.874807e+00 3.251655e+00 2.590139e+00 7.558784e+00 6.483866e-01 7.355117e-01 6.018844e-01 5.569865e-01 1.179214e+00 8.185560e-01 8.393637e-01 8.286265e-01 7.853838e-01 7.080655e-01 6.028323e-01 4.838594e-01 1.249975e+00
<GCONST> 1.413997e+02
<STATE> 4
<MEAN> 39
 -3.486514e+00 1.329660e+00 2.827909e+00 4.599013e+00 -6.490789e+00 -4.806438e+00 -8.778211e+00 -9.530796e+00 -2.934295e+00 -7.198660e+00 -2.121788e+00 -2.232210e+00 7.345548e+01 -3.938271e-02 -5.262582e-02 -3.410895e-02 -4.892475e-02 -5.001548e-02 -4.314321e-02 -3.107760e-02 -1.028593e-02 2.034525e-02 9.220796e-03 2.045715e-02 1.398879e-02 3.016852e-01 -4.884278e-02 -2.435119e-02 -2.433576e-02 -3.000112e-02 -1.130060e-02 6.665275e-03 2.104611e-02 1.727329e-02 1.294426e-02 1.923497e-02 1.035319e-02 5.720035e-03 -1.954039e-02
<VARIANCE> 39
 7.267413e+01 4.739783e+01 6.174957e+01 7.132060e+01 1.124601e+02 7.319042e+01 8.148943e+01 6.243379e+01 5.942006e+01 5.673426e+01 5.562082e+01 5.596980e+01 9.247066e+01 4.430937e+00 3.931194e+00 3.491895e+00 3.463203e+00 6.961362e+00 4.554979e+00 4.590558e+00 4.574026e+00 4.126969e+00 3.870952e+00 3.249652e+00 2.623523e+00 7.595273e+00 6.475534e-01 7.345947e-01 6.086472e-01 5.649079e-01 1.187101e+00 8.225563e-01 8.355755e-01 8.238173e-01 7.784960e-01 7.095867e-01 6.031678e-01 4.910525e-01 1.242233e+00
<GCONST> 1.414472e+02
<TRANSP> 5
 0.000000e+00 1.000000e+00 0.000000e+00 0.000000e+00 0.000000e+00
 0.000000e+00 5.928770e-01 4.071230e-01 0.000000e+00 0.000000e+00
 0.000000e+00 0.000000e+00 5.928745e-01 4.071255e-01 0.000000e+00
 0.000000e+00 0.000000e+00 0.000000e+00 5.928712e-01 4.071287e-01
 0.000000e+00 0.000000e+00 0.000000e+00 0.000000e+00 0.000000e+00
<ENDHMM>
~h "r_pal"
<BEGINHMM>
<NUMSTATES> 5
<STATE> 2
<MEAN> 39
 -5.831221e+00 -2.593552e-01 2.584038e+00 5.035966e+00 -8.354568e+00 -5.448156e+00 -9.446697e+00 -8.067113e+00 -2.598176e+00 -7.577572e+00 -2.043912e+00 -1.817169e+00 7.523766e+01 3.591045e-02 -2.602694e-02 8.216453e-02 9.860602e-02 -8.171831e-02 -6.936333e-02 -3.408655e-02 -3.276668e-02 -4.286048e-02 -4.993813e-02 -3.515302e-02 -4.456414e-03 1.773199e-01 -1.813823e-02 8.118443e-03 -5.639579e-03 -2.134033e-02 2.011855e-02 1.564256e-02 1.792635e-02 1.179802e-02 2.295774e-04 7.651820e-03 2.621173e-03 2.225579e-03 -3.272386e-02
<VARIANCE> 39
 8.184134e+01 3.855050e+01 6.637176e+01 8.075630e+01 1.140211e+02 6.940659e+01 8.610578e+01 6.549378e+01 6.375938e+01 6.155943e+01 5.157668e+01 4.967128e+01 6.843855e+01 4.782691e+00 2.761058e+00 3.661675e+00 4.463490e+00 6.383058e+00 4.301186e+00 4.934278e+00 4.574810e+00 4.130829e+00 4.173366e+00 3.342247e+00 2.635341e+00 5.781115e+00 6.826158e-01 4.942401e-01 6.468495e-01 7.162335e-01 1.068631e+00 7.665021e-01 8.607423e-01 8.142169e-01 7.869607e-01 7.637216e-01 6.352991e-01 4.904963e-01 9.671110e-01
<GCONST> 1.407458e+02
<STATE> 3
<MEAN> 39
 -5.818706e+00 -2.862677e-01 2.759754e+00 5.183973e+00 -8.475364e+00 -5.547801e+00 -9.452028e+00 -8.095078e+00 -2.701512e+00 -7.670290e+00 -2.117746e+00 -1.818690e+00 7.552549e+01 -9.000733e-03 -6.902222e-04 5.947188e-02 2.829274e-02 -2.531027e-02 -2.146424e-02 1.649980e-02 -1.737518e-03 -4.121422e-02 -3.151286e-02 -2.456070e-02 2.432417e-03 9.509973e-02 -1.769915e-02 9.990874e-03 -1.067388e-02 -2.929569e-02 2.220294e-02 1.937684e-02 1.948099e-02 1.171684e-02 1.475686e-03 7.681286e-03 4.814115e-03 2.317531e-03 -3.385155e-02
<VARIANCE> 39
 8.475108e+01 3.896043e+01 6.693169e+01 7.994329e+01 1.150456e+02 6.951151e+01 8.552458e+01 6.516949e+01 6.463505e+01 6.174090e+01 5.187003e+01 5.016466e+01 6.017914e+01 4.862781e+00 2.758917e+00 3.655181e+00 4.368333e+00 6.432371e+00 4.260660e+00 4.898876e+00 4.507035e+00 4.121913e+00 4.163136e+00 3.322053e+00 2.630937e+00 5.469289e+00 6.872857e-01 4.913301e-01 6.419023e-01 6.969713e-01 1.069543e+00 7.589554e-01 8.528078e-01 8.033791e-01 7.826023e-01 7.592032e-01 6.296132e-01 4.877169e-01 9.310996e-01
<GCONST> 1.404628e+02
<STATE> 4
<MEAN> 39
 -5.909062e+00 -2.444965e-01 2.859520e+00 5.130887e+00 -8.447055e+00 -5.518302e+00 -9.326541e+00 -8.052682e+00 -2.797712e+00 -7.717791e+00 -2.158556e+00 -1.801381e+00 7.562339e+01 -4.844858e-02 2.524024e-02 2.612380e-02 -5.154233e-02 3.152525e-02 2.850218e-02 6.520477e-02 2.344654e-02 -3.629253e-02 -1.243161e-02 -1.045846e-02 8.729212e-03 1.863973e-02 -1.486306e-02 9.495879e-03 -1.430463e-02 -3.117481e-02 2.094326e-02 1.870411e-02 1.771208e-02 8.719818e-03 2.913315e-03 8.263524e-03 5.839590e-03 2.201430e-03 -3.061953e-02
<VARIANCE> 39
 8.948443e+01 3.970624e+01 6.748698e+01 7.984586e+01 1.160610e+02 7.023469e+01 8.518542e+01 6.498495e+01 6.535584e+01 6.195846e+01 5.222673e+01 5.104329e+01 5.621118e+01 5.025456e+00 2.777380e+00 3.659568e+00 4.265451e+00 6.464979e+00 4.217958e+00 4.845580e+00 4.445607e+00 4.122919e+00 4.161757e+00 3.300779e+00 2.638848e+00 5.243301e+00 7.039841e-01 4.932489e-01 6.411488e-01 6.829914e-01 1.068885e+00 7.522433e-01 8.436693e-01 7.933952e-01 7.794920e-01 7.548164e-01 6.234077e-01 4.872005e-01 9.078965e-01
<GCONST> 1.403954e+02
<TRANSP> 5
 0.000000e+00 1.000000e+00 0.000000e+00 0.000000e+00 0.000000e+00
 0.000000e+00 5.897660e-01 4.102340e-01 0.000000e+00 0.000000e+00
 0.000000e+00 0.000000e+00 5.897658e-01 4.102342e-01 0.000000e+00
 0.000000e+00 0.000000e+00 0.000000e+00 5.897526e-01 4.102475e-01
 0.000000e+00 0.000000e+00 0.000000e+00 0.000000e+00 0.000000e+00
<ENDHMM>
~h "N_pal"
<BEGINHMM>
<NUMSTATES> 5
<STATE> 2
<MEAN> 39
 -6.103934e+00 9.754509e-01 3.126820e+00 4.319555e+00 -7.766650e+00 -7.279322e+00 -7.658570e+00 -6.941557e+00 -4.162023e+00 -9.439255e+00 -1.840536e+00 -1.500775e+00 7.540652e+01 -6.127654e-02 5.437481e-02 4.160381e-02 2.845919e-02 6.224013e-02 -3.291430e-02 -1.027860e-02 2.083371e-02 -6.681231e-02 -2.107073e-02 1.210076e-03 -4.909663e-03 -3.970597e-02 -3.698755e-03 9.161707e-04 -4.382845e-04 -2.065195e-03 7.731947e-03 1.644753e-02 -1.820331e-03 -8.332525e-03 6.626015e-03 1.377149e-02 1.893446e-03 1.254810e-03 -1.137015e-02
<VARIANCE> 39
 1.075473e+02 4.597536e+01 6.141639e+01 5.204051e+01 1.116093e+02 5.823457e+01 7.186489e+01 5.930980e+01 8.266678e+01 7.382453e+01 4.832601e+01 5.994290e+01 5.159324e+01 7.129487e+00 3.614624e+00 3.580999e+00 3.140714e+00 5.746181e+00 4.245868e+00 4.634914e+00 4.298861e+00 4.934028e+00 5.362716e+00 3.599095e+00 2.941077e+00 4.681885e+00 1.065490e+00 6.260422e-01 6.342047e-01 5.468872e-01 9.167233e-01 7.987438e-01 8.375855e-01 7.524115e-01 8.621419e-01 8.870785e-01 6.889542e-01 5.368317e-01 7.736872e-01
<GCONST> 1.412992e+02
<STATE> 3
<MEAN> 39
 -6.304568e+00 1.109407e+00 3.241412e+00 4.377312e+00 -7.556575e+00 -7.291113e+00 -7.689879e+00 -6.903623e+00 -4.286515e+00 -9.424757e+00 -1.827631e+00 -1.497820e+00 7.525600e+01 -6.847902e-02 4.848554e-02 3.633226e-02 2.107698e-02 7.301728e-02 6.202857e-03 -1.598622e-02 -1.550843e-04 -4.373904e-02 1.620134e-02 2.850622e-03 -1.907629e-03 -5.280707e-02 1.626888e-03 -1.134406e-03 -3.522631e-03 -2.815592e-03 3.696821e-03 1.714910e-02 -7.862351e-04 -8.845094e-03 8.616834e-03 1.312938e-02 1.680487e-04 1.596353e-03 -5.793267e-03
<VARIANCE> 39
 1.073765e+02 4.538461e+01 6.096062e+01 5.183745e+01 1.109249e+02 5.879903e+01 7.206457e+01 5.883815e+01 8.167316e+01 7.309149e+01 4.872536e+01 5.887085e+01 5.052708e+01 7.355651e+00 3.686041e+00 3.692271e+00 3.215431e+00 5.767373e+00 4.346927e+00 4.694763e+00 4.376971e+00 4.985977e+00 5.457938e+00 3.620911e+00 2.964583e+00 4.651403e+00 1.111737e+00 6.443560e-01 6.581066e-01 5.637291e-01 9.290099e-01 8.209796e-01 8.506671e-01 7.708430e-01 8.818570e-01 9.166521e-01 6.951900e-01 5.438988e-01 7.853652e-01
<GCONST> 1.417290e+02
<STATE> 4
<MEAN> 39
 -6.509704e+00 1.208030e+00 3.326537e+00 4.411325e+00 -7.353405e+00 -7.216000e+00 -7.737905e+00 -6.918233e+00 -4.339344e+00 -9.316082e+00 -1.819822e+00 -1.491162e+00 7.511247e+01 -6.014083e-02 3.795656e-02 2.138463e-02 1.177443e-02 6.938045e-02 4.445671e-02 -1.789765e-02 -2.142795e-02 -1.723278e-02 4.861497e-02 -3.187576e-04 1.681940e-04 -5.271813e-02 4.862098e-03 -3.025563e-03 -6.964971e-03 -4.562161e-03 -3.811378e-04 1.753046e-02 1.517284e-03 -7.439180e-03 1.052112e-02 1.158174e-02 -1.166075e-03 8.607717e-04 -2.212262e-03
<VARIANCE> 39
 1.072247e+02 4.468006e+01 6.068923e+01 5.261242e+01 1.102352e+02 6.021429e+01 7.260968e+01 5.895235e+01 8.004514e+01 7.190611e+01 4.916106e+01 5.763906e+01 4.945802e+01 7.507204e+00 3.716236e+00 3.797983e+00 3.304054e+00 5.809709e+00 4.447566e+00 4.746467e+00 4.458330e+00 5.004782e+00 5.462294e+00 3.624608e+00 2.972728e+00 4.669884e+00 1.142934e+00 6.560956e-01 6.803421e-01 5.814944e-01 9.434664e-01 8.397444e-01 8.595467e-01 7.902012e-01 8.972605e-01 9.339114e-01 6.970432e-01 5.480328e-01 8.010643e-01
<GCONST> 1.420842e+02
<TRANSP> 5
 0.000000e+00 1.000000e+00 0.000000e+00 0.000000e+00 0.000000e+00
 0.000000e+00 5.883771e-01 4.116229e-01 0.000000e+00 0.000000e+00
 0.000000e+00 0.000000e+00 5.883796e-01 4.116204e-01 0.000000e+00
 0.000000e+00 0.000000e+00 0.000000e+00 5.883793e-01 4.116207e-01
 0.000000e+00 0.000000e+00 0.000000e+00 0.000000e+00 0.000000e+00
<ENDHMM>
~h "tS_pal"
<BEGINHMM>
<NUMSTATES> 5
<STATE> 2
<MEAN> 39
 -1.149740e+01 -2.199840e+00 4.765523e+00 2.164343e+00 -5.562352e+00 -5.230495e+00 -6.441615e+00 -6.800271e+00 -2.449719e+00 -5.576112e+00 -2.004597e+00 -1.112066e+00 7.481930e+01 6.567427e-02 8.519420e-02 -3.191730e-03 -3.479649e-02 9.493683e-03 5.401246e-02 -9.320958e-03 -4.234407e-02 -2.979727e-02 -4.521167e-02 -2.026345e-02 -9.246826e-03 9.731882e-02 7.033581e-03 1.194956e-02 -1.793541e-02 -8.096682e-04 3.368085e-03 1.493800e-02 1.228141e-02 4.926827e-03 -3.859360e-03 -6.471440e-03 -1.280392e-03 1.947333e-03 -3.278795e-02
<VARIANCE> 39
 1.688962e+02 5.450687e+01 7.156862e+01 7.265328e+01 9.627538e+01 7.022441e+01 9.507876e+01 5.602695e+01 5.202557e+01 6.308185e+01 4.855223e+01 4.347083e+01 5.342512e+01 1.301344e+01 4.793164e+00 4.122464e+00 4.481165e+00 6.509350e+00 5.306135e+00 6.682626e+00 4.740932e+00 4.274327e+00 4.405811e+00 3.755609e+00 3.018791e+00 4.519179e+00 1.749796e+00 8.407702e-01 6.985977e-01 7.877046e-01 1.146191e+00 9.582940e-01 1.099236e+00 8.473803e-01 8.037595e-01 7.654774e-01 7.025513e-01 5.541115e-01 7.476954e-01
<GCONST> 1.455008e+02
<STATE> 3
<MEAN> 39
 -1.121656e+01 -1.932503e+00 4.656544e+00 2.088883e+00 -5.560375e+00 -5.068523e+00 -6.468948e+00 -6.906024e+00 -2.550362e+00 -5.717123e+00 -2.073231e+00 -1.133883e+00 7.494538e+01 1.094332e-01 1.174029e-01 -5.985023e-02 -3.079827e-02 1.251994e-02 8.672807e-02 7.547954e-03 -3.268460e-02 -4.144987e-02 -6.084106e-02 -2.323905e-02 -7.365691e-03 2.021694e-02 1.238115e-02 8.086950e-03 -2.309043e-02 2.009576e-03 3.336218e-03 1.099792e-02 4.689156e-03 4.343630e-03 -2.354276e-03 -3.326785e-03 5.724495e-04 -8.071060e-05 -3.332137e-02
<VARIANCE> 39
 1.718404e+02 5.521247e+01 7.178434e+01 7.396874e+01 9.695361e+01 7.209521e+01 9.546475e+01 5.706916e+01 5.259527e+01 6.238614e+01 4.993892e+01 4.535336e+01 4.762354e+01 1.291536e+01 4.695328e+00 4.073951e+00 4.483037e+00 6.408008e+00 5.238173e+00 6.590778e+00 4.793192e+00 4.263509e+00 4.390404e+00 3.772147e+00 3.023650e+00 4.315831e+00 1.743638e+00 8.230607e-01 6.942198e-01 7.902516e-01 1.124948e+00 9.464020e-01 1.087263e+00 8.581747e-01 8.002508e-01 7.647153e-01 7.021075e-01 5.552143e-01 7.224804e-01
<GCONST> 1.453503e+02
<STATE> 4
<MEAN> 39
 -1.077660e+01 -1.579941e+00 4.392674e+00 2.033275e+00 -5.558062e+00 -4.829778e+00 -6.482065e+00 -6.996809e+00 -2.681174e+00 -5.892750e+00 -2.147494e+00 -1.160993e+00 7.489133e+01 1.575789e-01 1.386401e-01 -1.197576e-01 -2.301008e-02 1.772318e-02 1.120422e-01 7.918437e-03 -2.606074e-02 -4.627113e-02 -6.705983e-02 -2.043934e-02 -1.088243e-02 -5.739679e-02 1.682952e-02 4.149454e-03 -2.419525e-02 2.271670e-03 1.410465e-03 6.882724e-03 -3.772262e-03 1.626208e-03 5.108510e-04 3.909071e-04 2.787508e-03 -1.483584e-03 -3.302185e-02
<VARIANCE> 39
 1.723173e+02 5.552003e+01 7.199651e+01 7.523962e+01 9.860320e+01 7.440115e+01 9.576488e+01 5.855216e+01 5.368349e+01 6.197200e+01 5.133866e+01 4.746740e+01 4.727407e+01 1.247282e+01 4.513439e+00 3.980232e+00 4.438309e+00 6.301197e+00 5.127140e+00 6.413863e+00 4.824344e+00 4.247881e+00 4.379725e+00 3.771433e+00 3.013766e+00 4.202890e+00 1.690945e+00 7.915449e-01 6.860394e-01 7.837345e-01 1.098609e+00 9.261582e-01 1.061110e+00 8.640692e-01 7.956204e-01 7.641790e-01 6.981222e-01 5.540132e-01 7.072728e-01
<GCONST> 1.451444e+02
<TRANSP> 5
 0.000000e+00 1.000000e+00 0.000000e+00 0.000000e+00 0.000000e+00
 0.000000e+00 5.932670e-01 4.067330e-01 0.000000e+00 0.000000e+00
 0.000000e+00 0.000000e+00 5.932647e-01 4.067353e-01 0.000000e+00
 0.000000e+00 0.000000e+00 0.000000e+00 5.932642e-01 4.067359e-01
 0.000000e+00 0.000000e+00 0.000000e+00 0.000000e+00 0.000000e+00
<ENDHMM>
~h "h_pal"
<BEGINHMM>
<NUMSTATES> 5
<STATE> 2
<MEAN> 39
 -6.893292e+00 1.164316e+00 4.514413e+00 3.286593e+00 -7.832550e+00 -4.289931e+00 -6.803818e+00 -6.648464e+00 -3.444240e+00 -7.121857e+00 -1.662274e+00 -1.755239e+00 7.297757e+01 2.006188e-01 7.667176e-02 2.500955e-01 1.747804e-01 -2.245989e-01 -6.960444e-02 -1.054235e-01 -1.072359e-01 -1.034106e-01 -1.661912e-01 4.642615e-03 5.695001e-03 6.549042e-01 -5.922752e-03 -4.869343e-03 1.848223e-02 1.271853e-02 -6.602054e-04 -1.353043e-02 -2.492738e-02 -1.177303e-02 -1.557546e-02 -4.867147e-03 -2.158395e-03 -6.098292e-03 1.781711e-02
<VARIANCE> 39
 6.228293e+01 3.708337e+01 8.649818e+01 7.611735e+01 1.009252e+02 7.640240e+01 7.389531e+01 6.082604e+01 6.129270e+01 7.057249e+01 4.802591e+01 4.552386e+01 1.448766e+02 3.570103e+00 2.457086e+00 4.698568e+00 3.860437e+00 6.108849e+00 4.581276e+00 3.847908e+00 4.287285e+00 3.921915e+00 4.540606e+00 3.002909e+00 2.354953e+00 7.606675e+00 5.641313e-01 4.352638e-01 6.894876e-01 6.044140e-01 1.016071e+00 7.768168e-01 6.523345e-01 7.628995e-01 7.299177e-01 7.815894e-01 5.581343e-01 4.469823e-01 1.068053e+00
<GCONST> 1.395851e+02
<STATE> 3
<MEAN> 39
 -6.436767e+00 1.275908e+00 5.046298e+00 3.703773e+00 -8.343592e+00 -4.516751e+00 -7.161628e+00 -6.928371e+00 -3.715643e+00 -7.485830e+00 -1.681982e+00 -1.798625e+00 7.452305e+01 1.856468e-01 3.907244e-02 1.947857e-01 1.574628e-01 -1.823347e-01 -8.604927e-02 -1.555669e-01 -1.203241e-01 -1.052233e-01 -1.189025e-01 -1.969769e-03 -2.129660e-02 5.923247e-01 -6.827785e-03 -1.998500e-02 -3.691553e-02 -1.258491e-02 2.289153e-02 -5.405616e-03 -1.747867e-02 3.116664e-04 7.593045e-03 2.606829e-02 -1.442053e-03 -1.051524e-02 -4.263781e-02
<VARIANCE> 39
 5.865707e+01 3.758706e+01 8.869164e+01 7.558913e+01 9.858398e+01 7.705347e+01 7.289317e+01 5.973443e+01 6.331570e+01 7.058414e+01 5.011855e+01 4.733274e+01 9.581519e+01 3.504437e+00 2.477596e+00 4.803585e+00 3.905868e+00 6.221619e+00 4.664917e+00 3.863572e+00 4.412954e+00 4.036155e+00 4.608869e+00 3.059269e+00 2.421736e+00 7.264940e+00 5.694611e-01 4.328265e-01 6.833289e-01 6.119266e-01 1.044132e+00 8.027666e-01 6.599166e-01 7.728426e-01 7.455512e-01 7.905151e-01 5.738573e-01 4.588068e-01 1.020619e+00
<GCONST> 1.394807e+02
<STATE> 4
<MEAN> 39
 -5.995828e+00 1.238385e+00 5.214342e+00 3.978577e+00 -8.678823e+00 -4.727832e+00 -7.591639e+00 -7.185752e+00 -3.870138e+00 -7.614820e+00 -1.694164e+00 -1.889832e+00 7.567580e+01 1.762560e-01 -3.077277e-02 2.805864e-02 9.281794e-02 -1.096118e-01 -7.876745e-02 -1.770914e-01 -1.009942e-01 -4.050853e-02 -1.906921e-02 4.164988e-03 -3.728209e-02 4.123056e-01 -4.592568e-03 -3.108821e-02 -7.230887e-02 -2.774728e-02 2.739010e-02 2.998133e-03 -5.974434e-03 1.084580e-02 3.173564e-02 3.960879e-02 2.731047e-03 -4.743880e-03 -7.734571e-02
<VARIANCE> 39
 5.518780e+01 3.777890e+01 8.930858e+01 7.392135e+01 9.715997e+01 7.712368e+01 7.190327e+01 5.874160e+01 6.424126e+01 7.008594e+01 5.184307e+01 4.905624e+01 6.341706e+01 3.486599e+00 2.490644e+00 4.551543e+00 3.857637e+00 6.145962e+00 4.661098e+00 3.882039e+00 4.435578e+00 4.008829e+00 4.459350e+00 3.094609e+00 2.480666e+00 6.281001e+00 5.754433e-01 4.319848e-01 6.445115e-01 6.082579e-01 1.049536e+00 8.151736e-01 6.682971e-01 7.758613e-01 7.410637e-01 7.745016e-01 5.844223e-01 4.717823e-01 9.474547e-01
<GCONST> 1.387368e+02
<TRANSP> 5
 0.000000e+00 1.000000e+00 0.000000e+00 0.000000e+00 0.000000e+00
 0.000000e+00 5.861306e-01 4.138694e-01 0.000000e+00 0.000000e+00
 0.000000e+00 0.000000e+00 5.861305e-01 4.138695e-01 0.000000e+00
 0.000000e+00 0.000000e+00 0.000000e+00 5.861317e-01 4.138683e-01
 0.000000e+00 0.000000e+00 0.000000e+00 0.000000e+00 0.000000e+00
<ENDHMM>
