~o
<STREAMINFO> 1 39
<VECSIZE> 39<NULLD><MFCC_D_A_0><DIAGC>
~h "A"
<BEGINHMM>
<NUMSTATES> 5
<STATE> 2
<MEAN> 39
 -2.313167e-01 -5.241066e+00 -5.275633e+00 -5.393114e+00 -1.082941e+01 -1.099526e+00 -1.176135e+01 -1.095353e+01 3.833610e-02 -3.349700e+00 5.677394e-01 -6.596425e+00 8.143557e+01 4.639642e-01 -7.349958e-01 -4.105082e-02 1.014265e-01 -8.867638e-01 -3.994251e-01 -6.512812e-01 2.317253e-01 5.941452e-01 -5.030507e-02 -3.546824e-01 -7.312493e-01 8.312968e-01 -4.045911e-01 4.213309e-01 3.247774e-01 4.127114e-01 3.934563e-01 -6.883130e-02 4.145776e-01 3.563207e-01 -3.128210e-01 -2.862724e-01 -2.075903e-01 3.679651e-01 -6.828032e-01
<VARIANCE> 39
 1.176517e+01 2.485529e+01 2.929163e+01 6.768262e+01 4.289124e+01 6.984556e+01 8.518274e+01 5.943379e+01 4.705115e+01 3.868309e+01 6.778741e+01 1.251382e+02 1.231053e+01 2.226198e+00 1.944783e+00 2.012576e+00 3.660184e+00 4.885370e+00 4.500515e+00 3.861135e+00 3.874334e+00 3.938275e+00 3.145706e+00 3.278660e+00 3.341566e+00 1.991349e+00 4.461272e-01 3.407492e-01 4.274737e-01 4.420608e-01 6.507907e-01 6.361844e-01 6.405532e-01 7.122111e-01 6.006588e-01 6.100001e-01 6.830577e-01 6.251054e-01 3.205539e-01
<GCONST> 1.271934e+02
<STATE> 3
<MEAN> 39
 -3.658910e-01 -5.061512e+00 -4.545540e+00 -2.971292e+00 -1.173823e+01 -2.357143e+00 -1.184181e+01 -8.928854e+00 2.859418e-01 -4.449532e+00 -7.932673e-01 -5.768840e+00 8.132069e+01 -4.198451e-02 5.734381e-01 7.381742e-01 8.706212e-01 -1.648278e-01 -6.468914e-01 1.787722e-01 3.292061e-01 -4.578921e-01 -7.610154e-01 -4.095331e-01 4.900911e-01 -5.139056e-01 -2.399999e-01 4.406127e-01 3.470711e-01 2.474800e-01 4.551291e-01 9.392068e-02 3.752443e-01 2.470842e-02 -3.718763e-01 -2.397965e-01 -2.068434e-02 2.637543e-01 -5.803595e-01
<VARIANCE> 39
 1.074008e+01 1.978647e+01 3.009971e+01 6.279464e+01 5.330243e+01 8.466981e+01 9.664759e+01 7.331950e+01 5.164949e+01 4.335604e+01 6.648504e+01 1.086819e+02 1.220628e+01 9.097779e-01 1.541746e+00 1.600710e+00 2.604598e+00 4.479952e+00 3.504978e+00 2.676275e+00 3.439256e+00 3.097643e+00 2.725060e+00 2.760074e+00 2.424123e+00 1.512135e+00 3.082395e-01 2.550295e-01 3.279983e-01 3.631870e-01 5.269498e-01 5.202824e-01 6.531200e-01 6.813952e-01 5.679701e-01 5.337207e-01 5.765790e-01 4.675140e-01 2.354489e-01
<GCONST> 1.214242e+02
<STATE> 4
<MEAN> 39
 -5.952318e-01 -2.065943e+00 -1.529979e+00 5.244735e-01 -9.999230e+00 -3.277137e+00 -1.006587e+01 -9.062690e+00 -2.255940e+00 -6.777029e+00 -1.406103e+00 -3.031181e+00 7.773484e+01 -7.913805e-01 1.220628e+00 1.447708e+00 1.275297e+00 9.105490e-01 -2.442728e-01 9.109266e-01 4.841670e-01 -8.111328e-01 -1.056185e+00 -4.192292e-01 7.432206e-01 -1.621705e+00 -4.663249e-01 1.040871e-01 5.926470e-02 -9.183790e-02 3.590161e-01 2.271290e-01 2.967181e-01 1.351411e-01 -1.828477e-03 1.217966e-01 3.941869e-02 6.499082e-03 -3.466023e-01
<VARIANCE> 39
 1.575833e+01 1.910609e+01 3.587672e+01 7.289928e+01 1.024176e+02 1.040673e+02 9.774864e+01 6.819603e+01 6.162851e+01 4.465246e+01 6.561385e+01 9.472471e+01 4.097726e+01 2.561631e+00 2.129309e+00 2.439028e+00 3.100635e+00 6.756193e+00 3.636287e+00 3.663455e+00 3.840230e+00 3.468156e+00 3.417952e+00 3.405204e+00 2.736036e+00 3.740316e+00 4.746115e-01 3.040677e-01 4.195156e-01 5.114386e-01 7.671007e-01 6.846619e-01 6.422272e-01 7.434124e-01 7.811918e-01 5.586231e-01 5.960044e-01 5.235356e-01 2.889490e-01
<GCONST> 1.311955e+02
<TRANSP> 5
 0.000000e+00 1.000000e+00 0.000000e+00 0.000000e+00 0.000000e+00
 0.000000e+00 5.279232e-01 4.720768e-01 0.000000e+00 0.000000e+00
 0.000000e+00 0.000000e+00 4.757167e-01 5.242833e-01 0.000000e+00
 0.000000e+00 0.000000e+00 0.000000e+00 3.009301e-01 6.990699e-01
 0.000000e+00 0.000000e+00 0.000000e+00 0.000000e+00 0.000000e+00
<ENDHMM>
~h "E"
<BEGINHMM>
<NUMSTATES> 5
<STATE> 2
<MEAN> 39
 -2.325494e+00 -5.993361e+00 -2.904662e+00 8.327094e-01 -1.532079e+01 -8.324712e+00 -1.387077e+01 -5.836350e+00 1.567083e+00 -5.214279e+00 -3.145043e+00 -6.786057e+00 8.248623e+01 2.690254e-01 -7.106714e-01 -8.562413e-01 -7.092426e-01 -3.369354e-01 4.476478e-01 2.045701e-01 3.773942e-01 4.379346e-01 3.191601e-01 -1.391006e-01 -4.683177e-01 5.754324e-01 -2.547014e-01 3.705624e-01 2.780660e-01 3.886165e-02 5.510914e-01 2.899815e-01 2.994656e-01 -1.113569e-01 -4.004531e-01 -1.402233e-01 3.411457e-02 1.673924e-01 -4.782538e-01
<VARIANCE> 39
 8.739556e+00 1.832685e+01 3.653691e+01 4.510578e+01 8.006495e+01 5.270818e+01 6.550407e+01 6.918947e+01 5.701777e+01 4.919026e+01 6.790687e+01 7.766963e+01 8.097620e+00 8.474634e-01 1.165403e+00 1.489735e+00 1.628513e+00 3.422782e+00 2.543859e+00 2.467958e+00 2.993401e+00 2.452084e+00 2.385347e+00 2.487794e+00 2.125535e+00 1.053115e+00 3.645995e-01 1.977395e-01 2.593926e-01 2.704387e-01 5.296199e-01 5.063760e-01 6.290259e-01 6.521445e-01 5.144011e-01 4.568467e-01 4.776785e-01 4.173439e-01 1.986106e-01
<GCONST> 1.158785e+02
<STATE> 3
<MEAN> 39
 -1.372747e+00 -5.382884e+00 -3.450593e+00 5.043591e-01 -1.209854e+01 -6.653168e+00 -1.101396e+01 -7.553530e+00 1.213262e+00 -3.725670e+00 -2.600518e+00 -5.271297e+00 8.190047e+01 1.274919e-01 6.137170e-01 9.606830e-02 -1.665200e-01 4.883492e-01 5.285101e-01 3.541190e-01 -4.648574e-01 -6.525943e-01 -2.628534e-01 2.561928e-01 2.929228e-01 -5.414655e-01 -1.077921e-01 3.934509e-01 3.800659e-01 2.649383e-01 3.593175e-01 7.252305e-02 1.010869e-01 -8.641394e-02 -3.267247e-01 -2.931395e-01 5.993476e-03 1.892938e-01 -4.488757e-01
<VARIANCE> 39
 1.032654e+01 1.751585e+01 3.591505e+01 4.513877e+01 7.792596e+01 7.123151e+01 7.893701e+01 7.334630e+01 5.711997e+01 5.680867e+01 6.614980e+01 8.675610e+01 1.067746e+01 4.197977e-01 8.068267e-01 1.144772e+00 2.032067e+00 2.179529e+00 2.408936e+00 1.932002e+00 2.365129e+00 2.012331e+00 2.004305e+00 1.930646e+00 1.925294e+00 6.253169e-01 1.790600e-01 1.675913e-01 2.277361e-01 2.405037e-01 4.273747e-01 3.853945e-01 4.718436e-01 4.863502e-01 3.753321e-01 4.562127e-01 4.113573e-01 3.544495e-01 1.581708e-01
<GCONST> 1.106161e+02
<STATE> 4
<MEAN> 39
 -1.051833e+00 -2.332053e+00 -1.284221e+00 1.772131e+00 -9.099335e+00 -4.517821e+00 -1.001060e+01 -9.056844e+00 -2.272748e+00 -5.433456e+00 -1.895208e+00 -3.428906e+00 7.793964e+01 -5.004010e-01 1.517316e+00 1.053947e+00 5.455208e-01 1.663681e+00 8.941548e-01 8.974626e-01 -1.975856e-01 -1.120254e+00 -9.579210e-01 1.281645e-01 7.632648e-01 -1.981866e+00 -4.792480e-01 1.198913e-01 2.258063e-01 1.683740e-01 2.566774e-01 -1.085333e-02 2.141898e-01 3.506450e-01 8.472218e-02 -7.798973e-02 -9.406004e-02 4.985489e-02 -3.901079e-01
<VARIANCE> 39
 1.440469e+01 1.830240e+01 4.067611e+01 5.620664e+01 1.077279e+02 8.715892e+01 8.454252e+01 6.381484e+01 6.114465e+01 5.088408e+01 7.004504e+01 9.022980e+01 3.745881e+01 2.454020e+00 1.754763e+00 2.138221e+00 3.381733e+00 4.756548e+00 3.296655e+00 3.707144e+00 3.907166e+00 3.219481e+00 3.479193e+00 2.894407e+00 2.759317e+00 2.938757e+00 4.977927e-01 2.657589e-01 4.499637e-01 5.318432e-01 6.789946e-01 6.097572e-01 6.099277e-01 5.818310e-01 6.549096e-01 6.609167e-01 5.906431e-01 5.502663e-01 3.527251e-01
<GCONST> 1.292064e+02
<TRANSP> 5
 0.000000e+00 1.000000e+00 0.000000e+00 0.000000e+00 0.000000e+00
 0.000000e+00 6.492630e-01 3.507370e-01 0.000000e+00 0.000000e+00
 0.000000e+00 0.000000e+00 5.844443e-01 4.155556e-01 0.000000e+00
 0.000000e+00 0.000000e+00 0.000000e+00 3.626032e-01 6.373968e-01
 0.000000e+00 0.000000e+00 0.000000e+00 0.000000e+00 0.000000e+00
<ENDHMM>
~h "I"
<BEGINHMM>
<NUMSTATES> 5
<STATE> 2
<MEAN> 39
 -4.888131e+00 -5.154361e-01 6.032304e+00 8.375566e+00 -1.280544e+01 -1.252828e+01 -1.239874e+01 -1.178448e+01 -2.084440e+00 -1.257543e+01 -3.449953e+00 -2.239979e+00 7.949134e+01 1.065169e+00 -2.263433e-01 -5.117726e-01 1.614074e-01 -1.042953e+00 -4.733122e-01 -7.315346e-01 -7.733426e-01 4.788877e-01 -5.817593e-01 1.479845e-01 -1.334747e-01 5.578641e-01 -4.865454e-01 2.050072e-01 -1.974317e-01 -4.703155e-01 8.814427e-01 8.516256e-01 5.416602e-01 5.104479e-01 -1.586591e-01 5.161257e-01 1.686454e-01 7.398493e-02 -6.800454e-01
<VARIANCE> 39
 1.272927e+01 1.578504e+01 3.765914e+01 3.948615e+01 9.992023e+01 4.804935e+01 6.689534e+01 4.048259e+01 8.042247e+01 4.437462e+01 4.774261e+01 3.991270e+01 1.175469e+01 3.291683e+00 1.995824e+00 2.828811e+00 2.638663e+00 6.633224e+00 4.387452e+00 4.793901e+00 4.294773e+00 4.116418e+00 4.164858e+00 3.123120e+00 2.496267e+00 1.950929e+00 6.124012e-01 4.284650e-01 5.065824e-01 4.929589e-01 8.633151e-01 6.940788e-01 8.367471e-01 7.660282e-01 9.467625e-01 7.850349e-01 5.742470e-01 4.798447e-01 3.683498e-01
<GCONST> 1.284471e+02
<STATE> 3
<MEAN> 39
 -4.053885e+00 -6.907994e-01 4.026793e+00 7.087685e+00 -1.297463e+01 -1.148133e+01 -1.321728e+01 -1.159191e+01 -1.182750e+00 -1.193471e+01 -3.079777e+00 -3.289251e+00 7.942769e+01 1.395963e-01 6.450894e-01 -3.441537e-01 -6.218945e-01 1.395348e+00 1.144544e+00 3.420119e-01 2.001873e-01 -4.299839e-01 4.484713e-01 1.214975e-01 -1.039101e-01 -8.146375e-01 -4.259384e-01 3.061717e-01 1.827425e-01 -1.772594e-01 8.800969e-01 5.478070e-01 5.393456e-01 4.331672e-01 -3.840820e-01 2.079699e-01 -5.926147e-03 8.853970e-02 -6.213021e-01
<VARIANCE> 39
 1.172127e+01 1.692870e+01 3.787227e+01 4.470194e+01 1.012222e+02 5.596376e+01 7.624322e+01 4.688058e+01 7.597415e+01 5.177409e+01 5.763627e+01 5.320332e+01 1.159031e+01 2.245555e+00 1.750690e+00 2.195594e+00 2.122688e+00 5.609408e+00 3.263658e+00 3.203357e+00 3.389848e+00 3.703212e+00 3.329004e+00 2.874430e+00 2.343691e+00 1.925977e+00 6.131365e-01 3.088735e-01 4.043369e-01 4.334174e-01 7.089792e-01 6.650283e-01 8.965765e-01 7.727737e-01 8.813497e-01 8.068580e-01 6.331351e-01 4.472530e-01 3.593901e-01
<GCONST> 1.261061e+02
<STATE> 4
<MEAN> 39
 -4.194765e+00 1.614075e+00 4.149859e+00 6.024385e+00 -6.879475e+00 -7.607727e+00 -1.141977e+01 -1.095918e+01 -3.428472e+00 -1.008587e+01 -3.256127e+00 -2.974202e+00 7.638181e+01 -8.029971e-01 1.100537e+00 1.413178e-01 -6.527755e-01 2.533387e+00 1.784545e+00 1.362295e+00 9.659724e-01 -8.491185e-01 4.315606e-01 1.340722e-01 2.338300e-01 -1.854125e+00 -4.627988e-01 -1.272011e-01 3.021184e-02 -2.291837e-02 3.212495e-02 6.752109e-02 3.579968e-01 3.731336e-01 2.830171e-02 2.621780e-02 9.092924e-02 1.571500e-01 -2.474176e-01
<VARIANCE> 39
 2.876821e+01 2.440320e+01 4.411594e+01 4.541339e+01 9.203711e+01 6.813097e+01 6.373293e+01 4.915117e+01 6.934588e+01 4.759645e+01 6.062641e+01 5.751691e+01 3.197793e+01 6.732337e+00 2.462735e+00 2.785177e+00 3.121940e+00 5.650829e+00 4.309272e+00 4.990464e+00 4.450274e+00 5.153864e+00 4.941542e+00 3.734589e+00 2.975942e+00 4.195845e+00 5.308214e-01 3.911222e-01 6.571744e-01 4.904270e-01 8.788372e-01 6.895223e-01 6.624118e-01 6.519634e-01 9.436800e-01 7.930490e-01 6.871728e-01 4.802602e-01 3.847140e-01
<GCONST> 1.342959e+02
<TRANSP> 5
 0.000000e+00 1.000000e+00 0.000000e+00 0.000000e+00 0.000000e+00
 0.000000e+00 4.063270e-01 5.936729e-01 0.000000e+00 0.000000e+00
 0.000000e+00 0.000000e+00 3.763511e-01 6.236488e-01 0.000000e+00
 0.000000e+00 0.000000e+00 0.000000e+00 2.380470e-01 7.619529e-01
 0.000000e+00 0.000000e+00 0.000000e+00 0.000000e+00 0.000000e+00
<ENDHMM>
~h "J"
<BEGINHMM>
<NUMSTATES> 5
<STATE> 2
<MEAN> 39
 -5.250136e+00 -1.354578e+00 5.907998e+00 8.558696e+00 -1.918858e+01 -1.401212e+01 -1.130027e+01 -9.218609e+00 -2.795931e+00 -1.265302e+01 -2.454710e-01 -7.945794e-01 8.027054e+01 -2.215883e-01 4.738242e-01 4.655670e-01 5.212269e-01 1.373269e-01 -5.381465e-03 4.959508e-01 -1.576890e-01 -5.044569e-01 -7.561871e-01 -1.247791e-01 1.251971e-03 -3.891214e-01 8.515187e-02 9.764371e-02 -1.402251e-01 -8.250461e-02 4.953761e-01 2.811537e-01 -7.334530e-02 3.452437e-02 -8.484280e-03 1.804400e-01 -5.301867e-02 -1.193863e-01 -2.451470e-01
<VARIANCE> 39
 8.483151e+00 1.626848e+01 3.593086e+01 3.864862e+01 1.182854e+02 4.161106e+01 6.215705e+01 5.285786e+01 9.385040e+01 3.964507e+01 4.443210e+01 4.900491e+01 9.706448e+00 3.130161e-01 4.717966e-01 9.557937e-01 8.332996e-01 1.697023e+00 1.257778e+00 1.675259e+00 1.834393e+00 1.682684e+00 1.577073e+00 1.385383e+00 1.209376e+00 2.914101e-01 8.129279e-02 1.009431e-01 1.394690e-01 1.812823e-01 3.208360e-01 2.907717e-01 3.006724e-01 3.955680e-01 3.646355e-01 3.113091e-01 2.623307e-01 2.205992e-01 1.145716e-01
<GCONST> 9.844569e+01
<STATE> 3
<MEAN> 39
 -4.738081e+00 8.477966e-01 6.803627e+00 1.126466e+01 -1.350242e+01 -1.202047e+01 -1.055116e+01 -9.772589e+00 -4.017953e+00 -1.489888e+01 -1.634480e+00 -5.638655e-01 7.737254e+01 3.193465e-01 1.045921e+00 -1.642308e-01 -4.855800e-02 2.984106e+00 1.568433e+00 3.169169e-01 7.060072e-01 -2.911444e-01 6.142371e-01 -4.991425e-01 -4.156833e-01 -2.225745e+00 -2.908732e-01 9.652688e-02 -8.145794e-03 -3.478128e-01 6.575992e-01 5.417745e-01 3.683479e-01 3.408845e-01 4.473945e-02 5.931118e-01 -1.074328e-02 -3.351567e-02 -6.677587e-01
<VARIANCE> 39
 1.079007e+01 1.892424e+01 4.146445e+01 3.680734e+01 9.413578e+01 4.884247e+01 8.327652e+01 4.718743e+01 1.030558e+02 3.866238e+01 4.951351e+01 5.231811e+01 1.916653e+01 1.770217e+00 1.261455e+00 2.055067e+00 1.941514e+00 3.699902e+00 3.067907e+00 3.619656e+00 3.760857e+00 4.062704e+00 3.226626e+00 2.884045e+00 2.008042e+00 2.606666e+00 4.334936e-01 2.614757e-01 3.877982e-01 3.350031e-01 5.337570e-01 4.527335e-01 7.117800e-01 5.185773e-01 7.640831e-01 5.307692e-01 4.543805e-01 3.494874e-01 4.608755e-01
<GCONST> 1.225022e+02
<STATE> 4
<MEAN> 39
 -4.826529e+00 3.689759e+00 6.894645e+00 9.959167e+00 -4.678755e+00 -7.026393e+00 -8.133906e+00 -6.868908e+00 -4.728513e+00 -1.170565e+01 -3.159644e+00 -1.544970e+00 7.023448e+01 -1.475441e+00 7.670414e-01 -8.904539e-02 -8.556453e-01 3.397762e+00 2.345255e+00 1.397079e+00 1.387242e+00 5.948554e-02 1.642251e+00 -2.379886e-01 -2.522852e-01 -3.128152e+00 -7.273542e-01 -4.871807e-01 -3.925156e-01 -4.899482e-01 -5.089809e-01 9.661399e-03 2.100455e-01 1.110717e-01 2.978852e-01 3.537515e-01 3.128437e-01 1.879482e-01 3.192210e-01
<VARIANCE> 39
 2.823780e+01 2.085686e+01 4.558007e+01 3.858509e+01 7.444609e+01 6.742953e+01 7.036940e+01 4.545321e+01 6.610406e+01 4.064562e+01 4.497875e+01 5.200166e+01 5.714324e+01 5.757637e+00 2.670346e+00 3.524399e+00 3.521996e+00 5.373549e+00 3.965266e+00 5.347507e+00 4.149677e+00 5.784198e+00 4.112327e+00 4.028780e+00 2.735939e+00 5.955610e+00 4.468023e-01 4.270172e-01 6.931928e-01 5.474400e-01 7.559736e-01 7.375746e-01 7.399310e-01 6.226514e-01 8.178803e-01 6.752756e-01 5.961335e-01 4.516152e-01 8.511865e-01
<GCONST> 1.345306e+02
<TRANSP> 5
 0.000000e+00 1.000000e+00 0.000000e+00 0.000000e+00 0.000000e+00
 0.000000e+00 8.286403e-01 1.713597e-01 0.000000e+00 0.000000e+00
 0.000000e+00 0.000000e+00 4.606093e-01 5.393907e-01 0.000000e+00
 0.000000e+00 0.000000e+00 0.000000e+00 4.202911e-01 5.797089e-01
 0.000000e+00 0.000000e+00 0.000000e+00 0.000000e+00 0.000000e+00
<ENDHMM>
~h "L"
<BEGINHMM>
<NUMSTATES> 5
<STATE> 2
<MEAN> 39
 9.970985e-02 2.418056e-01 -4.155507e+00 -1.556397e+01 -1.391935e+01 4.065978e+00 -7.439759e+00 -1.467786e+01 -4.556439e+00 -6.402591e+00 2.147790e+00 -4.492398e+00 7.995087e+01 1.954931e-01 8.356850e-01 3.955589e-01 -1.046961e+00 -3.191109e-01 3.342530e-01 7.834868e-01 -2.833486e-01 -6.739038e-01 -6.316281e-01 -3.287360e-01 5.851445e-01 -4.739748e-01 -3.929746e-02 1.124249e-01 1.734116e-01 3.573420e-01 1.524372e-01 -3.012913e-01 -7.579638e-02 1.167112e-01 3.245902e-02 -1.241434e-01 -2.144605e-01 -1.849910e-02 -1.769998e-01
<VARIANCE> 39
 1.009022e+01 2.590862e+01 3.796447e+01 6.225443e+01 3.598635e+01 6.449318e+01 8.672179e+01 4.802476e+01 4.905149e+01 3.712811e+01 5.478802e+01 1.443421e+02 1.078189e+01 2.045624e-01 6.957689e-01 8.767527e-01 1.767607e+00 1.335046e+00 2.272407e+00 1.993996e+00 1.821115e+00 1.923323e+00 1.702977e+00 1.996421e+00 1.675906e+00 2.875428e-01 4.991957e-02 1.090974e-01 1.336297e-01 1.989661e-01 2.706863e-01 2.824868e-01 2.502707e-01 3.017896e-01 3.334693e-01 2.615556e-01 3.467140e-01 3.134216e-01 5.471379e-02
<GCONST> 1.004330e+02
<STATE> 3
<MEAN> 39
 1.812763e+00 5.638681e+00 1.238203e+00 -1.421370e+01 -1.317583e+01 1.365950e+00 -1.390379e+00 -1.426040e+01 -6.163777e+00 -1.055774e+01 -2.612061e+00 1.333543e+00 7.604384e+01 -1.122416e-01 7.401693e-01 8.010011e-01 8.506999e-01 6.818256e-01 -4.292231e-01 2.069880e-01 4.426495e-01 -2.611815e-01 -6.383642e-01 -7.962788e-01 -1.866150e-01 -9.022942e-01 -2.138483e-01 -5.471534e-02 -6.406523e-02 7.050608e-01 4.995648e-01 6.918418e-02 -1.859603e-01 2.420166e-01 9.198920e-02 1.826033e-01 8.243539e-02 -1.697666e-01 -1.747625e-01
<VARIANCE> 39
 9.040189e+00 2.167162e+01 4.250277e+01 3.960717e+01 3.944854e+01 9.707947e+01 1.043494e+02 4.499686e+01 7.609668e+01 4.257461e+01 6.482358e+01 7.710619e+01 1.288382e+01 4.156852e-01 1.172952e+00 1.360148e+00 2.903429e+00 2.251976e+00 2.076802e+00 2.124128e+00 2.353342e+00 2.286159e+00 2.253776e+00 2.076977e+00 1.740629e+00 4.589164e-01 1.646188e-01 2.057165e-01 2.513364e-01 3.914251e-01 4.555661e-01 4.864851e-01 4.444789e-01 4.327453e-01 4.392210e-01 3.628062e-01 4.007347e-01 3.491866e-01 1.881746e-01
<GCONST> 1.118640e+02
<STATE> 4
<MEAN> 39
 -6.732734e-01 8.009978e+00 2.103505e+00 -8.503251e+00 -7.613784e+00 1.387100e+00 -2.705080e+00 -1.168757e+01 -8.005593e+00 -1.074641e+01 -3.360145e+00 -8.640814e-02 7.246722e+01 -1.601074e+00 8.407986e-01 4.069456e-01 2.989593e+00 2.732309e+00 2.458981e-01 1.512683e-01 1.613985e+00 8.677565e-03 3.092000e-01 -4.499999e-01 -5.231821e-01 -1.945875e+00 -4.986972e-01 -3.122481e-01 -1.807842e-01 1.605261e-01 2.141579e-01 1.409436e-01 4.715864e-02 2.656168e-01 3.933351e-01 4.118713e-01 1.990555e-01 -1.439407e-02 -2.042844e-01
<VARIANCE> 39
 2.346039e+01 2.702266e+01 3.713071e+01 4.082488e+01 4.467171e+01 7.984500e+01 7.836483e+01 5.470897e+01 7.352796e+01 4.231460e+01 5.595574e+01 5.775990e+01 2.439795e+01 5.083684e+00 2.722142e+00 2.973027e+00 4.529081e+00 4.530468e+00 5.164582e+00 4.233509e+00 3.721072e+00 4.780464e+00 3.448259e+00 4.196714e+00 3.005469e+00 4.130496e+00 5.648723e-01 4.398783e-01 3.572660e-01 8.166776e-01 6.770716e-01 6.356142e-01 5.713577e-01 7.050380e-01 8.990679e-01 5.683197e-01 5.029936e-01 4.189321e-01 5.032736e-01
<GCONST> 1.319148e+02
<TRANSP> 5
 0.000000e+00 1.000000e+00 0.000000e+00 0.000000e+00 0.000000e+00
 0.000000e+00 8.195650e-01 1.804350e-01 0.000000e+00 0.000000e+00
 0.000000e+00 0.000000e+00 6.779546e-01 3.220454e-01 0.000000e+00
 0.000000e+00 0.000000e+00 0.000000e+00 6.271784e-01 3.728215e-01
 0.000000e+00 0.000000e+00 0.000000e+00 0.000000e+00 0.000000e+00
<ENDHMM>
~h "M"
<BEGINHMM>
<NUMSTATES> 5
<STATE> 2
<MEAN> 39
 3.927748e+00 -1.786282e+00 3.156838e+00 2.221792e+00 -6.404572e+00 -7.428856e-01 -5.471236e+00 -1.179045e+01 -8.146530e+00 -1.692725e+01 -5.752260e+00 1.584128e+00 7.385058e+01 2.058160e-01 7.368519e-01 1.583772e+00 8.295116e-01 1.380578e+00 -3.231785e-01 4.796137e-01 6.675684e-01 -1.778926e+00 -1.583368e+00 8.274287e-03 3.753857e-01 -1.286870e+00 -3.010084e-01 1.903558e-01 -1.092812e-01 3.250353e-02 -1.069723e-01 -2.726477e-01 -7.150441e-02 1.241639e-01 3.025558e-01 4.683020e-01 1.012624e-01 -1.792931e-01 5.747572e-02
<VARIANCE> 39
 6.847404e+00 1.148653e+01 4.852371e+01 3.808437e+01 6.156702e+01 6.656275e+01 8.702499e+01 7.240376e+01 8.127082e+01 6.084893e+01 7.219500e+01 9.605495e+01 1.082702e+01 4.969368e-01 9.727092e-01 2.435714e+00 2.244005e+00 2.724041e+00 2.726379e+00 2.014418e+00 2.243696e+00 3.347353e+00 5.581674e+00 2.656747e+00 2.966158e+00 6.663780e-01 9.582397e-02 1.228469e-01 5.116115e-01 3.386961e-01 5.238187e-01 5.193592e-01 3.624887e-01 3.613459e-01 5.395091e-01 8.276112e-01 3.766845e-01 4.665479e-01 1.172358e-01
<GCONST> 1.152166e+02
<STATE> 3
<MEAN> 39
 3.706339e+00 3.102403e+00 6.516932e+00 4.661722e+00 -1.263405e+00 -4.428165e+00 -4.205577e+00 -8.767620e+00 -1.359183e+01 -1.736377e+01 -3.418172e+00 2.035316e+00 6.999319e+01 -6.696886e-01 1.668683e+00 5.737538e-01 3.309595e-01 6.035263e-01 -3.734117e-01 2.536584e-01 9.858034e-01 1.719225e-01 9.999796e-01 -6.575684e-02 -3.728528e-01 -1.506148e+00 -5.183792e-01 -2.952838e-02 -2.322709e-01 -1.799465e-01 -1.142984e-01 4.973472e-01 -4.873438e-02 1.152163e-01 7.019244e-01 7.365466e-01 -1.285596e-01 -2.631279e-01 -1.818886e-01
<VARIANCE> 39
 9.625896e+00 1.320645e+01 3.321867e+01 2.234431e+01 5.743789e+01 5.972701e+01 7.818224e+01 7.975393e+01 7.958268e+01 4.796879e+01 9.478665e+01 1.154488e+02 9.489130e+00 1.051236e+00 1.075983e+00 1.517564e+00 1.437399e+00 2.259487e+00 2.244269e+00 2.206885e+00 2.765683e+00 2.938624e+00 3.390739e+00 2.745024e+00 2.422587e+00 1.341678e+00 2.994645e-01 2.631785e-01 4.779066e-01 2.926437e-01 5.804861e-01 4.803780e-01 5.081927e-01 5.556490e-01 6.658354e-01 8.595873e-01 7.459106e-01 8.032609e-01 3.529596e-01
<GCONST> 1.194705e+02
<STATE> 4
<MEAN> 39
 -2.515525e-01 7.505429e+00 8.294299e+00 5.087919e+00 -2.697117e-01 -3.366363e+00 -3.931550e+00 -5.996453e+00 -1.064901e+01 -1.340103e+01 -5.247948e+00 -1.483741e-01 6.483465e+01 -2.901354e+00 6.937929e-01 -4.062553e-01 -1.427877e-01 9.184905e-01 1.417998e+00 3.974624e-01 1.453358e+00 1.866100e+00 2.508193e+00 -8.186772e-02 -8.607365e-01 -2.049278e+00 -4.415450e-01 -9.578171e-01 -8.523086e-01 -5.623048e-01 -2.419706e-01 2.931098e-01 -5.323824e-02 -2.587132e-01 4.594058e-01 4.619457e-01 3.780971e-01 1.248080e-01 7.375348e-01
<VARIANCE> 39
 3.131370e+01 1.889159e+01 3.914880e+01 2.580447e+01 4.320808e+01 3.868061e+01 5.419571e+01 6.142520e+01 4.555622e+01 4.520020e+01 6.223797e+01 9.467736e+01 2.765789e+01 4.491334e+00 2.999982e+00 4.795129e+00 2.832830e+00 4.178230e+00 4.254440e+00 4.364729e+00 4.312395e+00 4.567335e+00 6.421134e+00 5.339159e+00 6.800085e+00 5.192642e+00 6.739789e-01 4.624623e-01 7.184757e-01 5.517571e-01 6.281688e-01 6.969559e-01 6.268054e-01 9.259555e-01 6.324338e-01 9.056258e-01 7.622463e-01 8.465488e-01 1.068704e+00
<GCONST> 1.353914e+02
<TRANSP> 5
 0.000000e+00 1.000000e+00 0.000000e+00 0.000000e+00 0.000000e+00
 0.000000e+00 7.909657e-01 2.090343e-01 0.000000e+00 0.000000e+00
 0.000000e+00 0.000000e+00 6.196100e-01 3.803900e-01 0.000000e+00
 0.000000e+00 0.000000e+00 0.000000e+00 4.892118e-01 5.107883e-01
 0.000000e+00 0.000000e+00 0.000000e+00 0.000000e+00 0.000000e+00
<ENDHMM>
~h "N"
<BEGINHMM>
<NUMSTATES> 5
<STATE> 2
<MEAN> 39
 2.272691e+00 7.791423e-01 2.019731e+00 3.189755e+00 -6.431412e+00 -5.761161e+00 -8.107280e+00 -1.174632e+01 -6.998319e+00 -1.360226e+01 -4.404407e-01 -1.082916e+00 7.449204e+01 5.109864e-01 8.201394e-01 1.526088e+00 1.009406e+00 8.219351e-01 -9.087905e-01 3.522276e-01 2.523345e-01 -1.834049e+00 -8.549095e-01 5.921067e-01 5.371465e-01 -1.461974e+00 -1.739994e-01 8.361204e-02 -5.135494e-02 1.119574e-02 -5.001787e-02 -5.901642e-02 1.098190e-01 1.264276e-01 1.486286e-01 2.239682e-01 -1.661339e-01 -6.565512e-02 -4.381013e-02
<VARIANCE> 39
 7.997886e+00 1.569241e+01 5.793505e+01 4.346457e+01 6.690463e+01 6.071737e+01 7.430601e+01 7.467986e+01 7.533850e+01 4.560150e+01 5.801418e+01 1.511462e+02 1.506400e+01 5.307061e-01 1.117675e+00 3.106645e+00 2.530267e+00 2.256317e+00 3.027517e+00 2.690963e+00 3.885744e+00 3.448667e+00 4.492381e+00 3.429628e+00 3.018739e+00 6.191027e-01 1.115896e-01 1.627373e-01 5.651316e-01 4.454451e-01 3.891550e-01 5.788904e-01 4.309462e-01 5.808910e-01 6.634067e-01 6.148369e-01 5.902864e-01 5.251876e-01 1.143584e-01
<GCONST> 1.191117e+02
<STATE> 3
<MEAN> 39
 3.250685e+00 5.371305e+00 6.164145e+00 6.272037e+00 -1.872383e+00 -9.778409e+00 -6.191373e+00 -9.586910e+00 -1.216592e+01 -1.500875e+01 8.593056e-01 1.075215e+00 6.952817e+01 -7.192081e-01 1.607506e+00 6.307895e-01 1.543604e-01 1.114176e+00 2.747226e-01 5.379200e-01 9.417413e-01 -2.557330e-01 2.855335e-01 -7.770352e-01 2.560802e-01 -1.934952e+00 -8.080931e-01 -3.979085e-01 -6.688105e-01 -5.552207e-01 -6.714076e-03 1.077411e+00 -1.419559e-01 2.034427e-01 9.495194e-01 6.767785e-01 -3.231903e-01 -2.735210e-01 1.362338e-01
<VARIANCE> 39
 8.226508e+00 1.644892e+01 3.505698e+01 2.376584e+01 7.959087e+01 4.747549e+01 6.735940e+01 8.084331e+01 5.699228e+01 4.603807e+01 5.823297e+01 1.420168e+02 1.039454e+01 1.300655e+00 1.435346e+00 2.079900e+00 1.999229e+00 2.542608e+00 4.658013e+00 2.676172e+00 3.584186e+00 3.633833e+00 3.129129e+00 2.595180e+00 2.761258e+00 1.645742e+00 2.531418e-01 4.982287e-01 5.963892e-01 4.930516e-01 7.567227e-01 8.086849e-01 7.838340e-01 9.584885e-01 7.561052e-01 8.671474e-01 7.561616e-01 8.544777e-01 4.569571e-01
<GCONST> 1.253508e+02
<STATE> 4
<MEAN> 39
 -1.952098e-01 8.858232e+00 7.188002e+00 5.531011e+00 4.434358e-01 -5.761861e+00 -5.626828e+00 -6.625031e+00 -1.090745e+01 -1.351488e+01 -2.244184e+00 7.004107e-01 6.452448e+01 -3.154835e+00 -5.266307e-01 -1.436849e+00 -1.364212e+00 1.006565e+00 2.808794e+00 1.028143e-01 1.413757e+00 2.070386e+00 2.198878e+00 -7.101145e-01 -5.670850e-01 -1.005548e+00 -5.513216e-01 -1.157774e+00 -1.027637e+00 -7.638525e-01 -5.289772e-01 2.881670e-01 -2.811405e-01 -2.490028e-01 8.076656e-01 7.079318e-01 4.724858e-01 -9.664419e-02 1.244237e+00
<VARIANCE> 39
 2.264311e+01 2.071799e+01 3.226014e+01 2.343680e+01 5.063111e+01 3.576529e+01 4.237575e+01 5.167928e+01 3.730697e+01 3.275018e+01 4.619593e+01 1.008675e+02 3.324551e+01 2.891683e+00 5.546821e+00 4.648679e+00 3.987437e+00 6.360549e+00 5.351926e+00 5.788925e+00 6.078875e+00 5.402277e+00 5.947183e+00 4.436197e+00 7.156212e+00 6.004280e+00 5.081912e-01 6.001271e-01 6.875629e-01 6.386818e-01 6.132832e-01 9.388071e-01 6.474820e-01 9.378718e-01 6.640658e-01 6.648524e-01 6.323112e-01 6.680026e-01 8.653495e-01
<GCONST> 1.353258e+02
<TRANSP> 5
 0.000000e+00 1.000000e+00 0.000000e+00 0.000000e+00 0.000000e+00
 0.000000e+00 8.026409e-01 1.973591e-01 0.000000e+00 0.000000e+00
 0.000000e+00 0.000000e+00 5.395048e-01 4.604953e-01 0.000000e+00
 0.000000e+00 0.000000e+00 0.000000e+00 4.037841e-01 5.962159e-01
 0.000000e+00 0.000000e+00 0.000000e+00 0.000000e+00 0.000000e+00
<ENDHMM>
~h "O"
<BEGINHMM>
<NUMSTATES> 5
<STATE> 2
<MEAN> 39
 1.679746e+00 -2.280968e-01 -5.739087e+00 -1.519102e+01 -1.746695e+01 4.555798e+00 -2.607305e+00 -1.055546e+01 -4.157541e+00 -8.091675e+00 -2.179188e+00 -3.377619e+00 7.960831e+01 2.615397e-01 -7.698305e-01 -5.534788e-01 -8.049352e-01 -3.445510e-01 7.236994e-01 8.071889e-01 8.523700e-02 -2.075680e-01 -4.562230e-02 3.941628e-02 -1.472853e-01 5.116125e-01 -3.152909e-01 4.017057e-02 1.068686e-01 5.311520e-01 6.778757e-01 -1.915735e-01 -2.129200e-01 4.748026e-02 -2.283826e-03 4.616282e-02 2.353120e-02 2.048604e-02 -2.439837e-01
<VARIANCE> 39
 1.065735e+01 2.542541e+01 3.337148e+01 9.468432e+01 3.951156e+01 6.324893e+01 6.899725e+01 5.141196e+01 4.411932e+01 3.987469e+01 8.703016e+01 8.807584e+01 1.112182e+01 7.058796e-01 9.386784e-01 1.337689e+00 2.511587e+00 2.992372e+00 2.523115e+00 2.534775e+00 2.456645e+00 2.210383e+00 2.144822e+00 2.611783e+00 1.992898e+00 6.054440e-01 2.451126e-01 2.130946e-01 2.716503e-01 3.643400e-01 6.236026e-01 4.607328e-01 4.696369e-01 4.930403e-01 5.088350e-01 5.107894e-01 5.568852e-01 4.295852e-01 1.180308e-01
<GCONST> 1.146262e+02
<STATE> 3
<MEAN> 39
 1.716729e+00 -2.354690e+00 -6.555643e+00 -1.215390e+01 -1.462706e+01 4.312397e+00 -1.892910e+00 -1.134481e+01 -3.921017e+00 -7.244644e+00 -3.133399e-01 -2.379456e+00 8.081171e+01 -1.621586e-01 -5.133383e-02 4.774156e-02 1.017344e+00 9.451928e-01 -5.876643e-01 -9.335762e-01 -4.058215e-01 2.090744e-01 1.317238e-01 1.715606e-01 -1.505531e-01 -1.088618e-01 -7.383152e-02 2.873745e-01 3.771270e-01 5.403709e-01 3.334762e-01 -2.959442e-01 -3.835277e-01 -1.590138e-02 2.733022e-02 -1.052684e-01 -9.705010e-02 5.246441e-02 -3.491356e-01
<VARIANCE> 39
 9.979762e+00 2.275573e+01 2.836184e+01 6.250915e+01 3.205131e+01 7.095663e+01 8.372937e+01 6.105440e+01 4.383462e+01 3.515957e+01 8.270172e+01 1.004843e+02 1.036801e+01 3.130302e-01 8.755559e-01 1.275392e+00 2.298129e+00 1.996727e+00 2.484715e+00 2.727527e+00 2.320242e+00 2.210615e+00 2.296504e+00 2.639052e+00 2.099581e+00 4.427076e-01 8.971582e-02 1.356165e-01 2.302058e-01 2.566963e-01 4.313706e-01 4.326134e-01 4.422246e-01 4.732362e-01 4.811592e-01 4.116592e-01 4.924304e-01 3.762605e-01 1.132339e-01
<GCONST> 1.093419e+02
<STATE> 4
<MEAN> 39
 1.103409e+00 -9.193646e-01 -4.342556e+00 -6.243113e+00 -1.087396e+01 8.236827e-01 -7.173234e+00 -1.297690e+01 -2.951373e+00 -7.185867e+00 -1.325128e-01 -2.271754e+00 7.882796e+01 -4.780260e-01 1.067496e+00 1.857045e+00 2.810372e+00 2.277705e+00 -9.406258e-01 -1.211947e+00 3.293165e-01 -2.776282e-01 -6.324289e-01 -4.593449e-01 1.885833e-01 -1.915804e+00 -2.573673e-01 2.096963e-01 3.725882e-01 2.554782e-01 2.762337e-01 1.360571e-01 3.618716e-01 4.274067e-01 -2.407324e-01 -1.559341e-01 -1.634583e-01 6.870300e-02 -5.204170e-01
<VARIANCE> 39
 1.300253e+01 2.448425e+01 3.744078e+01 6.024947e+01 4.651503e+01 6.981708e+01 1.093251e+02 5.742905e+01 4.961522e+01 4.749236e+01 7.703597e+01 1.001620e+02 1.644449e+01 1.601064e+00 1.930234e+00 2.734170e+00 3.253446e+00 4.420773e+00 5.269825e+00 4.207674e+00 4.578335e+00 5.046884e+00 4.289276e+00 4.263453e+00 3.473991e+00 2.381236e+00 3.977282e-01 3.113795e-01 4.122876e-01 5.737911e-01 6.882261e-01 6.448326e-01 7.732980e-01 7.092749e-01 8.289334e-01 6.425704e-01 6.672817e-01 5.564221e-01 3.521537e-01
<GCONST> 1.299587e+02
<TRANSP> 5
 0.000000e+00 1.000000e+00 0.000000e+00 0.000000e+00 0.000000e+00
 0.000000e+00 7.080774e-01 2.919226e-01 0.000000e+00 0.000000e+00
 0.000000e+00 0.000000e+00 7.184960e-01 2.815040e-01 0.000000e+00
 0.000000e+00 0.000000e+00 0.000000e+00 5.349154e-01 4.650846e-01
 0.000000e+00 0.000000e+00 0.000000e+00 0.000000e+00 0.000000e+00
<ENDHMM>
~h "R"
<BEGINHMM>
<NUMSTATES> 5
<STATE> 2
<MEAN> 39
 -5.903599e-02 -3.505104e+00 -5.112980e+00 3.434184e+00 -1.000440e+01 -4.741962e+00 -9.794457e+00 -1.402115e+01 -4.157363e+00 -3.203294e+00 2.254615e+00 -3.385854e+00 7.825896e+01 1.791111e-01 4.686245e-01 -1.006725e-02 7.364698e-01 4.911665e-01 5.025734e-01 1.158152e-01 1.135204e-01 -1.428606e+00 -1.661115e-01 7.122143e-02 2.389349e-02 -8.806584e-01 -1.878303e-01 3.189003e-01 2.941826e-01 -3.296711e-01 2.564761e-01 1.844407e-01 4.348457e-04 2.634037e-01 6.987445e-03 -2.769339e-01 -2.291769e-01 -6.661541e-02 -1.942908e-01
<VARIANCE> 39
 1.733742e+01 1.393245e+01 4.891844e+01 5.490981e+01 5.546367e+01 6.791093e+01 7.713449e+01 5.927871e+01 5.903241e+01 4.049751e+01 5.659637e+01 6.585166e+01 1.414779e+01 1.447554e+00 1.401513e+00 3.314677e+00 3.454712e+00 4.697875e+00 3.191171e+00 4.157335e+00 4.947272e+00 5.249378e+00 4.217248e+00 4.326939e+00 2.687047e+00 1.121850e+00 3.136586e-01 2.401047e-01 6.523030e-01 6.489202e-01 1.018258e+00 6.674529e-01 7.907753e-01 8.614594e-01 9.881659e-01 7.869568e-01 7.776206e-01 4.864842e-01 3.604114e-01
<GCONST> 1.284565e+02
<STATE> 3
<MEAN> 39
 5.873358e-02 -7.146078e-01 -4.044889e+00 4.175598e+00 -6.794214e+00 -2.087262e+00 -8.541180e+00 -1.224232e+01 -8.359819e+00 -4.750451e+00 1.397670e+00 -2.388936e+00 7.564552e+01 -9.113066e-01 1.626715e+00 1.463619e+00 -2.713731e-01 1.650206e+00 1.078987e+00 6.295283e-01 8.753875e-01 -7.874973e-01 -4.869193e-01 -8.059541e-01 -3.311817e-02 -1.647231e+00 -5.895255e-01 1.292748e-01 3.967763e-01 -1.551501e-01 4.028146e-01 3.421094e-02 3.169073e-01 3.386810e-01 6.371489e-01 6.753837e-02 -2.879089e-01 7.684573e-02 -4.584777e-01
<VARIANCE> 39
 2.538190e+01 1.641966e+01 5.170140e+01 4.797920e+01 5.348658e+01 5.661554e+01 8.472283e+01 4.975849e+01 5.115326e+01 4.507207e+01 5.395679e+01 6.025985e+01 1.749701e+01 2.575641e+00 1.931185e+00 3.685738e+00 3.217417e+00 5.659071e+00 3.944905e+00 3.896733e+00 4.418016e+00 4.619924e+00 3.362017e+00 3.961186e+00 2.547009e+00 3.132671e+00 5.889155e-01 3.464077e-01 7.696269e-01 7.161445e-01 1.080078e+00 7.035329e-01 8.687422e-01 9.411929e-01 9.026712e-01 6.873814e-01 7.139793e-01 5.180203e-01 7.235864e-01
<GCONST> 1.323486e+02
<STATE> 4
<MEAN> 39
 -3.259892e+00 2.950479e+00 -2.141213e-02 3.503753e+00 -2.213956e+00 1.520455e-01 -6.192896e+00 -9.750917e+00 -8.345024e+00 -5.569207e+00 -1.498130e+00 -2.668473e+00 7.101868e+01 -2.230981e+00 1.327942e+00 1.734707e+00 -1.123383e-01 2.383124e+00 9.255946e-01 1.251256e+00 1.601799e+00 6.134328e-01 -7.100286e-02 -9.089555e-01 2.972851e-01 -2.845508e+00 -4.258249e-01 -5.357591e-01 -3.185296e-01 -9.038495e-02 -1.427368e-01 -1.649832e-01 8.940536e-02 2.641575e-01 6.257157e-01 3.050400e-01 2.588902e-01 1.799192e-01 -1.077185e-01
<VARIANCE> 39
 4.159256e+01 2.732662e+01 3.949546e+01 4.365605e+01 4.650803e+01 5.060902e+01 7.627960e+01 5.310140e+01 4.010983e+01 4.312786e+01 5.743229e+01 6.459792e+01 4.791272e+01 4.833603e+00 2.821444e+00 3.957632e+00 3.822327e+00 4.779642e+00 3.955208e+00 4.607822e+00 3.927221e+00 4.438162e+00 3.211455e+00 3.522328e+00 2.962969e+00 6.623819e+00 6.727991e-01 5.168909e-01 6.842568e-01 7.333534e-01 9.449151e-01 6.936507e-01 8.409457e-01 8.494419e-01 6.959049e-01 6.304240e-01 7.978378e-01 6.014692e-01 9.577686e-01
<GCONST> 1.357313e+02
<TRANSP> 5
 0.000000e+00 1.000000e+00 0.000000e+00 0.000000e+00 0.000000e+00
 0.000000e+00 6.878867e-01 3.121133e-01 0.000000e+00 0.000000e+00
 0.000000e+00 0.000000e+00 3.870541e-01 6.129459e-01 0.000000e+00
 0.000000e+00 0.000000e+00 0.000000e+00 3.997726e-01 6.002274e-01
 0.000000e+00 0.000000e+00 0.000000e+00 0.000000e+00 0.000000e+00
<ENDHMM>
~h "S"
<BEGINHMM>
<NUMSTATES> 5
<STATE> 2
<MEAN> 39
 -1.741414e+01 -8.002280e+00 5.906534e+00 5.382549e+00 4.044732e+00 -8.639088e-01 -3.211188e+00 -4.945505e+00 -4.375717e+00 5.897530e-01 -1.382081e+00 -1.768283e+00 7.923119e+01 -5.619684e+00 -2.640702e+00 2.448854e-01 -3.807881e-01 2.479264e+00 6.639018e-01 2.124450e+00 1.617237e+00 9.731344e-01 1.976464e+00 1.356565e+00 1.167578e+00 4.721326e-01 3.617626e-01 -1.179692e-01 -7.377417e-01 -4.555308e-01 -1.167704e+00 -2.076962e-01 -4.305009e-01 -2.477827e-01 2.294528e-01 -2.471600e-01 3.066274e-01 1.610295e-01 -1.299764e-01
<VARIANCE> 39
 8.968950e+01 3.287532e+01 5.422688e+01 2.560133e+01 7.773618e+01 3.223854e+01 6.785743e+01 4.608968e+01 3.639960e+01 4.172654e+01 5.659700e+01 4.061339e+01 7.563964e+00 3.213085e+00 3.207999e+00 5.295641e+00 2.774837e+00 6.931142e+00 4.543700e+00 4.566067e+00 3.517356e+00 3.824292e+00 3.579907e+00 5.132520e+00 2.727083e+00 1.124422e+00 1.698129e+00 8.885010e-01 5.291323e-01 3.931627e-01 9.368731e-01 6.193414e-01 8.288441e-01 7.388900e-01 7.867798e-01 7.390140e-01 1.012062e+00 5.154676e-01 1.856297e-01
<GCONST> 1.314147e+02
<STATE> 3
<MEAN> 39
 -2.857019e+01 -1.528029e+01 1.048301e+00 7.683089e-01 3.740214e+00 -1.497646e+00 -1.170184e+00 -2.907663e+00 -2.328505e+00 4.101060e+00 3.634726e+00 2.288486e+00 7.879594e+01 4.364651e-01 5.511181e-01 -5.936716e-01 -7.287229e-01 -5.080730e-01 1.313865e-01 3.626877e-02 -3.686759e-01 -3.621321e-02 1.101703e-02 1.357168e-01 2.210655e-01 -6.815330e-01 1.457892e+00 1.003613e+00 1.652535e-01 1.910746e-01 -2.141937e-01 1.235557e-01 -1.853691e-01 -2.278319e-01 -1.980546e-01 -4.523134e-01 -3.892173e-01 -2.718373e-01 -4.599557e-01
<VARIANCE> 39
 1.639437e+01 2.087544e+01 5.262594e+01 2.608793e+01 5.534779e+01 2.777543e+01 7.237342e+01 3.076885e+01 3.644286e+01 2.851432e+01 2.367677e+01 2.320620e+01 5.376454e+00 8.041694e+00 5.278833e+00 2.839755e+00 2.226755e+00 2.245505e+00 2.335699e+00 2.358550e+00 2.219143e+00 2.493887e+00 2.439087e+00 2.402155e+00 2.115454e+00 1.308035e+00 5.202097e-01 5.188823e-01 4.753129e-01 3.641732e-01 5.953330e-01 5.082442e-01 5.824205e-01 4.829131e-01 4.865827e-01 5.088932e-01 4.594422e-01 3.845688e-01 3.455887e-01
<GCONST> 1.176061e+02
<STATE> 4
<MEAN> 39
 -1.547364e+01 -4.608820e+00 3.164114e-01 -2.945686e-01 1.693845e+00 8.858147e-01 -1.272697e+00 -5.799300e+00 -4.238925e+00 5.366079e-01 1.046814e+00 7.323439e-01 7.382366e+01 4.562858e+00 2.969872e+00 -3.035134e-01 -2.489589e-01 -1.637473e+00 2.963805e-01 -6.756944e-01 -3.694075e-01 -4.768838e-01 -1.698711e+00 -8.169698e-01 -7.588838e-01 -2.172765e+00 -1.798728e-01 -5.651908e-01 -1.437826e-01 -3.326466e-02 -4.241084e-01 -1.769462e-01 -1.770948e-01 1.139883e-01 1.397538e-01 -8.649614e-02 7.801743e-02 -1.397081e-02 1.546599e-01
<VARIANCE> 39
 1.214042e+02 4.862178e+01 5.765740e+01 3.282095e+01 5.465551e+01 3.679456e+01 6.986850e+01 4.089734e+01 6.013072e+01 5.209023e+01 3.427823e+01 3.600247e+01 2.108776e+01 7.277648e+00 3.884074e+00 5.414492e+00 3.382322e+00 6.437306e+00 5.234774e+00 6.065344e+00 5.551064e+00 4.662425e+00 4.433368e+00 3.342522e+00 3.511885e+00 6.821152e+00 1.426782e+00 9.345415e-01 7.986224e-01 5.800122e-01 8.611041e-01 6.905859e-01 7.501093e-01 7.320667e-01 7.917736e-01 8.363505e-01 6.489556e-01 5.623990e-01 7.248421e-01
<GCONST> 1.390384e+02
<TRANSP> 5
 0.000000e+00 1.000000e+00 0.000000e+00 0.000000e+00 0.000000e+00
 0.000000e+00 6.812345e-01 3.187656e-01 0.000000e+00 0.000000e+00
 0.000000e+00 0.000000e+00 7.905808e-01 2.094192e-01 0.000000e+00
 0.000000e+00 0.000000e+00 0.000000e+00 5.600105e-01 4.399895e-01
 0.000000e+00 0.000000e+00 0.000000e+00 0.000000e+00 0.000000e+00
<ENDHMM>
~h "U"
<BEGINHMM>
<NUMSTATES> 5
<STATE> 2
<MEAN> 39
 3.326057e-01 3.469217e+00 -1.485257e-01 -5.244614e+00 -1.224865e+01 5.928478e-02 -7.909510e+00 -1.491200e+01 -5.777204e+00 -1.160668e+01 -1.021084e+00 -9.744446e-01 7.600055e+01 1.065531e+00 1.763019e-01 1.984602e-01 -7.146737e-02 -7.478518e-01 -4.369916e-02 -3.388018e-02 -9.306095e-01 -5.331224e-01 -8.114616e-01 1.670107e-01 6.475556e-02 2.078812e-01 -7.896382e-01 -1.092512e-01 8.712879e-02 3.868512e-01 7.762622e-01 -7.539051e-03 1.674564e-01 7.179098e-01 2.677184e-01 4.484579e-01 -1.132365e-01 -5.288369e-02 -4.425045e-01
<VARIANCE> 39
 1.618467e+01 3.453646e+01 2.964297e+01 6.781348e+01 5.418849e+01 7.154938e+01 1.332223e+02 5.496703e+01 5.904777e+01 5.107063e+01 7.938029e+01 7.728174e+01 1.934027e+01 4.476485e+00 2.727319e+00 2.446412e+00 4.764396e+00 7.711154e+00 4.621129e+00 6.254104e+00 5.944449e+00 5.295893e+00 4.597772e+00 4.877572e+00 3.362375e+00 2.261778e+00 5.857673e-01 5.830861e-01 5.556550e-01 6.329871e-01 9.623016e-01 8.042535e-01 1.039207e+00 9.363183e-01 1.082279e+00 8.626871e-01 8.795880e-01 6.199306e-01 3.690746e-01
<GCONST> 1.373447e+02
<STATE> 3
<MEAN> 39
 2.227300e-01 2.902819e+00 1.285671e-01 -3.170997e+00 -1.090740e+01 -5.806327e-03 -7.971402e+00 -1.504012e+01 -6.305988e+00 -1.149594e+01 -8.257490e-01 -8.653334e-01 7.601974e+01 -8.322204e-01 3.333706e-01 6.720165e-01 1.054695e+00 1.630333e+00 -2.156273e-01 -1.331720e-01 8.499247e-01 9.944633e-02 4.302270e-01 -3.257049e-01 -4.223648e-01 -6.351880e-01 -8.752778e-01 7.401176e-02 1.981965e-01 2.673278e-01 7.764525e-01 -5.799446e-03 2.027864e-01 7.978078e-01 3.464610e-01 4.037415e-01 -2.382637e-01 -1.038543e-01 -3.813385e-01
<VARIANCE> 39
 1.511712e+01 2.904123e+01 3.134336e+01 6.161345e+01 4.947091e+01 7.713842e+01 1.531518e+02 6.120320e+01 6.293988e+01 4.384295e+01 8.231412e+01 8.239453e+01 1.930576e+01 3.921719e+00 2.992179e+00 2.523534e+00 4.006787e+00 7.604631e+00 5.135855e+00 5.647785e+00 5.200019e+00 5.234021e+00 4.554907e+00 4.694262e+00 2.980219e+00 3.048461e+00 6.485716e-01 4.967513e-01 4.996282e-01 6.538467e-01 8.346171e-01 8.349236e-01 1.140852e+00 9.963712e-01 1.169917e+00 7.723175e-01 8.848490e-01 6.473157e-01 3.477311e-01
<GCONST> 1.369715e+02
<STATE> 4
<MEAN> 39
 -2.750952e+00 4.326622e+00 2.217137e+00 -2.021055e-01 -5.510714e+00 -3.531289e-02 -7.890012e+00 -1.157624e+01 -5.931709e+00 -1.004483e+01 -2.605561e+00 -2.093553e+00 7.363305e+01 -2.393170e+00 4.024872e-01 9.171660e-01 1.071916e+00 2.389904e+00 -1.586072e-02 4.540477e-01 1.947225e+00 8.047430e-01 9.620908e-01 -5.524125e-01 -3.872638e-01 -1.204693e+00 -5.804747e-01 -2.171761e-01 -2.414568e-01 -2.535044e-01 -1.140818e-01 2.252566e-02 2.879306e-01 3.097759e-01 2.900028e-01 2.210194e-01 1.106360e-01 1.819674e-01 -1.046388e-01
<VARIANCE> 39
 4.128618e+01 3.137458e+01 3.645295e+01 5.966837e+01 7.609472e+01 7.061176e+01 1.182414e+02 6.172683e+01 5.416767e+01 4.148090e+01 6.177059e+01 7.118890e+01 4.582750e+01 8.409298e+00 3.527325e+00 3.519675e+00 4.463761e+00 7.220288e+00 5.910105e+00 5.874888e+00 5.933657e+00 6.027357e+00 4.631333e+00 4.405998e+00 3.177052e+00 5.116706e+00 6.279385e-01 5.524053e-01 6.236598e-01 7.846407e-01 1.189591e+00 7.615541e-01 1.025093e+00 9.195363e-01 9.603955e-01 7.858613e-01 8.248177e-01 5.839690e-01 4.147669e-01
<GCONST> 1.411706e+02
<TRANSP> 5
 0.000000e+00 1.000000e+00 0.000000e+00 0.000000e+00 0.000000e+00
 0.000000e+00 4.915790e-01 5.084210e-01 0.000000e+00 0.000000e+00
 0.000000e+00 0.000000e+00 3.653676e-01 6.346324e-01 0.000000e+00
 0.000000e+00 0.000000e+00 0.000000e+00 2.501871e-01 7.498128e-01
 0.000000e+00 0.000000e+00 0.000000e+00 0.000000e+00 0.000000e+00
<ENDHMM>
~h "W"
<BEGINHMM>
<NUMSTATES> 5
<STATE> 2
<MEAN> 39
 3.487502e+00 4.624920e+00 -2.580386e+00 -1.114035e+01 -1.960416e+01 1.625172e+00 -2.090742e+00 -1.209547e+01 -3.551948e+00 -1.220903e+01 -3.126729e+00 7.911772e-01 7.612807e+01 1.376316e-01 8.683268e-01 5.005978e-01 4.303391e-02 -2.618615e-01 -9.186561e-02 2.393135e-01 4.789100e-01 2.369196e-01 -8.084499e-01 -7.768406e-01 -4.926996e-02 -7.432734e-01 -1.584482e-01 -7.716911e-02 5.525019e-02 4.285773e-01 5.146588e-01 -1.114970e-01 -3.137303e-01 -8.931997e-02 5.293577e-02 1.941299e-01 1.100878e-01 -8.368409e-02 -5.184774e-02
<VARIANCE> 39
 9.000101e+00 2.825786e+01 3.457263e+01 6.094574e+01 4.286510e+01 6.594719e+01 9.426669e+01 5.480382e+01 6.909644e+01 3.647863e+01 8.985663e+01 6.892072e+01 1.556300e+01 3.177371e-01 9.353508e-01 8.550312e-01 1.862479e+00 2.844230e+00 1.904640e+00 2.435625e+00 2.146653e+00 2.493498e+00 2.429692e+00 2.581089e+00 1.859322e+00 4.533513e-01 6.521592e-02 1.504522e-01 1.921654e-01 2.686201e-01 4.163830e-01 4.500068e-01 3.491203e-01 4.296850e-01 5.101860e-01 4.118060e-01 4.882466e-01 3.892399e-01 9.627878e-02
<GCONST> 1.091275e+02
<STATE> 3
<MEAN> 39
 3.138414e+00 7.648067e+00 -3.540405e-01 -6.979608e+00 -1.546174e+01 2.253552e+00 -3.810430e+00 -1.115765e+01 -4.110722e+00 -1.499415e+01 -4.305965e+00 2.384642e+00 7.282109e+01 -8.000143e-01 7.917075e-02 4.226283e-01 2.027763e+00 2.958811e+00 9.858148e-02 -7.997941e-01 -3.173140e-02 -5.527412e-01 4.847843e-01 3.906819e-01 -9.569579e-02 -9.369597e-01 -5.305098e-01 -2.922994e-01 2.095655e-01 5.569429e-01 7.303368e-01 -2.173035e-01 -1.268258e-01 2.111375e-01 5.354924e-02 6.207836e-01 1.388101e-01 -2.740522e-01 -9.900629e-02
<VARIANCE> 39
 9.804841e+00 3.906480e+01 3.290591e+01 4.945849e+01 4.435302e+01 7.790826e+01 1.038062e+02 5.558414e+01 9.828381e+01 4.429932e+01 8.921877e+01 6.491428e+01 2.747482e+01 1.092688e+00 2.156035e+00 1.931448e+00 2.844695e+00 4.250718e+00 4.088558e+00 4.065020e+00 5.747206e+00 5.231296e+00 3.564744e+00 4.668554e+00 2.958020e+00 2.719472e+00 3.386459e-01 3.821096e-01 4.561224e-01 4.434197e-01 7.511678e-01 9.167952e-01 7.244974e-01 8.128375e-01 1.110909e+00 7.671927e-01 8.080364e-01 5.576400e-01 3.583465e-01
<GCONST> 1.307742e+02
<STATE> 4
<MEAN> 39
 -4.837429e-01 6.419814e+00 1.262246e+00 -9.115875e-01 -6.868943e+00 1.749972e+00 -7.636241e+00 -1.082272e+01 -5.595359e+00 -1.153476e+01 -2.464570e+00 8.042365e-03 7.099960e+01 -2.583529e+00 -3.546143e-01 1.366204e+00 2.626742e+00 3.592381e+00 -7.900795e-01 -4.879665e-01 1.240607e+00 5.764892e-01 1.623959e+00 -1.093429e-02 -9.742753e-01 -1.107148e+00 -6.412946e-01 -2.932453e-01 -2.922909e-03 -4.111447e-01 -3.874671e-01 -1.483065e-01 4.099351e-01 4.214776e-01 3.940707e-01 1.935472e-01 -2.357481e-02 2.460586e-02 1.141698e-01
<VARIANCE> 39
 2.737353e+01 4.051905e+01 3.608960e+01 6.654566e+01 6.200411e+01 6.579306e+01 1.220435e+02 6.918764e+01 7.659173e+01 4.379334e+01 6.976477e+01 7.067929e+01 5.821727e+01 5.611901e+00 3.556227e+00 4.207496e+00 4.174148e+00 6.459416e+00 8.337356e+00 6.276833e+00 5.990943e+00 6.917266e+00 5.414648e+00 6.280769e+00 3.377314e+00 5.343421e+00 5.731848e-01 7.027243e-01 8.810791e-01 7.636037e-01 1.056655e+00 9.538386e-01 1.154066e+00 1.301406e+00 1.210777e+00 9.195657e-01 9.884123e-01 7.108698e-01 7.504427e-01
<GCONST> 1.449155e+02
<TRANSP> 5
 0.000000e+00 1.000000e+00 0.000000e+00 0.000000e+00 0.000000e+00
 0.000000e+00 8.331308e-01 1.668692e-01 0.000000e+00 0.000000e+00
 0.000000e+00 0.000000e+00 4.981971e-01 5.018029e-01 0.000000e+00
 0.000000e+00 0.000000e+00 0.000000e+00 4.561939e-01 5.438061e-01
 0.000000e+00 0.000000e+00 0.000000e+00 0.000000e+00 0.000000e+00
<ENDHMM>
~h "Z"
<BEGINHMM>
<NUMSTATES> 5
<STATE> 2
<MEAN> 39
 -5.554782e+00 -2.683017e+00 2.668129e+00 3.442757e+00 -1.671722e+00 -5.053006e+00 -9.215771e+00 -1.157453e+01 -1.027693e+01 -3.631194e+00 -1.555727e+00 -2.568938e+00 7.829746e+01 -3.489480e+00 -4.775121e-01 2.501720e+00 4.642869e-01 3.495401e+00 -7.800193e-02 7.699444e-01 1.000195e+00 -1.430751e+00 5.120815e-01 -6.532066e-01 4.447661e-01 7.662163e-01 -4.312554e-01 -4.460872e-02 4.293633e-02 6.043703e-02 -2.782842e-01 3.681759e-01 3.190573e-01 1.866889e-01 5.289999e-01 -3.200101e-01 -2.088266e-02 1.253135e-02 -5.205368e-02
<VARIANCE> 39
 3.732041e+01 2.134753e+01 5.935350e+01 3.282369e+01 1.084731e+02 5.312840e+01 7.502317e+01 5.691278e+01 4.755943e+01 4.673973e+01 4.108671e+01 4.558160e+01 1.558736e+01 3.212983e+00 2.305906e+00 3.025229e+00 3.085925e+00 5.559275e+00 5.084049e+00 5.768134e+00 5.095632e+00 5.655309e+00 5.394292e+00 4.590573e+00 2.806776e+00 2.083123e+00 7.866961e-01 3.129762e-01 6.978022e-01 4.227881e-01 1.032568e+00 6.600779e-01 7.304488e-01 7.728052e-01 7.336945e-01 7.097992e-01 6.198675e-01 5.098765e-01 2.005220e-01
<GCONST> 1.316173e+02
<STATE> 3
<MEAN> 39
 -1.649293e+01 -4.631611e+00 8.473464e+00 6.160047e+00 6.259943e+00 -2.470050e+00 -5.567732e+00 -7.200060e+00 -1.005695e+01 -3.445996e+00 -2.274534e+00 -1.347339e+00 7.986823e+01 -4.787191e-01 2.081195e-01 -3.521369e-02 -7.609280e-02 2.054932e-01 2.420363e-01 5.359585e-01 1.042207e-01 1.331256e-01 -4.878257e-02 -4.377183e-02 7.493850e-02 -9.894583e-02 1.491230e+00 4.550684e-01 -7.642989e-01 -4.162965e-01 -1.049995e+00 -1.246207e-01 -3.230728e-01 -3.907927e-01 1.238878e-01 -2.114451e-01 1.180621e-01 -8.795612e-02 -3.029012e-01
<VARIANCE> 39
 3.552896e+01 2.405612e+01 3.781218e+01 2.628590e+01 8.847341e+01 4.223415e+01 6.049614e+01 4.660033e+01 4.422178e+01 6.242360e+01 4.085476e+01 4.083521e+01 3.997590e+00 8.891279e+00 2.281577e+00 3.176471e+00 2.654089e+00 4.346975e+00 2.711655e+00 2.838083e+00 3.005388e+00 2.397840e+00 2.400928e+00 2.136806e+00 1.651048e+00 5.060009e-01 6.629504e-01 4.637033e-01 4.378492e-01 4.758801e-01 5.772613e-01 6.754913e-01 6.103584e-01 6.046604e-01 6.391856e-01 7.198014e-01 5.349672e-01 3.929035e-01 1.578212e-01
<GCONST> 1.214415e+02
<STATE> 4
<MEAN> 39
 -5.927385e+00 5.082200e-01 1.372856e+00 1.824784e+00 1.071888e-01 -3.872877e+00 -4.745934e+00 -1.030993e+01 -1.069232e+01 -5.668289e+00 -1.924323e+00 -1.650018e+00 7.723823e+01 3.643068e+00 1.386128e+00 -1.749023e+00 -9.758353e-01 -2.465621e+00 4.206382e-02 -3.274051e-01 -3.445433e-01 5.851882e-01 -9.897962e-01 1.450460e-01 -4.654235e-01 -1.186665e+00 -1.450703e-01 -2.646589e-01 2.468519e-01 1.917899e-01 -1.689677e-01 2.252145e-01 -4.320011e-03 2.019996e-01 3.058088e-01 -1.929192e-01 -3.989542e-02 -5.337735e-02 -2.213234e-02
<VARIANCE> 39
 6.486265e+01 2.744269e+01 7.493378e+01 3.092795e+01 8.183405e+01 4.536008e+01 7.852400e+01 5.911536e+01 4.550235e+01 5.507615e+01 3.981245e+01 4.127438e+01 1.124252e+01 4.059550e+00 3.462328e+00 4.895074e+00 3.084577e+00 5.696537e+00 5.034341e+00 4.703953e+00 4.650694e+00 4.395957e+00 6.484329e+00 3.759117e+00 2.610514e+00 1.755452e+00 1.329517e+00 4.644142e-01 8.664780e-01 4.392694e-01 7.141015e-01 7.665740e-01 6.873730e-01 7.738352e-01 6.658055e-01 8.371695e-01 6.320745e-01 4.949479e-01 2.904194e-01
<GCONST> 1.335535e+02
<TRANSP> 5
 0.000000e+00 1.000000e+00 0.000000e+00 0.000000e+00 0.000000e+00
 0.000000e+00 5.963103e-01 4.036897e-01 0.000000e+00 0.000000e+00
 0.000000e+00 0.000000e+00 7.559933e-01 2.440067e-01 0.000000e+00
 0.000000e+00 0.000000e+00 0.000000e+00 6.581414e-01 3.418585e-01
 0.000000e+00 0.000000e+00 0.000000e+00 0.000000e+00 0.000000e+00
<ENDHMM>
~h "a"
<BEGINHMM>
<NUMSTATES> 5
<STATE> 2
<MEAN> 39
 -4.966433e-01 -2.502260e+00 -3.591990e+00 -2.928432e+00 -8.922944e+00 -1.601975e+00 -1.090177e+01 -1.062986e+01 -1.449082e+00 -3.222008e+00 1.300269e+00 -2.877278e+00 7.922519e+01 1.319344e+00 -6.983689e-01 8.746904e-02 9.630254e-02 -1.564986e+00 -6.930827e-01 -1.344763e+00 -4.667450e-01 5.953698e-01 -2.198632e-02 1.033790e-01 -9.216326e-01 1.542266e+00 -6.128626e-01 3.115137e-01 3.403968e-01 4.574293e-01 4.990670e-01 8.078588e-03 4.393956e-01 4.604566e-01 -1.342529e-01 -2.508044e-01 -2.191170e-01 1.929536e-01 -8.580948e-01
<VARIANCE> 39
 1.924314e+01 2.330685e+01 2.981192e+01 5.317714e+01 5.191366e+01 7.213802e+01 9.151274e+01 6.204041e+01 4.616046e+01 3.816447e+01 6.197860e+01 8.793211e+01 2.003718e+01 4.303267e+00 2.780449e+00 3.148239e+00 4.266228e+00 6.012830e+00 5.465147e+00 5.046242e+00 4.317042e+00 4.768860e+00 4.157451e+00 4.140197e+00 4.532160e+00 4.383812e+00 7.018724e-01 5.058070e-01 6.181523e-01 5.937312e-01 8.796560e-01 8.311096e-01 7.579697e-01 8.260264e-01 7.938517e-01 7.131572e-01 7.709616e-01 6.928337e-01 5.221099e-01
<GCONST> 1.354837e+02
<STATE> 3
<MEAN> 39
 -3.413014e-01 -3.914338e+00 -3.641032e+00 -2.860405e+00 -1.087433e+01 -2.851475e+00 -1.317266e+01 -9.697474e+00 -2.886671e-01 -3.383423e+00 1.027014e+00 -5.148454e+00 8.086916e+01 8.047307e-02 2.693545e-01 5.704559e-01 8.102788e-01 -1.996035e-01 -4.459364e-01 -2.306354e-01 1.497045e-01 -9.350517e-02 -5.454466e-01 -2.794214e-01 -6.468421e-02 -1.202443e-01 -5.272812e-01 5.698178e-01 4.105923e-01 3.850067e-01 7.644159e-01 1.286155e-01 6.105644e-01 2.039524e-01 -4.280286e-01 -3.070189e-01 -2.003191e-01 3.994628e-01 -8.501946e-01
<VARIANCE> 39
 1.043102e+01 1.908673e+01 2.810824e+01 5.861256e+01 4.373653e+01 7.699276e+01 9.357545e+01 6.293846e+01 4.841014e+01 4.485221e+01 6.367396e+01 1.039772e+02 1.219406e+01 1.706503e+00 2.017262e+00 2.133544e+00 3.011834e+00 5.208963e+00 4.031255e+00 3.409530e+00 3.655157e+00 3.755720e+00 3.019173e+00 3.139660e+00 3.047966e+00 1.926715e+00 5.518007e-01 3.689981e-01 4.645811e-01 4.631385e-01 6.873981e-01 7.432753e-01 8.036873e-01 8.146730e-01 7.061023e-01 6.908312e-01 6.900833e-01 6.804790e-01 3.551958e-01
<GCONST> 1.274374e+02
<STATE> 4
<MEAN> 39
 -9.805306e-01 -1.344953e+00 -1.472275e+00 2.312741e-01 -9.538838e+00 -3.750846e+00 -1.225330e+01 -9.591654e+00 -2.294054e+00 -5.782131e+00 -3.258732e-02 -3.868786e+00 7.845249e+01 -9.937779e-01 1.487216e+00 1.521663e+00 1.396953e+00 1.555512e+00 -2.598453e-02 1.100712e+00 3.979799e-01 -8.331946e-01 -1.019901e+00 -6.955170e-01 5.766824e-01 -1.704163e+00 -6.298389e-01 1.904138e-01 1.407528e-01 -1.886010e-02 5.688980e-01 2.699200e-01 5.237384e-01 2.691151e-01 -5.510161e-02 6.407598e-02 -6.729560e-02 1.409128e-01 -5.346389e-01
<VARIANCE> 39
 1.535600e+01 2.019641e+01 3.170112e+01 6.112995e+01 6.852311e+01 8.476447e+01 8.941410e+01 5.856469e+01 5.715647e+01 4.891998e+01 6.187672e+01 8.803595e+01 2.374884e+01 4.276542e+00 2.520879e+00 2.761881e+00 3.070921e+00 6.757684e+00 4.318388e+00 4.515999e+00 4.406693e+00 3.765393e+00 3.697830e+00 3.633259e+00 3.140209e+00 3.960682e+00 6.448833e-01 3.906211e-01 4.852558e-01 5.447410e-01 7.344921e-01 6.944680e-01 7.006939e-01 7.438297e-01 8.707240e-01 6.686542e-01 6.669876e-01 5.903238e-01 4.068991e-01
<GCONST> 1.328386e+02
<TRANSP> 5
 0.000000e+00 1.000000e+00 0.000000e+00 0.000000e+00 0.000000e+00
 0.000000e+00 2.290275e-01 7.709725e-01 0.000000e+00 0.000000e+00
 0.000000e+00 0.000000e+00 4.222896e-01 5.777105e-01 0.000000e+00
 0.000000e+00 0.000000e+00 0.000000e+00 3.676569e-01 6.323431e-01
 0.000000e+00 0.000000e+00 0.000000e+00 0.000000e+00 0.000000e+00
<ENDHMM>
~h "b"
<BEGINHMM>
<NUMSTATES> 5
<STATE> 2
<MEAN> 39
 5.509832e+00 8.199446e+00 4.157192e+00 3.317206e+00 -3.523762e+00 1.724397e+00 -1.870061e+00 -5.971404e+00 -7.293527e+00 -1.213528e+01 -6.979538e+00 -3.159062e+00 6.288511e+01 3.486279e-01 2.110098e+00 1.770735e+00 1.013106e+00 1.448569e+00 -1.716310e-02 1.253874e+00 1.907801e+00 -2.142895e-01 -4.679596e-01 -1.837325e+00 -7.125446e-01 -2.550046e+00 -7.535956e-01 -6.079458e-01 -5.224153e-01 -4.369261e-01 -5.151274e-01 -3.276374e-01 -4.842215e-01 -4.066990e-01 2.823456e-01 4.968601e-01 5.224769e-01 1.138766e-01 1.251023e+00
<VARIANCE> 39
 1.329885e+01 3.406853e+01 3.211308e+01 3.042887e+01 3.018443e+01 3.724121e+01 4.821305e+01 4.364695e+01 4.263314e+01 2.746710e+01 5.551557e+01 4.714306e+01 2.874242e+01 2.565367e+00 2.741894e+00 3.253509e+00 3.586497e+00 5.285040e+00 3.343648e+00 3.998947e+00 4.254194e+00 3.443800e+00 4.056217e+00 4.182213e+00 2.591659e+00 5.754296e+00 2.370438e-01 7.271415e-01 7.360266e-01 6.361519e-01 8.281723e-01 5.613680e-01 6.169506e-01 8.716035e-01 5.606970e-01 6.302612e-01 8.202608e-01 5.719422e-01 1.129903e+00
<GCONST> 1.289536e+02
<STATE> 3
<MEAN> 39
 2.386757e+00 1.058595e+01 5.619113e+00 4.152178e+00 -1.661082e+00 5.934706e-01 -1.077252e+00 -3.355177e+00 -6.579062e+00 -1.060389e+01 -8.748344e+00 -3.882905e+00 6.256290e+01 -1.589005e+00 -1.644812e+00 -1.659390e+00 -1.409486e+00 -9.039559e-01 -2.633829e-01 -8.250307e-01 -1.093248e+00 1.782505e-01 1.099381e+00 1.116267e+00 4.387592e-01 3.209089e+00 1.152599e-01 -8.247976e-01 -7.768191e-01 -9.800412e-01 -1.170916e+00 1.706991e-02 -3.923448e-01 -9.633310e-01 2.034607e-01 2.531731e-02 7.810388e-01 4.094965e-01 1.283368e+00
<VARIANCE> 39
 3.026718e+01 3.044277e+01 2.092195e+01 2.016699e+01 2.577843e+01 2.375395e+01 3.276412e+01 3.551558e+01 4.296349e+01 3.183688e+01 4.237091e+01 4.104355e+01 3.339742e+01 2.085026e+00 4.010269e+00 2.779058e+00 3.931442e+00 5.376065e+00 2.690348e+00 2.676906e+00 3.590092e+00 2.366493e+00 3.319901e+00 3.816311e+00 2.986451e+00 3.708865e+00 6.719731e-01 9.263196e-01 6.492602e-01 6.517609e-01 9.803134e-01 6.269826e-01 8.531207e-01 7.940340e-01 6.188040e-01 9.103000e-01 1.028980e+00 6.545935e-01 1.092539e+00
<GCONST> 1.283789e+02
<STATE> 4
<MEAN> 39
 6.338350e-01 3.484147e+00 -1.901206e+00 -4.697274e+00 -9.945562e+00 2.326839e-01 -3.651587e+00 -1.058465e+01 -5.644990e+00 -9.276710e+00 -3.054008e+00 -3.464823e-01 7.509013e+01 3.006042e-01 -1.501630e+00 -1.585634e+00 -2.501435e+00 -2.945462e+00 -4.932269e-02 -7.516730e-01 -2.134322e+00 8.700941e-01 1.445385e-01 1.815079e+00 9.004996e-01 2.816030e+00 3.185503e-01 3.904076e-01 5.121443e-01 5.067475e-01 2.767026e-01 -1.430375e-02 3.869542e-02 2.691965e-01 1.522000e-01 -1.850124e-01 -2.602096e-01 -2.722782e-01 -7.632406e-01
<VARIANCE> 39
 1.716201e+01 2.925956e+01 2.387529e+01 5.280051e+01 6.894235e+01 3.413824e+01 6.684172e+01 3.891745e+01 4.584501e+01 4.399787e+01 6.595322e+01 5.086290e+01 1.710510e+01 1.833182e+00 4.210273e+00 2.901628e+00 5.603709e+00 7.198939e+00 3.877275e+00 5.544451e+00 4.426926e+00 4.034383e+00 5.344588e+00 6.231774e+00 4.066006e+00 3.763695e+00 5.338499e-01 6.754677e-01 4.478569e-01 1.051143e+00 1.739216e+00 6.371276e-01 6.969692e-01 7.245590e-01 6.936332e-01 9.152136e-01 1.112743e+00 8.225333e-01 4.439600e-01
<GCONST> 1.345114e+02
<TRANSP> 5
 0.000000e+00 1.000000e+00 0.000000e+00 0.000000e+00 0.000000e+00
 0.000000e+00 6.520769e-01 3.479231e-01 0.000000e+00 0.000000e+00
 0.000000e+00 0.000000e+00 5.757260e-01 4.242740e-01 0.000000e+00
 0.000000e+00 0.000000e+00 0.000000e+00 5.641487e-01 4.358513e-01
 0.000000e+00 0.000000e+00 0.000000e+00 0.000000e+00 0.000000e+00
<ENDHMM>
~h "d"
<BEGINHMM>
<NUMSTATES> 5
<STATE> 2
<MEAN> 39
 9.198200e-01 9.369443e+00 6.886542e+00 4.062495e+00 6.551898e-01 9.211731e-01 -7.525131e+00 -1.019882e+01 -7.180653e+00 -6.176895e+00 -1.629504e-01 -4.044807e+00 6.457276e+01 7.307591e-02 1.046417e+00 1.061523e+00 7.697296e-01 1.310387e+00 5.120192e-01 8.081293e-01 7.887461e-01 -1.540998e-01 9.662311e-02 -7.714199e-01 -2.899747e-01 -1.558400e+00 -5.072359e-01 -9.851614e-01 -6.252332e-01 -5.304545e-01 -7.279729e-01 -3.237597e-01 -2.349654e-01 -2.153877e-01 2.853196e-01 1.079762e-01 6.642662e-02 2.376685e-01 1.385281e+00
<VARIANCE> 39
 2.181627e+01 2.932600e+01 3.192793e+01 3.426991e+01 3.502327e+01 5.729856e+01 5.896551e+01 3.670562e+01 3.001225e+01 3.350783e+01 5.365552e+01 7.949882e+01 4.329188e+01 3.650030e+00 5.592607e+00 3.190925e+00 3.927033e+00 4.498857e+00 4.209135e+00 4.221816e+00 4.592599e+00 3.355703e+00 3.482720e+00 3.633656e+00 2.574217e+00 1.013056e+01 5.554946e-01 7.536418e-01 5.082654e-01 6.567737e-01 7.558672e-01 7.626554e-01 7.728539e-01 1.070794e+00 5.989622e-01 6.329577e-01 6.796944e-01 4.941448e-01 1.679604e+00
<GCONST> 1.336695e+02
<STATE> 3
<MEAN> 39
 -3.431175e+00 6.152768e+00 6.585847e+00 3.302178e+00 1.513492e+00 1.245354e+00 -7.049556e+00 -9.164869e+00 -7.029453e+00 -5.780246e+00 -2.939478e+00 -4.148158e+00 6.869167e+01 -1.289246e+00 -2.504222e+00 -1.552973e+00 -1.649950e+00 -1.620000e+00 -6.511087e-01 -8.527521e-01 -1.329750e+00 6.058834e-01 5.983134e-01 5.607624e-01 6.472143e-01 3.960179e+00 4.053562e-01 -4.355117e-01 -7.264578e-01 -6.047469e-01 -1.162264e+00 -4.139717e-01 -3.950777e-01 -6.892315e-01 3.450556e-01 2.632621e-02 6.655938e-01 1.224701e-01 8.916090e-01
<VARIANCE> 39
 2.903020e+01 4.158774e+01 3.279609e+01 2.768179e+01 3.075561e+01 4.136885e+01 4.459417e+01 3.461143e+01 2.940685e+01 3.042610e+01 4.639655e+01 5.687713e+01 5.249257e+01 3.003098e+00 3.565064e+00 2.591053e+00 3.432849e+00 4.478022e+00 4.496906e+00 4.026799e+00 6.513469e+00 3.951488e+00 3.693680e+00 4.699781e+00 2.599542e+00 4.317625e+00 7.333174e-01 1.243060e+00 5.394897e-01 8.299782e-01 8.680179e-01 9.801772e-01 1.187747e+00 1.105289e+00 9.414924e-01 8.412069e-01 9.908668e-01 6.029208e-01 1.775049e+00
<GCONST> 1.352221e+02
<STATE> 4
<MEAN> 39
 -2.684762e+00 7.690406e-01 6.755031e-01 -2.530785e+00 -6.202640e+00 -2.066270e+00 -9.501410e+00 -1.631398e+01 -4.333503e+00 -4.158460e+00 2.170249e+00 -1.819174e+00 7.879143e+01 8.050110e-01 -1.538307e+00 -1.934029e+00 -1.668587e+00 -2.919693e+00 -7.580996e-01 -3.001431e-01 -1.393626e+00 1.316343e+00 2.128918e-01 1.178738e+00 2.561740e-01 2.483772e+00 4.213033e-01 5.158704e-01 2.092756e-01 3.889279e-01 1.521031e-01 3.063658e-01 3.966301e-01 6.523856e-01 -2.924743e-02 -3.282594e-01 -3.254403e-01 -1.709478e-01 -9.608659e-01
<VARIANCE> 39
 1.478215e+01 1.847109e+01 3.072552e+01 3.644400e+01 4.307438e+01 6.421893e+01 9.315969e+01 5.657117e+01 4.621537e+01 3.078661e+01 5.648924e+01 6.741548e+01 1.462050e+01 1.742793e+00 3.826634e+00 2.151261e+00 3.638885e+00 3.909240e+00 4.644023e+00 6.128273e+00 6.301434e+00 5.563929e+00 4.264528e+00 5.644810e+00 2.784378e+00 4.473435e+00 3.990972e-01 4.503978e-01 3.600990e-01 4.423293e-01 8.683726e-01 7.704933e-01 7.937915e-01 9.463785e-01 7.908296e-01 5.727649e-01 8.148914e-01 4.584505e-01 4.962020e-01
<GCONST> 1.301994e+02
<TRANSP> 5
 0.000000e+00 1.000000e+00 0.000000e+00 0.000000e+00 0.000000e+00
 0.000000e+00 6.212923e-01 3.787077e-01 0.000000e+00 0.000000e+00
 0.000000e+00 0.000000e+00 5.082816e-01 4.917183e-01 0.000000e+00
 0.000000e+00 0.000000e+00 0.000000e+00 4.688686e-01 5.311314e-01
 0.000000e+00 0.000000e+00 0.000000e+00 0.000000e+00 0.000000e+00
<ENDHMM>
~h "e"
<BEGINHMM>
<NUMSTATES> 5
<STATE> 2
<MEAN> 39
 -2.302780e+00 -3.019256e+00 8.269721e-01 4.313465e+00 -1.344054e+01 -9.603250e+00 -1.350100e+01 -8.464407e+00 7.834886e-01 -6.242735e+00 -1.744452e+00 -3.284984e+00 8.076993e+01 7.075972e-01 -7.847445e-01 -9.925846e-01 -4.603562e-01 -1.162061e+00 1.514014e-01 -3.860377e-01 -1.030353e-01 8.406021e-01 3.863721e-01 2.664151e-01 -4.099492e-01 9.470196e-01 -4.038410e-01 3.764825e-01 2.139594e-01 -5.745206e-02 8.297343e-01 5.743535e-01 5.534365e-01 1.354602e-01 -4.704913e-01 -9.434354e-02 5.272617e-02 1.482946e-01 -7.128773e-01
<VARIANCE> 39
 1.019175e+01 1.556829e+01 3.676119e+01 3.863527e+01 7.607585e+01 5.643548e+01 7.415476e+01 5.630048e+01 5.955129e+01 4.724207e+01 5.824438e+01 5.350780e+01 1.124962e+01 2.252071e+00 1.573483e+00 2.270243e+00 2.240407e+00 4.823234e+00 3.706748e+00 3.993867e+00 3.624419e+00 3.307565e+00 3.651612e+00 3.002285e+00 2.929201e+00 1.785388e+00 6.144583e-01 3.377762e-01 4.084567e-01 3.923852e-01 6.498787e-01 6.106197e-01 7.409190e-01 7.695398e-01 7.215187e-01 6.325894e-01 6.015910e-01 5.231133e-01 3.031304e-01
<GCONST> 1.247807e+02
<STATE> 3
<MEAN> 39
 -1.994201e+00 -3.883676e+00 -1.164309e+00 2.614497e+00 -1.330634e+01 -7.505893e+00 -1.317800e+01 -7.867567e+00 1.218037e+00 -5.359176e+00 -1.480001e+00 -4.885509e+00 8.126897e+01 1.549340e-01 3.796299e-01 -6.725234e-02 -2.036738e-01 6.595852e-01 7.562413e-01 3.844851e-01 -2.898604e-01 -5.998834e-01 -7.609365e-02 1.668716e-01 9.257925e-02 -4.596034e-01 -1.978149e-01 4.949713e-01 4.568748e-01 2.096276e-01 7.050704e-01 2.278799e-01 3.038168e-01 -5.059112e-02 -5.073103e-01 -2.703651e-01 -6.018242e-02 2.345292e-01 -6.788485e-01
<VARIANCE> 39
 9.670250e+00 1.632224e+01 3.774756e+01 4.474939e+01 7.149283e+01 6.478024e+01 7.684393e+01 6.462347e+01 5.732887e+01 5.581429e+01 6.276255e+01 7.414713e+01 1.238017e+01 7.697868e-01 1.151175e+00 1.634659e+00 2.017732e+00 3.176382e+00 2.638302e+00 2.165382e+00 2.720138e+00 2.545314e+00 2.449172e+00 2.199162e+00 2.181075e+00 1.054705e+00 3.504081e-01 2.183532e-01 2.841364e-01 3.081308e-01 5.583956e-01 5.066494e-01 6.606603e-01 6.576725e-01 5.542188e-01 6.097789e-01 5.298648e-01 5.000831e-01 2.470227e-01
<GCONST> 1.176637e+02
<STATE> 4
<MEAN> 39
 -1.309338e+00 -1.475271e+00 1.717178e-01 3.371750e+00 -9.018720e+00 -4.872164e+00 -1.076517e+01 -9.399758e+00 -2.228523e+00 -6.179125e+00 -1.452624e+00 -3.050189e+00 7.752009e+01 -4.060751e-01 1.371100e+00 9.658320e-01 3.893795e-01 2.016729e+00 1.138386e+00 1.111699e+00 -2.746733e-02 -1.210822e+00 -7.381893e-01 -9.507927e-02 6.012291e-01 -2.084113e+00 -4.707485e-01 1.514970e-01 2.625625e-01 1.519789e-01 3.154454e-01 1.345770e-02 2.592903e-01 3.399959e-01 4.491299e-02 -6.899379e-02 -1.059649e-01 6.338742e-02 -4.910039e-01
<VARIANCE> 39
 1.483145e+01 1.860950e+01 4.344718e+01 5.484067e+01 8.875004e+01 8.283134e+01 8.175903e+01 6.041507e+01 5.964455e+01 5.395549e+01 6.873060e+01 8.119674e+01 3.493222e+01 2.774946e+00 1.807403e+00 2.395340e+00 2.937310e+00 4.688775e+00 3.270406e+00 3.641560e+00 3.835834e+00 3.596040e+00 3.666174e+00 3.141983e+00 2.942614e+00 3.340904e+00 5.057859e-01 3.011665e-01 4.816678e-01 5.261608e-01 6.719117e-01 6.152990e-01 5.926846e-01 6.329793e-01 7.442819e-01 7.468263e-01 6.047356e-01 5.601087e-01 3.857079e-01
<GCONST> 1.299375e+02
<TRANSP> 5
 0.000000e+00 1.000000e+00 0.000000e+00 0.000000e+00 0.000000e+00
 0.000000e+00 3.491842e-01 6.508158e-01 0.000000e+00 0.000000e+00
 0.000000e+00 0.000000e+00 5.045620e-01 4.954380e-01 0.000000e+00
 0.000000e+00 0.000000e+00 0.000000e+00 3.490515e-01 6.509485e-01
 0.000000e+00 0.000000e+00 0.000000e+00 0.000000e+00 0.000000e+00
<ENDHMM>
~h "f"
<BEGINHMM>
<NUMSTATES> 5
<STATE> 2
<MEAN> 39
 -1.746954e+01 1.446574e+00 -4.138824e+00 3.205656e+00 4.907149e-01 3.933580e+00 -9.715418e-01 -2.913091e+00 -2.350734e+00 -2.267598e+00 -5.553746e-01 -3.413454e-01 6.935164e+01 -3.341481e+00 -1.046940e+00 -1.149323e+00 4.589745e-01 7.451285e-01 7.107854e-06 5.353469e-01 6.723373e-01 1.025863e+00 1.118085e+00 8.110447e-01 7.634999e-01 -5.046129e-01 8.845605e-01 -3.239914e-01 -1.539064e-01 -6.470971e-01 -6.487461e-01 -3.458250e-01 -3.350550e-01 -3.524347e-01 -8.420293e-02 -1.800229e-01 9.632961e-02 -7.053364e-02 4.912163e-01
<VARIANCE> 39
 6.904064e+01 3.163383e+01 2.663944e+01 3.155493e+01 2.643183e+01 2.199530e+01 2.691508e+01 2.370491e+01 3.061213e+01 3.036101e+01 3.059903e+01 2.662165e+01 3.173969e+01 8.815533e+00 3.601957e+00 2.933840e+00 5.003389e+00 4.678268e+00 3.580833e+00 3.341321e+00 3.453600e+00 3.397496e+00 3.516282e+00 3.862858e+00 2.874334e+00 3.522809e+00 1.643198e+00 7.973062e-01 5.378344e-01 7.830706e-01 7.205162e-01 6.869884e-01 6.083063e-01 5.882534e-01 6.931533e-01 6.060063e-01 7.135763e-01 4.713166e-01 4.768659e-01
<GCONST> 1.284514e+02
<STATE> 3
<MEAN> 39
 -2.015603e+01 -3.619851e+00 -9.263775e+00 -2.495528e-01 -6.890265e-01 1.983585e+00 -9.809232e-01 -3.663917e+00 -6.453524e-01 -1.350960e-01 2.233359e+00 1.835024e+00 7.177025e+01 3.284032e+00 6.783432e-01 4.439734e-01 -1.357711e+00 -1.038668e+00 3.634077e-02 9.176582e-02 -3.873326e-01 -4.572147e-01 -6.869063e-01 -3.850723e-01 -4.937416e-01 8.389242e-01 1.402218e+00 7.185814e-01 6.432998e-01 -3.495435e-01 -5.395874e-01 1.164254e-01 -4.959664e-02 -1.712065e-01 -3.079088e-01 -4.735454e-01 -3.467105e-01 -3.340715e-01 5.695551e-02
<VARIANCE> 39
 2.790030e+01 2.340945e+01 2.253591e+01 2.269599e+01 2.049486e+01 2.186261e+01 2.794668e+01 2.056913e+01 2.130138e+01 1.821642e+01 1.758943e+01 1.347745e+01 1.907924e+01 8.021087e+00 4.062310e+00 3.574131e+00 3.197225e+00 3.296979e+00 2.812665e+00 2.497431e+00 2.515436e+00 2.636413e+00 2.517527e+00 2.418055e+00 2.117941e+00 2.341052e+00 8.200538e-01 5.624079e-01 5.322471e-01 6.739985e-01 7.532619e-01 6.954793e-01 5.767835e-01 5.568215e-01 5.647571e-01 5.100387e-01 5.445812e-01 5.286602e-01 4.280103e-01
<GCONST> 1.186750e+02
<STATE> 4
<MEAN> 39
 -1.759588e+00 4.036625e+00 -3.699064e+00 -7.039271e+00 -8.686147e+00 2.022067e+00 -6.991283e-01 -5.512249e+00 -3.696223e+00 -5.151701e+00 -2.319679e+00 -1.912211e+00 7.354265e+01 4.520752e+00 7.613738e-01 6.707910e-01 -2.797500e+00 -3.376477e+00 -2.470836e-01 -2.388010e-01 -1.213100e+00 -8.374327e-01 -1.372964e+00 -8.946574e-01 -6.524670e-01 1.321056e+00 -1.196490e+00 -7.994087e-01 -5.191132e-01 3.175426e-01 3.020801e-01 -4.870024e-02 -6.916150e-02 -7.781058e-02 2.230736e-01 3.109088e-01 3.282148e-01 3.106157e-01 5.359012e-02
<VARIANCE> 39
 4.686753e+01 2.964116e+01 2.251228e+01 5.869267e+01 6.252151e+01 3.364645e+01 3.418270e+01 3.404082e+01 3.374684e+01 3.074632e+01 4.393092e+01 3.012601e+01 1.811652e+01 4.671779e+00 4.299940e+00 3.375650e+00 5.670832e+00 6.313054e+00 6.034802e+00 4.326570e+00 4.201607e+00 4.538241e+00 4.338967e+00 5.619227e+00 5.018267e+00 3.560960e+00 7.240804e-01 4.787088e-01 3.941915e-01 7.531482e-01 1.108790e+00 5.665368e-01 4.574105e-01 5.569874e-01 6.199125e-01 5.380486e-01 5.889189e-01 4.675571e-01 3.925265e-01
<GCONST> 1.304931e+02
<TRANSP> 5
 0.000000e+00 1.000000e+00 0.000000e+00 0.000000e+00 0.000000e+00
 0.000000e+00 7.197268e-01 2.802732e-01 0.000000e+00 0.000000e+00
 0.000000e+00 0.000000e+00 7.047231e-01 2.952768e-01 0.000000e+00
 0.000000e+00 0.000000e+00 0.000000e+00 5.397565e-01 4.602435e-01
 0.000000e+00 0.000000e+00 0.000000e+00 0.000000e+00 0.000000e+00
<ENDHMM>
~h "g"
<BEGINHMM>
<NUMSTATES> 5
<STATE> 2
<MEAN> 39
 2.249965e+00 9.184343e+00 3.872175e+00 2.950840e+00 -4.070575e+00 -1.636216e+00 -6.563498e+00 -6.882759e+00 -4.870467e+00 -1.447674e+01 -4.428254e+00 2.562808e+00 6.564999e+01 -6.641428e-02 1.012025e+00 2.011644e-01 -8.591890e-03 1.197208e+00 5.446477e-01 2.755479e-01 6.046803e-01 -9.865189e-02 -2.150832e-01 -6.128126e-01 -1.402327e-02 -8.945155e-01 -3.955192e-01 -7.087823e-01 -4.620146e-01 -4.697102e-01 -4.016712e-01 -3.497593e-03 -2.055221e-01 -3.547191e-01 2.748776e-01 3.812859e-01 2.713827e-01 -7.488550e-02 1.038459e+00
<VARIANCE> 39
 2.049110e+01 4.053710e+01 4.002500e+01 6.557018e+01 4.856005e+01 7.605753e+01 6.937097e+01 6.085299e+01 7.517104e+01 5.053485e+01 5.754774e+01 9.368751e+01 4.084576e+01 2.739118e+00 4.330844e+00 4.250018e+00 6.182677e+00 5.799853e+00 7.433097e+00 5.410539e+00 6.478430e+00 5.683846e+00 5.636355e+00 4.789148e+00 3.427528e+00 7.820464e+00 3.772288e-01 6.544979e-01 7.562426e-01 9.390537e-01 9.080176e-01 1.483455e+00 9.197992e-01 1.493069e+00 1.057371e+00 1.044181e+00 1.030887e+00 7.766741e-01 1.146230e+00
<GCONST> 1.436508e+02
<STATE> 3
<MEAN> 39
 -1.064335e+00 7.523652e+00 8.997844e-01 -3.166258e-02 -2.123240e+00 1.209661e+00 -7.680512e+00 -8.335347e+00 -3.937076e+00 -1.367579e+01 -4.453678e+00 2.269806e+00 6.964609e+01 -6.871789e-01 -1.605379e+00 -1.125879e+00 -1.233357e+00 -7.222263e-01 9.078896e-02 -8.279780e-01 -1.416629e+00 7.252653e-01 5.478722e-01 6.992137e-01 4.166080e-01 2.634403e+00 3.034137e-01 -5.031145e-01 6.351992e-02 1.285808e-02 -8.969165e-01 -6.049416e-01 -1.966600e-01 -2.141886e-01 1.199644e-01 1.692615e-01 4.169879e-01 6.690294e-03 5.162246e-01
<VARIANCE> 39
 2.141181e+01 4.627485e+01 4.126175e+01 7.651723e+01 6.144844e+01 8.214412e+01 7.524282e+01 4.834473e+01 5.855882e+01 5.338021e+01 5.036210e+01 8.390247e+01 3.380185e+01 2.291373e+00 3.765019e+00 3.255184e+00 4.752049e+00 7.069985e+00 7.764873e+00 5.311313e+00 7.251728e+00 5.741454e+00 4.851663e+00 4.688580e+00 3.471736e+00 3.348218e+00 4.617085e-01 7.119880e-01 6.610971e-01 1.078408e+00 1.324389e+00 1.475782e+00 9.570764e-01 1.097373e+00 1.057075e+00 9.256216e-01 8.528928e-01 6.919249e-01 1.034401e+00
<GCONST> 1.419044e+02
<STATE> 4
<MEAN> 39
 -6.815125e-01 1.493161e+00 -8.442655e-01 -1.864960e+00 -7.500116e+00 -3.076743e+00 -1.086420e+01 -1.175767e+01 -8.051740e-01 -1.133225e+01 -1.112907e+00 2.760547e+00 7.683291e+01 3.557890e-01 -1.654620e+00 -6.712755e-01 -7.485665e-01 -1.660450e+00 -7.622597e-01 -3.050874e-01 -4.229015e-01 7.933842e-01 1.131696e+00 9.612123e-01 -4.199980e-01 1.884588e+00 1.484241e-01 2.077349e-01 9.199245e-02 2.301260e-01 1.385990e-01 1.774023e-01 3.193069e-01 3.754827e-01 -2.427852e-01 3.985813e-02 -1.339338e-01 -3.486229e-01 -4.739437e-01
<VARIANCE> 39
 1.585375e+01 4.778708e+01 3.182873e+01 6.704270e+01 7.688049e+01 7.502440e+01 1.017853e+02 7.813403e+01 6.569968e+01 5.460980e+01 6.197395e+01 9.802895e+01 2.286334e+01 1.379006e+00 2.323595e+00 2.033118e+00 3.966224e+00 5.608886e+00 5.741705e+00 4.989958e+00 4.689995e+00 4.492055e+00 3.956453e+00 4.401335e+00 3.261370e+00 2.467602e+00 2.981868e-01 4.154186e-01 4.395922e-01 5.687985e-01 1.519576e+00 1.204914e+00 8.138973e-01 9.352722e-01 7.949246e-01 6.664729e-01 8.132915e-01 5.895159e-01 3.787640e-01
<GCONST> 1.344791e+02
<TRANSP> 5
 0.000000e+00 1.000000e+00 0.000000e+00 0.000000e+00 0.000000e+00
 0.000000e+00 6.334189e-01 3.665812e-01 0.000000e+00 0.000000e+00
 0.000000e+00 0.000000e+00 4.957743e-01 5.042258e-01 0.000000e+00
 0.000000e+00 0.000000e+00 0.000000e+00 5.199145e-01 4.800855e-01
 0.000000e+00 0.000000e+00 0.000000e+00 0.000000e+00 0.000000e+00
<ENDHMM>
~h "h"
<BEGINHMM>
<NUMSTATES> 5
<STATE> 2
<MEAN> 39
 -3.557094e+00 1.463716e+00 -1.462289e+00 -4.489768e+00 -2.329753e+00 7.984833e+00 -2.742013e+00 -5.070033e+00 -2.254786e+00 -5.227829e+00 1.062411e-01 -5.138265e-01 7.236021e+01 4.422054e-01 1.582320e-02 5.382448e-04 -5.807806e-01 2.613878e-01 5.876796e-01 6.750816e-01 2.067039e-01 -3.357182e-02 -2.458332e-01 -2.516989e-01 -1.776461e-01 9.106945e-01 -7.149991e-02 -7.167543e-02 -3.145518e-02 3.186025e-02 -1.819388e-01 -4.288441e-01 -1.314956e-01 -8.785713e-02 -9.797509e-02 -4.322609e-03 -3.463607e-02 -1.069668e-01 -5.890202e-03
<VARIANCE> 39
 2.862455e+01 5.908686e+01 3.357175e+01 6.034751e+01 6.861993e+01 7.523249e+01 7.857423e+01 6.026360e+01 5.005018e+01 7.224659e+01 5.724282e+01 7.576859e+01 4.115147e+01 3.747737e+00 2.939019e+00 2.224344e+00 2.705683e+00 6.456560e+00 5.359481e+00 4.450452e+00 3.993355e+00 3.327145e+00 4.286160e+00 3.366993e+00 3.503525e+00 5.143765e+00 6.638972e-01 4.488055e-01 5.029714e-01 4.754504e-01 1.032855e+00 8.163635e-01 7.477595e-01 7.072887e-01 5.913449e-01 7.953527e-01 6.422938e-01 6.277246e-01 6.036733e-01
<GCONST> 1.357838e+02
<STATE> 3
<MEAN> 39
 -1.618481e+00 3.175014e+00 -3.114941e-01 -6.010836e+00 -4.639525e+00 6.454061e+00 8.864782e-01 -4.520923e+00 -1.846385e+00 -6.649936e+00 -1.204280e+00 -3.147715e-01 7.545293e+01 4.490420e-01 -3.571215e-01 -4.033626e-01 -3.715130e-01 -6.300819e-01 -2.939434e-01 -1.496510e-01 -1.677381e-01 -1.207714e-01 -2.611436e-01 -7.642321e-02 -2.273679e-01 5.218191e-01 5.533755e-02 -1.690764e-01 -1.481613e-01 -2.262940e-02 -2.470942e-01 -1.296762e-01 -1.899482e-01 -9.798488e-02 -1.320895e-02 3.180670e-02 4.619251e-02 1.680251e-02 1.029568e-01
<VARIANCE> 39
 2.295324e+01 6.548880e+01 2.629889e+01 4.914326e+01 8.045581e+01 5.387066e+01 5.948209e+01 6.411758e+01 6.573692e+01 7.705801e+01 7.981609e+01 7.761707e+01 1.868888e+01 1.040058e+00 1.247344e+00 1.300285e+00 1.437822e+00 3.967104e+00 2.332722e+00 2.545536e+00 2.056745e+00 2.156867e+00 2.821889e+00 2.085659e+00 1.979431e+00 9.421173e-01 2.105967e-01 1.999361e-01 1.918345e-01 2.505737e-01 5.751693e-01 4.104869e-01 3.719556e-01 3.610938e-01 4.133482e-01 5.397606e-01 3.709703e-01 4.048816e-01 1.325466e-01
<GCONST> 1.158275e+02
<STATE> 4
<MEAN> 39
 1.606390e-01 -1.278781e+00 -6.345902e+00 -1.086126e+01 -8.764000e+00 3.666772e+00 -3.375567e+00 -9.821439e+00 -5.018425e+00 -7.464443e+00 -4.972613e+00 -4.989169e+00 7.818893e+01 2.560586e-01 -5.147128e-01 -5.525740e-01 -2.973204e-01 -4.287949e-01 -1.964634e-01 -2.031182e-01 -1.101744e-01 1.662227e-02 3.210654e-01 8.019204e-02 -1.116108e-01 4.086241e-01 -5.646322e-02 2.922878e-02 6.006258e-02 1.864903e-01 1.167855e-01 1.050204e-03 -3.578388e-02 -2.868049e-02 2.399578e-02 3.871860e-02 4.666069e-02 5.408476e-02 -9.707722e-02
<VARIANCE> 39
 1.937946e+01 6.196321e+01 3.443225e+01 7.921217e+01 6.994570e+01 4.706694e+01 6.549696e+01 4.321717e+01 8.733235e+01 8.535884e+01 6.230575e+01 1.379576e+02 1.461151e+01 5.096145e-01 1.104542e+00 1.297813e+00 1.974494e+00 2.456104e+00 1.791842e+00 2.082601e+00 1.820585e+00 1.935581e+00 2.555479e+00 2.219720e+00 1.629875e+00 5.436422e-01 7.879062e-02 1.581821e-01 1.857675e-01 3.181334e-01 3.407210e-01 3.014035e-01 3.296104e-01 3.000848e-01 3.471372e-01 4.285925e-01 3.183712e-01 3.081169e-01 7.793123e-02
<GCONST> 1.102579e+02
<TRANSP> 5
 0.000000e+00 1.000000e+00 0.000000e+00 0.000000e+00 0.000000e+00
 0.000000e+00 6.426447e-01 3.573553e-01 0.000000e+00 0.000000e+00
 0.000000e+00 0.000000e+00 7.411410e-01 2.588591e-01 0.000000e+00
 0.000000e+00 0.000000e+00 0.000000e+00 7.767355e-01 2.232645e-01
 0.000000e+00 0.000000e+00 0.000000e+00 0.000000e+00 0.000000e+00
<ENDHMM>
~h "i"
<BEGINHMM>
<NUMSTATES> 5
<STATE> 2
<MEAN> 39
 -4.748446e+00 8.253847e-01 5.800746e+00 7.938523e+00 -9.890911e+00 -1.079403e+01 -1.287711e+01 -1.034263e+01 -3.057991e+00 -1.061249e+01 -2.983964e+00 -2.387805e+00 7.763055e+01 1.830040e+00 -7.503361e-02 1.263235e-01 7.427158e-01 -9.971827e-01 -6.911216e-01 -1.017444e+00 -1.255939e+00 -8.239420e-02 -7.789376e-01 2.046088e-02 -2.255880e-01 5.629055e-01 -6.574066e-01 7.821364e-02 -2.767367e-01 -4.759170e-01 7.198847e-01 7.869432e-01 7.186564e-01 4.763417e-01 -1.933005e-02 4.169843e-01 1.805247e-01 1.943518e-01 -6.727560e-01
<VARIANCE> 39
 1.511213e+01 1.781484e+01 3.971490e+01 3.973418e+01 9.083825e+01 5.393847e+01 6.930025e+01 3.931536e+01 6.396380e+01 4.182210e+01 4.942335e+01 3.804311e+01 1.858583e+01 5.573005e+00 2.552335e+00 3.453406e+00 3.443308e+00 7.215766e+00 5.513928e+00 6.283437e+00 5.253589e+00 4.479690e+00 4.879238e+00 4.031763e+00 3.160972e+00 3.791038e+00 7.770661e-01 4.579292e-01 6.209856e-01 5.240098e-01 1.016413e+00 7.849891e-01 9.106665e-01 7.719839e-01 9.584053e-01 7.983306e-01 6.622780e-01 4.921255e-01 5.148010e-01
<GCONST> 1.338835e+02
<STATE> 3
<MEAN> 39
 -3.795810e+00 3.971762e-01 5.062604e+00 8.022904e+00 -1.050180e+01 -1.031607e+01 -1.308204e+01 -1.108710e+01 -2.639998e+00 -1.060898e+01 -2.692734e+00 -2.539371e+00 7.780037e+01 3.384155e-01 3.668967e-01 -1.304702e-02 -1.773691e-01 9.098631e-01 8.873771e-01 4.804296e-01 -5.778051e-02 -2.994843e-01 1.102287e-01 8.485304e-02 6.924150e-02 -7.232862e-01 -7.450914e-01 2.011089e-01 -1.186922e-03 -3.666131e-01 8.545634e-01 6.434037e-01 7.073013e-01 6.031554e-01 -1.411955e-01 3.162932e-01 2.541538e-02 1.353031e-01 -6.191427e-01
<VARIANCE> 39
 1.303014e+01 1.709881e+01 4.155285e+01 4.214240e+01 9.091120e+01 6.213934e+01 7.432204e+01 4.369482e+01 6.624632e+01 4.709669e+01 5.956649e+01 4.727553e+01 1.426030e+01 3.492104e+00 2.243942e+00 2.745563e+00 2.560913e+00 6.709943e+00 4.001234e+00 4.175364e+00 4.212822e+00 4.218985e+00 3.897191e+00 3.443512e+00 2.490552e+00 2.656441e+00 8.404157e-01 4.079749e-01 5.127825e-01 5.242382e-01 9.167002e-01 8.154282e-01 9.673433e-01 8.143971e-01 9.486719e-01 8.539122e-01 7.772878e-01 5.109463e-01 4.948028e-01
<GCONST> 1.312637e+02
<STATE> 4
<MEAN> 39
 -4.016190e+00 1.930960e+00 5.516060e+00 7.192784e+00 -6.125860e+00 -6.944584e+00 -1.080660e+01 -9.929641e+00 -3.784238e+00 -9.757236e+00 -3.079353e+00 -2.260426e+00 7.494143e+01 -7.194980e-01 6.793751e-01 2.423122e-01 -4.368350e-01 2.017557e+00 1.529623e+00 1.363393e+00 7.952339e-01 -4.852218e-01 3.212625e-01 7.496528e-02 2.067617e-01 -1.628727e+00 -5.832193e-01 -1.052715e-01 -1.235528e-01 -1.952944e-01 1.321293e-01 1.411713e-01 3.253721e-01 4.144957e-01 9.630952e-02 1.891477e-01 1.023163e-01 1.059202e-01 -2.248266e-01
<VARIANCE> 39
 2.676777e+01 2.377376e+01 4.892631e+01 4.466827e+01 8.866767e+01 6.966950e+01 6.526412e+01 5.180513e+01 6.176688e+01 4.940095e+01 6.066615e+01 5.127235e+01 3.445088e+01 6.233359e+00 2.615608e+00 2.943509e+00 3.155020e+00 6.202317e+00 4.311506e+00 4.617671e+00 4.381698e+00 4.996734e+00 4.808037e+00 3.904967e+00 2.646384e+00 4.533541e+00 6.148210e-01 4.446933e-01 6.194735e-01 5.276271e-01 9.831490e-01 7.505276e-01 7.142654e-01 7.165615e-01 8.811711e-01 7.677243e-01 7.166871e-01 4.873661e-01 4.445939e-01
<GCONST> 1.349800e+02
<TRANSP> 5
 0.000000e+00 1.000000e+00 0.000000e+00 0.000000e+00 0.000000e+00
 0.000000e+00 2.261195e-01 7.738805e-01 0.000000e+00 0.000000e+00
 0.000000e+00 0.000000e+00 2.807579e-01 7.192421e-01 0.000000e+00
 0.000000e+00 0.000000e+00 0.000000e+00 2.243358e-01 7.756642e-01
 0.000000e+00 0.000000e+00 0.000000e+00 0.000000e+00 0.000000e+00
<ENDHMM>
~h "j"
<BEGINHMM>
<NUMSTATES> 5
<STATE> 2
<MEAN> 39
 -4.716413e+00 1.631576e-01 6.338598e+00 1.011680e+01 -1.644043e+01 -1.298906e+01 -1.035612e+01 -8.966367e+00 -2.988441e+00 -1.289372e+01 -1.540191e+00 -1.131208e-01 7.846014e+01 -1.204719e-01 5.139863e-01 4.346040e-01 5.131593e-01 3.068300e-01 9.124778e-02 4.664894e-01 4.337922e-02 -4.171435e-01 -5.440206e-01 -7.192594e-02 7.800752e-02 -5.245057e-01 3.887617e-02 1.138883e-01 -1.546871e-01 -1.956029e-01 6.785244e-01 4.405235e-01 3.810593e-02 6.831431e-02 -4.383568e-02 2.490387e-01 -8.550443e-02 -1.413665e-01 -3.528618e-01
<VARIANCE> 39
 8.309372e+00 1.699682e+01 3.314991e+01 3.376470e+01 1.102846e+02 4.769681e+01 7.515312e+01 5.196442e+01 8.556677e+01 4.000482e+01 5.730154e+01 4.260625e+01 1.739928e+01 4.530556e-01 7.224069e-01 1.450219e+00 1.111292e+00 2.519908e+00 1.859968e+00 2.344008e+00 2.210080e+00 2.037664e+00 2.000728e+00 1.756266e+00 1.386281e+00 6.007469e-01 1.506762e-01 1.466175e-01 2.029570e-01 2.328229e-01 4.415278e-01 3.831391e-01 4.523131e-01 4.483369e-01 4.758644e-01 3.851729e-01 3.808268e-01 2.724167e-01 1.698106e-01
<GCONST> 1.076439e+02
<STATE> 3
<MEAN> 39
 -3.875269e+00 1.717180e+00 6.328381e+00 1.110662e+01 -1.142493e+01 -9.985909e+00 -9.822005e+00 -8.487955e+00 -3.823747e+00 -1.315540e+01 -2.145286e+00 -5.579172e-01 7.553872e+01 1.014065e-01 1.041769e+00 1.514799e-01 -1.728436e-01 2.959206e+00 1.716626e+00 6.564304e-01 5.871009e-01 -4.321110e-01 5.898795e-01 -3.856375e-01 -3.914159e-01 -2.348355e+00 -3.578841e-01 -1.841669e-02 -2.891949e-02 -3.866196e-01 5.451078e-01 4.676417e-01 3.700004e-01 2.941708e-01 9.325481e-02 4.837742e-01 -1.248856e-02 -4.338312e-02 -5.479755e-01
<VARIANCE> 39
 1.028966e+01 2.128321e+01 4.372336e+01 3.485603e+01 8.776926e+01 5.733040e+01 1.027519e+02 4.947087e+01 9.022895e+01 4.454128e+01 5.548947e+01 4.512954e+01 3.245561e+01 2.118442e+00 1.668124e+00 2.743583e+00 2.126123e+00 4.063519e+00 3.317987e+00 3.880783e+00 4.024097e+00 3.782623e+00 3.429543e+00 3.250842e+00 2.302463e+00 2.970635e+00 4.509334e-01 3.043578e-01 4.721568e-01 3.699427e-01 5.893135e-01 5.387746e-01 7.891042e-01 5.297142e-01 7.520207e-01 5.850302e-01 5.100427e-01 3.440551e-01 4.472957e-01
<GCONST> 1.259810e+02
<STATE> 4
<MEAN> 39
 -4.315676e+00 3.710598e+00 6.878771e+00 9.720137e+00 -3.893927e+00 -5.036499e+00 -6.993285e+00 -5.904198e+00 -4.425872e+00 -1.065008e+01 -3.048079e+00 -1.399776e+00 6.871941e+01 -1.343090e+00 5.208296e-01 -4.871036e-02 -1.006523e+00 3.015620e+00 2.065559e+00 1.290838e+00 1.017588e+00 5.384272e-02 1.362449e+00 -1.077316e-01 -1.967339e-01 -2.871365e+00 -6.193850e-01 -4.307896e-01 -3.796107e-01 -4.484079e-01 -5.132833e-01 -9.253922e-02 1.281871e-01 6.582954e-02 2.747446e-01 2.972911e-01 2.331914e-01 1.870192e-01 2.785654e-01
<VARIANCE> 39
 2.523063e+01 2.283225e+01 4.456166e+01 3.495625e+01 7.319456e+01 7.173667e+01 8.475388e+01 5.006052e+01 6.327347e+01 4.258226e+01 4.400021e+01 4.698254e+01 7.194273e+01 5.374807e+00 2.935466e+00 4.325018e+00 3.284009e+00 5.270917e+00 4.257348e+00 5.380051e+00 4.165421e+00 5.416474e+00 4.306616e+00 4.045368e+00 2.668130e+00 5.213519e+00 4.493006e-01 4.448363e-01 7.064406e-01 5.344070e-01 7.446240e-01 7.391216e-01 7.370420e-01 6.260370e-01 7.430495e-01 6.733397e-01 5.762492e-01 4.359548e-01 7.464961e-01
<GCONST> 1.346033e+02
<TRANSP> 5
 0.000000e+00 1.000000e+00 0.000000e+00 0.000000e+00 0.000000e+00
 0.000000e+00 7.539982e-01 2.460018e-01 0.000000e+00 0.000000e+00
 0.000000e+00 0.000000e+00 3.596396e-01 6.403604e-01 0.000000e+00
 0.000000e+00 0.000000e+00 0.000000e+00 3.781428e-01 6.218572e-01
 0.000000e+00 0.000000e+00 0.000000e+00 0.000000e+00 0.000000e+00
<ENDHMM>
~h "k"
<BEGINHMM>
<NUMSTATES> 5
<STATE> 2
<MEAN> 39
 -9.513947e+00 3.600343e+00 2.207835e-01 2.232601e+00 1.335181e+00 3.390966e+00 -3.196965e+00 -3.552552e+00 -2.011144e+00 -6.395698e+00 -1.685902e+00 2.154005e+00 5.823503e+01 -1.791300e+00 -1.142908e+00 -1.712800e+00 -1.070497e+00 1.069918e+00 1.145867e+00 6.464870e-01 1.130710e+00 9.405186e-01 1.541400e+00 4.766733e-01 -3.734975e-02 -1.402325e+00 3.002296e-01 -5.006126e-01 -6.481646e-01 -8.702940e-01 -8.823358e-01 -3.939147e-01 -5.700881e-01 -3.554994e-01 1.071168e-01 2.746677e-02 3.256014e-01 -8.353634e-02 1.942432e+00
<VARIANCE> 39
 4.554047e+01 3.750442e+01 3.914582e+01 5.678239e+01 4.250421e+01 5.135764e+01 5.812295e+01 4.244163e+01 4.324722e+01 5.521040e+01 3.877768e+01 5.550158e+01 6.266987e+01 4.224752e+00 4.433962e+00 5.957667e+00 7.411086e+00 6.885668e+00 5.223470e+00 6.120548e+00 4.431943e+00 4.925645e+00 5.393631e+00 4.301435e+00 3.747436e+00 1.617581e+01 5.931729e-01 6.839752e-01 9.288868e-01 9.541274e-01 7.756763e-01 8.505355e-01 9.160518e-01 8.922047e-01 7.767603e-01 1.002701e+00 7.339703e-01 7.152975e-01 1.454850e+00
<GCONST> 1.422005e+02
<STATE> 3
<MEAN> 39
 -1.274424e+01 -2.240774e+00 -7.843660e+00 -4.922848e+00 6.638045e-01 5.224177e+00 -3.814233e+00 -1.704186e+00 1.522862e+00 -1.973861e+00 1.581470e+00 2.582594e+00 6.323007e+01 2.413276e-01 -9.975064e-01 -2.462207e+00 -2.795228e+00 -1.184557e+00 2.077366e-01 -1.276999e+00 -3.504925e-01 4.861963e-01 3.329655e-01 9.642277e-01 1.872183e-01 4.138480e+00 9.230822e-01 6.991456e-01 1.058072e+00 5.247628e-01 -5.860336e-01 -6.782272e-01 -4.588966e-01 -6.085065e-01 -5.587630e-01 -8.016667e-01 -2.385723e-01 -1.358337e-01 8.540695e-01
<VARIANCE> 39
 2.367049e+01 4.450947e+01 4.563262e+01 8.019755e+01 5.357938e+01 5.444272e+01 5.887626e+01 3.576806e+01 3.170956e+01 3.669822e+01 2.933657e+01 3.055462e+01 7.891204e+01 4.749077e+00 4.343828e+00 6.409941e+00 8.262185e+00 6.257425e+00 6.023151e+00 5.598877e+00 4.841771e+00 4.811285e+00 6.145494e+00 4.502558e+00 3.353729e+00 7.506576e+00 6.017643e-01 6.798270e-01 1.154381e+00 1.326736e+00 1.105571e+00 1.023294e+00 9.265144e-01 8.236567e-01 9.350507e-01 7.014482e-01 7.308676e-01 6.674617e-01 1.784670e+00
<GCONST> 1.415670e+02
<STATE> 4
<MEAN> 39
 -9.144440e+00 -1.070567e-01 -7.984588e+00 -7.369690e+00 -2.581947e+00 3.696442e+00 -7.050173e+00 -4.269648e+00 -3.737656e-01 -4.652698e+00 1.870041e+00 2.131799e+00 7.187749e+01 2.378529e+00 9.177493e-01 1.778159e+00 4.966097e-01 -1.439886e+00 -1.423394e+00 -1.099460e+00 -1.314935e+00 -9.474558e-01 -1.444598e+00 -5.704032e-01 -6.064262e-01 2.495467e+00 4.209994e-01 1.412713e-01 8.690470e-01 7.371382e-01 -2.327217e-01 -4.137101e-01 1.958158e-01 -2.021903e-01 -2.127417e-01 -2.518104e-01 -3.400379e-01 -1.725553e-01 -6.370822e-01
<VARIANCE> 39
 3.128574e+01 5.152600e+01 5.503965e+01 8.053579e+01 6.181788e+01 6.770723e+01 6.222303e+01 4.532233e+01 4.233203e+01 4.874888e+01 4.125188e+01 4.562883e+01 2.673581e+01 4.119803e+00 3.221518e+00 5.399132e+00 7.003518e+00 5.640228e+00 5.653621e+00 5.033480e+00 4.638614e+00 5.259296e+00 4.547521e+00 4.180121e+00 3.700225e+00 4.972683e+00 5.721477e-01 9.529759e-01 1.589097e+00 1.717297e+00 1.283315e+00 1.323435e+00 9.993200e-01 8.840213e-01 1.067815e+00 1.014033e+00 9.382264e-01 7.411589e-01 9.062386e-01
<GCONST> 1.429708e+02
<TRANSP> 5
 0.000000e+00 1.000000e+00 0.000000e+00 0.000000e+00 0.000000e+00
 0.000000e+00 5.379220e-01 4.620780e-01 0.000000e+00 0.000000e+00
 0.000000e+00 0.000000e+00 3.427866e-01 6.572134e-01 0.000000e+00
 0.000000e+00 0.000000e+00 0.000000e+00 5.954393e-01 4.045607e-01
 0.000000e+00 0.000000e+00 0.000000e+00 0.000000e+00 0.000000e+00
<ENDHMM>
~h "l"
<BEGINHMM>
<NUMSTATES> 5
<STATE> 2
<MEAN> 39
 -1.381719e-01 3.483153e+00 7.796364e-02 -1.221861e+01 -9.763570e+00 2.996721e+00 -8.286308e+00 -1.329015e+01 -8.981960e+00 -8.604718e+00 1.043555e+00 -3.384962e+00 7.679894e+01 8.242179e-01 7.833270e-01 5.092716e-01 -1.683970e+00 -7.375257e-01 7.242028e-01 6.038756e-01 -6.043875e-01 -9.313560e-01 -9.573319e-01 8.628897e-02 2.568698e-01 -2.234479e-01 -3.267925e-01 -2.052682e-01 -1.062380e-01 4.692505e-01 7.639061e-02 -2.582764e-01 3.588700e-02 2.659027e-01 4.289201e-01 1.844112e-01 -1.180247e-01 3.506614e-02 -6.627750e-02
<VARIANCE> 39
 1.116312e+01 3.067940e+01 4.573067e+01 5.715448e+01 4.443761e+01 7.030773e+01 8.608408e+01 5.152999e+01 6.448605e+01 4.447132e+01 6.437419e+01 1.025103e+02 2.015311e+01 1.618311e+00 2.068726e+00 2.295156e+00 3.161515e+00 3.929447e+00 3.497164e+00 4.023377e+00 3.562812e+00 4.165524e+00 3.338811e+00 4.012389e+00 2.993783e+00 2.046229e+00 3.198782e-01 4.387000e-01 5.446813e-01 4.668061e-01 5.420144e-01 5.820079e-01 5.621049e-01 6.081790e-01 8.036709e-01 8.930634e-01 7.690979e-01 5.459295e-01 2.312078e-01
<GCONST> 1.276693e+02
<STATE> 3
<MEAN> 39
 1.198116e+00 5.584021e+00 1.517284e+00 -1.435660e+01 -1.244351e+01 2.986881e+00 -4.002497e+00 -1.364507e+01 -7.459889e+00 -1.104784e+01 -1.533560e+00 -1.368591e+00 7.574971e+01 4.215626e-02 -1.650231e-01 -1.960986e-01 8.638862e-02 -3.734498e-01 -1.358331e-01 1.458866e-01 -1.106097e-01 3.755281e-01 2.712618e-01 4.230332e-03 5.890739e-02 1.691933e-01 -1.420148e-01 -2.410362e-01 -2.318879e-01 3.962071e-01 1.170702e-01 -6.216393e-02 -1.000675e-01 1.066024e-01 2.288994e-01 2.791621e-01 5.139960e-02 -6.579432e-02 9.385200e-02
<VARIANCE> 39
 8.574437e+00 2.082325e+01 4.765472e+01 4.818856e+01 4.224629e+01 8.417474e+01 1.131520e+02 4.820412e+01 7.008331e+01 4.218426e+01 7.567066e+01 8.164945e+01 1.198308e+01 3.835741e-01 1.779842e+00 2.147603e+00 1.785172e+00 2.618534e+00 1.855117e+00 2.147234e+00 2.594685e+00 2.779739e+00 2.654483e+00 2.856476e+00 2.050725e+00 1.337223e+00 1.409084e-01 2.560481e-01 2.994750e-01 3.831727e-01 4.976598e-01 4.145949e-01 4.688885e-01 4.986402e-01 5.682521e-01 4.446227e-01 5.670311e-01 3.861313e-01 2.189125e-01
<GCONST> 1.159709e+02
<STATE> 4
<MEAN> 39
 9.012185e-01 3.461392e+00 -5.212155e-01 -1.070090e+01 -1.184976e+01 2.193750e+00 -3.885524e+00 -1.347440e+01 -5.305970e+00 -7.790130e+00 -1.643173e-01 -3.421550e-01 7.696836e+01 -3.318889e-01 -6.517024e-01 -4.914660e-01 1.610761e+00 5.486338e-01 -1.869457e-01 -2.390286e-01 3.924236e-01 9.256738e-01 7.748163e-01 -1.523568e-01 -4.514360e-01 -2.824962e-03 -1.573456e-01 5.197068e-02 1.998716e-01 4.397574e-01 3.979437e-01 -4.965486e-02 -5.117699e-02 2.951613e-01 9.259626e-03 -1.119976e-01 -2.202204e-01 -1.310045e-01 -3.542298e-01
<VARIANCE> 39
 9.954226e+00 3.341100e+01 4.190137e+01 4.086024e+01 4.508537e+01 7.575759e+01 1.099897e+02 5.720238e+01 7.173162e+01 5.134571e+01 8.329858e+01 9.981084e+01 2.137785e+01 9.544101e-01 2.513169e+00 2.260763e+00 3.107893e+00 4.367747e+00 3.084471e+00 3.643918e+00 4.069320e+00 4.598209e+00 3.132899e+00 4.060113e+00 2.951700e+00 2.683798e+00 1.922283e-01 3.129621e-01 2.901467e-01 3.464905e-01 5.663692e-01 4.940954e-01 4.657200e-01 5.677100e-01 7.079320e-01 5.621206e-01 6.073140e-01 5.022831e-01 2.461464e-01
<GCONST> 1.251499e+02
<TRANSP> 5
 0.000000e+00 1.000000e+00 0.000000e+00 0.000000e+00 0.000000e+00
 0.000000e+00 5.850998e-01 4.149002e-01 0.000000e+00 0.000000e+00
 0.000000e+00 0.000000e+00 7.427347e-01 2.572653e-01 0.000000e+00
 0.000000e+00 0.000000e+00 0.000000e+00 4.960264e-01 5.039736e-01
 0.000000e+00 0.000000e+00 0.000000e+00 0.000000e+00 0.000000e+00
<ENDHMM>
~h "m"
<BEGINHMM>
<NUMSTATES> 5
<STATE> 2
<MEAN> 39
 4.058333e+00 3.964391e-01 3.158480e+00 1.930148e+00 -3.851914e+00 -8.831641e-02 -3.884641e+00 -8.996130e+00 -8.764802e+00 -1.737583e+01 -6.200407e+00 1.672423e+00 7.223593e+01 6.262984e-01 1.402279e-01 1.308801e+00 5.124358e-01 1.236624e+00 -9.899333e-03 7.536779e-01 6.833298e-01 -1.345371e+00 -2.144453e+00 -7.238357e-01 1.384075e-01 -7.398020e-01 -4.719300e-01 -1.038707e-01 -4.276380e-01 -2.032970e-01 -6.125369e-01 -1.367059e-01 -1.766429e-01 -2.796116e-02 6.426154e-01 8.486405e-01 2.207902e-01 -2.810418e-01 4.657314e-01
<VARIANCE> 39
 9.827033e+00 2.100926e+01 4.742727e+01 3.801358e+01 6.600656e+01 5.277319e+01 6.752715e+01 7.044749e+01 8.506216e+01 5.141872e+01 6.628814e+01 7.370355e+01 1.690657e+01 1.734404e+00 1.608440e+00 3.628339e+00 2.984908e+00 5.216204e+00 3.257848e+00 2.942407e+00 3.500383e+00 4.582349e+00 5.687677e+00 3.136338e+00 3.323634e+00 2.269997e+00 2.634119e-01 2.856350e-01 9.019808e-01 6.084778e-01 9.792104e-01 6.813998e-01 5.347399e-01 6.811873e-01 8.969244e-01 1.263917e+00 5.518081e-01 6.044592e-01 2.537300e-01
<GCONST> 1.288848e+02
<STATE> 3
<MEAN> 39
 4.086727e+00 1.073905e+00 2.432905e+00 8.122416e-01 -6.373244e+00 -2.095272e+00 -2.274892e+00 -7.712270e+00 -7.241460e+00 -1.701585e+01 -7.605928e+00 7.583225e-01 7.302785e+01 -1.318912e-01 1.859183e-01 -1.208988e+00 -1.313589e+00 -1.786113e+00 -5.564944e-02 -1.182601e-02 -5.152893e-02 1.248568e+00 1.419181e+00 9.897908e-02 5.521385e-02 7.933609e-01 -1.514756e-01 -3.129936e-02 -4.308018e-01 -3.585087e-01 -3.827903e-01 2.271724e-01 -6.536261e-02 -2.743514e-01 4.406294e-01 5.279630e-01 1.501758e-01 5.630750e-02 1.969158e-01
<VARIANCE> 39
 8.039681e+00 1.825827e+01 4.167032e+01 4.189518e+01 7.471452e+01 5.638296e+01 6.403739e+01 5.924758e+01 9.244643e+01 3.742665e+01 5.978528e+01 8.918133e+01 1.142545e+01 6.316627e-01 1.192846e+00 2.511678e+00 2.399628e+00 3.901356e+00 3.253706e+00 2.482759e+00 2.578044e+00 3.389247e+00 3.541953e+00 2.216866e+00 2.174116e+00 1.035230e+00 2.394625e-01 2.193197e-01 4.456045e-01 4.323858e-01 9.604363e-01 6.267715e-01 5.824210e-01 5.226726e-01 8.323846e-01 8.761837e-01 4.985394e-01 5.175865e-01 1.884641e-01
<GCONST> 1.202585e+02
<STATE> 4
<MEAN> 39
 3.597795e+00 8.689984e-01 -3.428097e+00 -6.152218e+00 -1.274458e+01 6.780442e-01 -1.621012e+00 -9.629766e+00 -2.616858e+00 -1.118601e+01 -6.652808e+00 1.015887e+00 7.642686e+01 -4.941272e-01 -2.770669e-01 -1.181287e+00 -9.981532e-01 -5.647939e-01 1.050144e+00 2.781841e-02 -8.807819e-01 9.814402e-01 1.490985e+00 6.725169e-01 -3.965097e-01 7.049363e-01 -2.370359e-01 -3.079131e-02 4.497229e-01 5.694605e-01 7.394151e-01 -2.273258e-02 -2.805294e-01 8.823489e-02 -2.619715e-01 -2.164823e-01 1.481088e-01 -2.719448e-01 -2.424465e-01
<VARIANCE> 39
 9.184583e+00 2.360135e+01 4.358450e+01 5.558514e+01 6.007558e+01 7.512245e+01 8.297114e+01 5.673645e+01 6.788766e+01 3.736335e+01 6.969721e+01 8.695225e+01 1.979269e+01 1.543251e+00 1.824842e+00 2.711383e+00 3.083354e+00 5.315330e+00 3.974389e+00 3.671041e+00 3.662740e+00 4.751696e+00 4.217522e+00 3.080805e+00 3.217754e+00 1.367428e+00 2.199281e-01 2.138539e-01 3.986282e-01 4.942812e-01 6.157290e-01 7.320423e-01 5.919459e-01 5.538570e-01 6.717954e-01 6.055181e-01 5.106019e-01 4.579860e-01 1.317142e-01
<GCONST> 1.246932e+02
<TRANSP> 5
 0.000000e+00 1.000000e+00 0.000000e+00 0.000000e+00 0.000000e+00
 0.000000e+00 6.768619e-01 3.231381e-01 0.000000e+00 0.000000e+00
 0.000000e+00 0.000000e+00 6.947253e-01 3.052747e-01 0.000000e+00
 0.000000e+00 0.000000e+00 0.000000e+00 6.130065e-01 3.869935e-01
 0.000000e+00 0.000000e+00 0.000000e+00 0.000000e+00 0.000000e+00
<ENDHMM>
~h "n"
<BEGINHMM>
<NUMSTATES> 5
<STATE> 2
<MEAN> 39
 1.684780e+00 1.661294e+00 2.623528e+00 2.217663e+00 -3.533462e+00 -4.249360e+00 -9.546827e+00 -1.229554e+01 -7.155313e+00 -1.216094e+01 3.971656e-01 -1.075110e+00 7.407951e+01 8.207965e-01 3.777044e-01 1.868580e+00 1.365279e+00 1.082096e+00 -6.727399e-01 7.618423e-02 -2.103498e-01 -2.128101e+00 -1.356046e+00 6.821496e-01 8.169018e-01 -1.185221e+00 -2.890808e-01 -1.641039e-01 -2.134319e-01 -1.857839e-01 -4.666985e-01 9.614850e-02 1.446678e-01 8.249526e-02 3.518870e-01 3.336564e-01 -2.511997e-01 -7.074758e-02 2.435780e-01
<VARIANCE> 39
 9.814089e+00 1.982329e+01 6.287865e+01 4.924679e+01 6.574058e+01 6.084377e+01 8.398296e+01 6.685078e+01 6.706363e+01 4.714364e+01 5.674708e+01 1.291823e+02 2.249356e+01 1.156698e+00 1.714080e+00 3.572075e+00 3.885363e+00 3.671873e+00 4.127196e+00 3.458351e+00 5.970922e+00 3.892934e+00 5.355348e+00 3.179838e+00 3.739535e+00 2.717299e+00 2.592872e-01 2.774778e-01 9.428980e-01 9.322793e-01 6.518241e-01 8.078980e-01 5.229645e-01 8.597517e-01 9.864176e-01 8.938404e-01 5.607486e-01 6.494641e-01 3.769748e-01
<GCONST> 1.312455e+02
<STATE> 3
<MEAN> 39
 2.318998e+00 1.684580e+00 5.929421e+00 3.746763e+00 -2.906829e+00 -4.685714e+00 -8.637797e+00 -1.291880e+01 -1.037821e+01 -1.382390e+01 6.570137e-01 8.550600e-01 7.294642e+01 -3.148963e-01 5.662658e-02 -7.017874e-01 -1.209708e+00 -6.989567e-01 6.558930e-01 2.717469e-01 -2.448933e-03 6.067939e-01 5.114570e-01 -5.002795e-01 -6.591157e-02 6.240923e-01 -3.073493e-01 -6.192422e-02 -8.551762e-01 -7.098505e-01 -4.935781e-01 4.387966e-01 1.486021e-01 4.897245e-02 9.085025e-01 5.711694e-01 -3.442841e-01 -3.298641e-01 4.265103e-01
<VARIANCE> 39
 8.532887e+00 1.714866e+01 4.728911e+01 4.069704e+01 6.004526e+01 5.762012e+01 7.993009e+01 8.023671e+01 5.320700e+01 4.465555e+01 5.964537e+01 1.321134e+02 1.107961e+01 7.029394e-01 1.590228e+00 4.175461e+00 4.515824e+00 3.334182e+00 4.050879e+00 2.546447e+00 4.242205e+00 4.374912e+00 3.652019e+00 2.616928e+00 2.727467e+00 2.311169e+00 2.328612e-01 2.940295e-01 6.011449e-01 7.495490e-01 7.029632e-01 8.369234e-01 6.094553e-01 1.042849e+00 7.482463e-01 9.231108e-01 6.343932e-01 6.950457e-01 3.501162e-01
<GCONST> 1.271957e+02
<STATE> 4
<MEAN> 39
 1.177294e+00 1.621717e+00 -5.796919e-01 -2.936577e+00 -7.371210e+00 -1.596962e+00 -6.354655e+00 -1.330143e+01 -4.183121e+00 -1.015533e+01 -2.674394e+00 -9.183244e-01 7.658173e+01 -3.548486e-01 -9.426887e-02 -1.498259e+00 -1.149745e+00 -1.127854e+00 8.588499e-01 7.094907e-01 3.309044e-02 1.665625e+00 1.062732e+00 -8.331503e-01 -6.662859e-01 5.930301e-01 -6.228389e-02 -4.809768e-02 1.896440e-01 3.947332e-01 2.037522e-01 -6.382652e-02 -1.637684e-02 1.703566e-01 -1.539392e-01 -7.397848e-02 8.489560e-02 -1.531749e-03 -2.588392e-01
<VARIANCE> 39
 1.008939e+01 1.860346e+01 6.262121e+01 5.491994e+01 5.038243e+01 7.603634e+01 1.203151e+02 5.370136e+01 6.005388e+01 3.744978e+01 5.627089e+01 1.128519e+02 2.285550e+01 1.090530e+00 2.037798e+00 3.328358e+00 3.287987e+00 3.999045e+00 4.223061e+00 3.171800e+00 4.039786e+00 4.341933e+00 3.731009e+00 2.903893e+00 2.788820e+00 2.467931e+00 2.683159e-01 3.226913e-01 6.265596e-01 5.878488e-01 5.167640e-01 7.794905e-01 5.519368e-01 6.513618e-01 8.613707e-01 6.342200e-01 5.094423e-01 5.037335e-01 2.523891e-01
<GCONST> 1.273123e+02
<TRANSP> 5
 0.000000e+00 1.000000e+00 0.000000e+00 0.000000e+00 0.000000e+00
 0.000000e+00 6.134535e-01 3.865465e-01 0.000000e+00 0.000000e+00
 0.000000e+00 0.000000e+00 6.171870e-01 3.828129e-01 0.000000e+00
 0.000000e+00 0.000000e+00 0.000000e+00 5.746259e-01 4.253741e-01
 0.000000e+00 0.000000e+00 0.000000e+00 0.000000e+00 0.000000e+00
<ENDHMM>
~h "o"
<BEGINHMM>
<NUMSTATES> 5
<STATE> 2
<MEAN> 39
 1.469611e+00 2.614995e+00 -3.119001e+00 -8.899947e+00 -1.331020e+01 2.528450e+00 -5.304837e+00 -1.093097e+01 -4.998686e+00 -8.747103e+00 1.195821e-01 -2.058896e-01 7.725287e+01 1.689758e+00 -4.287283e-01 2.108556e-01 -6.670097e-01 -1.786481e+00 -4.015562e-02 -2.158476e-01 -1.018771e+00 -6.779732e-01 -6.028205e-01 4.135652e-01 -2.727219e-01 1.236696e+00 -7.377203e-01 -2.923152e-01 -1.622634e-02 5.857707e-01 8.147621e-01 -9.256667e-02 2.480644e-02 3.871220e-01 2.472160e-01 3.454011e-01 -4.376425e-02 5.214962e-02 -5.457145e-01
<VARIANCE> 39
 1.368492e+01 3.164133e+01 3.226017e+01 5.424412e+01 4.363317e+01 6.516799e+01 8.726068e+01 5.463904e+01 5.065563e+01 4.435577e+01 8.120284e+01 7.383630e+01 2.116610e+01 3.662454e+00 2.551897e+00 3.456599e+00 5.563579e+00 5.972878e+00 5.320670e+00 5.637181e+00 4.632575e+00 4.376406e+00 4.031461e+00 5.195350e+00 4.609265e+00 2.634311e+00 5.422732e-01 5.212659e-01 6.050075e-01 6.483179e-01 9.043530e-01 7.551420e-01 7.089766e-01 7.716005e-01 8.649204e-01 8.654751e-01 8.529618e-01 5.961161e-01 3.488351e-01
<GCONST> 1.348308e+02
<STATE> 3
<MEAN> 39
 1.674694e+00 -2.340496e-01 -4.387729e+00 -1.016747e+01 -1.437545e+01 3.208764e+00 -6.085559e+00 -1.191355e+01 -5.760984e+00 -8.151737e+00 1.512360e+00 -1.802091e+00 7.948169e+01 9.060587e-02 -3.718581e-01 1.000878e-01 7.976412e-01 4.528860e-01 -2.922155e-01 -4.190684e-01 -1.438350e-01 7.314546e-02 1.464882e-01 -1.357876e-03 -1.672800e-01 3.898374e-02 -4.116711e-01 2.333798e-01 2.776647e-01 7.457359e-01 8.445233e-01 -2.483360e-01 -8.872440e-02 2.934002e-01 1.674195e-01 3.134315e-02 -3.130270e-01 5.074763e-02 -6.119587e-01
<VARIANCE> 39
 9.083912e+00 2.734770e+01 2.867101e+01 6.438313e+01 3.175651e+01 6.350390e+01 9.420961e+01 5.612616e+01 5.189772e+01 4.043234e+01 8.989584e+01 1.037049e+02 1.139532e+01 9.021236e-01 1.783996e+00 2.019318e+00 3.306630e+00 3.667245e+00 3.038001e+00 3.548592e+00 3.199898e+00 3.141663e+00 3.777647e+00 3.751392e+00 2.769471e+00 1.490320e+00 3.397885e-01 3.175769e-01 4.119003e-01 4.621119e-01 7.242188e-01 7.076502e-01 7.192055e-01 7.316828e-01 7.271075e-01 6.717606e-01 8.480089e-01 6.749332e-01 2.559001e-01
<GCONST> 1.247128e+02
<STATE> 4
<MEAN> 39
 1.258286e+00 1.429176e-02 -2.962308e+00 -4.802968e+00 -1.124655e+01 3.162429e-01 -8.820578e+00 -1.199645e+01 -4.392009e+00 -7.683026e+00 1.991489e-01 -2.105855e+00 7.813307e+01 -4.557405e-01 6.511663e-01 1.428048e+00 2.431875e+00 2.054001e+00 -8.199632e-01 -3.481235e-01 5.659618e-01 -2.420658e-02 -3.920033e-01 -8.702822e-01 -4.444981e-02 -1.634881e+00 -3.073409e-01 2.361023e-01 3.235227e-01 2.538537e-01 3.806851e-01 5.426783e-02 3.194722e-01 2.786107e-01 -1.241869e-01 -1.362225e-01 -1.306331e-01 6.700363e-02 -5.520833e-01
<VARIANCE> 39
 1.277164e+01 2.828181e+01 3.509640e+01 6.750728e+01 4.270421e+01 6.776562e+01 1.140784e+02 5.421941e+01 5.617068e+01 4.537996e+01 7.887785e+01 9.411918e+01 1.825755e+01 1.899493e+00 2.471446e+00 2.921518e+00 3.519651e+00 5.096024e+00 4.362828e+00 4.441650e+00 4.263915e+00 4.405146e+00 4.198398e+00 4.352325e+00 3.572401e+00 3.251480e+00 3.721714e-01 3.777589e-01 4.946229e-01 5.216992e-01 7.377474e-01 5.859864e-01 8.380957e-01 6.991099e-01 8.369766e-01 8.037049e-01 7.114303e-01 5.515667e-01 3.293585e-01
<GCONST> 1.313257e+02
<TRANSP> 5
 0.000000e+00 1.000000e+00 0.000000e+00 0.000000e+00 0.000000e+00
 0.000000e+00 3.187436e-01 6.812564e-01 0.000000e+00 0.000000e+00
 0.000000e+00 0.000000e+00 5.396120e-01 4.603880e-01 0.000000e+00
 0.000000e+00 0.000000e+00 0.000000e+00 4.771763e-01 5.228237e-01
 0.000000e+00 0.000000e+00 0.000000e+00 0.000000e+00 0.000000e+00
<ENDHMM>
~h "p"
<BEGINHMM>
<NUMSTATES> 5
<STATE> 2
<MEAN> 39
 -5.967219e+00 4.730401e+00 3.660174e+00 3.791284e+00 7.623720e-01 2.676537e+00 -1.172609e+00 -3.068806e+00 -4.013623e+00 -5.487342e+00 -3.072454e+00 -1.586722e+00 5.554120e+01 -2.439478e+00 -4.452839e-01 1.199803e-01 8.327992e-01 1.669768e+00 3.822773e-01 9.978215e-01 1.544777e+00 1.003543e+00 1.428000e+00 4.583053e-01 3.890526e-01 -2.665693e+00 -5.897792e-02 -7.456253e-01 -8.054616e-01 -7.243950e-01 -8.053919e-01 -3.717129e-01 -5.024407e-01 -4.700644e-01 1.075556e-01 2.926275e-01 4.310595e-01 1.726347e-01 2.197836e+00
<VARIANCE> 39
 5.872351e+01 2.357597e+01 2.273163e+01 3.581935e+01 2.601687e+01 3.105229e+01 3.318898e+01 3.432927e+01 3.522572e+01 3.570370e+01 3.997430e+01 3.171372e+01 4.214639e+01 4.678209e+00 3.166433e+00 3.610481e+00 3.846414e+00 4.142417e+00 3.262848e+00 3.809675e+00 3.690694e+00 3.633969e+00 3.760535e+00 3.815354e+00 2.821917e+00 1.446384e+01 1.040723e+00 4.244868e-01 5.431708e-01 5.701739e-01 6.349306e-01 5.143675e-01 5.867088e-01 7.723781e-01 7.943876e-01 6.820760e-01 5.885731e-01 4.515861e-01 1.531238e+00
<GCONST> 1.301936e+02
<STATE> 3
<MEAN> 39
 -1.286162e+01 3.024238e-02 1.336495e-01 2.526315e+00 1.966321e+00 2.560441e+00 -2.053223e-01 -3.802493e-01 5.543494e-02 6.920421e-01 1.100480e+00 1.546074e+00 5.857579e+01 5.767823e-01 -1.527350e+00 -1.699492e+00 -1.547037e+00 -1.311326e+00 -5.084598e-01 -9.838842e-01 -9.841082e-01 -5.020333e-01 4.654623e-01 6.197757e-01 2.773764e-01 5.112500e+00 1.494665e+00 3.305828e-01 -1.128679e-01 -7.314069e-01 -1.112497e+00 -9.620310e-02 -5.490867e-01 -8.032042e-01 -6.797030e-01 -8.448758e-01 -3.033848e-01 -4.128435e-01 1.358023e+00
<VARIANCE> 39
 1.701243e+01 2.573144e+01 2.214795e+01 2.041842e+01 1.999162e+01 2.027371e+01 2.500331e+01 2.490041e+01 2.210651e+01 2.062644e+01 1.809883e+01 1.511957e+01 9.481971e+01 8.076791e+00 4.001733e+00 3.679456e+00 4.081592e+00 4.223218e+00 3.471579e+00 3.585210e+00 4.113141e+00 4.153454e+00 4.372656e+00 3.359316e+00 2.968254e+00 6.841866e+00 6.826488e-01 7.902471e-01 6.974179e-01 7.515144e-01 7.069687e-01 7.800481e-01 9.118652e-01 9.188260e-01 7.828174e-01 6.110259e-01 7.911641e-01 7.803800e-01 2.298657e+00
<GCONST> 1.288584e+02
<STATE> 4
<MEAN> 39
 -4.509745e+00 -5.451062e-01 -3.746727e+00 -3.946119e+00 -5.404321e+00 7.922027e-01 -3.794398e+00 -5.777202e+00 -4.767449e+00 -2.672623e+00 -4.528649e-01 8.469678e-02 7.349682e+01 3.660458e+00 3.814930e-01 -9.087172e-01 -2.407244e+00 -3.310285e+00 -8.546433e-02 -8.859618e-01 -1.673492e+00 -1.003381e+00 -1.196337e+00 -3.930150e-01 -6.562015e-01 3.505354e+00 -1.144563e-02 2.542827e-01 3.290117e-01 3.703776e-01 7.832819e-02 9.862506e-02 1.120145e-01 8.824252e-02 3.344864e-01 -9.115493e-02 -7.356878e-02 -9.818782e-02 -1.113045e+00
<VARIANCE> 39
 5.418136e+01 3.369416e+01 2.238084e+01 3.791362e+01 5.479840e+01 2.851726e+01 3.775083e+01 2.916421e+01 2.858155e+01 2.659407e+01 3.906480e+01 2.701795e+01 2.222832e+01 3.894668e+00 5.337320e+00 3.765551e+00 4.910173e+00 5.594903e+00 4.699804e+00 6.003135e+00 5.246293e+00 4.974934e+00 4.042698e+00 5.517311e+00 5.557046e+00 7.370813e+00 1.579431e+00 1.102757e+00 5.975624e-01 9.460815e-01 1.384085e+00 7.421977e-01 7.592652e-01 7.788529e-01 8.466021e-01 7.742028e-01 9.779632e-01 7.284418e-01 8.207417e-01
<GCONST> 1.366046e+02
<TRANSP> 5
 0.000000e+00 1.000000e+00 0.000000e+00 0.000000e+00 0.000000e+00
 0.000000e+00 6.079069e-01 3.920932e-01 0.000000e+00 0.000000e+00
 0.000000e+00 0.000000e+00 5.182865e-01 4.817136e-01 0.000000e+00
 0.000000e+00 0.000000e+00 0.000000e+00 5.948913e-01 4.051087e-01
 0.000000e+00 0.000000e+00 0.000000e+00 0.000000e+00 0.000000e+00
<ENDHMM>
~h "r"
<BEGINHMM>
<NUMSTATES> 5
<STATE> 2
<MEAN> 39
 -9.831867e-02 -1.548690e+00 -4.854341e+00 2.269340e+00 -7.552011e+00 -4.489468e+00 -7.999873e+00 -1.318654e+01 -4.677052e+00 -2.663847e+00 1.184680e+00 -1.636412e+00 7.754521e+01 1.170576e+00 -2.985659e-01 -1.289714e+00 1.223909e+00 -5.495608e-01 4.246253e-02 2.888450e-01 -5.537165e-01 -5.376308e-01 -3.315915e-02 4.049067e-01 1.116163e-01 -3.309404e-01 -1.437536e-01 2.610240e-02 -3.512108e-02 -1.760295e-01 -2.955626e-01 2.965508e-01 -3.202027e-02 3.065638e-01 2.680677e-01 -4.393008e-01 -3.988042e-03 -9.073932e-02 -9.401731e-02
<VARIANCE> 39
 1.745251e+01 1.981444e+01 4.380149e+01 4.763473e+01 6.161197e+01 6.147122e+01 7.122098e+01 5.225023e+01 5.887894e+01 4.156197e+01 4.780516e+01 5.512473e+01 1.574735e+01 1.831104e+00 1.536357e+00 3.052884e+00 3.320748e+00 5.705851e+00 4.167044e+00 4.092554e+00 4.329131e+00 5.918335e+00 4.223752e+00 4.281998e+00 3.051563e+00 1.889675e+00 3.872374e-01 3.270831e-01 5.683627e-01 7.322871e-01 1.195299e+00 6.946768e-01 7.313260e-01 9.107982e-01 1.196164e+00 8.585156e-01 7.475577e-01 5.437436e-01 4.315032e-01
<GCONST> 1.306335e+02
<STATE> 3
<MEAN> 39
 3.238084e+00 -1.754354e+00 -9.767780e+00 4.589794e+00 -9.613363e+00 -3.617108e+00 -6.443639e+00 -1.378144e+01 -4.701755e+00 -4.338846e+00 2.248499e+00 -1.086539e+00 7.700408e+01 6.008376e-01 -8.810653e-02 -6.480650e-01 3.584794e-02 -1.429834e+00 7.626071e-01 -1.476541e-03 1.285487e-01 4.489465e-01 -7.561828e-01 7.271577e-02 -2.710431e-01 5.744639e-02 -3.981634e-01 1.376639e-01 6.376373e-01 -5.354068e-01 -3.636248e-03 2.128173e-01 9.853255e-03 3.386971e-01 2.283898e-01 -1.296452e-01 -3.249309e-01 -8.904632e-02 4.594051e-02
<VARIANCE> 39
 1.847298e+01 2.274302e+01 5.486828e+01 3.472634e+01 8.134753e+01 7.148601e+01 8.384678e+01 5.602422e+01 7.095685e+01 4.873525e+01 4.971909e+01 5.595769e+01 1.320827e+01 1.338813e+00 1.777867e+00 2.730492e+00 2.807961e+00 7.113172e+00 3.422369e+00 4.219663e+00 4.499952e+00 6.854296e+00 4.666550e+00 4.020669e+00 2.961066e+00 1.740464e+00 2.460184e-01 2.400213e-01 5.107818e-01 4.623717e-01 1.483071e+00 7.304916e-01 6.920228e-01 9.180424e-01 1.172359e+00 8.299054e-01 8.076711e-01 5.157911e-01 3.082302e-01
<GCONST> 1.298641e+02
<STATE> 4
<MEAN> 39
 3.057299e+00 -1.572797e+00 -8.120013e+00 2.924461e+00 -1.339869e+01 -1.219561e+00 -6.840568e+00 -1.238737e+01 -3.053601e+00 -6.360431e+00 9.529071e-01 -2.184090e+00 7.730594e+01 -3.884527e-01 4.214171e-01 1.142695e+00 -8.956126e-01 -1.706779e-01 9.316276e-01 8.723310e-02 9.290627e-01 2.613612e-01 -7.246593e-01 -7.885311e-01 -1.773319e-01 -3.413574e-01 -4.115700e-01 1.920224e-01 5.533698e-01 -2.154737e-01 7.510005e-01 -1.012526e-01 7.678127e-02 2.974754e-01 -1.578188e-01 1.147624e-01 -2.224504e-01 5.539919e-02 -2.847729e-01
<VARIANCE> 39
 2.220071e+01 3.235877e+01 4.845329e+01 4.132313e+01 7.042152e+01 7.641177e+01 1.119807e+02 6.224803e+01 8.447966e+01 5.314083e+01 6.895500e+01 6.640935e+01 2.065835e+01 1.606268e+00 2.149243e+00 2.959798e+00 2.694424e+00 7.839793e+00 3.460740e+00 4.500737e+00 4.546793e+00 4.896532e+00 3.898628e+00 3.977720e+00 2.865532e+00 3.039052e+00 2.901942e-01 2.628426e-01 5.313243e-01 4.629750e-01 1.065968e+00 7.056291e-01 7.644781e-01 7.806259e-01 1.088357e+00 7.381558e-01 7.149233e-01 5.644118e-01 3.238998e-01
<GCONST> 1.322614e+02
<TRANSP> 5
 0.000000e+00 1.000000e+00 0.000000e+00 0.000000e+00 0.000000e+00
 0.000000e+00 5.305308e-01 4.694692e-01 0.000000e+00 0.000000e+00
 0.000000e+00 0.000000e+00 4.822413e-01 5.177587e-01 0.000000e+00
 0.000000e+00 0.000000e+00 0.000000e+00 4.151592e-01 5.848408e-01
 0.000000e+00 0.000000e+00 0.000000e+00 0.000000e+00 0.000000e+00
<ENDHMM>
~h "s"
<BEGINHMM>
<NUMSTATES> 5
<STATE> 2
<MEAN> 39
 -2.882251e+01 7.578117e+00 -1.601518e+00 -3.531455e+00 5.628011e+00 3.484538e-01 -3.905082e+00 -2.153840e+00 1.900742e+00 -1.267415e+00 2.148360e-01 -1.409744e+00 7.542378e+01 -3.795920e+00 -1.798607e-02 -1.281267e+00 -7.554369e-01 5.287058e-01 1.566726e-01 9.027703e-01 1.186128e+00 1.130612e+00 8.494198e-01 5.099410e-01 7.357340e-01 -3.182400e-01 1.057671e+00 -4.203913e-01 -1.128503e-01 5.780207e-02 -6.650475e-01 -1.926329e-01 -3.201706e-01 -3.608789e-01 -3.194672e-01 -1.402495e-01 3.934862e-02 -1.439087e-02 -1.395240e-01
<VARIANCE> 39
 7.032812e+01 2.207835e+01 5.781091e+01 3.501157e+01 2.476582e+01 4.247581e+01 3.562931e+01 3.879009e+01 3.431255e+01 2.673497e+01 2.471485e+01 2.390120e+01 1.541722e+01 9.916203e+00 2.474152e+00 3.159290e+00 3.976079e+00 3.641931e+00 3.255103e+00 4.160430e+00 3.772176e+00 3.274744e+00 2.522447e+00 2.714597e+00 2.575336e+00 1.131206e+00 1.121565e+00 4.893136e-01 7.594013e-01 5.492561e-01 6.811593e-01 6.731042e-01 6.751705e-01 6.737930e-01 6.472507e-01 5.251403e-01 4.996283e-01 4.068642e-01 1.626070e-01
<GCONST> 1.243714e+02
<STATE> 3
<MEAN> 39
 -3.253691e+01 4.170927e+00 -4.273901e+00 -5.559240e+00 2.797823e+00 9.397286e-01 -3.819564e+00 -2.207945e+00 3.062461e+00 1.264466e+00 1.672729e+00 1.013032e+00 7.259212e+01 1.763698e+00 -5.087596e-01 5.178773e-01 2.400461e-01 -5.312029e-01 1.268868e-01 -2.689594e-01 -5.741871e-01 -6.166149e-01 -7.234014e-02 -1.677880e-01 4.937774e-02 -7.469518e-01 1.203275e+00 3.709355e-02 4.296767e-01 2.261061e-01 -9.523208e-02 4.667186e-02 -6.856008e-02 -2.962835e-01 -3.229105e-01 -2.941649e-01 -1.368846e-01 -1.653375e-01 -1.822279e-01
<VARIANCE> 39
 1.736423e+01 2.357809e+01 4.711065e+01 4.065443e+01 3.863584e+01 4.114234e+01 3.292503e+01 4.033997e+01 2.535858e+01 1.896819e+01 1.690339e+01 1.308040e+01 2.177439e+01 6.059545e+00 1.882384e+00 2.521275e+00 2.547608e+00 2.119320e+00 2.086567e+00 2.412466e+00 2.529899e+00 2.346892e+00 2.115580e+00 1.679245e+00 1.594123e+00 2.456660e+00 6.982098e-01 3.456915e-01 4.808553e-01 5.401968e-01 4.335997e-01 4.524178e-01 5.679350e-01 5.945052e-01 4.961761e-01 4.714838e-01 3.787819e-01 3.724861e-01 4.544533e-01
<GCONST> 1.158593e+02
<STATE> 4
<MEAN> 39
 -1.866978e+01 2.316354e+00 4.530823e-01 -3.126786e+00 1.009986e+00 1.434902e+00 -4.281575e+00 -5.377669e+00 -1.651418e+00 -1.407239e+00 -2.040987e-01 1.557384e-01 6.705349e+01 4.691063e+00 -4.899626e-01 4.226073e-01 5.464615e-01 -1.134449e+00 -1.891365e-01 -1.279439e-01 -8.910915e-01 -1.395306e+00 -1.157524e+00 -2.954621e-01 -2.808935e-01 -2.024125e+00 -2.884019e-01 -3.909153e-02 -3.897237e-01 -1.646754e-01 -1.595748e-01 -9.587090e-02 4.008003e-02 1.786615e-01 2.103374e-01 2.446077e-02 8.867230e-02 -1.218738e-02 1.920862e-01
<VARIANCE> 39
 7.538185e+01 3.007969e+01 4.576671e+01 3.052124e+01 5.245853e+01 5.183071e+01 4.522225e+01 5.311623e+01 4.103368e+01 4.141469e+01 2.914424e+01 2.956094e+01 1.137489e+02 6.573536e+00 3.212452e+00 4.588048e+00 4.263129e+00 4.945425e+00 4.050222e+00 5.706476e+00 7.050906e+00 4.633523e+00 4.391812e+00 3.058367e+00 3.480528e+00 8.684280e+00 1.022052e+00 5.813351e-01 6.086723e-01 6.228788e-01 8.107317e-01 7.149114e-01 7.492720e-01 8.690020e-01 7.446387e-01 8.094020e-01 5.350047e-01 4.974685e-01 1.064516e+00
<GCONST> 1.372911e+02
<TRANSP> 5
 0.000000e+00 1.000000e+00 0.000000e+00 0.000000e+00 0.000000e+00
 0.000000e+00 7.997496e-01 2.002504e-01 0.000000e+00 0.000000e+00
 0.000000e+00 0.000000e+00 7.617832e-01 2.382168e-01 0.000000e+00
 0.000000e+00 0.000000e+00 0.000000e+00 5.675505e-01 4.324495e-01
 0.000000e+00 0.000000e+00 0.000000e+00 0.000000e+00 0.000000e+00
<ENDHMM>
~h "t"
<BEGINHMM>
<NUMSTATES> 5
<STATE> 2
<MEAN> 39
 -1.066838e+01 4.471511e+00 4.822120e+00 3.337119e+00 2.520525e+00 1.901384e+00 -4.127017e+00 -4.207536e+00 -3.250721e+00 -2.734164e+00 -3.181103e-01 -1.480843e+00 5.842893e+01 -1.661475e+00 -1.102331e+00 -2.193816e-01 2.245960e-02 5.368255e-01 5.984248e-01 1.187261e+00 1.485663e+00 1.090705e+00 8.473814e-01 6.343398e-03 5.334213e-01 -2.084856e+00 2.115460e-01 -6.867200e-01 -6.634091e-01 -6.421469e-01 -8.318415e-01 -3.987335e-01 -4.681304e-01 -3.547026e-01 9.540854e-02 6.481035e-02 1.082123e-01 4.003573e-02 1.962137e+00
<VARIANCE> 39
 5.079945e+01 2.227531e+01 3.413429e+01 3.192714e+01 2.598878e+01 4.281108e+01 4.184812e+01 3.789455e+01 3.680623e+01 3.307546e+01 3.489622e+01 4.218687e+01 7.304109e+01 5.459462e+00 4.353774e+00 4.298060e+00 4.665270e+00 4.596071e+00 3.728236e+00 4.276850e+00 3.952607e+00 3.224696e+00 3.388087e+00 2.975954e+00 3.532756e+00 1.767096e+01 6.646698e-01 6.730548e-01 5.766450e-01 6.620545e-01 6.410785e-01 6.072083e-01 8.378617e-01 8.696857e-01 7.425907e-01 5.834283e-01 5.181820e-01 5.698088e-01 2.513695e+00
<GCONST> 1.340648e+02
<STATE> 3
<MEAN> 39
 -1.589632e+01 -3.346333e+00 -2.905405e-02 -1.040667e+00 -2.767339e-01 1.744538e+00 -2.932172e+00 -1.002852e+00 6.583302e-01 9.581799e-01 9.053630e-01 1.356071e+00 6.538213e+01 7.020773e-01 -1.149607e+00 -1.230390e+00 -1.748107e+00 -1.614354e+00 -8.860015e-01 -1.699846e+00 -1.260298e+00 -1.705015e-01 2.503629e-01 5.292631e-02 -1.717510e-01 5.484219e+00 1.311845e+00 8.423554e-01 2.473174e-01 3.821991e-02 -4.406632e-01 -3.279228e-01 -7.703709e-01 -1.108869e+00 -7.073916e-01 -6.342257e-01 -8.489625e-02 -5.859209e-01 7.499285e-01
<VARIANCE> 39
 2.259619e+01 3.666248e+01 3.181085e+01 2.834201e+01 3.260509e+01 3.601538e+01 3.376575e+01 2.926844e+01 2.675208e+01 2.241067e+01 1.912665e+01 1.729369e+01 9.596254e+01 6.909251e+00 3.809662e+00 3.483999e+00 3.523593e+00 3.462969e+00 3.987665e+00 4.389429e+00 4.752363e+00 3.794353e+00 3.690775e+00 2.917136e+00 3.573256e+00 6.884173e+00 7.999908e-01 9.251155e-01 6.915381e-01 9.457867e-01 9.341878e-01 9.006199e-01 1.220683e+00 8.894362e-01 8.319805e-01 7.302111e-01 8.200018e-01 1.026064e+00 2.441466e+00
<GCONST> 1.336861e+02
<STATE> 4
<MEAN> 39
 -9.846530e+00 -8.239812e-02 -6.386182e-01 -3.403476e+00 -3.235070e+00 -8.979701e-01 -8.803192e+00 -8.008828e+00 -2.897173e+00 -9.574827e-01 1.643896e-01 -1.443099e+00 7.594135e+01 3.784127e+00 9.938153e-01 -1.037664e-01 -6.934192e-01 -1.963133e+00 -7.484975e-01 -1.562847e+00 -2.845473e+00 -1.285385e+00 -1.213820e+00 -8.420788e-03 -1.207178e+00 2.879331e+00 3.475951e-01 1.475084e-01 1.959247e-01 4.354405e-01 -1.370574e-01 1.921214e-01 5.528382e-01 1.772029e-01 6.202959e-02 -3.307268e-01 -1.585062e-02 9.465063e-03 -1.301317e+00
<VARIANCE> 39
 4.419255e+01 2.933062e+01 2.753222e+01 2.454286e+01 3.416112e+01 4.716496e+01 4.376783e+01 3.997952e+01 3.316471e+01 2.425102e+01 2.656280e+01 3.698373e+01 1.528958e+01 2.917541e+00 4.575513e+00 2.737417e+00 5.097414e+00 4.812125e+00 4.880980e+00 8.357464e+00 4.754915e+00 5.098170e+00 3.979741e+00 4.650803e+00 5.627846e+00 6.536076e+00 1.213027e+00 8.888008e-01 5.530487e-01 5.928448e-01 7.488667e-01 7.794018e-01 9.769881e-01 1.003811e+00 8.344279e-01 6.990410e-01 6.670384e-01 7.007534e-01 7.018122e-01
<GCONST> 1.334860e+02
<TRANSP> 5
 0.000000e+00 1.000000e+00 0.000000e+00 0.000000e+00 0.000000e+00
 0.000000e+00 6.593069e-01 3.406931e-01 0.000000e+00 0.000000e+00
 0.000000e+00 0.000000e+00 4.578150e-01 5.421849e-01 0.000000e+00
 0.000000e+00 0.000000e+00 0.000000e+00 5.234011e-01 4.765989e-01
 0.000000e+00 0.000000e+00 0.000000e+00 0.000000e+00 0.000000e+00
<ENDHMM>
~h "u"
<BEGINHMM>
<NUMSTATES> 5
<STATE> 2
<MEAN> 39
 -2.249194e+00 4.221127e+00 1.582523e+00 -1.018356e+00 -6.804082e+00 -1.257239e-01 -9.388060e+00 -1.313083e+01 -5.826049e+00 -9.989372e+00 -1.729418e+00 -8.709083e-01 7.485147e+01 2.335612e+00 3.568776e-01 6.759483e-01 7.161181e-01 -8.864932e-01 -4.733174e-01 -8.711399e-01 -1.751772e+00 -1.220868e+00 -1.102448e+00 2.356458e-01 -2.786472e-01 5.303046e-01 -8.211278e-01 -1.905234e-01 -1.941744e-02 1.402653e-01 3.326591e-01 -1.097780e-01 3.256979e-01 6.223531e-01 3.801705e-01 3.631415e-01 1.968662e-03 3.590468e-02 -3.787538e-01
<VARIANCE> 39
 3.869375e+01 2.842712e+01 3.954156e+01 5.182294e+01 5.947445e+01 7.361617e+01 1.120684e+02 4.837066e+01 4.973038e+01 4.887540e+01 6.122340e+01 5.873326e+01 2.427549e+01 1.008189e+01 2.917892e+00 3.433859e+00 6.020765e+00 7.859971e+00 5.919986e+00 8.011765e+00 7.288668e+00 6.605469e+00 5.799367e+00 4.774724e+00 4.169016e+00 2.857941e+00 7.497864e-01 5.956936e-01 6.992418e-01 6.985298e-01 1.109649e+00 9.429392e-01 1.006624e+00 9.209632e-01 1.018774e+00 8.957739e-01 8.319453e-01 6.017314e-01 4.292614e-01
<GCONST> 1.412833e+02
<STATE> 3
<MEAN> 39
 -5.432631e-01 2.958737e+00 1.173313e+00 -7.918944e-01 -8.805632e+00 -7.042053e-01 -1.032978e+01 -1.532793e+01 -6.854468e+00 -1.050202e+01 -1.098577e-01 -1.121544e+00 7.595753e+01 2.276135e-01 -1.916284e-02 4.964102e-01 9.288180e-01 2.127963e-01 -4.757718e-01 -2.260281e-01 -1.040842e-01 -7.110206e-02 2.596696e-02 5.488992e-04 -2.873883e-01 -1.355933e-02 -1.260026e+00 -1.252827e-02 7.863679e-02 1.097196e-01 7.575182e-01 2.293432e-02 4.895378e-01 1.056904e+00 5.944299e-01 4.811512e-01 -3.023793e-01 1.618933e-03 -4.095643e-01
<VARIANCE> 39
 1.653532e+01 2.499963e+01 3.509340e+01 5.950523e+01 4.957584e+01 7.692083e+01 1.400759e+02 4.805201e+01 5.482000e+01 4.671671e+01 7.005016e+01 7.236480e+01 1.676243e+01 7.189085e+00 3.179859e+00 2.955237e+00 4.741650e+00 8.803214e+00 6.051219e+00 6.750892e+00 5.987927e+00 5.673178e+00 5.507409e+00 4.432828e+00 3.234803e+00 2.704240e+00 8.961325e-01 5.601909e-01 5.777388e-01 7.563971e-01 9.632921e-01 9.696284e-01 1.318185e+00 1.033118e+00 1.158603e+00 9.043200e-01 9.065766e-01 7.451801e-01 4.321720e-01
<GCONST> 1.396876e+02
<STATE> 4
<MEAN> 39
 -2.680330e+00 3.366999e+00 2.820310e+00 1.702223e+00 -6.150873e+00 -1.684735e+00 -1.039739e+01 -1.288228e+01 -5.658906e+00 -9.470230e+00 -1.702710e+00 -2.199890e+00 7.501246e+01 -1.920311e+00 3.693655e-01 9.308435e-01 9.144010e-01 1.755621e+00 -2.114122e-01 7.312001e-01 1.724995e+00 7.671291e-01 5.801189e-01 -7.405980e-01 -2.737738e-01 -7.462368e-01 -8.890857e-01 -7.124645e-02 -1.144499e-01 -2.196238e-01 3.087295e-01 1.371321e-01 4.736626e-01 6.320660e-01 3.159742e-01 2.638563e-01 -4.826669e-02 1.574764e-01 -2.888796e-01
<VARIANCE> 39
 3.615230e+01 2.842231e+01 3.928176e+01 6.309480e+01 6.745797e+01 7.949678e+01 1.253029e+02 5.363582e+01 5.649159e+01 4.531643e+01 6.157920e+01 6.632937e+01 2.844305e+01 8.625734e+00 3.950015e+00 3.449769e+00 4.937091e+00 8.071535e+00 6.438328e+00 5.934204e+00 5.484873e+00 5.703454e+00 5.276702e+00 4.296139e+00 3.078296e+00 4.378797e+00 7.608964e-01 5.526259e-01 6.324127e-01 7.588972e-01 1.134599e+00 8.483250e-01 1.140847e+00 8.736843e-01 1.037030e+00 8.532110e-01 8.232670e-01 6.137121e-01 4.000358e-01
<GCONST> 1.412352e+02
<TRANSP> 5
 0.000000e+00 1.000000e+00 0.000000e+00 0.000000e+00 0.000000e+00
 0.000000e+00 2.015981e-01 7.984019e-01 0.000000e+00 0.000000e+00
 0.000000e+00 0.000000e+00 3.160942e-01 6.839058e-01 0.000000e+00
 0.000000e+00 0.000000e+00 0.000000e+00 2.686388e-01 7.313612e-01
 0.000000e+00 0.000000e+00 0.000000e+00 0.000000e+00 0.000000e+00
<ENDHMM>
~h "v"
<BEGINHMM>
<NUMSTATES> 5
<STATE> 2
<MEAN> 39
 3.073397e-01 5.425737e+00 -1.667205e+00 -3.404958e+00 -9.551210e+00 2.496413e+00 -3.143253e+00 -9.468728e+00 -7.872051e+00 -1.028959e+01 -4.372193e+00 -2.308638e+00 7.239521e+01 4.339370e-01 5.574406e-01 -5.765748e-02 -6.310518e-01 -7.524213e-01 4.057418e-02 6.511124e-01 2.252456e-01 -1.828485e-01 -4.420187e-01 -5.391048e-01 2.449476e-02 -1.473859e-01 -4.840849e-02 -4.782906e-01 -1.170809e-01 -3.210697e-01 -3.865497e-01 -1.281215e-01 -2.766498e-01 -1.566399e-01 4.151970e-01 2.894051e-01 4.301677e-01 2.542863e-02 4.555467e-01
<VARIANCE> 39
 2.009748e+01 3.400144e+01 2.295524e+01 5.652297e+01 5.666651e+01 3.024625e+01 5.263265e+01 4.277011e+01 4.569949e+01 3.483837e+01 5.472827e+01 5.348239e+01 2.512438e+01 3.009467e+00 3.290411e+00 1.914846e+00 5.609411e+00 6.561617e+00 3.519170e+00 3.504944e+00 3.534205e+00 3.180066e+00 3.000053e+00 4.449777e+00 2.711388e+00 3.451861e+00 6.138147e-01 5.970120e-01 4.032461e-01 1.070950e+00 1.161974e+00 7.850261e-01 6.958657e-01 7.428318e-01 6.550143e-01 6.491492e-01 8.411274e-01 5.855983e-01 5.324942e-01
<GCONST> 1.306354e+02
<STATE> 3
<MEAN> 39
 2.793185e+00 5.743943e+00 -2.583227e+00 -7.451060e+00 -1.643653e+01 7.787261e-01 -1.984752e-01 -1.047883e+01 -3.625571e+00 -1.012966e+01 -6.025845e+00 -1.256159e+00 7.402056e+01 4.176650e-01 -7.762514e-01 -3.664300e-01 -9.242651e-01 -9.536221e-01 4.945497e-02 -4.412715e-02 -4.241357e-01 4.852335e-01 2.050947e-01 6.931392e-01 2.902893e-01 7.957822e-01 -1.427304e-01 -3.017532e-01 -6.657235e-02 1.415915e-01 2.773146e-01 -8.328795e-03 -2.476745e-01 -1.112873e-01 8.494470e-02 1.712707e-01 2.590621e-01 2.974373e-02 2.034784e-01
<VARIANCE> 39
 1.326781e+01 2.951677e+01 2.112178e+01 7.031301e+01 5.108202e+01 4.040186e+01 6.657303e+01 4.138288e+01 7.442074e+01 3.625556e+01 7.389119e+01 5.330801e+01 1.318917e+01 9.161298e-01 2.272808e+00 1.335747e+00 3.212984e+00 3.604246e+00 2.518300e+00 2.742172e+00 2.787682e+00 2.501881e+00 2.469781e+00 3.495513e+00 2.412380e+00 1.701318e+00 2.504440e-01 2.959965e-01 1.942083e-01 5.578548e-01 7.515164e-01 4.506640e-01 5.277760e-01 4.678190e-01 5.624717e-01 4.285792e-01 5.740454e-01 4.237886e-01 2.477429e-01
<GCONST> 1.186396e+02
<STATE> 4
<MEAN> 39
 2.814577e+00 4.297380e-01 -4.598507e+00 -9.406724e+00 -1.509450e+01 2.018576e+00 -2.432922e+00 -1.250281e+01 -4.077162e+00 -8.501156e+00 -2.855302e-01 2.525904e-01 7.798308e+01 -1.187221e-01 -1.257921e+00 -4.644728e-01 6.618242e-02 4.188984e-01 -1.263667e-01 -1.177610e+00 -6.166888e-01 7.306756e-01 8.733317e-01 1.210601e+00 -8.660961e-02 1.091066e+00 -3.022752e-01 2.383186e-01 2.597077e-01 7.127858e-01 5.636202e-01 -2.310895e-01 -2.612800e-01 2.305072e-01 6.074458e-02 2.741062e-02 -3.510618e-01 -2.882753e-01 -3.027135e-01
<VARIANCE> 39
 1.030429e+01 3.310654e+01 2.638042e+01 6.579738e+01 4.113612e+01 5.711568e+01 9.556086e+01 6.215336e+01 6.297889e+01 4.184880e+01 1.005620e+02 9.743362e+01 1.516508e+01 7.680402e-01 1.806985e+00 1.236152e+00 3.063170e+00 3.970402e+00 2.864096e+00 3.860729e+00 3.140548e+00 3.630371e+00 2.973931e+00 3.866095e+00 3.200131e+00 1.318805e+00 1.807656e-01 2.617859e-01 2.242130e-01 4.559210e-01 6.506367e-01 5.287811e-01 5.044792e-01 5.463658e-01 5.774415e-01 5.220016e-01 7.860484e-01 5.260170e-01 1.848096e-01
<GCONST> 1.215049e+02
<TRANSP> 5
 0.000000e+00 1.000000e+00 0.000000e+00 0.000000e+00 0.000000e+00
 0.000000e+00 6.375933e-01 3.624067e-01 0.000000e+00 0.000000e+00
 0.000000e+00 0.000000e+00 6.443560e-01 3.556440e-01 0.000000e+00
 0.000000e+00 0.000000e+00 0.000000e+00 5.203441e-01 4.796558e-01
 0.000000e+00 0.000000e+00 0.000000e+00 0.000000e+00 0.000000e+00
<ENDHMM>
~h "w"
<BEGINHMM>
<NUMSTATES> 5
<STATE> 2
<MEAN> 39
 3.564663e+00 4.132651e+00 -3.471222e+00 -8.944105e+00 -1.726756e+01 2.249330e+00 -2.748780e+00 -1.202365e+01 -4.705087e+00 -1.148920e+01 -2.865696e+00 1.218905e+00 7.627981e+01 8.939217e-02 1.123465e+00 6.752949e-01 2.745807e-02 -1.760561e-01 8.718371e-02 6.395677e-02 2.257152e-01 7.989709e-02 -1.115646e+00 -4.653062e-01 2.046207e-01 -8.031107e-01 -2.760285e-01 -9.146472e-02 1.449125e-01 5.140544e-01 7.314683e-01 -1.662554e-01 -3.325636e-01 -3.931855e-02 1.022866e-01 2.402980e-01 6.200926e-02 -1.347274e-01 -7.199562e-02
<VARIANCE> 39
 9.231940e+00 3.229718e+01 2.982562e+01 4.948587e+01 3.983235e+01 6.571617e+01 1.023603e+02 5.015400e+01 6.833922e+01 4.349715e+01 9.844811e+01 6.943860e+01 1.332173e+01 4.477243e-01 1.103319e+00 1.106063e+00 2.223473e+00 3.223208e+00 2.205932e+00 3.100586e+00 2.476815e+00 2.979062e+00 2.597442e+00 2.989579e+00 2.147007e+00 4.908903e-01 1.104933e-01 2.026544e-01 2.286633e-01 3.071483e-01 4.920928e-01 5.615318e-01 4.638713e-01 4.983290e-01 5.947186e-01 4.954952e-01 6.179627e-01 4.688914e-01 1.393610e-01
<GCONST> 1.142535e+02
<STATE> 3
<MEAN> 39
 2.975023e+00 6.271101e+00 -1.259568e+00 -6.452395e+00 -1.437932e+01 3.190491e+00 -4.737118e+00 -1.168302e+01 -4.907259e+00 -1.381826e+01 -2.542316e+00 2.201269e+00 7.425494e+01 -8.106799e-01 4.974732e-01 9.102595e-01 1.880029e+00 2.654285e+00 -7.753767e-02 -9.201567e-01 -2.083448e-01 -2.556610e-01 2.039565e-01 2.416556e-01 -6.245051e-02 -9.705471e-01 -5.472040e-01 -2.589436e-01 2.203804e-01 6.073242e-01 8.144097e-01 -2.659476e-01 -3.158032e-02 3.211061e-01 1.305247e-01 6.473244e-01 -3.909245e-02 -3.189521e-01 -1.534818e-01
<VARIANCE> 39
 1.022303e+01 3.797610e+01 2.828251e+01 4.590023e+01 3.885049e+01 7.918758e+01 1.145715e+02 4.768389e+01 8.770297e+01 4.684977e+01 1.061292e+02 6.877625e+01 1.857876e+01 1.171771e+00 2.483370e+00 1.986109e+00 2.834234e+00 3.779726e+00 4.041384e+00 4.008247e+00 4.646126e+00 5.137442e+00 4.068709e+00 4.672178e+00 3.020629e+00 2.265616e+00 4.303707e-01 3.700837e-01 4.216869e-01 4.091763e-01 6.848789e-01 9.367580e-01 8.673310e-01 7.392665e-01 1.074033e+00 7.508279e-01 8.961143e-01 5.611392e-01 3.945043e-01
<GCONST> 1.302196e+02
<STATE> 4
<MEAN> 39
 8.251169e-02 5.932898e+00 8.489569e-01 -1.295181e+00 -6.930582e+00 2.550273e+00 -8.334032e+00 -1.161376e+01 -5.852232e+00 -1.111222e+01 -1.395688e+00 1.798600e-01 7.255224e+01 -2.473879e+00 2.608454e-01 1.798628e+00 2.709675e+00 3.556643e+00 -9.554629e-01 -5.155629e-01 1.240306e+00 7.543657e-01 1.300410e+00 -4.040889e-01 -8.508226e-01 -1.359927e+00 -7.330977e-01 -3.190919e-01 -4.236839e-02 -2.428745e-01 -2.334566e-01 -1.727539e-01 5.169518e-01 5.528159e-01 3.625367e-01 3.038611e-01 -6.945576e-02 -3.441983e-02 3.281855e-02
<VARIANCE> 39
 2.306256e+01 3.535619e+01 3.453660e+01 6.208253e+01 5.503639e+01 7.017085e+01 1.123242e+02 4.969983e+01 7.225194e+01 4.794522e+01 7.525053e+01 6.578899e+01 3.477100e+01 6.189450e+00 3.894007e+00 3.540039e+00 3.588066e+00 5.488608e+00 7.941193e+00 6.254087e+00 5.982798e+00 6.423007e+00 5.500949e+00 6.283910e+00 3.704161e+00 5.300529e+00 6.573907e-01 6.127853e-01 7.452129e-01 6.569639e-01 1.023080e+00 8.704334e-01 1.055325e+00 9.928272e-01 1.202479e+00 8.907020e-01 8.720412e-01 6.098484e-01 6.430232e-01
<GCONST> 1.419478e+02
<TRANSP> 5
 0.000000e+00 1.000000e+00 0.000000e+00 0.000000e+00 0.000000e+00
 0.000000e+00 7.186000e-01 2.814000e-01 0.000000e+00 0.000000e+00
 0.000000e+00 0.000000e+00 4.013817e-01 5.986183e-01 0.000000e+00
 0.000000e+00 0.000000e+00 0.000000e+00 4.178829e-01 5.821171e-01
 0.000000e+00 0.000000e+00 0.000000e+00 0.000000e+00 0.000000e+00
<ENDHMM>
~h "x"
<BEGINHMM>
<NUMSTATES> 5
<STATE> 2
<MEAN> 39
 -1.096575e+01 -2.880770e+00 -7.272400e+00 -4.307043e+00 2.797505e+00 9.421754e+00 -4.172815e+00 -4.202198e+00 7.586666e-01 -1.294594e+00 2.887454e+00 2.246016e+00 7.195436e+01 -2.031116e+00 -1.104476e+00 -2.150229e+00 -1.942053e+00 4.157704e-01 1.739087e+00 9.910722e-01 7.017052e-01 1.151286e+00 9.608209e-01 1.458059e+00 1.141087e+00 -6.861769e-01 3.377619e-01 -6.232523e-02 1.760334e-01 -4.679310e-02 -7.342191e-01 -7.709498e-01 -2.753195e-01 -1.508481e-01 -1.998789e-01 -2.427359e-01 -2.421953e-01 -1.645622e-01 2.666145e-01
<VARIANCE> 39
 3.562670e+01 3.261477e+01 4.113142e+01 5.858351e+01 4.199476e+01 5.676750e+01 6.785329e+01 4.322262e+01 3.380490e+01 5.235810e+01 4.273106e+01 6.013880e+01 2.340670e+01 3.152994e+00 1.886324e+00 4.285873e+00 4.347524e+00 5.238273e+00 6.046203e+00 4.341574e+00 3.843912e+00 4.212398e+00 4.853773e+00 5.245392e+00 3.044133e+00 2.232939e+00 5.706119e-01 5.005210e-01 9.877840e-01 7.118294e-01 7.976753e-01 8.424616e-01 6.778570e-01 6.817794e-01 6.388708e-01 8.690688e-01 8.763673e-01 5.404840e-01 2.228113e-01
<GCONST> 1.327237e+02
<STATE> 3
<MEAN> 39
 -1.420056e+01 -5.644485e+00 -1.171828e+01 -1.051019e+01 -2.537847e-01 9.865321e+00 -2.410210e+00 -3.369133e+00 1.889384e+00 -5.062953e-01 4.824939e+00 4.489881e+00 7.108220e+01 7.433985e-01 3.402165e-01 9.986936e-01 7.410456e-02 -2.796742e-01 -4.405706e-01 2.422007e-01 5.853043e-02 -4.420498e-01 -2.383556e-01 -6.647866e-01 -4.111398e-01 1.396920e-02 8.416071e-01 5.191570e-01 7.844933e-01 5.484846e-01 -1.152399e-01 -3.809958e-01 -1.743665e-01 -2.003886e-01 -4.205686e-01 -3.400342e-01 -4.926674e-01 -4.285820e-01 2.220405e-01
<VARIANCE> 39
 1.540837e+01 3.167762e+01 3.463019e+01 5.531191e+01 4.624527e+01 5.519814e+01 6.552547e+01 3.776337e+01 3.087248e+01 4.598414e+01 3.837498e+01 3.628395e+01 1.164960e+01 2.795650e+00 2.003165e+00 3.408463e+00 2.958112e+00 2.415015e+00 3.054826e+00 2.213118e+00 2.610481e+00 2.894637e+00 3.182069e+00 2.739845e+00 2.338618e+00 7.636268e-01 3.221143e-01 3.284093e-01 6.669314e-01 5.537652e-01 6.440309e-01 7.154114e-01 5.594141e-01 5.795416e-01 6.476552e-01 6.886818e-01 5.892900e-01 5.070391e-01 1.941149e-01
<GCONST> 1.208321e+02
<STATE> 4
<MEAN> 39
 -5.674725e+00 -7.896986e-01 -3.695470e+00 -6.058641e+00 -7.315714e-01 5.581338e+00 -2.767331e+00 -4.100578e+00 -2.535130e+00 -2.772846e+00 -1.628785e+00 -1.281940e-01 7.265298e+01 3.442141e+00 1.319522e+00 1.233723e+00 3.088047e-01 -1.988973e+00 -1.919520e+00 -8.318185e-01 -7.111995e-01 -1.682400e+00 -1.339333e+00 -1.674899e+00 -1.388093e+00 1.238523e+00 -9.900825e-02 -4.384252e-01 -6.189110e-01 -3.434784e-01 -5.612561e-01 -7.218973e-02 -1.942239e-01 -1.746714e-01 1.786931e-01 8.287350e-02 3.237448e-01 1.642687e-01 2.731929e-01
<VARIANCE> 39
 4.729477e+01 6.250264e+01 3.663841e+01 4.800474e+01 5.274009e+01 5.752432e+01 6.421011e+01 4.585818e+01 5.499811e+01 5.518200e+01 4.023303e+01 5.563974e+01 2.346656e+01 2.210909e+00 3.124660e+00 6.217186e+00 3.848940e+00 4.158594e+00 4.440311e+00 3.479340e+00 4.075155e+00 5.195043e+00 5.751849e+00 3.912361e+00 4.181634e+00 1.476182e+00 6.730886e-01 5.751188e-01 7.152281e-01 4.529894e-01 6.057681e-01 6.716906e-01 5.012892e-01 6.835321e-01 7.616950e-01 8.097436e-01 5.555640e-01 5.484824e-01 3.050038e-01
<GCONST> 1.323853e+02
<TRANSP> 5
 0.000000e+00 1.000000e+00 0.000000e+00 0.000000e+00 0.000000e+00
 0.000000e+00 6.856999e-01 3.143001e-01 0.000000e+00 0.000000e+00
 0.000000e+00 0.000000e+00 7.408776e-01 2.591225e-01 0.000000e+00
 0.000000e+00 0.000000e+00 0.000000e+00 6.027213e-01 3.972787e-01
 0.000000e+00 0.000000e+00 0.000000e+00 0.000000e+00 0.000000e+00
<ENDHMM>
~h "z"
<BEGINHMM>
<NUMSTATES> 5
<STATE> 2
<MEAN> 39
 -1.258084e+01 1.054169e+01 2.479699e+00 -4.427286e+00 2.678886e+00 -1.982894e+00 -1.188424e+01 -1.361304e+01 -8.308293e+00 -6.080418e+00 5.742137e-01 -5.066882e+00 7.844729e+01 -3.639087e+00 3.015246e+00 4.016562e-01 1.355466e-01 2.793332e+00 8.403011e-01 1.254060e+00 8.404852e-01 -7.643117e-01 -1.974986e-01 -7.847406e-01 3.258275e-01 -4.022611e-01 3.490863e-01 -4.066427e-01 -1.299156e-01 4.460093e-01 -5.580637e-01 7.997335e-02 2.022104e-01 2.644657e-01 2.865077e-01 -1.337238e-01 -2.174332e-01 9.776853e-02 -2.269672e-01
<VARIANCE> 39
 4.439877e+01 3.238386e+01 4.454176e+01 3.899073e+01 4.631364e+01 7.575271e+01 5.258693e+01 3.168392e+01 3.530867e+01 3.123259e+01 3.902485e+01 7.691924e+01 4.646863e+00 2.868978e+00 2.781844e+00 2.643054e+00 4.006965e+00 3.407996e+00 4.351125e+00 4.837305e+00 4.143523e+00 3.999769e+00 2.899379e+00 3.176913e+00 2.195149e+00 7.919388e-01 1.032516e+00 6.548141e-01 3.529454e-01 3.849472e-01 6.192738e-01 6.181082e-01 7.649243e-01 6.440491e-01 5.291058e-01 5.207543e-01 4.899864e-01 4.449323e-01 1.382426e-01
<GCONST> 1.239821e+02
<STATE> 3
<MEAN> 39
 -1.966294e+01 1.514683e+01 3.462526e+00 -6.963706e-01 7.414393e+00 2.084399e+00 -7.292850e+00 -9.575621e+00 -8.085586e+00 -6.591788e+00 -1.674610e+00 -2.765778e+00 7.584684e+01 1.366181e+00 -2.728253e-01 1.551629e-01 7.323084e-01 -5.188035e-01 3.756265e-01 4.280352e-01 2.140834e-01 -1.703908e-01 -5.600353e-02 -2.161553e-01 2.637134e-01 -1.366358e+00 1.519794e+00 -7.006443e-01 -1.752552e-03 -8.310283e-02 -8.009458e-01 -2.992722e-01 -2.013472e-01 -2.733849e-01 3.627643e-02 -2.972051e-02 1.938976e-01 -2.749204e-02 -2.489510e-01
<VARIANCE> 39
 3.802821e+01 2.102699e+01 5.294732e+01 4.215714e+01 3.577104e+01 6.719434e+01 3.827590e+01 3.918710e+01 4.937034e+01 3.364053e+01 3.862276e+01 4.934126e+01 9.259677e+00 7.714537e+00 3.220825e+00 2.264703e+00 3.220799e+00 3.428561e+00 2.705128e+00 3.127858e+00 3.568549e+00 2.797827e+00 2.175983e+00 2.325023e+00 1.638755e+00 2.391352e+00 7.428698e-01 6.885712e-01 4.814357e-01 6.974961e-01 5.241668e-01 5.984742e-01 7.618202e-01 8.167567e-01 6.694434e-01 4.995351e-01 4.787397e-01 3.287995e-01 4.111826e-01
<GCONST> 1.249904e+02
<STATE> 4
<MEAN> 39
 -8.254752e+00 1.241817e+01 4.319092e+00 1.396946e+00 3.072596e+00 1.560098e+00 -6.220159e+00 -9.941658e+00 -8.764733e+00 -6.856665e+00 -1.350403e+00 -1.821002e+00 6.961552e+01 3.302183e+00 -1.425048e+00 1.056803e-02 3.600345e-01 -1.734617e+00 -4.790917e-01 3.870612e-01 3.357854e-01 3.612722e-01 -3.768436e-01 -2.735041e-01 6.500193e-02 -1.268064e+00 -3.665611e-01 -4.244362e-01 -2.359771e-01 -3.095137e-01 -2.182692e-01 -1.312564e-01 -1.386104e-01 1.435681e-02 3.026586e-01 -8.278715e-03 -4.887805e-02 -5.740483e-02 8.059316e-01
<VARIANCE> 39
 3.132324e+01 4.285383e+01 4.860826e+01 4.409283e+01 4.890015e+01 5.534851e+01 4.918020e+01 3.763518e+01 3.665764e+01 3.368023e+01 4.085942e+01 5.017379e+01 4.374229e+01 3.425960e+00 5.394954e+00 3.493306e+00 4.204616e+00 4.039341e+00 3.848828e+00 4.114216e+00 5.314315e+00 3.564737e+00 2.994677e+00 3.149719e+00 1.833989e+00 6.507284e+00 7.648194e-01 9.316266e-01 4.885886e-01 6.884371e-01 6.598342e-01 6.101515e-01 6.485845e-01 9.580966e-01 5.883409e-01 5.344870e-01 6.074822e-01 3.644825e-01 9.566807e-01
<GCONST> 1.324030e+02
<TRANSP> 5
 0.000000e+00 1.000000e+00 0.000000e+00 0.000000e+00 0.000000e+00
 0.000000e+00 7.086517e-01 2.913483e-01 0.000000e+00 0.000000e+00
 0.000000e+00 0.000000e+00 7.050637e-01 2.949363e-01 0.000000e+00
 0.000000e+00 0.000000e+00 0.000000e+00 5.828542e-01 4.171459e-01
 0.000000e+00 0.000000e+00 0.000000e+00 0.000000e+00 0.000000e+00
<ENDHMM>
~h "Aa"
<BEGINHMM>
<NUMSTATES> 5
<STATE> 2
<MEAN> 39
 3.513228e-01 -7.942781e+00 -8.781644e+00 -8.592808e+00 -8.433441e+00 2.589658e+00 -6.104486e+00 -7.819648e+00 -1.005548e+00 -2.918346e+00 -2.722447e+00 -7.476670e+00 8.255429e+01 1.456143e-01 -1.313448e+00 -8.665612e-01 -2.872420e-01 5.496597e-01 9.237139e-01 7.278690e-01 3.865818e-01 -1.370143e-01 1.969619e-01 -8.289870e-01 -5.127453e-01 5.968804e-01 -2.637707e-01 4.342038e-01 3.045929e-01 3.380176e-01 2.576839e-01 -1.665613e-01 -2.953932e-02 -1.135676e-02 -2.261252e-01 -1.083041e-01 5.868507e-02 2.952884e-01 -4.212080e-01
<VARIANCE> 39
 1.030810e+01 2.124938e+01 1.964743e+01 6.009217e+01 3.339215e+01 5.429223e+01 6.475351e+01 4.755009e+01 5.745562e+01 3.628064e+01 6.751894e+01 1.139347e+02 8.124516e+00 5.958837e-01 1.202395e+00 1.098425e+00 1.801223e+00 2.052241e+00 2.270615e+00 2.423845e+00 2.420548e+00 2.367466e+00 2.306105e+00 2.317621e+00 2.035865e+00 6.259215e-01 2.726436e-01 1.906112e-01 2.422111e-01 2.867920e-01 4.425104e-01 4.634137e-01 4.035494e-01 4.232775e-01 5.100426e-01 4.216564e-01 4.658202e-01 4.619449e-01 1.566742e-01
<GCONST> 1.108959e+02
<STATE> 3
<MEAN> 39
 8.839963e-01 -8.549554e+00 -1.021530e+01 -8.005108e+00 -8.092435e+00 3.320415e+00 -3.739094e+00 -7.875434e+00 -1.367850e+00 -2.901815e+00 -4.442223e+00 -6.547985e+00 8.263427e+01 -6.835649e-03 3.125519e-01 1.858972e-01 2.992500e-01 -4.014580e-01 -3.760541e-01 -1.184016e-01 6.032776e-02 1.109093e-01 -1.797329e-01 -7.138624e-02 1.232823e-01 -1.149222e-01 -1.075090e-02 2.808115e-01 2.339686e-01 1.077258e-01 -1.991078e-01 -2.173304e-01 -1.588737e-01 -7.223285e-02 -6.288260e-03 -1.107931e-01 1.499880e-01 1.221289e-01 -1.344537e-01
<VARIANCE> 39
 1.138017e+01 2.272924e+01 1.853197e+01 6.480015e+01 3.765494e+01 5.140236e+01 6.898764e+01 5.775750e+01 5.624926e+01 4.831555e+01 6.139968e+01 1.015616e+02 8.614703e+00 2.280926e-01 6.995404e-01 7.110319e-01 1.216871e+00 1.698768e+00 1.652444e+00 1.558223e+00 1.725769e+00 1.510388e+00 1.207727e+00 1.328038e+00 1.220718e+00 1.454168e-01 3.620721e-02 8.509435e-02 1.123428e-01 1.589606e-01 2.281050e-01 1.995161e-01 2.207488e-01 2.744174e-01 2.557827e-01 2.306196e-01 2.243382e-01 2.145187e-01 3.323112e-02
<GCONST> 9.320825e+01
<STATE> 4
<MEAN> 39
 4.159414e-01 -5.275806e+00 -6.627079e+00 -3.341855e+00 -1.157599e+01 -1.847406e+00 -6.503439e+00 -7.425409e+00 1.951055e-01 -4.382658e+00 -3.579103e+00 -4.647068e+00 8.141196e+01 -9.706572e-03 1.496174e+00 1.654801e+00 1.254782e+00 -5.751579e-01 -1.216346e+00 -6.712852e-01 -4.545495e-01 -7.457361e-01 -1.073889e+00 7.344809e-01 9.801761e-01 -1.064804e+00 -4.420914e-04 1.812035e-01 3.428188e-01 2.240572e-01 4.667110e-01 6.865834e-02 -2.208533e-02 -1.114720e-01 -4.101304e-01 -3.150908e-01 6.598468e-02 1.455877e-01 -3.149796e-01
<VARIANCE> 39
 1.414197e+01 2.127312e+01 2.726551e+01 5.663184e+01 6.471334e+01 7.897354e+01 8.897465e+01 7.950645e+01 5.801143e+01 4.986744e+01 6.820579e+01 8.788000e+01 1.115903e+01 5.356430e-01 8.635210e-01 1.623192e+00 2.400486e+00 3.282366e+00 2.319905e+00 2.463967e+00 3.200070e+00 3.097161e+00 3.052485e+00 2.550927e+00 2.255875e+00 6.373938e-01 1.059973e-01 1.415868e-01 2.817849e-01 3.106084e-01 4.207562e-01 4.468748e-01 4.522440e-01 6.020412e-01 4.971669e-01 4.137582e-01 4.298745e-01 3.846042e-01 9.642483e-02
<GCONST> 1.141129e+02
<TRANSP> 5
 0.000000e+00 1.000000e+00 0.000000e+00 0.000000e+00 0.000000e+00
 0.000000e+00 6.589757e-01 3.410242e-01 0.000000e+00 0.000000e+00
 0.000000e+00 0.000000e+00 8.407788e-01 1.592212e-01 0.000000e+00
 0.000000e+00 0.000000e+00 0.000000e+00 5.795580e-01 4.204420e-01
 0.000000e+00 0.000000e+00 0.000000e+00 0.000000e+00 0.000000e+00
<ENDHMM>
~h "Ea"
<BEGINHMM>
<NUMSTATES> 5
<STATE> 2
<MEAN> 39
 -1.303534e+00 -6.988389e+00 -4.184571e+00 -7.591993e-02 -1.294726e+01 -7.103667e+00 -1.112534e+01 -4.325363e+00 2.564959e+00 -2.641478e+00 -3.161752e+00 -5.950496e+00 8.297109e+01 3.590481e-01 -1.568615e+00 -1.975112e+00 -1.327356e+00 6.122905e-01 1.079511e+00 1.029470e+00 1.396841e+00 5.835292e-01 4.160149e-01 -9.894726e-01 -1.007220e+00 9.591737e-01 -2.614588e-01 2.890078e-01 3.740074e-01 1.767813e-01 6.511530e-01 4.032049e-01 3.540094e-01 -3.103206e-01 -5.634056e-01 -2.024158e-01 -9.994504e-02 2.252162e-01 -5.070671e-01
<VARIANCE> 39
 9.826995e+00 1.541541e+01 2.990372e+01 2.686704e+01 7.957376e+01 5.332273e+01 6.625443e+01 6.417036e+01 5.578560e+01 5.811132e+01 6.235477e+01 6.234694e+01 6.922710e+00 7.536849e-01 1.061680e+00 1.599917e+00 1.431584e+00 3.491438e+00 2.618580e+00 2.855387e+00 3.779880e+00 2.996281e+00 3.253160e+00 2.841847e+00 2.110946e+00 7.884915e-01 2.507837e-01 1.953110e-01 2.686462e-01 2.674653e-01 5.584075e-01 4.981009e-01 5.776217e-01 7.852041e-01 5.152031e-01 4.898393e-01 5.650946e-01 5.077779e-01 1.906713e-01
<GCONST> 1.154053e+02
<STATE> 3
<MEAN> 39
 -6.820406e-01 -1.009661e+01 -8.314886e+00 -3.682891e+00 -9.556418e+00 -2.850098e+00 -8.212076e+00 -3.108324e+00 4.076504e-01 -2.598813e+00 -6.142850e+00 -8.031355e+00 8.380037e+01 8.569965e-02 -1.720870e-02 -2.190860e-01 -2.219730e-01 1.479303e-01 3.747071e-01 2.319622e-01 -1.255593e-01 -2.527009e-01 -3.990205e-02 -5.421187e-02 9.639213e-02 -3.876683e-02 -2.911375e-02 3.211386e-01 3.107361e-01 2.314121e-01 -2.739955e-01 -2.179640e-01 -2.233361e-01 -2.255755e-01 -3.773256e-02 -9.507101e-02 2.447244e-01 1.734015e-01 -1.578200e-01
<VARIANCE> 39
 8.551793e+00 1.921233e+01 2.434766e+01 4.173526e+01 6.419677e+01 5.167337e+01 6.120053e+01 6.433725e+01 5.681879e+01 7.599842e+01 6.542483e+01 7.315823e+01 6.520973e+00 2.408666e-01 6.567919e-01 7.855211e-01 1.133137e+00 1.642796e+00 1.715449e+00 1.429555e+00 1.874496e+00 1.427049e+00 1.305077e+00 1.294083e+00 1.183244e+00 1.218628e-01 4.010170e-02 8.060167e-02 1.181384e-01 1.439263e-01 2.397657e-01 2.139426e-01 2.401733e-01 3.070298e-01 2.568884e-01 2.728460e-01 2.410201e-01 2.121237e-01 3.181953e-02
<GCONST> 9.334618e+01
<STATE> 4
<MEAN> 39
 -2.976320e-01 -6.835842e+00 -6.158571e+00 -1.627553e+00 -1.093765e+01 -4.198664e+00 -7.737100e+00 -5.629951e+00 1.968081e-01 -2.939353e+00 -4.014580e+00 -4.827389e+00 8.235121e+01 4.037073e-02 1.221697e+00 1.067730e+00 6.872147e-01 -7.156817e-01 -3.484052e-01 -4.254799e-01 -7.464829e-01 -7.171001e-01 -9.082767e-01 8.093531e-01 8.097910e-01 -7.696288e-01 -2.766960e-02 2.731270e-01 3.675688e-01 2.054485e-01 2.520758e-01 -6.680695e-02 -8.165304e-02 -4.688050e-02 -2.801146e-01 -3.096780e-01 3.677697e-02 1.314003e-01 -2.750342e-01
<VARIANCE> 39
 1.294684e+01 1.506756e+01 3.012662e+01 5.588519e+01 8.146329e+01 8.111462e+01 7.470238e+01 6.962115e+01 5.162038e+01 5.978563e+01 5.886728e+01 7.706264e+01 8.664439e+00 4.814774e-01 7.023667e-01 1.236320e+00 2.089748e+00 2.024249e+00 2.382470e+00 2.446315e+00 2.620379e+00 2.243812e+00 2.768682e+00 2.306768e+00 1.721601e+00 4.905374e-01 8.055161e-02 1.103735e-01 2.284082e-01 2.740780e-01 4.359372e-01 3.834634e-01 3.636877e-01 4.616061e-01 3.891250e-01 3.587336e-01 3.307892e-01 3.466317e-01 8.106730e-02
<GCONST> 1.084211e+02
<TRANSP> 5
 0.000000e+00 1.000000e+00 0.000000e+00 0.000000e+00 0.000000e+00
 0.000000e+00 6.190391e-01 3.809609e-01 0.000000e+00 0.000000e+00
 0.000000e+00 0.000000e+00 8.099454e-01 1.900546e-01 0.000000e+00
 0.000000e+00 0.000000e+00 0.000000e+00 6.627284e-01 3.372717e-01
 0.000000e+00 0.000000e+00 0.000000e+00 0.000000e+00 0.000000e+00
<ENDHMM>
~h "Ee"
<BEGINHMM>
<NUMSTATES> 5
<STATE> 2
<MEAN> 39
 -5.705220e+00 2.782533e-01 8.790499e+00 9.759051e+00 -1.798004e+01 -1.380570e+01 -6.641745e+00 -1.275845e+01 -4.922850e+00 -1.117879e+01 -2.506983e+00 5.096208e-01 8.022425e+01 -4.656987e-02 -2.260223e-01 -3.493922e-01 -2.340187e-01 -8.128241e-01 -3.307230e-01 1.695599e-01 1.429794e-01 3.554684e-01 1.056793e-01 4.530542e-01 9.770885e-02 3.887470e-01 3.287548e-03 4.465201e-02 -1.442562e-01 -7.882882e-02 5.053912e-01 2.559800e-01 -9.795732e-02 2.875927e-01 -1.404231e-02 1.198556e-01 -2.845654e-02 -1.060813e-01 -2.275521e-01
<VARIANCE> 39
 8.006071e+00 1.873207e+01 4.186926e+01 2.916657e+01 1.324480e+02 4.064780e+01 6.704525e+01 3.095463e+01 8.960410e+01 2.087431e+01 5.244220e+01 3.095995e+01 7.730883e+00 3.712871e-01 6.277841e-01 8.746572e-01 8.652691e-01 1.866927e+00 1.294972e+00 1.490054e+00 1.625368e+00 1.457982e+00 1.189814e+00 1.227128e+00 9.449942e-01 3.134364e-01 1.437272e-01 1.275609e-01 1.881477e-01 2.014530e-01 4.143008e-01 3.257008e-01 3.269245e-01 3.687169e-01 3.406843e-01 3.194925e-01 2.927217e-01 2.077828e-01 8.665010e-02
<GCONST> 9.771304e+01
<STATE> 3
<MEAN> 39
 -4.818718e+00 -2.728204e+00 3.539208e+00 7.568450e+00 -2.070810e+01 -1.355838e+01 -1.086274e+01 -8.232038e+00 -1.256187e-01 -1.118201e+01 -9.461734e-01 -1.486773e+00 8.150791e+01 1.978485e-01 -1.103895e-01 -5.247136e-01 -1.657578e-01 3.448987e-01 2.111794e-01 -4.393531e-01 4.802556e-01 1.171727e-01 1.479164e-01 -3.309916e-02 -2.344303e-01 -4.430768e-02 4.092383e-02 8.972160e-02 8.719669e-03 -3.781702e-03 2.905488e-01 1.351115e-01 -8.011106e-02 -6.673808e-02 -7.025063e-02 5.809312e-02 -7.623894e-02 -7.737929e-02 -1.467903e-01
<VARIANCE> 39
 5.998888e+00 1.829813e+01 3.781034e+01 4.011565e+01 1.629174e+02 4.502381e+01 6.515941e+01 4.847042e+01 7.280161e+01 2.691141e+01 6.172880e+01 4.414150e+01 8.324413e+00 1.760972e-01 3.919651e-01 7.519379e-01 7.262172e-01 9.932250e-01 9.360223e-01 1.182695e+00 1.443682e+00 1.124360e+00 1.166877e+00 1.127192e+00 8.299481e-01 1.467740e-01 3.799326e-02 7.342984e-02 1.031898e-01 1.256178e-01 2.156076e-01 2.105085e-01 2.092853e-01 2.347837e-01 2.232129e-01 2.043793e-01 1.896245e-01 1.509055e-01 5.764671e-02
<GCONST> 8.790978e+01
<STATE> 4
<MEAN> 39
 -3.603667e+00 -1.971973e+00 2.359474e+00 7.222486e+00 -1.515090e+01 -1.142564e+01 -1.408218e+01 -7.096616e+00 -1.046196e+00 -9.347704e+00 -1.026275e+00 -2.763566e+00 8.050985e+01 2.676458e-01 8.632048e-01 -1.766595e-01 -3.452930e-01 2.643229e+00 1.308867e+00 -2.106294e-01 -7.774767e-02 -3.762349e-01 8.149835e-01 -1.786501e-01 -5.319551e-01 -1.589637e+00 -2.943383e-01 2.235070e-01 3.302375e-01 1.638570e-02 5.013525e-01 3.851099e-01 6.120727e-01 -8.687979e-02 -1.694942e-01 5.296367e-02 -2.724712e-02 1.371019e-01 -6.492349e-01
<VARIANCE> 39
 7.491447e+00 2.290018e+01 3.817300e+01 3.971395e+01 1.142460e+02 5.281698e+01 7.273755e+01 5.997366e+01 8.377354e+01 3.691817e+01 6.042909e+01 4.656933e+01 1.257868e+01 1.096131e+00 1.513228e+00 2.120017e+00 2.320303e+00 4.221872e+00 3.002221e+00 3.969152e+00 3.681718e+00 3.730230e+00 2.572386e+00 3.027042e+00 2.203993e+00 2.849031e+00 3.398089e-01 2.601942e-01 3.227827e-01 3.694950e-01 5.913335e-01 4.368351e-01 6.033015e-01 6.246327e-01 5.720850e-01 4.793293e-01 4.442094e-01 3.825423e-01 4.370225e-01
<GCONST> 1.214944e+02
<TRANSP> 5
 0.000000e+00 1.000000e+00 0.000000e+00 0.000000e+00 0.000000e+00
 0.000000e+00 7.600265e-01 2.399736e-01 0.000000e+00 0.000000e+00
 0.000000e+00 0.000000e+00 8.119838e-01 1.880162e-01 0.000000e+00
 0.000000e+00 0.000000e+00 0.000000e+00 5.105111e-01 4.894889e-01
 0.000000e+00 0.000000e+00 0.000000e+00 0.000000e+00 0.000000e+00
<ENDHMM>
~h "Ie"
<BEGINHMM>
<NUMSTATES> 5
<STATE> 2
<MEAN> 39
 -8.003858e+00 2.582850e+00 1.411880e+01 1.029093e+01 -1.341091e+01 -1.121027e+01 -5.255455e+00 -1.464129e+01 -8.191639e+00 -1.298023e+01 -5.114434e+00 -5.676339e-01 7.782285e+01 7.939366e-01 -5.345000e-01 -6.817082e-01 -9.735059e-02 -2.223288e+00 -1.213622e+00 -3.593976e-01 -8.901737e-01 7.125199e-01 -5.052688e-01 5.202118e-01 2.832007e-01 1.156630e+00 -1.915918e-01 -2.587750e-01 -8.008391e-01 -3.738189e-01 2.784448e-01 2.602090e-01 -1.588530e-01 7.469229e-01 5.658752e-01 5.707555e-01 3.438097e-01 1.015991e-02 -1.183976e-01
<VARIANCE> 39
 1.078355e+01 1.836748e+01 2.877600e+01 3.439611e+01 8.658197e+01 4.657023e+01 6.100919e+01 2.977138e+01 7.377012e+01 2.581547e+01 3.072228e+01 3.235621e+01 9.008561e+00 2.327270e+00 1.972406e+00 2.794364e+00 2.104686e+00 4.146203e+00 3.050559e+00 3.317148e+00 4.483224e+00 3.924676e+00 3.066233e+00 2.315478e+00 2.055204e+00 7.671015e-01 4.782663e-01 3.411451e-01 3.940407e-01 3.984432e-01 5.660214e-01 5.626864e-01 5.131132e-01 8.155172e-01 5.391714e-01 5.399349e-01 4.012154e-01 3.865862e-01 1.356440e-01
<GCONST> 1.178618e+02
<STATE> 3
<MEAN> 39
 -6.141741e+00 -1.008381e+00 6.952492e+00 7.501154e+00 -2.022674e+01 -1.393612e+01 -9.254946e+00 -1.148147e+01 -1.242451e+00 -1.223772e+01 -1.299782e+00 -1.035946e+00 8.110119e+01 6.919947e-01 -9.342678e-01 -2.099633e+00 -8.544844e-01 -4.418020e-01 2.193613e-02 -1.025392e+00 1.571743e+00 1.486817e+00 1.113861e+00 6.719643e-01 -2.442716e-01 6.640274e-01 3.155053e-02 5.807704e-02 -1.058398e-01 -1.678024e-01 6.912236e-01 5.566502e-01 -1.583787e-02 1.863182e-01 -2.141282e-01 2.647224e-01 -2.479152e-01 -2.430247e-01 -2.463428e-01
<VARIANCE> 39
 8.804011e+00 1.571726e+01 2.910183e+01 3.327430e+01 1.284494e+02 4.304764e+01 5.407913e+01 3.385506e+01 7.984676e+01 3.280210e+01 4.317199e+01 4.249817e+01 8.803698e+00 3.465754e-01 6.409957e-01 1.277259e+00 1.228949e+00 2.063569e+00 1.792132e+00 1.658561e+00 3.085472e+00 1.886198e+00 2.124587e+00 2.332777e+00 1.585999e+00 2.588452e-01 1.141730e-01 1.501466e-01 2.450549e-01 2.198883e-01 4.154190e-01 4.078586e-01 3.707655e-01 5.916708e-01 4.942814e-01 4.463758e-01 4.362153e-01 3.136900e-01 8.175114e-02
<GCONST> 1.041218e+02
<STATE> 4
<MEAN> 39
 -3.022208e+00 -4.624469e+00 -1.130585e+00 3.088475e+00 -1.659659e+01 -9.237468e+00 -1.390685e+01 -5.582747e+00 1.306224e+00 -7.439828e+00 -1.818558e+00 -5.182586e+00 8.219537e+01 6.578591e-01 2.406588e-01 -8.849167e-01 -8.472114e-01 2.103401e+00 1.735178e+00 -1.073551e-01 -6.188822e-02 -6.259136e-01 5.778505e-01 -1.833771e-01 -4.723972e-01 -8.501391e-01 -2.000478e-01 4.901035e-01 6.555124e-01 2.376094e-01 4.979062e-01 7.770371e-02 4.917881e-01 -4.246171e-01 -5.991142e-01 -4.399998e-01 3.929312e-02 3.471111e-01 -6.197047e-01
<VARIANCE> 39
 9.235798e+00 1.750309e+01 3.200067e+01 3.691914e+01 1.096000e+02 5.239230e+01 5.435112e+01 5.217707e+01 6.687456e+01 4.659730e+01 5.841023e+01 7.102848e+01 9.814465e+00 9.673561e-01 1.738674e+00 2.647642e+00 2.806937e+00 3.293631e+00 2.926276e+00 3.045276e+00 4.191559e+00 3.992759e+00 3.525093e+00 3.432253e+00 3.322839e+00 1.539761e+00 2.411784e-01 2.012544e-01 3.787355e-01 3.467410e-01 5.373583e-01 5.941485e-01 5.366853e-01 7.403542e-01 7.358143e-01 8.123724e-01 6.550180e-01 5.285355e-01 1.980902e-01
<GCONST> 1.216353e+02
<TRANSP> 5
 0.000000e+00 1.000000e+00 0.000000e+00 0.000000e+00 0.000000e+00
 0.000000e+00 6.541833e-01 3.458168e-01 0.000000e+00 0.000000e+00
 0.000000e+00 0.000000e+00 7.163185e-01 2.836815e-01 0.000000e+00
 0.000000e+00 0.000000e+00 0.000000e+00 7.381080e-01 2.618920e-01
 0.000000e+00 0.000000e+00 0.000000e+00 0.000000e+00 0.000000e+00
<ENDHMM>
~h "Ii"
<BEGINHMM>
<NUMSTATES> 5
<STATE> 2
<MEAN> 39
 -8.351859e+00 4.871421e+00 1.675812e+01 1.031895e+01 -1.184496e+01 -9.057312e+00 -1.718673e+00 -1.530873e+01 -9.363251e+00 -1.194177e+01 -6.371750e+00 -1.158308e-01 7.603214e+01 1.697391e-01 5.448463e-02 4.261462e-01 3.607241e-01 -1.347770e+00 -7.358792e-01 4.997444e-01 -1.169342e+00 -1.359752e-01 -6.513669e-01 -1.646397e-01 1.974910e-01 5.284638e-01 -3.634291e-02 -1.470543e-01 -5.428822e-01 -1.114375e-01 3.154914e-01 1.034507e-01 -1.922297e-01 4.446915e-01 2.731698e-01 1.475937e-01 2.285225e-01 -1.012328e-02 -1.740174e-01
<VARIANCE> 39
 1.060244e+01 2.215779e+01 2.821233e+01 4.380711e+01 7.431814e+01 4.054712e+01 5.967211e+01 4.102524e+01 6.854348e+01 3.089211e+01 2.897219e+01 3.112947e+01 1.099107e+01 1.714607e+00 1.731146e+00 2.331777e+00 2.051399e+00 3.628949e+00 2.816227e+00 2.488154e+00 3.656130e+00 2.933401e+00 2.659513e+00 1.958521e+00 1.611316e+00 1.112285e+00 3.350333e-01 3.130406e-01 3.473854e-01 3.809476e-01 5.776802e-01 4.947448e-01 4.335494e-01 6.113389e-01 4.952816e-01 4.618604e-01 3.274860e-01 3.152505e-01 1.866192e-01
<GCONST> 1.151427e+02
<STATE> 3
<MEAN> 39
 -8.123857e+00 2.725958e+00 1.218140e+01 1.011406e+01 -1.731422e+01 -1.267275e+01 -4.178899e+00 -1.536436e+01 -5.648718e+00 -1.623531e+01 -5.107310e+00 -1.475637e+00 7.802516e+01 4.683312e-01 -2.062531e-01 -1.059938e+00 2.630671e-01 4.600948e-01 -3.233611e-01 -7.513844e-01 7.339805e-01 5.747162e-01 -1.692452e-01 2.640586e-01 -4.741939e-02 -1.643969e-01 1.062118e-01 1.251684e-01 -1.967309e-01 -1.424430e-01 7.118984e-01 3.806812e-01 -1.870722e-01 3.790178e-01 1.925840e-02 4.153806e-01 -5.368218e-03 -1.249798e-01 -4.689346e-01
<VARIANCE> 39
 7.336009e+00 1.758015e+01 3.407300e+01 5.146810e+01 1.251273e+02 3.554756e+01 5.627182e+01 3.381945e+01 7.335207e+01 3.901153e+01 3.523045e+01 4.582707e+01 9.637794e+00 7.484832e-01 9.394667e-01 1.466558e+00 1.281206e+00 2.967439e+00 1.665773e+00 2.080696e+00 2.260389e+00 2.050727e+00 1.768145e+00 1.413534e+00 1.173416e+00 9.801087e-01 1.968781e-01 1.925574e-01 2.195771e-01 2.587105e-01 5.064873e-01 4.708322e-01 3.820094e-01 4.198130e-01 4.853155e-01 4.174036e-01 2.972348e-01 2.469148e-01 2.896349e-01
<GCONST> 1.079160e+02
<STATE> 4
<MEAN> 39
 -5.112929e+00 2.851705e+00 7.729694e+00 1.108775e+01 -9.189834e+00 -1.154734e+01 -9.113792e+00 -1.077740e+01 -3.592746e+00 -1.358107e+01 -4.500513e+00 -2.059871e+00 7.469894e+01 7.212989e-01 7.611113e-01 -1.102308e+00 -6.566440e-01 3.224597e+00 2.130783e+00 -2.524555e-01 1.517043e+00 2.573152e-01 1.869653e+00 1.799082e-01 -5.762948e-01 -2.909712e+00 -4.133956e-01 6.851624e-02 2.306783e-01 -3.949217e-01 5.019058e-02 6.345503e-01 6.942564e-01 9.486480e-03 -2.643377e-01 3.435810e-01 4.908378e-02 5.386968e-02 -4.035127e-01
<VARIANCE> 39
 1.755151e+01 2.597253e+01 3.916231e+01 4.155943e+01 1.092654e+02 4.537305e+01 6.523391e+01 3.749677e+01 7.006490e+01 4.593827e+01 3.855070e+01 4.139157e+01 3.299024e+01 3.963359e+00 2.009913e+00 2.934465e+00 2.436670e+00 4.444861e+00 3.347240e+00 4.327905e+00 3.749308e+00 5.118440e+00 3.101789e+00 3.037666e+00 2.018979e+00 4.689913e+00 3.649703e-01 6.021709e-01 5.848494e-01 4.388036e-01 9.352913e-01 6.227522e-01 6.396167e-01 6.382167e-01 8.355861e-01 5.928519e-01 5.001199e-01 4.028253e-01 9.327998e-01
<GCONST> 1.294200e+02
<TRANSP> 5
 0.000000e+00 1.000000e+00 0.000000e+00 0.000000e+00 0.000000e+00
 0.000000e+00 7.504608e-01 2.495392e-01 0.000000e+00 0.000000e+00
 0.000000e+00 0.000000e+00 7.565134e-01 2.434866e-01 0.000000e+00
 0.000000e+00 0.000000e+00 0.000000e+00 5.412025e-01 4.587975e-01
 0.000000e+00 0.000000e+00 0.000000e+00 0.000000e+00 0.000000e+00
<ENDHMM>
~h "Oo"
<BEGINHMM>
<NUMSTATES> 5
<STATE> 2
<MEAN> 39
 2.837194e+00 4.236574e+00 -2.534392e+00 -1.174000e+01 -1.923455e+01 1.354831e+00 -1.566542e+00 -1.087740e+01 -2.490499e+00 -9.500869e+00 -3.763374e+00 -7.981151e-01 7.722464e+01 6.304485e-01 -1.885731e-01 -3.592999e-01 -1.637839e+00 -1.940315e+00 5.735705e-01 1.253730e+00 4.238545e-01 4.022015e-01 -3.286954e-01 -4.863653e-01 -1.762797e-01 3.792346e-01 -3.790048e-01 -2.323947e-01 9.853772e-02 4.584983e-01 8.199999e-01 -9.125311e-03 -1.091633e-01 2.761242e-01 -1.392016e-01 6.057282e-02 3.370085e-02 1.977893e-02 -2.205612e-01
<VARIANCE> 39
 1.120868e+01 2.803271e+01 4.169114e+01 6.499092e+01 5.239882e+01 6.995085e+01 7.227694e+01 5.221107e+01 5.822866e+01 3.560973e+01 7.514778e+01 6.464458e+01 1.422317e+01 1.016068e+00 1.257751e+00 1.856540e+00 2.746100e+00 4.174148e+00 3.364503e+00 2.780466e+00 3.024398e+00 3.210233e+00 2.495540e+00 2.793608e+00 2.233162e+00 8.415332e-01 2.972317e-01 2.693680e-01 3.946597e-01 4.202755e-01 6.536006e-01 5.465770e-01 5.793492e-01 6.022799e-01 7.234907e-01 5.443101e-01 5.452452e-01 4.199485e-01 1.531617e-01
<GCONST> 1.202532e+02
<STATE> 3
<MEAN> 39
 3.011037e+00 1.875731e+00 -4.368337e+00 -1.468371e+01 -2.019406e+01 2.700199e+00 7.628638e-01 -9.439508e+00 -2.828039e+00 -9.918275e+00 -4.602615e+00 -2.336913e+00 7.835599e+01 -1.156540e-01 -4.047300e-01 -2.878962e-01 2.973039e-01 7.903984e-01 2.186525e-01 -3.389682e-01 -2.668981e-01 -4.350456e-01 -8.436687e-03 5.856392e-01 1.355832e-01 1.463938e-01 -1.271589e-01 5.164126e-02 1.005124e-01 4.548990e-01 4.855683e-01 -1.204378e-01 -4.138752e-01 -2.186087e-01 -4.378802e-02 9.554873e-02 1.904030e-01 4.900969e-02 -1.220047e-01
<VARIANCE> 39
 9.354293e+00 3.017396e+01 3.606271e+01 6.983092e+01 3.924604e+01 8.139910e+01 6.756678e+01 6.589963e+01 5.807912e+01 3.655653e+01 8.692076e+01 8.010344e+01 1.218422e+01 2.508548e-01 7.738833e-01 8.368155e-01 1.636348e+00 2.298826e+00 1.794361e+00 2.268506e+00 2.282432e+00 2.197365e+00 2.035631e+00 2.401094e+00 1.664763e+00 3.305266e-01 5.349050e-02 1.199350e-01 1.715127e-01 2.135127e-01 3.505561e-01 3.960029e-01 3.517756e-01 3.889491e-01 4.122744e-01 3.869731e-01 3.818811e-01 3.183356e-01 9.763017e-02
<GCONST> 1.055549e+02
<STATE> 4
<MEAN> 39
 1.218403e+00 2.100576e-01 -3.906431e+00 -7.820425e+00 -1.163554e+01 1.894169e+00 -6.712280e+00 -1.314054e+01 -4.776184e+00 -8.453296e+00 6.264199e-01 -9.439077e-01 7.823534e+01 -9.502515e-01 4.063062e-01 1.285638e+00 2.952063e+00 2.567629e+00 -9.340631e-01 -1.876117e+00 -3.946498e-02 3.994352e-01 4.395532e-01 -1.159334e-01 -1.947956e-01 -1.384471e+00 -3.271208e-01 1.597618e-01 3.863833e-01 3.132153e-01 7.573135e-03 -1.358458e-01 3.600098e-01 6.021248e-01 2.037153e-01 -3.177493e-02 -4.862859e-01 -1.562347e-01 -5.298104e-01
<VARIANCE> 39
 1.092500e+01 4.101713e+01 3.397967e+01 5.829469e+01 4.342017e+01 7.096282e+01 1.019715e+02 6.363098e+01 5.526071e+01 4.372277e+01 8.916970e+01 1.114045e+02 2.011237e+01 1.117462e+00 2.236361e+00 2.259366e+00 2.698086e+00 5.063366e+00 6.941984e+00 4.407124e+00 5.533530e+00 5.025946e+00 4.495838e+00 4.791070e+00 3.995783e+00 3.450973e+00 2.859752e-01 4.185207e-01 4.634675e-01 5.118883e-01 8.268707e-01 8.284015e-01 9.688563e-01 7.616360e-01 9.929479e-01 8.907748e-01 8.219812e-01 7.308099e-01 3.936990e-01
<GCONST> 1.331566e+02
<TRANSP> 5
 0.000000e+00 1.000000e+00 0.000000e+00 0.000000e+00 0.000000e+00
 0.000000e+00 6.627827e-01 3.372173e-01 0.000000e+00 0.000000e+00
 0.000000e+00 0.000000e+00 8.297071e-01 1.702929e-01 0.000000e+00
 0.000000e+00 0.000000e+00 0.000000e+00 6.635787e-01 3.364213e-01
 0.000000e+00 0.000000e+00 0.000000e+00 0.000000e+00 0.000000e+00
<ENDHMM>
~h "Uo"
<BEGINHMM>
<NUMSTATES> 5
<STATE> 2
<MEAN> 39
 3.472934e+00 6.633090e+00 -1.240908e+00 -8.951530e+00 -1.934804e+01 3.349268e-02 -8.482099e-01 -1.166448e+01 -2.164586e+00 -1.262149e+01 -6.173339e+00 1.845479e-01 7.473786e+01 3.224088e-01 -8.013502e-01 -8.783813e-01 -1.261153e+00 -1.160303e+00 8.685592e-01 4.168245e-01 9.202173e-02 8.031821e-02 1.110134e-01 6.502221e-01 2.737788e-01 7.790950e-01 -3.527137e-01 -5.289789e-01 -8.524319e-02 3.584011e-01 8.829410e-01 8.998442e-02 -3.406524e-01 -7.795849e-02 -1.799966e-01 4.611239e-01 4.270594e-01 -1.861549e-02 1.694937e-01
<VARIANCE> 39
 8.833607e+00 2.604998e+01 3.682330e+01 5.305565e+01 5.698387e+01 7.799001e+01 9.668626e+01 5.026902e+01 6.740128e+01 3.393972e+01 8.073930e+01 5.451320e+01 1.377874e+01 8.771443e-01 2.332542e+00 1.499213e+00 2.088829e+00 5.498265e+00 3.076921e+00 2.835514e+00 2.979674e+00 3.921658e+00 3.115156e+00 4.019316e+00 2.341329e+00 7.615661e-01 2.136035e-01 3.070612e-01 3.252276e-01 3.413756e-01 6.096474e-01 6.301866e-01 5.820783e-01 5.509228e-01 7.322319e-01 6.464103e-01 6.485385e-01 4.505299e-01 1.056015e-01
<GCONST> 1.203789e+02
<STATE> 3
<MEAN> 39
 2.089656e+00 -2.499684e+00 -6.292758e+00 -1.205773e+01 -1.600268e+01 5.296799e+00 -4.491622e+00 -1.252267e+01 -4.773210e+00 -7.589793e+00 1.337933e+00 -1.019507e+00 8.040191e+01 -5.099489e-01 -1.712646e+00 -4.236234e-01 8.613007e-01 2.117832e+00 -1.945848e-01 -1.758241e+00 -2.526136e-01 2.458294e-01 1.745219e+00 1.128469e+00 -9.496111e-01 8.542742e-01 -1.329585e-01 4.413242e-01 4.957952e-01 5.691151e-01 1.579532e-01 -7.174412e-01 -3.434509e-01 2.340774e-01 4.452280e-01 -6.341913e-02 -5.499288e-01 -3.721031e-01 -3.428994e-01
<VARIANCE> 39
 7.658209e+00 2.516551e+01 2.139266e+01 5.298511e+01 4.293709e+01 7.309447e+01 9.459219e+01 6.857877e+01 4.531263e+01 3.258695e+01 7.606269e+01 1.260274e+02 9.825660e+00 2.999305e-01 1.469610e+00 1.120701e+00 1.909799e+00 2.121488e+00 3.603353e+00 2.607528e+00 2.677095e+00 2.976133e+00 3.010614e+00 4.647717e+00 2.945524e+00 4.498563e-01 7.326636e-02 2.231233e-01 1.935638e-01 2.172496e-01 5.238206e-01 5.531747e-01 4.890161e-01 5.714490e-01 5.346594e-01 5.307921e-01 6.835883e-01 5.473657e-01 9.429998e-02
<GCONST> 1.130806e+02
<STATE> 4
<MEAN> 39
 -3.799646e-01 -4.407807e+00 -4.290385e+00 -5.551582e+00 -1.102488e+01 -1.219896e+00 -1.256562e+01 -1.064684e+01 -1.570486e+00 -3.975177e+00 5.248029e-01 -6.053342e+00 8.093668e+01 -8.752396e-01 9.517361e-01 1.543073e+00 2.182087e+00 1.562615e+00 -1.710579e+00 -8.527761e-01 7.652661e-01 3.470715e-01 -1.122135e-02 -8.536045e-01 -3.532480e-01 -1.233122e+00 -2.252273e-01 5.638841e-01 3.835045e-01 1.017793e-01 3.326488e-02 2.549968e-01 7.198314e-01 2.633280e-01 -3.374048e-01 -4.738958e-01 -2.441749e-01 3.924279e-01 -7.966211e-01
<VARIANCE> 39
 9.154694e+00 2.768339e+01 2.105625e+01 4.927830e+01 4.663528e+01 8.103073e+01 8.379764e+01 7.159554e+01 4.036285e+01 3.533911e+01 7.164631e+01 1.190135e+02 1.086647e+01 1.125613e+00 2.617517e+00 1.569702e+00 1.814001e+00 4.692970e+00 5.196073e+00 4.441420e+00 4.427640e+00 4.476979e+00 3.306020e+00 4.121824e+00 4.065661e+00 3.457334e+00 3.067752e-01 3.621887e-01 3.336432e-01 3.412516e-01 7.504065e-01 7.088984e-01 6.350751e-01 8.130996e-01 6.328207e-01 6.301737e-01 8.582969e-01 5.855722e-01 3.966452e-01
<GCONST> 1.266528e+02
<TRANSP> 5
 0.000000e+00 1.000000e+00 0.000000e+00 0.000000e+00 0.000000e+00
 0.000000e+00 8.076615e-01 1.923385e-01 0.000000e+00 0.000000e+00
 0.000000e+00 0.000000e+00 6.860534e-01 3.139466e-01 0.000000e+00
 0.000000e+00 0.000000e+00 0.000000e+00 6.998610e-01 3.001391e-01
 0.000000e+00 0.000000e+00 0.000000e+00 0.000000e+00 0.000000e+00
<ENDHMM>
~h "Uu"
<BEGINHMM>
<NUMSTATES> 5
<STATE> 2
<MEAN> 39
 2.943816e+00 1.029931e+01 2.346317e+00 -6.186914e+00 -1.394990e+01 -4.557405e+00 -1.044877e+00 -1.134615e+01 -2.497215e+00 -1.244042e+01 -8.296562e+00 -7.003478e-01 7.135541e+01 7.675064e-01 7.264405e-01 3.467522e-01 -1.186192e+00 -1.489400e+00 1.233254e-01 7.749963e-01 -4.477133e-01 2.868995e-01 -1.243710e+00 -6.722518e-01 3.197535e-01 -6.629656e-02 -4.772913e-01 -2.802144e-01 -6.498558e-02 3.787881e-01 6.351730e-01 3.396880e-01 -1.037411e-01 1.683269e-01 -9.849633e-02 1.640843e-01 2.461983e-01 8.169064e-02 -9.969112e-02
<VARIANCE> 39
 1.202550e+01 3.167303e+01 4.493176e+01 5.708945e+01 5.663129e+01 6.389200e+01 9.641615e+01 4.427682e+01 6.297961e+01 6.036712e+01 5.057821e+01 5.241612e+01 1.655634e+01 2.521412e+00 2.533662e+00 2.398490e+00 3.298883e+00 6.332512e+00 4.711514e+00 3.907377e+00 3.786440e+00 4.483115e+00 4.076606e+00 3.540890e+00 2.486246e+00 1.402564e+00 3.560870e-01 3.780304e-01 4.615629e-01 5.625257e-01 8.936311e-01 7.488810e-01 8.009898e-01 8.871127e-01 1.031590e+00 7.464068e-01 5.863320e-01 4.774286e-01 2.896055e-01
<GCONST> 1.295161e+02
<STATE> 3
<MEAN> 39
 2.091226e+00 9.048131e+00 1.498487e+00 -8.214745e+00 -1.421788e+01 -3.411982e-01 -6.774154e-01 -1.329338e+01 -4.419568e+00 -1.716802e+01 -7.588017e+00 8.625293e-01 7.241136e+01 -8.032212e-01 -5.411696e-01 -2.321007e-01 1.050398e+00 1.812018e+00 1.318133e+00 -6.875377e-01 -3.900569e-01 -1.017998e+00 1.807823e-01 1.181028e+00 4.425541e-01 -7.051058e-02 -5.476189e-01 -3.407769e-01 8.377688e-02 8.153962e-01 8.393307e-01 -1.450352e-01 -5.143028e-01 2.615120e-01 9.500756e-02 8.863479e-01 4.026831e-01 -2.746207e-01 -1.522516e-01
<VARIANCE> 39
 8.099995e+00 3.300913e+01 4.871798e+01 5.366736e+01 4.443369e+01 7.055160e+01 1.006042e+02 4.352812e+01 6.385172e+01 5.584853e+01 6.625918e+01 5.551161e+01 1.797245e+01 1.574220e+00 2.479190e+00 2.047455e+00 3.138700e+00 4.891613e+00 4.915163e+00 4.240307e+00 6.021133e+00 5.599200e+00 4.692431e+00 3.704811e+00 3.401745e+00 2.796912e+00 3.449952e-01 4.995718e-01 5.120054e-01 4.571001e-01 6.543224e-01 9.929501e-01 8.492863e-01 9.914265e-01 1.119807e+00 7.988437e-01 8.345585e-01 5.913753e-01 4.623662e-01
<GCONST> 1.319181e+02
<STATE> 4
<MEAN> 39
 -2.587637e+00 6.221443e+00 2.195949e+00 -1.344212e+00 -6.340168e+00 1.500428e+00 -7.235586e+00 -1.419556e+01 -6.678322e+00 -1.267697e+01 -2.580011e+00 -6.078196e-01 7.276862e+01 -2.677749e+00 -8.744603e-01 9.235672e-01 2.383562e+00 3.075872e+00 9.381995e-03 -1.139285e+00 1.472810e+00 8.146809e-01 2.348670e+00 7.832090e-01 -8.966234e-01 -8.684242e-01 -5.040896e-01 -2.059068e-01 1.449518e-03 -3.146948e-01 -2.470182e-01 -3.762885e-01 4.017982e-01 7.320056e-01 5.970758e-01 2.419160e-01 -2.268813e-01 -6.861442e-02 -2.356769e-01
<VARIANCE> 39
 3.165353e+01 3.197365e+01 4.549221e+01 5.911541e+01 6.570747e+01 7.649508e+01 1.249072e+02 6.086836e+01 6.165200e+01 4.437470e+01 5.274301e+01 6.923003e+01 4.241483e+01 6.271355e+00 4.677945e+00 4.862629e+00 3.959605e+00 5.331507e+00 8.438388e+00 6.285162e+00 7.635459e+00 6.459713e+00 4.747661e+00 5.683639e+00 3.819971e+00 6.236981e+00 5.340271e-01 7.949817e-01 8.808208e-01 7.938167e-01 9.584972e-01 1.322103e+00 1.323364e+00 1.456577e+00 1.304156e+00 9.016638e-01 9.066663e-01 9.588469e-01 1.287768e+00
<GCONST> 1.461163e+02
<TRANSP> 5
 0.000000e+00 1.000000e+00 0.000000e+00 0.000000e+00 0.000000e+00
 0.000000e+00 7.491296e-01 2.508704e-01 0.000000e+00 0.000000e+00
 0.000000e+00 0.000000e+00 6.159476e-01 3.840524e-01 0.000000e+00
 0.000000e+00 0.000000e+00 0.000000e+00 5.237944e-01 4.762056e-01
 0.000000e+00 0.000000e+00 0.000000e+00 0.000000e+00 0.000000e+00
<ENDHMM>
~h "aA"
<BEGINHMM>
<NUMSTATES> 5
<STATE> 2
<MEAN> 39
 3.970858e-01 -8.597948e+00 -9.326450e+00 -8.308469e+00 -8.517177e+00 2.757137e+00 -6.331516e+00 -7.447278e+00 -1.051093e+00 -3.304744e+00 -3.115155e+00 -7.922272e+00 8.262228e+01 8.911065e-02 -1.178878e+00 -7.432665e-01 -4.139574e-01 7.451864e-01 7.560552e-01 6.046325e-01 3.950324e-01 -2.341974e-01 2.495436e-01 -7.442538e-01 -4.368010e-01 5.169362e-01 -2.089120e-01 3.505717e-01 2.467298e-01 2.970122e-01 2.071164e-01 -2.106410e-01 -6.200072e-02 2.095127e-03 -1.642660e-01 -4.093377e-02 8.744833e-02 2.567435e-01 -3.417337e-01
<VARIANCE> 39
 1.074992e+01 2.171739e+01 2.061695e+01 6.118821e+01 3.808382e+01 5.507981e+01 6.429227e+01 4.995564e+01 6.128342e+01 4.149352e+01 6.701237e+01 1.126036e+02 8.052947e+00 4.974367e-01 1.046063e+00 9.957691e-01 1.501195e+00 1.862382e+00 1.897676e+00 2.050092e+00 2.201641e+00 1.979154e+00 2.036776e+00 1.888409e+00 1.763280e+00 5.514510e-01 2.272400e-01 1.621992e-01 1.959672e-01 2.629718e-01 4.307196e-01 3.714819e-01 3.561560e-01 3.971215e-01 4.426579e-01 3.640930e-01 3.904079e-01 4.084822e-01 1.531331e-01
<GCONST> 1.077771e+02
<STATE> 3
<MEAN> 39
 7.687020e-01 -9.503005e+00 -1.058628e+01 -7.448200e+00 -6.523672e+00 3.290336e+00 -4.353875e+00 -7.096003e+00 -1.346833e+00 -2.438578e+00 -4.468840e+00 -7.052272e+00 8.286717e+01 -7.737865e-02 2.946897e-01 1.457594e-01 2.997186e-01 -1.836893e-01 -3.870581e-01 -3.213321e-01 1.645334e-01 1.460002e-01 4.602000e-03 3.334995e-02 -9.288013e-03 -7.660119e-02 -3.008623e-02 3.155436e-01 2.559052e-01 1.492973e-01 -1.616621e-01 -1.894138e-01 -1.868552e-01 -7.626595e-02 9.579353e-03 -8.197036e-02 1.463933e-01 1.081842e-01 -1.675174e-01
<VARIANCE> 39
 1.098884e+01 2.086281e+01 1.807535e+01 5.416734e+01 3.298018e+01 4.316134e+01 6.244707e+01 5.418179e+01 4.886924e+01 5.102373e+01 6.065908e+01 9.794658e+01 8.123322e+00 1.984865e-01 6.886789e-01 6.404597e-01 1.033378e+00 1.609455e+00 1.435165e+00 1.476568e+00 1.681689e+00 1.307968e+00 1.142029e+00 1.202769e+00 1.114066e+00 1.493997e-01 4.124319e-02 9.673487e-02 1.267170e-01 1.522564e-01 2.320662e-01 1.930674e-01 2.287366e-01 2.909832e-01 2.441464e-01 2.374392e-01 2.097043e-01 2.070157e-01 5.834629e-02
<GCONST> 9.201545e+01
<STATE> 4
<MEAN> 39
 1.106901e-01 -5.325922e+00 -7.214613e+00 -3.713991e+00 -9.074539e+00 -1.214294e+00 -8.646472e+00 -6.295485e+00 -5.095841e-01 -2.788262e+00 -2.738583e+00 -5.626194e+00 8.112860e+01 -4.551001e-01 2.169157e+00 2.107478e+00 1.671543e+00 3.607008e-01 -8.357387e-01 -6.414319e-01 -5.219613e-01 -6.826374e-01 -7.820455e-01 5.517885e-01 1.002321e+00 -1.948844e+00 -4.009833e-01 1.885803e-01 4.235769e-01 2.883863e-01 6.885279e-01 3.114887e-01 3.947609e-01 -2.814582e-03 -2.792777e-01 -1.762078e-01 -1.145385e-01 1.212962e-01 -6.888702e-01
<VARIANCE> 39
 1.248910e+01 2.191415e+01 2.556345e+01 4.804391e+01 5.889119e+01 6.707916e+01 7.603233e+01 7.048855e+01 5.856212e+01 4.918184e+01 6.646857e+01 9.218547e+01 1.259209e+01 1.293479e+00 1.438045e+00 1.853015e+00 2.574569e+00 4.474750e+00 3.150765e+00 3.551047e+00 3.997892e+00 3.149442e+00 3.353752e+00 2.835490e+00 2.557743e+00 2.277944e+00 3.948624e-01 2.923867e-01 3.715170e-01 3.587156e-01 5.442395e-01 5.669439e-01 6.561029e-01 8.210927e-01 6.075317e-01 4.913132e-01 5.066877e-01 4.713913e-01 3.428669e-01
<GCONST> 1.234540e+02
<TRANSP> 5
 0.000000e+00 1.000000e+00 0.000000e+00 0.000000e+00 0.000000e+00
 0.000000e+00 7.079564e-01 2.920436e-01 0.000000e+00 0.000000e+00
 0.000000e+00 0.000000e+00 8.418589e-01 1.581411e-01 0.000000e+00
 0.000000e+00 0.000000e+00 0.000000e+00 6.227302e-01 3.772698e-01
 0.000000e+00 0.000000e+00 0.000000e+00 0.000000e+00 0.000000e+00
<ENDHMM>
~h "aa"
<BEGINHMM>
<NUMSTATES> 5
<STATE> 2
<MEAN> 39
 7.834516e-01 -5.512947e+00 -6.683619e+00 -4.095491e+00 -8.226200e+00 2.293684e+00 -6.758083e+00 -7.441440e+00 2.339310e-01 -3.283346e+00 -2.507560e+00 -7.090839e+00 7.882201e+01 4.932862e-02 -1.557320e-02 1.214816e-01 4.566345e-01 3.974612e-01 2.240014e-01 3.251170e-01 1.958823e-01 -2.920023e-01 -6.536596e-02 -3.984029e-01 -1.037602e-01 -4.058299e-01 -1.488871e-01 3.609780e-01 3.289534e-01 2.950052e-01 3.099810e-01 -6.820907e-02 5.737487e-02 3.794431e-02 -2.905783e-01 -2.177520e-01 3.433918e-02 2.812976e-01 -4.585165e-01
<VARIANCE> 39
 8.279967e+00 1.746699e+01 1.588716e+01 3.913663e+01 3.677365e+01 6.851136e+01 8.342483e+01 7.452216e+01 4.885835e+01 3.596675e+01 6.160686e+01 1.240136e+02 2.107539e+01 4.774404e-01 1.235061e+00 1.179195e+00 1.635589e+00 2.041069e+00 2.246323e+00 2.220805e+00 2.417448e+00 2.371573e+00 1.992065e+00 1.981604e+00 2.303832e+00 9.048758e-01 1.926722e-01 1.908589e-01 2.534980e-01 2.490782e-01 3.844771e-01 4.338647e-01 4.328711e-01 4.845284e-01 4.514450e-01 4.440316e-01 4.081928e-01 4.419615e-01 1.606985e-01
<GCONST> 1.108487e+02
<STATE> 3
<MEAN> 39
 1.196225e+00 -2.364491e+00 -3.437827e+00 7.425389e-01 -4.207272e+00 3.425407e+00 -4.428371e+00 -8.095305e+00 -2.534497e+00 -4.829203e+00 -3.937237e+00 -4.615091e+00 7.319363e+01 -5.069069e-01 1.150580e+00 1.600515e+00 1.547336e+00 1.675092e+00 1.918548e-01 4.478832e-01 7.181497e-01 -7.853745e-01 -8.877028e-01 -9.130440e-02 6.306086e-01 -2.503812e+00 -5.026722e-01 1.469837e-01 1.833237e-01 7.064574e-02 2.778237e-01 -6.666321e-02 5.944903e-02 2.241540e-01 9.923477e-02 3.617215e-02 1.482661e-01 1.567741e-01 -5.167435e-01
<VARIANCE> 39
 1.011456e+01 1.566375e+01 2.081816e+01 4.761040e+01 6.538425e+01 8.463368e+01 9.131828e+01 7.343400e+01 5.897802e+01 3.939753e+01 7.070617e+01 1.144317e+02 5.171851e+01 1.062667e+00 1.397998e+00 2.117826e+00 2.358700e+00 3.329923e+00 3.150088e+00 2.841395e+00 3.435132e+00 3.086000e+00 3.151152e+00 2.488262e+00 2.467345e+00 2.503830e+00 2.969871e-01 2.347444e-01 3.584681e-01 4.987133e-01 5.684025e-01 5.791750e-01 5.680845e-01 6.508477e-01 6.872487e-01 5.514682e-01 5.325628e-01 5.185723e-01 3.025282e-01
<GCONST> 1.234626e+02
<STATE> 4
<MEAN> 39
 -1.966500e+00 -1.568666e-01 4.440774e-01 4.580423e+00 1.358826e+00 4.555516e+00 -3.484068e+00 -5.045992e+00 -3.576694e+00 -6.258885e+00 -2.856303e+00 -2.277925e+00 6.547816e+01 -1.957361e+00 8.619725e-01 9.746549e-01 7.144406e-01 8.742524e-01 -4.532484e-01 2.604087e-01 8.455921e-01 -7.621396e-02 -2.159225e-02 4.766049e-01 9.230040e-01 -2.849073e+00 -3.654122e-01 -1.810817e-01 -3.561420e-01 -4.956997e-01 -5.039750e-01 -2.403049e-01 2.057272e-02 -2.476597e-02 2.502075e-01 3.476087e-01 7.844714e-02 -3.237921e-02 4.036538e-02
<VARIANCE> 39
 1.967921e+01 1.842719e+01 3.572251e+01 4.607158e+01 9.992310e+01 8.062125e+01 7.547133e+01 6.270834e+01 4.551621e+01 3.604654e+01 6.036744e+01 9.135168e+01 1.030127e+02 2.575084e+00 1.938934e+00 3.184821e+00 4.379995e+00 5.160372e+00 4.121994e+00 3.491525e+00 4.094978e+00 4.271981e+00 4.065635e+00 3.653565e+00 3.802925e+00 3.599052e+00 4.211608e-01 2.981377e-01 5.093519e-01 5.851907e-01 8.585351e-01 6.535332e-01 5.727189e-01 6.262977e-01 6.410768e-01 5.790180e-01 5.143682e-01 5.210626e-01 4.073378e-01
<GCONST> 1.317192e+02
<TRANSP> 5
 0.000000e+00 1.000000e+00 0.000000e+00 0.000000e+00 0.000000e+00
 0.000000e+00 8.116314e-01 1.883685e-01 0.000000e+00 0.000000e+00
 0.000000e+00 0.000000e+00 4.549925e-01 5.450075e-01 0.000000e+00
 0.000000e+00 0.000000e+00 0.000000e+00 4.357204e-01 5.642796e-01
 0.000000e+00 0.000000e+00 0.000000e+00 0.000000e+00 0.000000e+00
<ENDHMM>
~h "dZ"
<BEGINHMM>
<NUMSTATES> 5
<STATE> 2
<MEAN> 39
 -9.508151e+00 -2.959355e+00 8.773297e+00 7.026988e+00 3.193821e+00 -1.607551e+00 -6.672749e+00 -6.608319e+00 -3.909094e+00 -1.426628e+00 -2.414315e+00 -3.417782e+00 7.435257e+01 -2.796791e+00 -4.200638e-01 1.881791e+00 1.834811e-01 1.874971e+00 -3.286823e-01 1.139762e+00 7.717231e-02 -8.844607e-01 2.583547e-01 1.242961e-01 1.202967e-01 7.454480e-01 2.026000e-01 5.818386e-02 -2.757362e-01 -2.503634e-01 -4.024531e-01 -7.803931e-02 -1.762076e-01 -9.793840e-02 3.133729e-03 -1.475860e-01 1.364460e-01 -4.408892e-02 3.510125e-01
<VARIANCE> 39
 9.885351e+01 4.641064e+01 6.958173e+01 4.162247e+01 7.095018e+01 3.777158e+01 8.432953e+01 5.060581e+01 3.155102e+01 3.119378e+01 3.972059e+01 2.260496e+01 3.995825e+01 7.129530e+00 5.570986e+00 4.987983e+00 2.981768e+00 6.699516e+00 5.132201e+00 5.347584e+00 5.754720e+00 4.550729e+00 3.166635e+00 3.842145e+00 2.533347e+00 6.982559e+00 2.568125e+00 1.263519e+00 9.493994e-01 5.885078e-01 1.009980e+00 8.425263e-01 1.112045e+00 9.342802e-01 6.929575e-01 5.669990e-01 7.221901e-01 5.214132e-01 1.160495e+00
<GCONST> 1.406538e+02
<STATE> 3
<MEAN> 39
 -1.391760e+01 -3.366598e+00 1.178019e+01 5.529551e+00 2.738803e+00 -3.709000e+00 -7.849493e+00 -9.845825e+00 -7.466746e+00 -1.492794e+00 -3.738265e+00 -4.540409e+00 7.907545e+01 2.078865e-01 5.690559e-01 -9.145910e-02 -4.217499e-01 -2.890085e-01 5.525962e-02 1.398674e-01 -5.868123e-01 -7.793006e-01 -3.735275e-01 2.812967e-01 -5.959496e-02 3.128405e-01 9.351146e-01 1.270328e-01 -8.768428e-01 -3.031116e-01 -7.368905e-01 4.239945e-01 -2.412535e-01 -4.061448e-02 3.350596e-01 -1.932901e-01 1.949603e-01 -4.284316e-02 -1.889336e-01
<VARIANCE> 39
 5.932325e+01 1.054762e+01 6.195875e+01 2.966966e+01 5.698288e+01 2.870247e+01 6.446758e+01 5.897975e+01 3.356124e+01 3.487595e+01 5.930665e+01 3.021224e+01 8.621543e+00 1.521373e+01 2.185846e+00 1.070054e+01 2.794760e+00 6.556395e+00 4.282279e+00 6.893291e+00 4.671359e+00 4.352870e+00 2.956235e+00 2.193038e+00 2.707509e+00 1.099026e+00 1.401903e+00 3.665068e-01 7.179558e-01 4.166275e-01 6.004542e-01 8.844515e-01 9.157462e-01 8.282241e-01 6.893443e-01 6.685334e-01 4.954362e-01 4.825310e-01 3.818488e-01
<GCONST> 1.301753e+02
<STATE> 4
<MEAN> 39
 -9.882490e+00 -4.533886e-01 5.059435e+00 4.961658e+00 2.258780e-01 -2.735181e+00 -3.921966e+00 -1.243787e+01 -8.444851e+00 -5.432779e+00 -1.283206e+00 -2.211216e+00 7.769236e+01 2.105395e+00 7.491316e-01 -1.505385e+00 -9.499367e-01 -1.274465e+00 8.257477e-01 -3.024036e-01 7.422650e-02 3.764077e-01 -8.812653e-01 3.615756e-01 1.439510e-01 -6.393138e-01 2.663564e-01 -1.177675e-01 -2.950603e-02 -1.913613e-01 -1.555900e-01 1.538631e-01 -1.326358e-02 2.440627e-01 2.699841e-01 -9.869391e-02 -1.002751e-01 -6.342623e-02 -1.733681e-01
<VARIANCE> 39
 8.805759e+01 1.897312e+01 8.409544e+01 4.123254e+01 7.530045e+01 3.786520e+01 7.214977e+01 4.077071e+01 5.023687e+01 4.056363e+01 6.463492e+01 4.159781e+01 1.350753e+01 9.092932e+00 3.021984e+00 5.927835e+00 3.072541e+00 5.768765e+00 4.134282e+00 3.970705e+00 3.997435e+00 3.784661e+00 4.243956e+00 2.798165e+00 2.018590e+00 2.102051e+00 1.602753e+00 3.554245e-01 1.127838e+00 5.682257e-01 7.173308e-01 6.834565e-01 7.736393e-01 7.545111e-01 8.590772e-01 5.791987e-01 4.679809e-01 3.277833e-01 3.092408e-01
<GCONST> 1.327088e+02
<TRANSP> 5
 0.000000e+00 1.000000e+00 0.000000e+00 0.000000e+00 0.000000e+00
 0.000000e+00 6.900703e-01 3.099296e-01 0.000000e+00 0.000000e+00
 0.000000e+00 0.000000e+00 6.718371e-01 3.281629e-01 0.000000e+00
 0.000000e+00 0.000000e+00 0.000000e+00 7.155700e-01 2.844300e-01
 0.000000e+00 0.000000e+00 0.000000e+00 0.000000e+00 0.000000e+00
<ENDHMM>
~h "eA"
<BEGINHMM>
<NUMSTATES> 5
<STATE> 2
<MEAN> 39
 -1.297629e+00 -7.719609e+00 -5.157874e+00 -8.094338e-01 -1.142995e+01 -6.194565e+00 -9.735118e+00 -4.369273e+00 2.919796e+00 -2.563376e+00 -4.307055e+00 -6.680840e+00 8.319135e+01 2.332832e-01 -1.391123e+00 -1.652744e+00 -1.220150e+00 8.049564e-01 1.282452e+00 1.029061e+00 1.005140e+00 3.142810e-01 3.372203e-01 -8.999624e-01 -8.602854e-01 7.625701e-01 -1.589735e-01 3.048484e-01 3.838917e-01 2.070135e-01 5.165738e-01 2.183281e-01 1.147521e-01 -2.211134e-01 -5.357956e-01 -2.143389e-01 2.548710e-02 2.796142e-01 -4.506433e-01
<VARIANCE> 39
 9.107635e+00 1.561639e+01 2.757545e+01 2.687158e+01 6.682037e+01 5.302731e+01 7.245792e+01 7.352791e+01 5.571552e+01 5.940456e+01 6.836938e+01 6.356250e+01 7.699569e+00 5.814949e-01 9.896555e-01 1.278813e+00 1.310909e+00 2.902159e+00 1.855562e+00 2.243992e+00 2.827578e+00 2.565765e+00 2.596967e+00 2.446803e+00 1.718358e+00 7.393003e-01 2.164827e-01 1.764829e-01 2.361832e-01 2.432812e-01 5.740808e-01 4.372008e-01 5.715430e-01 5.961367e-01 4.474767e-01 4.539347e-01 5.290454e-01 4.030765e-01 1.760855e-01
<GCONST> 1.115885e+02
<STATE> 3
<MEAN> 39
 -4.713859e-01 -1.023586e+01 -8.698720e+00 -3.852499e+00 -8.161366e+00 -1.485400e+00 -6.952268e+00 -3.906595e+00 4.881360e-01 -2.806826e+00 -6.934716e+00 -8.353779e+00 8.345217e+01 4.963806e-02 1.913379e-01 -8.364644e-02 -7.499738e-02 -1.685832e-02 2.499174e-01 -8.776443e-02 -4.835068e-02 -1.882143e-01 4.399379e-02 1.695721e-01 1.963552e-02 -1.053216e-01 -2.774571e-02 3.091812e-01 2.866012e-01 1.901374e-01 -1.759649e-01 -2.138383e-01 -2.203721e-01 -1.563501e-01 -2.156897e-02 -4.803442e-02 1.974750e-01 1.352004e-01 -1.589436e-01
<VARIANCE> 39
 8.483922e+00 1.951969e+01 1.928221e+01 3.533527e+01 5.109018e+01 4.270623e+01 6.911028e+01 6.670152e+01 5.417899e+01 7.171812e+01 6.213507e+01 7.067357e+01 7.780381e+00 1.872362e-01 7.152843e-01 6.670495e-01 8.487090e-01 1.408302e+00 1.361184e+00 1.258103e+00 1.581015e+00 1.129677e+00 1.065754e+00 1.120344e+00 1.016068e+00 1.177873e-01 4.228776e-02 8.749460e-02 1.291233e-01 1.323368e-01 2.365997e-01 1.980597e-01 2.244222e-01 2.926043e-01 2.329583e-01 2.365215e-01 2.058573e-01 1.865469e-01 4.555428e-02
<GCONST> 9.037443e+01
<STATE> 4
<MEAN> 39
 -3.127044e-01 -5.781983e+00 -6.286824e+00 -1.980560e+00 -9.785936e+00 -3.117722e+00 -9.793046e+00 -5.479907e+00 1.147141e-01 -2.296447e+00 -3.262085e+00 -6.354297e+00 8.158643e+01 -1.814618e-01 1.987775e+00 1.981201e+00 1.165528e+00 5.021880e-01 -2.604963e-01 -6.662681e-01 -1.161912e+00 -9.930667e-01 -8.038790e-01 8.288029e-01 1.103374e+00 -1.725235e+00 -3.552346e-01 2.170122e-01 5.513338e-01 3.199080e-01 6.635152e-01 1.970393e-01 3.076603e-01 -9.620814e-02 -2.515705e-01 -2.767537e-01 -1.789377e-01 1.842758e-01 -5.828006e-01
<VARIANCE> 39
 1.044631e+01 1.797067e+01 2.585830e+01 4.244968e+01 7.332487e+01 5.476929e+01 7.971738e+01 7.153734e+01 5.179645e+01 5.857121e+01 6.088858e+01 8.352026e+01 1.034667e+01 1.288025e+00 1.426045e+00 2.019866e+00 2.154689e+00 3.548217e+00 2.729197e+00 3.612301e+00 4.244860e+00 2.929083e+00 3.590652e+00 2.516922e+00 2.262741e+00 1.575191e+00 4.328574e-01 2.479279e-01 3.282391e-01 3.429828e-01 4.574860e-01 4.890695e-01 6.139753e-01 8.288836e-01 5.961810e-01 4.530749e-01 4.539409e-01 4.450150e-01 2.932851e-01
<GCONST> 1.206507e+02
<TRANSP> 5
 0.000000e+00 1.000000e+00 0.000000e+00 0.000000e+00 0.000000e+00
 0.000000e+00 6.794751e-01 3.205250e-01 0.000000e+00 0.000000e+00
 0.000000e+00 0.000000e+00 8.522927e-01 1.477073e-01 0.000000e+00
 0.000000e+00 0.000000e+00 0.000000e+00 6.296270e-01 3.703730e-01
 0.000000e+00 0.000000e+00 0.000000e+00 0.000000e+00 0.000000e+00
<ENDHMM>
~h "eE"
<BEGINHMM>
<NUMSTATES> 5
<STATE> 2
<MEAN> 39
 -5.942544e+00 -5.935975e-01 7.793335e+00 8.115105e+00 -1.858276e+01 -1.397168e+01 -8.166242e+00 -1.181293e+01 -4.548823e+00 -1.056304e+01 -1.773647e+00 -2.758513e-01 8.045666e+01 2.656967e-02 -1.813325e-01 -2.980520e-01 -1.217249e-01 -5.580509e-01 -1.600746e-01 3.544185e-02 2.061092e-01 1.950516e-01 7.372176e-02 2.997417e-01 5.436295e-02 2.278337e-01 2.610661e-02 3.712455e-02 -1.208920e-01 -4.852165e-02 3.799680e-01 1.974878e-01 -8.720452e-02 2.077921e-01 2.809947e-03 8.647698e-02 -4.800679e-02 -9.288894e-02 -1.760232e-01
<VARIANCE> 39
 9.080485e+00 1.901941e+01 5.187647e+01 4.152092e+01 1.477015e+02 3.745992e+01 6.540910e+01 4.483083e+01 8.657877e+01 3.235382e+01 5.286135e+01 3.541471e+01 8.304827e+00 2.695150e-01 4.625225e-01 7.592102e-01 7.478200e-01 1.504569e+00 1.182581e+00 1.368228e+00 1.616516e+00 1.408147e+00 1.106280e+00 1.089644e+00 8.495811e-01 3.076110e-01 9.499535e-02 9.539222e-02 1.529512e-01 1.635525e-01 3.562466e-01 2.702075e-01 2.950569e-01 3.497170e-01 3.147301e-01 2.735733e-01 2.411260e-01 1.889600e-01 8.256005e-02
<GCONST> 9.556526e+01
<STATE> 3
<MEAN> 39
 -4.189870e+00 -3.154256e+00 3.246910e+00 7.270083e+00 -1.890925e+01 -1.248686e+01 -1.243990e+01 -6.668602e+00 5.497885e-02 -1.004964e+01 -1.783755e-01 -2.089038e+00 8.125290e+01 3.225278e-01 -6.025088e-02 -7.630446e-01 -3.086735e-01 7.486809e-01 4.953101e-01 -4.978195e-01 7.967705e-01 1.638796e-01 3.281698e-01 -1.298248e-01 -5.302095e-01 -2.194682e-01 2.319601e-02 1.518360e-01 6.983044e-02 -7.377455e-02 5.059316e-01 2.999017e-01 5.879094e-03 -1.565764e-01 -1.510589e-01 8.946340e-02 -1.306813e-01 -1.085801e-01 -2.452576e-01
<VARIANCE> 39
 6.957650e+00 2.110634e+01 3.553457e+01 3.996992e+01 1.178427e+02 4.562877e+01 7.130788e+01 5.599585e+01 9.070505e+01 3.249511e+01 5.420945e+01 4.542208e+01 1.338349e+01 2.691657e-01 5.817614e-01 1.006220e+00 1.087978e+00 1.583531e+00 1.523139e+00 1.891463e+00 1.933558e+00 1.537530e+00 1.625297e+00 1.719021e+00 1.152993e+00 3.398724e-01 8.911247e-02 1.086543e-01 1.521831e-01 1.957158e-01 3.143524e-01 3.174683e-01 3.417021e-01 3.704565e-01 3.374478e-01 3.000180e-01 2.795065e-01 2.311689e-01 7.138532e-02
<GCONST> 9.994146e+01
<STATE> 4
<MEAN> 39
 -3.076147e+00 -1.667436e+00 1.938464e+00 6.700737e+00 -1.228771e+01 -9.063535e+00 -1.258240e+01 -5.318749e+00 -1.877356e+00 -8.487340e+00 -1.454354e+00 -3.942547e+00 7.803270e+01 -1.556415e-01 8.319082e-01 -2.450566e-01 -8.081595e-01 2.920962e+00 1.784288e+00 2.993495e-01 -1.689267e-01 -4.945889e-01 7.627369e-01 -2.859748e-01 -4.721490e-01 -1.500964e+00 -5.272703e-01 2.787405e-01 2.338217e-01 -1.925029e-01 3.339082e-01 3.164520e-01 5.473226e-01 -1.993341e-01 -1.429240e-01 4.351054e-02 5.742770e-02 2.515891e-01 -3.555784e-01
<VARIANCE> 39
 9.119040e+00 2.384993e+01 3.752190e+01 4.223650e+01 1.011827e+02 7.166954e+01 8.860247e+01 6.820767e+01 8.069411e+01 4.348621e+01 6.113732e+01 5.033005e+01 3.993692e+01 3.123099e+00 2.016598e+00 2.430357e+00 3.206010e+00 4.432164e+00 3.671127e+00 5.041079e+00 4.371078e+00 4.533201e+00 3.609950e+00 3.636343e+00 3.189001e+00 2.214056e+00 6.078855e-01 2.940728e-01 4.044359e-01 4.231954e-01 7.191667e-01 6.350685e-01 7.668710e-01 7.439927e-01 7.385629e-01 6.207893e-01 5.664840e-01 4.776030e-01 3.063962e-01
<GCONST> 1.296196e+02
<TRANSP> 5
 0.000000e+00 1.000000e+00 0.000000e+00 0.000000e+00 0.000000e+00
 0.000000e+00 8.387900e-01 1.612100e-01 0.000000e+00 0.000000e+00
 0.000000e+00 0.000000e+00 6.843600e-01 3.156400e-01 0.000000e+00
 0.000000e+00 0.000000e+00 0.000000e+00 6.064571e-01 3.935429e-01
 0.000000e+00 0.000000e+00 0.000000e+00 0.000000e+00 0.000000e+00
<ENDHMM>
~h "dz"
<BEGINHMM>
<NUMSTATES> 5
<STATE> 2
<MEAN> 39
 -7.170912e+00 6.780729e+00 3.208794e+00 -4.513636e+00 -4.061563e+00 3.683400e+00 -1.487053e+01 -1.271467e+01 -8.457528e+00 -6.789419e+00 4.836148e+00 -4.244936e+00 7.575846e+01 -9.498113e-01 4.699447e-01 8.500621e-01 5.376681e-01 8.681905e-01 9.142963e-01 -3.503938e-01 -2.189529e-01 1.039265e-01 5.174523e-01 1.032584e+00 -4.082394e-01 -5.743277e-01 -1.389896e-01 2.043151e-01 -3.745333e-02 1.284994e-01 -1.724180e-03 2.857159e-02 5.326923e-01 8.957963e-03 1.304910e-01 -7.836995e-02 -6.220676e-01 2.360445e-02 -1.649739e-01
<VARIANCE> 39
 7.133386e+01 8.641530e+01 5.340326e+01 4.098793e+01 8.858321e+01 9.949345e+01 4.080210e+01 3.230997e+01 1.594931e+01 2.174637e+01 4.148294e+01 1.288304e+02 3.922897e+01 9.045877e+00 8.246972e+00 1.417507e+00 5.404870e+00 8.265007e+00 3.301514e+00 2.826303e+00 2.997555e+00 1.704035e+00 2.293024e+00 4.723701e+00 2.584889e+00 6.473346e+00 1.416321e+00 1.110760e+00 3.439092e-01 3.694684e-01 1.159966e+00 8.382176e-01 3.955181e-01 6.381020e-01 1.872329e-01 4.591710e-01 4.304067e-01 3.600438e-01 7.985917e-01
<GCONST> 1.324314e+02
<STATE> 3
<MEAN> 39
 -8.526844e+00 1.201901e+01 3.664774e+00 3.804755e+00 2.031666e+00 3.065745e+00 -1.026965e+01 -1.079082e+01 -6.712369e+00 -4.336469e+00 2.366332e+00 -5.219582e+00 7.179630e+01 -3.981903e+00 3.135353e+00 4.689163e-01 1.820873e+00 2.284971e+00 9.913076e-01 1.443836e+00 4.006495e-01 -2.073996e-02 -4.619940e-01 -1.732463e+00 -4.250818e-01 -8.431234e-01 -3.496811e-01 -7.177294e-01 -3.404802e-01 -6.495684e-01 -3.928078e-01 -9.115130e-03 2.186165e-01 7.294749e-02 2.484476e-01 -2.879675e-01 6.095392e-02 2.589990e-01 9.154665e-01
<VARIANCE> 39
 5.674375e+01 5.339272e+01 7.574465e+01 3.414000e+01 3.819306e+01 5.799094e+01 3.190705e+01 1.560506e+01 1.917811e+01 1.801810e+01 2.977465e+01 4.177679e+01 4.183572e+01 4.197568e+00 7.317712e+00 2.509666e+00 2.921924e+00 1.565737e+00 3.678704e+00 3.004580e+00 2.385393e+00 1.555101e+00 4.231175e+00 2.739216e+00 1.236705e+00 5.653420e+00 1.287996e+00 8.289794e-01 4.269125e-01 4.061435e-01 2.405057e-01 7.532226e-01 5.302750e-01 2.492510e-01 2.842261e-01 3.835366e-01 4.067879e-01 2.115012e-01 9.242148e-01
<GCONST> 1.219767e+02
<STATE> 4
<MEAN> 39
 -1.856618e+01 1.333330e+01 3.673645e+00 1.634051e+00 5.581055e+00 1.943896e+00 -8.723475e+00 -9.412296e+00 -7.647123e+00 -7.366424e+00 -7.543638e-01 -4.130536e+00 7.681112e+01 1.482869e+00 -1.243029e+00 2.449586e-01 -9.307685e-01 -5.702235e-01 -2.738040e-01 -1.464886e-01 -9.822527e-02 -2.747428e-01 -2.281457e-01 1.410336e-01 7.778107e-01 1.164725e-01 1.142076e+00 -3.201778e-01 -2.400672e-02 4.227688e-02 -5.740222e-01 -1.279093e-01 -6.527081e-02 -3.687759e-02 -1.454013e-01 5.010774e-02 1.166582e-01 2.374373e-02 -4.001921e-01
<VARIANCE> 39
 5.721287e+01 3.825676e+01 3.180790e+01 4.556894e+01 2.832925e+01 4.293242e+01 4.281025e+01 3.338297e+01 3.304594e+01 3.118042e+01 3.508455e+01 3.637262e+01 1.107494e+01 1.312157e+01 3.633194e+00 2.671002e+00 4.321404e+00 3.282393e+00 3.316566e+00 4.785246e+00 3.280344e+00 2.409933e+00 1.862161e+00 2.565881e+00 9.486862e-01 4.821237e+00 1.559862e+00 1.083769e+00 4.154398e-01 1.053061e+00 3.676078e-01 6.969671e-01 1.006797e+00 7.481814e-01 4.638476e-01 4.988784e-01 5.306543e-01 1.973100e-01 6.638510e-01
<GCONST> 1.268482e+02
<TRANSP> 5
 0.000000e+00 1.000000e+00 0.000000e+00 0.000000e+00 0.000000e+00
 0.000000e+00 6.391011e-01 3.608989e-01 0.000000e+00 0.000000e+00
 0.000000e+00 0.000000e+00 5.821214e-01 4.178787e-01 0.000000e+00
 0.000000e+00 0.000000e+00 0.000000e+00 8.341651e-01 1.658349e-01
 0.000000e+00 0.000000e+00 0.000000e+00 0.000000e+00 0.000000e+00
<ENDHMM>
~h "ea"
<BEGINHMM>
<NUMSTATES> 5
<STATE> 2
<MEAN> 39
 -1.144407e+00 -5.633179e+00 -3.727209e+00 8.476388e-01 -1.149686e+01 -5.553880e+00 -9.964501e+00 -3.932930e+00 2.306321e+00 -3.482972e+00 -4.050776e+00 -7.190952e+00 8.006731e+01 2.489140e-01 -1.176695e-01 -5.362416e-01 -3.104810e-01 8.371059e-01 8.817404e-01 4.968635e-01 -4.262432e-02 -2.837967e-01 2.628333e-01 -1.523657e-01 -3.931438e-01 -2.807203e-01 -1.554412e-01 3.927171e-01 3.585936e-01 2.130982e-01 3.663037e-01 1.607902e-01 1.046286e-01 -2.447672e-01 -4.200297e-01 -1.989847e-01 9.101649e-02 2.090214e-01 -4.120384e-01
<VARIANCE> 39
 7.244998e+00 1.443066e+01 1.986981e+01 3.117387e+01 6.467643e+01 5.788174e+01 7.693209e+01 8.204041e+01 4.964629e+01 4.402743e+01 6.398892e+01 7.197462e+01 1.748451e+01 4.105523e-01 1.106260e+00 1.231552e+00 1.493042e+00 2.216892e+00 2.133143e+00 2.016549e+00 3.077767e+00 2.407917e+00 1.868589e+00 2.042422e+00 2.144601e+00 6.606218e-01 2.025280e-01 1.732793e-01 1.990365e-01 2.095914e-01 4.418491e-01 4.090874e-01 5.094931e-01 5.884659e-01 4.174888e-01 4.018222e-01 4.242598e-01 3.462147e-01 1.371051e-01
<GCONST> 1.093531e+02
<STATE> 3
<MEAN> 39
 1.207404e-01 -3.373476e+00 -3.012106e+00 2.005528e+00 -5.920642e+00 -1.592402e+00 -7.668001e+00 -7.825582e+00 -1.305790e+00 -3.069729e+00 -3.492117e+00 -5.466424e+00 7.619327e+01 -2.302754e-01 1.378054e+00 9.627216e-01 5.866148e-01 1.928385e+00 1.213485e+00 8.243429e-01 -2.428747e-01 -1.232594e+00 -6.302968e-01 2.152362e-01 5.782376e-01 -2.095419e+00 -6.670110e-01 3.587864e-01 4.392908e-01 2.165984e-01 3.986291e-01 -8.351998e-02 2.290216e-01 4.062458e-01 8.847199e-02 -2.236452e-01 -2.629313e-02 2.392979e-01 -5.599658e-01
<VARIANCE> 39
 9.971005e+00 1.387196e+01 2.279200e+01 4.562906e+01 6.564613e+01 8.090019e+01 9.975404e+01 6.869344e+01 5.117929e+01 4.351889e+01 7.377586e+01 9.202835e+01 3.783343e+01 1.422689e+00 1.491073e+00 1.857064e+00 2.238344e+00 2.708552e+00 3.035261e+00 2.662171e+00 4.002077e+00 2.725768e+00 3.129344e+00 2.565925e+00 2.347760e+00 2.094027e+00 5.049018e-01 2.547815e-01 3.601628e-01 4.942418e-01 4.862305e-01 5.964212e-01 6.937079e-01 6.121800e-01 5.957732e-01 5.900215e-01 5.963362e-01 5.241968e-01 3.345952e-01
<GCONST> 1.232821e+02
<STATE> 4
<MEAN> 39
 -2.036654e+00 -1.234055e-01 3.679686e-01 4.400924e+00 -1.826704e-02 1.137802e+00 -5.632939e+00 -6.097240e+00 -3.573580e+00 -5.343827e+00 -2.911482e+00 -3.525901e+00 6.906467e+01 -2.229990e+00 1.527059e+00 1.116680e+00 4.701316e-01 1.875416e+00 5.699357e-01 9.177643e-01 6.239901e-01 -3.450451e-01 -3.834333e-01 3.549665e-01 9.953687e-01 -2.673007e+00 -7.135364e-01 -1.822770e-01 -2.405523e-01 -2.885504e-01 -3.894525e-01 -2.698042e-01 9.137069e-02 3.108269e-01 4.211858e-01 2.739026e-01 4.035722e-02 7.562127e-02 -7.057145e-03
<VARIANCE> 39
 2.051794e+01 1.793185e+01 3.161914e+01 4.464772e+01 9.301053e+01 8.663586e+01 7.499852e+01 6.167928e+01 4.560096e+01 3.867215e+01 6.872078e+01 8.921434e+01 9.100809e+01 4.855214e+00 2.567746e+00 3.042035e+00 3.864217e+00 5.080434e+00 4.331212e+00 5.135485e+00 4.373733e+00 4.250008e+00 4.208255e+00 4.043504e+00 3.471993e+00 3.902971e+00 6.188987e-01 3.111029e-01 5.049810e-01 6.262799e-01 7.521905e-01 6.752558e-01 5.473834e-01 6.619754e-01 6.107877e-01 6.285108e-01 5.886881e-01 5.911746e-01 3.581041e-01
<GCONST> 1.335255e+02
<TRANSP> 5
 0.000000e+00 1.000000e+00 0.000000e+00 0.000000e+00 0.000000e+00
 0.000000e+00 7.936420e-01 2.063580e-01 0.000000e+00 0.000000e+00
 0.000000e+00 0.000000e+00 4.300837e-01 5.699162e-01 0.000000e+00
 0.000000e+00 0.000000e+00 0.000000e+00 4.173872e-01 5.826128e-01
 0.000000e+00 0.000000e+00 0.000000e+00 0.000000e+00 0.000000e+00
<ENDHMM>
~h "ee"
<BEGINHMM>
<NUMSTATES> 5
<STATE> 2
<MEAN> 39
 -4.628857e+00 -2.986206e-01 5.153409e+00 7.913952e+00 -1.840462e+01 -1.289952e+01 -1.083490e+01 -8.720701e+00 -2.726723e+00 -1.132908e+01 -8.095433e-01 -1.919544e+00 7.941595e+01 2.278547e-01 -2.417973e-01 -5.582655e-01 -4.416369e-02 -3.935596e-01 -8.532914e-02 -1.749799e-01 3.160420e-01 4.696309e-01 2.817789e-01 2.312237e-01 -1.665539e-01 2.382106e-01 -7.687153e-02 1.635808e-01 -5.549381e-02 -1.399080e-01 8.494198e-01 4.749643e-01 6.335086e-02 1.451464e-01 -1.632975e-01 1.939894e-01 -1.456554e-01 -1.007377e-01 -4.232867e-01
<VARIANCE> 39
 7.871847e+00 1.688334e+01 3.231836e+01 2.870409e+01 1.148508e+02 4.421985e+01 7.729080e+01 4.696243e+01 8.420783e+01 4.182975e+01 5.179955e+01 3.921491e+01 1.374616e+01 7.937645e-01 9.070265e-01 1.234777e+00 1.148218e+00 3.649030e+00 1.869547e+00 2.829282e+00 2.347282e+00 2.074312e+00 1.903506e+00 2.067351e+00 1.399390e+00 6.709800e-01 2.939718e-01 1.980340e-01 2.519487e-01 2.785788e-01 5.068262e-01 4.557362e-01 5.869581e-01 5.730928e-01 5.413690e-01 4.743744e-01 4.321252e-01 3.391498e-01 1.535725e-01
<GCONST> 1.111955e+02
<STATE> 3
<MEAN> 39
 -3.009545e+00 -1.250856e+00 2.688662e+00 7.748482e+00 -1.318136e+01 -1.000826e+01 -1.227821e+01 -7.074567e+00 -3.374351e-01 -8.149090e+00 -1.415692e+00 -2.588198e+00 7.889788e+01 2.021448e-01 4.665563e-01 -3.748816e-01 -3.301090e-01 2.098382e+00 1.289941e+00 1.321131e-01 8.673495e-02 -4.622583e-01 5.404322e-01 -2.812096e-01 -3.997124e-01 -9.614587e-01 -3.563361e-01 3.589453e-01 2.825131e-01 -1.022378e-01 7.248595e-01 4.782918e-01 4.755200e-01 -3.652035e-02 -3.167567e-01 -2.418128e-02 -5.967219e-02 9.408081e-02 -5.455264e-01
<VARIANCE> 39
 7.917950e+00 1.889807e+01 3.163022e+01 2.969139e+01 8.109801e+01 5.974343e+01 8.917894e+01 6.273258e+01 8.046134e+01 5.022600e+01 6.331965e+01 4.238507e+01 2.560184e+01 1.227653e+00 1.214257e+00 1.768135e+00 1.823762e+00 3.825369e+00 2.460394e+00 2.823187e+00 2.811900e+00 3.104589e+00 2.672112e+00 2.862782e+00 2.093627e+00 1.318719e+00 4.762285e-01 2.448737e-01 2.773378e-01 3.156695e-01 4.923636e-01 5.072519e-01 6.854097e-01 6.181123e-01 6.244098e-01 4.726973e-01 5.035239e-01 4.010712e-01 2.953017e-01
<GCONST> 1.192841e+02
<STATE> 4
<MEAN> 39
 -2.914346e+00 7.131795e-01 2.959805e+00 7.068318e+00 -6.261894e+00 -5.566200e+00 -1.000494e+01 -6.707458e+00 -2.992131e+00 -7.744666e+00 -2.139815e+00 -2.794202e+00 7.417728e+01 -1.192991e+00 1.109200e+00 2.949934e-01 -6.093338e-01 3.021094e+00 1.878493e+00 1.263344e+00 2.280617e-01 -4.972727e-01 4.128628e-01 -1.441113e-01 1.110763e-01 -2.086711e+00 -7.189705e-01 4.547639e-02 2.993293e-02 -1.776148e-01 -1.375277e-01 2.992429e-02 3.974040e-01 1.911067e-01 1.676788e-01 5.962087e-02 1.215911e-01 2.286783e-01 -2.385208e-01
<VARIANCE> 39
 1.773327e+01 2.227524e+01 3.717376e+01 3.644627e+01 8.647581e+01 8.430655e+01 8.857844e+01 6.535764e+01 6.227280e+01 4.586806e+01 6.563864e+01 4.728235e+01 6.157735e+01 5.994302e+00 2.395459e+00 3.142601e+00 3.092413e+00 5.339817e+00 4.150633e+00 4.972288e+00 4.025061e+00 5.061144e+00 3.830391e+00 3.839849e+00 3.062307e+00 3.867188e+00 5.912946e-01 3.294734e-01 5.772561e-01 4.980862e-01 7.594692e-01 6.486223e-01 7.315699e-01 5.996785e-01 7.635608e-01 6.650163e-01 6.506710e-01 4.705818e-01 3.877343e-01
<GCONST> 1.331357e+02
<TRANSP> 5
 0.000000e+00 1.000000e+00 0.000000e+00 0.000000e+00 0.000000e+00
 0.000000e+00 7.406800e-01 2.593201e-01 0.000000e+00 0.000000e+00
 0.000000e+00 0.000000e+00 4.038620e-01 5.961381e-01 0.000000e+00
 0.000000e+00 0.000000e+00 0.000000e+00 3.986576e-01 6.013424e-01
 0.000000e+00 0.000000e+00 0.000000e+00 0.000000e+00 0.000000e+00
<ENDHMM>
~h "iE"
<BEGINHMM>
<NUMSTATES> 5
<STATE> 2
<MEAN> 39
 -7.220627e+00 1.997287e+00 1.154700e+01 9.052047e+00 -1.714459e+01 -1.220029e+01 -5.490130e+00 -1.428528e+01 -5.978916e+00 -1.337325e+01 -4.224434e+00 -5.897210e-01 7.893057e+01 4.607958e-01 -8.182707e-01 -1.255752e+00 -2.421829e-01 -1.394087e+00 -8.583814e-01 -6.483274e-01 4.267664e-01 1.130555e+00 1.758190e-01 7.082903e-01 1.184270e-01 8.745462e-01 4.549623e-02 -1.349552e-01 -4.987483e-01 -2.422134e-01 4.934107e-01 2.598036e-01 -2.724998e-01 5.540180e-01 2.527654e-01 4.561672e-01 1.096300e-01 -1.211850e-01 -1.356784e-01
<VARIANCE> 39
 9.231784e+00 1.840580e+01 3.220547e+01 3.789388e+01 1.103116e+02 4.933718e+01 6.351726e+01 2.894213e+01 8.048309e+01 2.540261e+01 4.076461e+01 3.552033e+01 8.531122e+00 8.451916e-01 1.110701e+00 1.995510e+00 1.447851e+00 3.063256e+00 2.010575e+00 2.311369e+00 3.779168e+00 2.429863e+00 2.217130e+00 1.913780e+00 1.429044e+00 3.931077e-01 2.082560e-01 1.932794e-01 3.053803e-01 3.028368e-01 4.878433e-01 4.841875e-01 3.870074e-01 5.719466e-01 4.659328e-01 4.466405e-01 4.368409e-01 2.852806e-01 7.287695e-02
<GCONST> 1.090065e+02
<STATE> 3
<MEAN> 39
 -4.552893e+00 -3.389715e+00 2.416593e+00 5.847344e+00 -1.985939e+01 -1.298095e+01 -1.255997e+01 -6.951902e+00 1.441812e+00 -9.743139e+00 -8.719046e-01 -2.767722e+00 8.218193e+01 7.375995e-01 -7.840537e-01 -1.836005e+00 -1.011331e+00 9.153765e-01 8.434903e-01 -1.187870e+00 1.249443e+00 7.312826e-01 1.439547e+00 1.502462e-02 -8.364697e-01 2.506336e-01 -6.151147e-02 3.147322e-01 3.221452e-01 -8.805770e-02 6.211208e-01 4.881085e-01 2.339948e-01 -3.646375e-01 -4.940675e-01 1.611467e-03 -1.772979e-01 -1.219486e-01 -3.540621e-01
<VARIANCE> 39
 7.302477e+00 1.552499e+01 2.945703e+01 3.439816e+01 1.142402e+02 4.350507e+01 5.608367e+01 4.948082e+01 6.829779e+01 3.279185e+01 4.811457e+01 4.695720e+01 7.970966e+00 3.110394e-01 8.595968e-01 1.477956e+00 1.355898e+00 2.004964e+00 1.861113e+00 1.779064e+00 3.253675e+00 2.384018e+00 2.241770e+00 3.341860e+00 1.683745e+00 3.195078e-01 9.882639e-02 1.443282e-01 2.217879e-01 2.300397e-01 3.796546e-01 3.968990e-01 3.411577e-01 5.584147e-01 3.772533e-01 4.084570e-01 4.519546e-01 3.240988e-01 8.063360e-02
<GCONST> 1.049073e+02
<STATE> 4
<MEAN> 39
 -2.061617e+00 -3.866345e+00 -1.424029e+00 1.976869e+00 -1.205354e+01 -7.571471e+00 -1.486380e+01 -6.594097e+00 1.880523e-01 -4.791368e+00 -1.544818e+00 -5.822806e+00 8.077120e+01 -1.816491e-01 1.219172e+00 3.970593e-02 -6.713529e-01 2.756844e+00 1.794492e+00 6.596016e-01 -5.754527e-01 -1.096378e+00 4.955499e-01 1.807925e-01 5.324596e-02 -1.539969e+00 -7.008715e-01 4.770689e-01 5.554172e-01 3.077929e-01 3.354294e-01 7.706493e-02 7.635423e-01 -5.374715e-03 -2.239972e-01 -4.275255e-01 -3.462320e-02 4.306351e-01 -6.146291e-01
<VARIANCE> 39
 1.014370e+01 2.287328e+01 2.961666e+01 4.161649e+01 8.233761e+01 6.010622e+01 6.445986e+01 6.244716e+01 5.594441e+01 4.255577e+01 6.281266e+01 7.846362e+01 1.447515e+01 3.123690e+00 1.999509e+00 2.563662e+00 3.282036e+00 4.078671e+00 3.722161e+00 4.213132e+00 3.987870e+00 3.553643e+00 3.330022e+00 3.196444e+00 3.576245e+00 2.330771e+00 5.717310e-01 3.241352e-01 4.144801e-01 4.245142e-01 5.310299e-01 5.812139e-01 6.267184e-01 9.352582e-01 7.243412e-01 6.602160e-01 6.718161e-01 5.288718e-01 3.680020e-01
<GCONST> 1.273503e+02
<TRANSP> 5
 0.000000e+00 1.000000e+00 0.000000e+00 0.000000e+00 0.000000e+00
 0.000000e+00 7.816292e-01 2.183707e-01 0.000000e+00 0.000000e+00
 0.000000e+00 0.000000e+00 6.969731e-01 3.030269e-01 0.000000e+00
 0.000000e+00 0.000000e+00 0.000000e+00 6.742245e-01 3.257754e-01
 0.000000e+00 0.000000e+00 0.000000e+00 0.000000e+00 0.000000e+00
<ENDHMM>
~h "iI"
<BEGINHMM>
<NUMSTATES> 5
<STATE> 2
<MEAN> 39
 -8.323849e+00 4.202404e+00 1.574492e+01 1.009235e+01 -1.376887e+01 -9.831002e+00 -2.197294e+00 -1.575503e+01 -8.714583e+00 -1.300402e+01 -6.517572e+00 -6.817783e-01 7.647917e+01 1.036050e-01 1.276100e-02 -1.103494e-02 1.902511e-01 -7.472950e-01 -4.833577e-01 3.045843e-01 -4.979095e-01 -4.729980e-02 -4.032785e-01 1.057811e-01 1.444927e-01 2.901262e-01 -2.102151e-02 -6.718984e-02 -3.380931e-01 -6.002947e-02 3.503206e-01 6.923394e-02 -1.979768e-01 3.864338e-01 1.310710e-01 1.242010e-01 1.550950e-01 -4.859553e-02 -1.517642e-01
<VARIANCE> 39
 9.932537e+00 2.356306e+01 3.105631e+01 5.165627e+01 9.284722e+01 4.097400e+01 5.958418e+01 4.003421e+01 6.769788e+01 3.681977e+01 3.030299e+01 3.388777e+01 1.094243e+01 8.627875e-01 1.067729e+00 1.520808e+00 1.444952e+00 2.719002e+00 1.903119e+00 1.822840e+00 3.003248e+00 2.208234e+00 1.950020e+00 1.571816e+00 1.285825e+00 7.293429e-01 2.011119e-01 2.096265e-01 2.688309e-01 2.707056e-01 4.592270e-01 3.756905e-01 3.543535e-01 5.077333e-01 4.259940e-01 3.905315e-01 2.903638e-01 2.554555e-01 1.398461e-01
<GCONST> 1.079580e+02
<STATE> 3
<MEAN> 39
 -7.276147e+00 1.976105e+00 1.156890e+01 1.116541e+01 -1.591702e+01 -1.299008e+01 -5.303614e+00 -1.367753e+01 -6.019567e+00 -1.654165e+01 -3.759324e+00 -8.981092e-01 7.776332e+01 3.120565e-01 2.219196e-02 -1.274094e+00 -6.068544e-02 1.503160e+00 -5.675153e-02 -1.246401e+00 1.310449e+00 4.142582e-01 1.923817e-01 3.779131e-01 -1.896312e-01 -3.896495e-01 -2.105711e-01 1.632579e-01 -1.669415e-01 -3.670504e-01 8.947618e-01 6.347454e-01 -1.534108e-01 3.408672e-01 6.132701e-02 6.118563e-01 -8.708555e-02 -1.381065e-01 -3.956963e-01
<VARIANCE> 39
 8.483994e+00 1.976115e+01 3.422611e+01 4.883908e+01 1.143634e+02 3.670214e+01 6.241797e+01 3.383809e+01 8.436315e+01 3.962881e+01 4.213567e+01 4.513554e+01 1.175939e+01 1.198107e+00 1.151668e+00 1.824093e+00 1.619369e+00 3.748998e+00 2.730865e+00 2.768171e+00 3.082860e+00 3.297679e+00 2.757042e+00 2.365284e+00 1.639176e+00 1.030627e+00 3.438046e-01 2.223518e-01 2.763862e-01 3.426342e-01 5.897244e-01 5.347283e-01 5.642197e-01 5.740890e-01 7.283230e-01 5.110355e-01 4.797238e-01 3.125928e-01 2.597931e-01
<GCONST> 1.163728e+02
<STATE> 4
<MEAN> 39
 -7.125966e+00 3.297995e+00 8.352606e+00 9.831048e+00 -7.309027e+00 -1.017288e+01 -9.439537e+00 -9.737882e+00 -5.229706e+00 -1.311574e+01 -3.934316e+00 -1.826284e+00 7.526004e+01 -9.968276e-01 5.804088e-01 -1.461391e+00 -1.336594e+00 3.505909e+00 2.329940e+00 -2.111609e-01 1.558723e+00 5.780427e-01 2.007118e+00 1.723992e-01 -3.542866e-01 -1.650189e+00 -5.865498e-01 -9.029488e-02 -1.256283e-01 -4.178682e-01 -1.075165e-01 5.056176e-01 7.314215e-01 -2.093707e-02 6.667292e-02 3.691685e-01 1.243815e-01 1.374277e-01 -2.229717e-01
<VARIANCE> 39
 2.802889e+01 2.465807e+01 4.544350e+01 4.179652e+01 9.525246e+01 5.303401e+01 6.501782e+01 4.204300e+01 7.193791e+01 4.496992e+01 3.917937e+01 4.454229e+01 2.449806e+01 6.570215e+00 2.678652e+00 3.306875e+00 3.752127e+00 5.612522e+00 5.119166e+00 5.930425e+00 4.748163e+00 6.611680e+00 3.995938e+00 4.107716e+00 2.561522e+00 4.331488e+00 4.662163e-01 4.322402e-01 7.188582e-01 5.074289e-01 9.889780e-01 7.790930e-01 7.660708e-01 7.191346e-01 1.032710e+00 6.907098e-01 6.583041e-01 4.701218e-01 5.333442e-01
<GCONST> 1.345196e+02
<TRANSP> 5
 0.000000e+00 1.000000e+00 0.000000e+00 0.000000e+00 0.000000e+00
 0.000000e+00 8.322718e-01 1.677282e-01 0.000000e+00 0.000000e+00
 0.000000e+00 0.000000e+00 5.889804e-01 4.110196e-01 0.000000e+00
 0.000000e+00 0.000000e+00 0.000000e+00 5.031963e-01 4.968037e-01
 0.000000e+00 0.000000e+00 0.000000e+00 0.000000e+00 0.000000e+00
<ENDHMM>
~h "ie"
<BEGINHMM>
<NUMSTATES> 5
<STATE> 2
<MEAN> 39
 -5.495181e+00 6.040671e-02 9.010992e+00 1.002298e+01 -1.515289e+01 -1.252824e+01 -1.044014e+01 -1.113314e+01 -4.448861e+00 -1.275717e+01 -2.229456e+00 -7.112983e-01 7.921557e+01 9.325650e-01 -4.592694e-01 -9.122516e-01 -1.558466e-01 -2.117755e+00 -8.365851e-01 -9.200732e-01 -1.766566e-01 8.711281e-01 -2.126485e-01 8.054839e-01 7.621226e-02 1.137402e+00 -2.344707e-01 7.253997e-03 -5.040900e-01 -4.599857e-01 8.192976e-01 6.871677e-01 1.480329e-01 5.088843e-01 2.334426e-01 7.280871e-01 9.822318e-02 -1.457740e-01 -4.467118e-01
<VARIANCE> 39
 1.133481e+01 1.643057e+01 3.410832e+01 2.957571e+01 9.815427e+01 4.641080e+01 6.461721e+01 3.626933e+01 8.466612e+01 3.788356e+01 4.971764e+01 3.373226e+01 9.358703e+00 2.114318e+00 1.786375e+00 2.849453e+00 2.364087e+00 5.793110e+00 3.440017e+00 3.966645e+00 4.234902e+00 4.156034e+00 4.552719e+00 3.211448e+00 2.496477e+00 9.431279e-01 4.569113e-01 3.592446e-01 4.847918e-01 4.102782e-01 7.096177e-01 5.641082e-01 6.907319e-01 7.509828e-01 8.301656e-01 6.529247e-01 6.055175e-01 4.982384e-01 2.073184e-01
<GCONST> 1.233737e+02
<STATE> 3
<MEAN> 39
 -4.378277e+00 -1.798563e+00 4.009918e+00 7.328817e+00 -1.826768e+01 -1.214663e+01 -1.404235e+01 -8.505460e+00 -1.410899e-01 -1.049623e+01 -1.853049e-02 -2.413286e+00 8.106396e+01 5.002545e-01 -1.837905e-01 -1.188180e+00 -8.855590e-01 7.457097e-01 8.707371e-01 -5.237944e-01 6.144068e-01 4.279436e-01 1.116000e+00 1.147322e-01 -6.010995e-01 5.641637e-02 -1.511456e-01 3.181543e-01 2.521790e-01 -1.018212e-01 9.910409e-01 5.184532e-01 3.538426e-01 -6.637424e-02 -4.825379e-01 5.430321e-02 -2.279429e-01 -9.123521e-02 -5.468150e-01
<VARIANCE> 39
 8.470480e+00 1.468506e+01 2.975961e+01 3.047107e+01 1.027931e+02 4.796086e+01 6.333294e+01 4.582836e+01 7.396235e+01 4.206812e+01 5.353620e+01 4.611278e+01 8.475425e+00 5.918233e-01 1.007741e+00 1.774229e+00 1.774795e+00 3.235416e+00 2.263207e+00 2.301084e+00 2.834142e+00 3.117898e+00 2.733035e+00 3.279367e+00 2.127748e+00 7.018672e-01 2.734828e-01 2.035175e-01 3.036720e-01 3.096066e-01 4.982187e-01 4.829493e-01 5.777808e-01 7.134761e-01 6.291714e-01 6.085474e-01 5.593917e-01 4.901886e-01 1.714307e-01
<GCONST> 1.144250e+02
<STATE> 4
<MEAN> 39
 -2.606268e+00 -1.486023e+00 1.568575e+00 4.404043e+00 -1.119406e+01 -7.231026e+00 -1.491286e+01 -8.391082e+00 -1.315984e+00 -6.373022e+00 -4.552991e-01 -4.225557e+00 7.967773e+01 -3.208690e-01 1.212871e+00 2.813193e-01 -7.397674e-01 3.095596e+00 1.860492e+00 1.229130e+00 -5.722418e-02 -1.160129e+00 4.301164e-01 -1.240624e-01 -2.502693e-02 -1.825852e+00 -6.234624e-01 2.267399e-01 5.003234e-01 2.564795e-01 3.960380e-01 2.799359e-02 6.655274e-01 1.244294e-01 -1.623766e-01 -3.503748e-01 -1.477651e-02 3.721322e-01 -6.686339e-01
<VARIANCE> 39
 1.252192e+01 2.159028e+01 3.709545e+01 4.125749e+01 8.305428e+01 6.730930e+01 6.684966e+01 4.786236e+01 5.874400e+01 4.821277e+01 6.412401e+01 6.033033e+01 1.347245e+01 3.504743e+00 1.737194e+00 2.567022e+00 2.913618e+00 4.535839e+00 3.651439e+00 4.470959e+00 4.160962e+00 4.285508e+00 3.747166e+00 3.944005e+00 3.792537e+00 3.222410e+00 6.296090e-01 4.044570e-01 4.860530e-01 5.017505e-01 6.105568e-01 6.341352e-01 6.340178e-01 6.796568e-01 9.848776e-01 7.936227e-01 7.140960e-01 5.620724e-01 4.482145e-01
<GCONST> 1.297892e+02
<TRANSP> 5
 0.000000e+00 1.000000e+00 0.000000e+00 0.000000e+00 0.000000e+00
 0.000000e+00 4.567892e-01 5.432108e-01 0.000000e+00 0.000000e+00
 0.000000e+00 0.000000e+00 6.288897e-01 3.711103e-01 0.000000e+00
 0.000000e+00 0.000000e+00 0.000000e+00 5.118709e-01 4.881291e-01
 0.000000e+00 0.000000e+00 0.000000e+00 0.000000e+00 0.000000e+00
<ENDHMM>
~h "ii"
<BEGINHMM>
<NUMSTATES> 5
<STATE> 2
<MEAN> 39
 -7.180341e+00 3.397249e+00 1.200881e+01 1.037933e+01 -1.435577e+01 -1.061375e+01 -6.744528e+00 -1.390743e+01 -7.010297e+00 -1.400834e+01 -3.238106e+00 -1.162292e+00 7.637245e+01 8.264661e-01 4.391372e-04 7.216443e-02 8.881065e-01 -1.236980e+00 -8.188685e-01 -1.323452e-01 -9.020185e-01 8.819602e-02 -9.625565e-01 1.169515e-01 1.556224e-01 5.631064e-01 -1.807567e-01 -6.489729e-02 -5.526404e-01 -4.070646e-01 6.524210e-01 4.685593e-01 1.683595e-02 5.766962e-01 2.159343e-01 4.956793e-01 1.413196e-01 -3.100917e-03 -4.124562e-01
<VARIANCE> 39
 1.264822e+01 2.144086e+01 4.134428e+01 3.506277e+01 9.541252e+01 4.537019e+01 6.416917e+01 4.093021e+01 8.831493e+01 3.850696e+01 3.952636e+01 3.226850e+01 2.110779e+01 2.898302e+00 1.784043e+00 3.439683e+00 2.245346e+00 5.078373e+00 3.457330e+00 4.172928e+00 4.901523e+00 3.705834e+00 3.671896e+00 2.693506e+00 2.006204e+00 2.815866e+00 4.866027e-01 3.519820e-01 4.905418e-01 4.794010e-01 8.097768e-01 6.225545e-01 6.801463e-01 7.558544e-01 7.602686e-01 6.475344e-01 4.597604e-01 3.938925e-01 3.483848e-01
<GCONST> 1.260078e+02
<STATE> 3
<MEAN> 39
 -5.565868e+00 2.284223e+00 8.750534e+00 1.143147e+01 -1.418863e+01 -1.205493e+01 -7.981120e+00 -1.244909e+01 -4.122777e+00 -1.472700e+01 -3.091360e+00 -1.047339e+00 7.683121e+01 5.035157e-01 1.463525e-01 -9.182879e-01 -2.434651e-01 1.355686e+00 6.645243e-01 -4.226029e-01 7.747101e-01 2.879312e-01 5.686640e-01 2.531694e-02 -1.584893e-01 -7.269765e-01 -2.468341e-01 1.623925e-01 -1.009823e-01 -4.040834e-01 8.250943e-01 6.268824e-01 1.965898e-01 3.966632e-01 -1.394997e-01 5.061172e-01 -5.943080e-02 -9.090480e-02 -5.305695e-01
<VARIANCE> 39
 1.092631e+01 1.993828e+01 3.704468e+01 3.571103e+01 1.105194e+02 5.198814e+01 7.736545e+01 3.790065e+01 8.492863e+01 4.142391e+01 5.376655e+01 4.071757e+01 1.978880e+01 1.707418e+00 1.375374e+00 2.447145e+00 1.710506e+00 4.581692e+00 2.998413e+00 3.241206e+00 3.196339e+00 3.250915e+00 2.911636e+00 2.451984e+00 1.704367e+00 1.831527e+00 4.544159e-01 2.935480e-01 3.586146e-01 3.916575e-01 7.059915e-01 5.928783e-01 7.264627e-01 6.453191e-01 8.003220e-01 5.838209e-01 5.267407e-01 3.566126e-01 3.630797e-01
<GCONST> 1.222048e+02
<STATE> 4
<MEAN> 39
 -4.265154e+00 3.243646e+00 6.373403e+00 9.621222e+00 -6.239995e+00 -6.875955e+00 -8.719384e+00 -9.263804e+00 -4.130588e+00 -1.092901e+01 -3.285512e+00 -1.869667e+00 7.252348e+01 -4.096674e-01 5.466378e-01 -7.364747e-01 -1.104631e+00 2.756133e+00 2.071961e+00 6.526359e-01 1.233353e+00 -1.412929e-01 1.450969e+00 -1.864471e-02 -1.747830e-01 -2.115925e+00 -5.403182e-01 -1.266112e-01 1.294715e-02 -2.853841e-01 -2.042015e-01 1.418944e-01 4.195679e-01 1.090793e-01 1.029154e-02 1.197021e-01 1.050279e-01 1.192863e-01 -1.208317e-01
<VARIANCE> 39
 2.404344e+01 2.501030e+01 4.361570e+01 3.618422e+01 8.325291e+01 7.059657e+01 8.042415e+01 4.998740e+01 6.915897e+01 4.263575e+01 4.882105e+01 4.200579e+01 5.473483e+01 5.072789e+00 2.653317e+00 3.506811e+00 2.894935e+00 5.665330e+00 4.127871e+00 4.385365e+00 4.000905e+00 5.754131e+00 4.019055e+00 3.600578e+00 2.426539e+00 4.580719e+00 4.405189e-01 4.262723e-01 6.767550e-01 4.598222e-01 9.465083e-01 7.582481e-01 8.012241e-01 6.696392e-01 8.786184e-01 6.397488e-01 6.289524e-01 4.120903e-01 5.854705e-01
<GCONST> 1.335447e+02
<TRANSP> 5
 0.000000e+00 1.000000e+00 0.000000e+00 0.000000e+00 0.000000e+00
 0.000000e+00 5.696124e-01 4.303876e-01 0.000000e+00 0.000000e+00
 0.000000e+00 0.000000e+00 5.565431e-01 4.434570e-01 0.000000e+00
 0.000000e+00 0.000000e+00 0.000000e+00 3.886636e-01 6.113364e-01
 0.000000e+00 0.000000e+00 0.000000e+00 0.000000e+00 0.000000e+00
<ENDHMM>
~h "oO"
<BEGINHMM>
<NUMSTATES> 5
<STATE> 2
<MEAN> 39
 2.337299e+00 2.838995e+00 -3.152331e+00 -1.077353e+01 -1.778958e+01 1.381815e+00 -3.496368e+00 -1.234215e+01 -3.833701e+00 -9.003125e+00 -1.741914e+00 -9.069166e-01 7.789203e+01 7.149842e-01 -1.739310e-01 -4.084162e-01 -1.886429e+00 -1.586971e+00 9.326115e-01 1.213477e+00 4.911946e-01 -1.583213e-01 -4.129608e-01 -1.315870e-01 -1.204587e-01 2.885031e-01 -4.420315e-01 -1.688812e-01 2.181242e-01 5.218886e-01 6.797038e-01 -1.437123e-01 -1.009695e-01 3.308222e-01 4.796841e-02 9.473396e-02 -1.169402e-01 -4.371691e-02 -2.173125e-01
<VARIANCE> 39
 1.106580e+01 3.334443e+01 3.396149e+01 8.128571e+01 5.669502e+01 7.030292e+01 9.904475e+01 5.576447e+01 5.847069e+01 3.639177e+01 8.422792e+01 7.297202e+01 1.477463e+01 1.252766e+00 1.163578e+00 1.562728e+00 3.594199e+00 4.916600e+00 3.606654e+00 3.150575e+00 3.545769e+00 3.485899e+00 2.584687e+00 3.269385e+00 2.532645e+00 8.130143e-01 2.960498e-01 2.499665e-01 3.862991e-01 4.635315e-01 7.057770e-01 5.726299e-01 6.742367e-01 6.734471e-01 6.784920e-01 5.939338e-01 6.633581e-01 4.488280e-01 1.640140e-01
<GCONST> 1.230469e+02
<STATE> 3
<MEAN> 39
 2.344765e+00 8.804891e-01 -4.107506e+00 -1.480328e+01 -1.891625e+01 3.833921e+00 -2.300285e+00 -9.530746e+00 -4.542500e+00 -9.130893e+00 -2.027208e+00 -3.344985e+00 7.864348e+01 -2.019637e-01 -1.842276e-01 5.472362e-03 3.811644e-01 9.015361e-01 8.251078e-02 -4.653169e-01 -7.287891e-02 -2.810917e-01 1.374420e-01 4.598557e-01 -1.338439e-01 -3.255151e-03 -2.533633e-01 1.503195e-01 1.944646e-01 4.934019e-01 5.483076e-01 -1.816113e-01 -3.603857e-01 -1.316166e-01 2.472573e-02 9.385871e-02 6.706468e-02 -1.074288e-02 -1.273912e-01
<VARIANCE> 39
 9.533942e+00 3.159928e+01 3.096116e+01 7.414214e+01 4.154045e+01 7.687932e+01 9.198008e+01 7.380555e+01 5.181715e+01 3.588787e+01 8.423586e+01 8.856252e+01 1.381930e+01 3.818508e-01 8.475189e-01 8.757741e-01 2.024539e+00 2.685145e+00 2.042893e+00 2.492565e+00 2.294313e+00 2.146428e+00 1.931334e+00 2.448631e+00 1.611710e+00 3.412644e-01 1.584195e-01 1.646311e-01 1.966639e-01 2.486020e-01 4.328341e-01 4.450466e-01 4.319800e-01 4.665909e-01 4.326521e-01 3.987645e-01 4.396476e-01 3.411452e-01 8.430493e-02
<GCONST> 1.096564e+02
<STATE> 4
<MEAN> 39
 -3.188608e-01 1.501795e+00 -1.950472e+00 -7.569273e+00 -9.927101e+00 2.345265e+00 -7.940383e+00 -1.160798e+01 -6.348575e+00 -7.422813e+00 1.434064e+00 -3.025890e+00 7.770309e+01 -2.514976e+00 1.167808e+00 1.458772e+00 2.342690e+00 3.530113e+00 -6.912857e-01 -1.016154e+00 5.912653e-01 4.208595e-01 5.794095e-01 -5.283452e-01 -2.125020e-01 -8.564789e-01 -9.680686e-01 2.249867e-01 1.706471e-01 1.303431e-01 2.582144e-01 -8.252649e-02 4.920364e-01 5.925286e-01 3.888198e-01 5.493301e-02 -4.073754e-01 1.424312e-01 -2.655998e-01
<VARIANCE> 39
 2.064784e+01 3.029725e+01 2.704597e+01 5.659511e+01 5.289079e+01 6.862563e+01 1.208341e+02 6.393520e+01 4.754915e+01 3.736951e+01 7.774866e+01 9.098387e+01 1.962675e+01 6.254470e+00 3.235826e+00 2.425928e+00 3.488599e+00 5.336586e+00 7.225396e+00 6.138327e+00 5.701897e+00 5.037092e+00 4.977808e+00 5.084788e+00 4.037459e+00 2.172897e+00 7.509091e-01 4.518333e-01 5.741187e-01 5.864310e-01 8.709627e-01 7.156631e-01 9.620537e-01 7.633479e-01 9.139091e-01 7.549661e-01 7.729046e-01 6.200446e-01 2.849151e-01
<GCONST> 1.359796e+02
<TRANSP> 5
 0.000000e+00 1.000000e+00 0.000000e+00 0.000000e+00 0.000000e+00
 0.000000e+00 6.683023e-01 3.316977e-01 0.000000e+00 0.000000e+00
 0.000000e+00 0.000000e+00 7.993658e-01 2.006342e-01 0.000000e+00
 0.000000e+00 0.000000e+00 0.000000e+00 5.858338e-01 4.141661e-01
 0.000000e+00 0.000000e+00 0.000000e+00 0.000000e+00 0.000000e+00
<ENDHMM>
~h "oo"
<BEGINHMM>
<NUMSTATES> 5
<STATE> 2
<MEAN> 39
 1.721407e+00 1.559474e+00 -2.809504e+00 -8.132813e+00 -1.422701e+01 1.472572e+00 -5.830828e+00 -1.163863e+01 -4.188101e+00 -7.527865e+00 -2.194759e-02 -1.536186e+00 7.705676e+01 9.437001e-01 -2.553004e-01 -1.916026e-01 -5.461990e-01 -8.565925e-01 3.583734e-01 1.278928e-01 -5.415269e-01 -4.648431e-01 -2.671366e-01 3.693611e-01 -1.399344e-01 7.193630e-01 -6.143454e-01 -3.457480e-02 2.316576e-01 5.820498e-01 7.643883e-01 -8.630016e-02 -2.421155e-02 4.343953e-01 1.140509e-01 3.924257e-02 -1.540965e-01 6.280738e-02 -5.145198e-01
<VARIANCE> 39
 1.189199e+01 3.318462e+01 2.826964e+01 6.980621e+01 4.914083e+01 6.862228e+01 1.133890e+02 6.410297e+01 5.128739e+01 4.600983e+01 8.905477e+01 8.159937e+01 2.767937e+01 2.680736e+00 1.797838e+00 2.049216e+00 4.614882e+00 6.154617e+00 4.021121e+00 4.818178e+00 3.753198e+00 3.563262e+00 3.620236e+00 4.190068e+00 3.256634e+00 3.505528e+00 4.577685e-01 3.993959e-01 4.873286e-01 5.530813e-01 7.889901e-01 7.412898e-01 7.724180e-01 7.270239e-01 7.559136e-01 7.254879e-01 7.695388e-01 5.747711e-01 3.373763e-01
<GCONST> 1.319568e+02
<STATE> 3
<MEAN> 39
 1.760663e+00 4.452384e-01 -3.196112e+00 -7.639376e+00 -1.321184e+01 2.282190e+00 -6.488969e+00 -1.173629e+01 -5.138414e+00 -7.842816e+00 6.960382e-01 -1.917639e+00 7.759906e+01 -3.075956e-01 2.161842e-01 5.393541e-01 1.244072e+00 1.269393e+00 -1.543487e-01 -4.997235e-01 2.595606e-01 -6.769656e-02 -1.085208e-01 -1.835680e-01 -1.087388e-01 -6.348811e-01 -4.758712e-01 2.711399e-01 4.049226e-01 5.582038e-01 6.742907e-01 -1.896008e-01 -2.751479e-03 3.745025e-01 1.327839e-01 -4.497254e-02 -3.157486e-01 -1.792828e-02 -4.999489e-01
<VARIANCE> 39
 9.271626e+00 3.029753e+01 2.598229e+01 6.426079e+01 4.288411e+01 6.967410e+01 1.325337e+02 7.240977e+01 5.516924e+01 4.432919e+01 9.213280e+01 9.825347e+01 2.181001e+01 9.020522e-01 1.605697e+00 1.589400e+00 3.143180e+00 3.672603e+00 3.443856e+00 3.906384e+00 3.220679e+00 3.438595e+00 3.243287e+00 3.524969e+00 2.733781e+00 1.760993e+00 3.783008e-01 2.943442e-01 3.290314e-01 3.951503e-01 6.616271e-01 6.667933e-01 7.803683e-01 7.239184e-01 6.851088e-01 6.173223e-01 7.318779e-01 5.607272e-01 2.822080e-01
<GCONST> 1.255533e+02
<STATE> 4
<MEAN> 39
 2.265505e-02 2.018542e+00 -5.171461e-01 -1.950023e+00 -7.470452e+00 1.714126e+00 -7.797198e+00 -1.057859e+01 -4.889857e+00 -8.277020e+00 -8.386866e-01 -1.877277e+00 7.431017e+01 -1.828752e+00 8.653203e-01 1.524014e+00 2.090680e+00 2.635308e+00 -4.300750e-01 3.965734e-02 1.358372e+00 3.689090e-01 -2.966814e-02 -8.401952e-01 -1.787751e-01 -1.788658e+00 -6.812152e-01 6.341171e-04 4.382175e-02 -1.090844e-01 8.122317e-02 -7.768173e-02 4.076036e-01 3.605267e-01 1.918105e-01 1.525816e-01 -3.752004e-02 1.167987e-01 -2.586882e-01
<VARIANCE> 39
 1.695207e+01 3.025197e+01 2.883930e+01 5.640775e+01 5.467299e+01 7.568019e+01 1.395992e+02 6.431187e+01 5.768287e+01 4.487934e+01 8.075064e+01 8.012813e+01 4.997582e+01 4.686408e+00 2.847481e+00 2.755398e+00 3.795081e+00 5.669146e+00 5.950234e+00 5.513560e+00 4.687846e+00 4.770557e+00 4.538857e+00 4.717623e+00 3.518023e+00 4.327375e+00 6.389856e-01 4.700801e-01 5.145093e-01 5.662009e-01 8.299862e-01 6.737804e-01 9.612551e-01 7.372821e-01 9.102632e-01 7.845746e-01 7.470240e-01 5.793467e-01 3.789321e-01
<GCONST> 1.368396e+02
<TRANSP> 5
 0.000000e+00 1.000000e+00 0.000000e+00 0.000000e+00 0.000000e+00
 0.000000e+00 4.813055e-01 5.186945e-01 0.000000e+00 0.000000e+00
 0.000000e+00 0.000000e+00 5.457923e-01 4.542076e-01 0.000000e+00
 0.000000e+00 0.000000e+00 0.000000e+00 3.778522e-01 6.221479e-01
 0.000000e+00 0.000000e+00 0.000000e+00 0.000000e+00 0.000000e+00
<ENDHMM>
~h "tS"
<BEGINHMM>
<NUMSTATES> 5
<STATE> 2
<MEAN> 39
 -1.438504e+01 -5.072557e+00 6.755346e+00 4.594851e+00 2.570548e-01 -3.104938e+00 -4.362799e+00 -7.073413e+00 -3.762475e+00 -2.875608e+00 -2.772845e+00 -2.047277e+00 7.183515e+01 -5.267316e+00 -2.280509e+00 9.213482e-01 -5.709003e-01 1.208083e+00 6.000280e-01 2.469584e+00 1.550536e+00 5.316762e-01 1.147071e+00 4.133518e-01 8.967609e-01 -5.376735e-02 -1.600863e-01 -4.526058e-01 -5.858428e-01 -6.102173e-01 -5.846743e-01 1.797669e-03 -2.584248e-01 -7.833150e-02 1.840701e-01 1.311412e-01 4.549971e-01 2.588046e-02 7.706009e-01
<VARIANCE> 39
 7.806411e+01 3.763951e+01 5.061122e+01 4.796098e+01 5.293876e+01 4.315891e+01 6.207993e+01 4.320120e+01 3.779836e+01 4.308516e+01 4.121040e+01 3.780309e+01 4.972781e+01 5.346528e+00 4.240077e+00 6.477197e+00 4.887272e+00 5.595501e+00 5.780499e+00 5.656995e+00 4.075887e+00 2.886300e+00 4.031622e+00 4.773358e+00 3.796201e+00 7.022881e+00 1.137084e+00 8.337253e-01 1.029275e+00 9.145502e-01 9.898873e-01 1.120492e+00 8.701855e-01 8.191994e-01 5.679862e-01 6.326088e-01 9.151475e-01 6.177369e-01 1.018762e+00
<GCONST> 1.403054e+02
<STATE> 3
<MEAN> 39
 -3.014421e+01 -1.337969e+01 6.442104e+00 8.197320e-02 -1.460168e-01 -3.417058e+00 3.684890e-02 -2.772131e+00 -9.964627e-01 1.840902e+00 1.317216e+00 1.632035e-02 7.730793e+01 -8.887712e-01 -5.953651e-01 -4.928643e-01 -4.483907e-01 1.266518e-02 -9.954295e-02 -7.580519e-02 1.332575e-01 4.720759e-01 7.734622e-01 4.161074e-01 1.977639e-01 6.358557e-01 1.461020e+00 7.790725e-01 -1.264969e-01 2.005546e-01 -1.104178e-02 2.137136e-02 -5.348061e-01 -4.082805e-01 -1.166031e-01 -2.915552e-01 -2.298730e-01 -1.520136e-01 -2.798074e-01
<VARIANCE> 39
 1.796325e+01 2.453228e+01 3.989074e+01 4.277958e+01 4.147514e+01 3.991172e+01 5.772720e+01 2.998250e+01 3.424373e+01 3.199305e+01 2.157580e+01 1.725992e+01 1.197202e+01 8.147309e+00 3.437512e+00 2.118401e+00 2.886812e+00 2.167727e+00 2.426022e+00 2.284751e+00 2.255085e+00 2.050366e+00 2.098254e+00 2.168876e+00 1.854198e+00 1.548190e+00 7.970651e-01 5.081658e-01 4.605711e-01 4.693305e-01 5.132943e-01 5.908883e-01 5.535870e-01 4.757599e-01 4.068777e-01 4.458399e-01 4.344974e-01 4.292188e-01 4.063951e-01
<GCONST> 1.179583e+02
<STATE> 4
<MEAN> 39
 -1.899962e+01 -7.629507e+00 3.608804e+00 -3.256831e-01 1.284152e+00 -3.303752e+00 -3.371519e+00 -5.969473e+00 -1.233470e+00 1.017930e+00 2.110767e-02 -2.821321e-01 7.661069e+01 4.982354e+00 2.552508e+00 -1.067072e+00 4.896848e-02 -7.092148e-01 1.378703e-01 -1.581430e+00 -1.092908e+00 -6.273578e-01 -1.315828e+00 -7.396847e-01 -6.729106e-01 -9.170342e-01 2.564206e-01 -1.090875e-01 -2.798280e-01 -2.677294e-02 -5.457170e-01 4.223596e-03 -2.716870e-02 4.881321e-02 -1.369395e-01 -2.673939e-01 3.278970e-02 -8.827482e-02 -1.318157e-01
<VARIANCE> 39
 1.277226e+02 5.795212e+01 5.080747e+01 5.434038e+01 4.783393e+01 4.451713e+01 6.367638e+01 3.603749e+01 5.740363e+01 5.382283e+01 3.487108e+01 3.135164e+01 1.778581e+01 8.254906e+00 4.516067e+00 3.653566e+00 3.410203e+00 5.666582e+00 5.820441e+00 4.602199e+00 4.587870e+00 4.394001e+00 3.790884e+00 3.205531e+00 3.965336e+00 3.708697e+00 2.053408e+00 1.094576e+00 6.148732e-01 5.635748e-01 8.240152e-01 7.651947e-01 6.783299e-01 7.703931e-01 7.359886e-01 7.815656e-01 5.668253e-01 5.410009e-01 5.551056e-01
<GCONST> 1.374922e+02
<TRANSP> 5
 0.000000e+00 1.000000e+00 0.000000e+00 0.000000e+00 0.000000e+00
 0.000000e+00 6.685122e-01 3.314879e-01 0.000000e+00 0.000000e+00
 0.000000e+00 0.000000e+00 7.904013e-01 2.095987e-01 0.000000e+00
 0.000000e+00 0.000000e+00 0.000000e+00 6.805598e-01 3.194402e-01
 0.000000e+00 0.000000e+00 0.000000e+00 0.000000e+00 0.000000e+00
<ENDHMM>
~h "uO"
<BEGINHMM>
<NUMSTATES> 5
<STATE> 2
<MEAN> 39
 2.901536e+00 6.638181e+00 -9.451582e-01 -5.346259e+00 -1.510815e+01 -1.523560e+00 -2.957068e+00 -1.262823e+01 -3.605469e+00 -1.159689e+01 -6.006422e+00 -8.697093e-03 7.408841e+01 1.042709e+00 -1.436073e-01 -7.378898e-01 -1.927183e+00 -2.303831e+00 9.879341e-01 6.658794e-01 -1.642320e-01 -3.666251e-01 -5.258456e-01 5.118392e-01 3.165947e-01 7.881437e-01 -5.510622e-01 -6.597860e-01 -8.762435e-02 1.968502e-01 5.463508e-01 1.032400e-01 -9.052713e-02 2.856459e-01 5.762883e-02 5.304574e-01 4.298995e-01 7.256312e-02 1.118781e-01
<VARIANCE> 39
 1.363610e+01 2.892958e+01 3.241188e+01 6.770129e+01 9.066696e+01 8.076785e+01 1.172680e+02 4.721677e+01 6.998867e+01 4.142254e+01 7.906477e+01 4.699111e+01 1.546609e+01 2.510000e+00 3.176074e+00 2.263584e+00 3.526622e+00 6.289436e+00 4.936822e+00 4.177821e+00 3.973788e+00 4.695421e+00 4.593421e+00 5.223507e+00 3.057284e+00 1.165084e+00 3.430944e-01 4.404769e-01 5.340413e-01 5.450773e-01 1.020866e+00 7.781465e-01 8.760067e-01 7.883618e-01 9.171823e-01 8.041534e-01 7.460707e-01 5.096268e-01 1.737510e-01
<GCONST> 1.314447e+02
<STATE> 3
<MEAN> 39
 2.584507e+00 -1.165836e-01 -5.038631e+00 -1.050825e+01 -1.747004e+01 3.252592e+00 -4.955026e+00 -1.206727e+01 -4.984829e+00 -8.648158e+00 2.521909e-01 -5.103387e-01 7.888374e+01 -2.042739e-01 -1.426827e+00 -5.581861e-01 -2.148172e-01 1.061216e+00 5.550666e-01 -6.861886e-01 1.688688e-01 -1.375179e-01 1.387807e+00 1.120472e+00 -4.334231e-01 7.999976e-01 -2.574796e-01 1.495144e-01 3.318556e-01 6.296035e-01 6.304128e-01 -4.360315e-01 -3.287217e-01 9.699576e-02 2.666542e-01 8.132143e-02 -3.268525e-01 -3.219689e-01 -2.194631e-01
<VARIANCE> 39
 7.514750e+00 2.584074e+01 2.337241e+01 5.866195e+01 5.375576e+01 7.702227e+01 1.195669e+02 6.091855e+01 4.646833e+01 3.590508e+01 8.717394e+01 8.285043e+01 1.167422e+01 4.209322e-01 1.428079e+00 1.206296e+00 3.436905e+00 3.710476e+00 2.679202e+00 3.315660e+00 2.918764e+00 2.948888e+00 2.982425e+00 3.542384e+00 2.879895e+00 5.651402e-01 1.538990e-01 3.264166e-01 2.661746e-01 2.960096e-01 6.641158e-01 6.163088e-01 5.134943e-01 5.839176e-01 5.723010e-01 6.672755e-01 6.684341e-01 5.141987e-01 1.222702e-01
<GCONST> 1.177971e+02
<STATE> 4
<MEAN> 39
 2.107912e-02 -3.455838e+00 -4.357025e+00 -6.129877e+00 -1.114049e+01 7.688059e-01 -1.213929e+01 -9.903798e+00 -3.888063e+00 -4.261667e+00 8.255495e-01 -6.112732e+00 7.978115e+01 -1.458066e+00 8.659123e-01 1.332367e+00 1.768580e+00 2.120099e+00 -1.078539e+00 -4.132372e-01 7.675242e-01 3.165046e-01 5.844304e-02 -9.038770e-01 -4.370812e-01 -7.954705e-01 -6.243404e-01 5.133478e-01 3.588130e-01 1.512467e-01 2.480026e-01 2.974294e-03 5.966362e-01 2.223854e-01 -2.371661e-02 -3.760567e-01 -2.588493e-01 3.690612e-01 -4.638044e-01
<VARIANCE> 39
 1.262498e+01 2.687553e+01 2.215672e+01 5.700081e+01 5.416851e+01 7.788267e+01 1.128360e+02 6.516299e+01 4.185408e+01 3.556342e+01 7.228590e+01 1.128171e+02 1.835315e+01 3.586531e+00 3.250678e+00 2.736827e+00 3.136683e+00 5.386904e+00 5.382964e+00 5.672724e+00 4.464780e+00 4.376750e+00 4.049493e+00 3.921896e+00 3.941353e+00 2.160782e+00 6.309886e-01 4.289158e-01 4.602783e-01 4.930967e-01 8.200095e-01 7.302784e-01 8.666828e-01 7.950945e-01 7.825782e-01 6.901162e-01 7.603703e-01 6.137542e-01 2.830451e-01
<GCONST> 1.323903e+02
<TRANSP> 5
 0.000000e+00 1.000000e+00 0.000000e+00 0.000000e+00 0.000000e+00
 0.000000e+00 6.637031e-01 3.362969e-01 0.000000e+00 0.000000e+00
 0.000000e+00 0.000000e+00 7.345436e-01 2.654565e-01 0.000000e+00
 0.000000e+00 0.000000e+00 0.000000e+00 7.000367e-01 2.999633e-01
 0.000000e+00 0.000000e+00 0.000000e+00 0.000000e+00 0.000000e+00
<ENDHMM>
~h "ts"
<BEGINHMM>
<NUMSTATES> 5
<STATE> 2
<MEAN> 39
 -1.611447e+01 7.764765e+00 3.382952e-01 1.901694e+00 1.868565e+00 6.217670e-01 -6.422362e+00 -5.485029e+00 -5.668323e+00 -2.096775e+00 -5.644667e-01 -2.406452e+00 7.000153e+01 -6.058840e+00 1.050605e+00 -5.174693e-01 2.975156e-01 1.444349e+00 7.702539e-01 1.685119e+00 2.132706e+00 9.800501e-01 5.016802e-01 -1.159250e-01 8.192533e-01 -1.647578e+00 -1.173879e-01 -8.481226e-01 -6.223073e-01 -6.935259e-01 -6.284032e-01 -2.513117e-01 -1.305968e-01 7.981136e-04 5.898910e-01 1.075625e-01 2.244400e-01 2.375199e-02 8.302468e-01
<VARIANCE> 39
 8.347549e+01 3.394698e+01 3.969038e+01 3.374867e+01 2.875786e+01 3.066897e+01 3.352409e+01 3.228617e+01 2.795083e+01 2.928100e+01 3.656699e+01 4.120628e+01 4.105154e+01 3.217042e+00 5.282218e+00 4.742321e+00 5.389346e+00 3.743083e+00 3.648816e+00 4.752578e+00 3.625882e+00 3.863973e+00 2.922178e+00 3.674657e+00 4.550834e+00 5.514892e+00 1.453858e+00 7.680388e-01 5.610011e-01 6.134375e-01 5.556775e-01 6.246946e-01 8.671733e-01 8.662657e-01 6.016787e-01 5.170379e-01 5.350174e-01 4.930213e-01 8.552780e-01
<GCONST> 1.318615e+02
<STATE> 3
<MEAN> 39
 -3.353493e+01 6.080342e+00 -5.676855e+00 -3.515504e+00 2.985680e+00 -1.153640e-01 -3.360698e+00 -6.463159e-01 9.318144e-01 -1.426712e-01 1.419328e+00 -1.826063e-01 7.289462e+01 -7.639126e-01 -6.245313e-01 -5.020586e-01 -1.087578e+00 -4.594950e-02 -3.746874e-01 -1.101474e-01 -4.556319e-02 8.153789e-01 2.139157e-01 3.491085e-01 1.613183e-01 1.031523e+00 1.439821e+00 -5.246212e-02 4.453529e-01 1.950940e-01 -1.523174e-01 -4.330036e-03 -3.219804e-01 -4.475693e-01 -3.571005e-01 -1.289622e-01 -8.685163e-02 -1.564742e-01 -4.809984e-02
<VARIANCE> 39
 1.376035e+01 2.170857e+01 3.512713e+01 4.564968e+01 2.107058e+01 2.884367e+01 2.058111e+01 2.019803e+01 2.007745e+01 1.597609e+01 1.333661e+01 1.317450e+01 1.839785e+01 6.879843e+00 1.814509e+00 2.464629e+00 2.602509e+00 1.996227e+00 1.962939e+00 2.170430e+00 2.360355e+00 2.216659e+00 1.519825e+00 1.714303e+00 1.532294e+00 2.668146e+00 7.307451e-01 3.798494e-01 4.593962e-01 5.643172e-01 3.930440e-01 4.670350e-01 5.077005e-01 5.327601e-01 4.058140e-01 3.343666e-01 3.725826e-01 4.258210e-01 6.152029e-01
<GCONST> 1.116337e+02
<STATE> 4
<MEAN> 39
 -2.302920e+01 3.286515e+00 -1.759607e+00 -4.930644e+00 1.287851e+00 1.152341e-01 -6.185008e+00 -5.024844e+00 4.825688e-01 -8.663329e-01 1.367384e+00 -5.287582e-01 7.524725e+01 4.951678e+00 -4.590126e-01 1.073608e+00 4.364901e-01 -1.066786e+00 2.241713e-01 -6.835426e-01 -1.611700e+00 -1.290188e+00 -7.095511e-01 -3.378052e-01 -4.050795e-01 -4.829404e-01 4.114767e-01 -1.131851e-01 -1.665806e-01 4.938338e-02 -3.365295e-01 3.741735e-02 1.394400e-01 6.633066e-03 -2.131642e-01 -1.707129e-01 -4.974626e-02 -3.466286e-02 -2.847866e-01
<VARIANCE> 39
 1.082782e+02 1.936065e+01 3.966131e+01 3.341936e+01 3.824192e+01 4.447539e+01 3.456242e+01 4.611938e+01 3.612284e+01 2.637083e+01 2.645653e+01 2.935999e+01 2.828703e+01 6.983346e+00 2.883689e+00 3.914927e+00 4.470754e+00 3.723944e+00 3.799489e+00 5.421673e+00 5.178886e+00 3.745481e+00 3.155797e+00 2.845314e+00 4.367424e+00 5.750717e+00 1.771071e+00 5.039760e-01 7.276501e-01 6.874036e-01 6.508302e-01 7.293894e-01 7.721338e-01 9.989749e-01 8.379182e-01 6.176438e-01 5.009403e-01 5.755568e-01 7.485968e-01
<GCONST> 1.327698e+02
<TRANSP> 5
 0.000000e+00 1.000000e+00 0.000000e+00 0.000000e+00 0.000000e+00
 0.000000e+00 7.028847e-01 2.971153e-01 0.000000e+00 0.000000e+00
 0.000000e+00 0.000000e+00 8.111295e-01 1.888705e-01 0.000000e+00
 0.000000e+00 0.000000e+00 0.000000e+00 6.809567e-01 3.190432e-01
 0.000000e+00 0.000000e+00 0.000000e+00 0.000000e+00 0.000000e+00
<ENDHMM>
~h "uU"
<BEGINHMM>
<NUMSTATES> 5
<STATE> 2
<MEAN> 39
 2.638242e+00 8.953400e+00 9.140580e-01 -4.936186e+00 -1.363008e+01 -3.645033e+00 -2.426003e+00 -1.321689e+01 -3.226716e+00 -1.435837e+01 -7.733462e+00 4.589316e-01 7.224071e+01 4.905955e-01 5.054307e-01 -3.224453e-02 -9.458451e-01 -9.060353e-01 1.789579e-01 7.255418e-01 1.590158e-01 5.723682e-02 -7.802760e-01 -2.798053e-01 3.748476e-01 -1.982421e-01 -3.095015e-01 -2.905879e-01 5.851294e-02 3.594443e-01 4.332584e-01 1.903994e-02 -1.439011e-01 1.824658e-01 -4.341535e-02 2.537783e-01 2.008802e-01 -3.395899e-02 -2.870090e-02
<VARIANCE> 39
 9.977235e+00 3.636014e+01 4.525432e+01 7.929662e+01 6.928481e+01 7.511317e+01 1.086188e+02 5.626690e+01 6.517878e+01 5.438128e+01 7.289841e+01 6.832656e+01 1.557044e+01 1.082066e+00 1.947472e+00 1.742445e+00 3.633992e+00 4.490589e+00 3.924088e+00 3.327434e+00 3.456618e+00 3.888105e+00 3.660087e+00 3.211045e+00 2.485887e+00 7.733585e-01 2.520190e-01 2.961126e-01 3.770722e-01 4.884442e-01 6.577460e-01 7.255362e-01 6.892164e-01 7.786880e-01 8.000774e-01 7.181447e-01 5.939352e-01 4.981102e-01 1.488015e-01
<GCONST> 1.255154e+02
<STATE> 3
<MEAN> 39
 2.372930e+00 7.321490e+00 1.109585e+00 -3.804383e+00 -1.190870e+01 -6.759578e-01 -2.605102e+00 -1.209445e+01 -5.975130e+00 -1.592798e+01 -4.765045e+00 2.831429e+00 7.236457e+01 -4.035239e-01 -5.908458e-01 4.877406e-02 1.219788e+00 1.652014e+00 3.859974e-01 -5.479530e-01 4.598367e-02 -7.205437e-01 7.537861e-01 9.980137e-01 -1.390849e-01 -3.011398e-01 -3.484761e-01 -1.385589e-01 2.438989e-01 5.723560e-01 5.941146e-01 -1.762370e-01 -2.883710e-01 1.783436e-01 2.138034e-01 5.600452e-01 3.845835e-02 -3.612875e-01 -2.055098e-01
<VARIANCE> 39
 8.599401e+00 3.876299e+01 4.461550e+01 5.923795e+01 5.934462e+01 8.193431e+01 8.724533e+01 6.559364e+01 6.634335e+01 4.876683e+01 6.871577e+01 7.738235e+01 2.520426e+01 8.110588e-01 1.956018e+00 1.890105e+00 3.114409e+00 3.733546e+00 4.733173e+00 3.851632e+00 5.242835e+00 4.585523e+00 3.773391e+00 4.144826e+00 2.991421e+00 2.138453e+00 2.488641e-01 3.628540e-01 3.766070e-01 4.783185e-01 7.173153e-01 1.032714e+00 6.487124e-01 8.216747e-01 8.599570e-01 7.677081e-01 6.740910e-01 5.403594e-01 2.874720e-01
<GCONST> 1.289156e+02
<STATE> 4
<MEAN> 39
 -2.498579e-01 6.046809e+00 2.319403e+00 1.223825e+00 -5.144619e+00 5.825859e-01 -5.103951e+00 -1.143570e+01 -7.162793e+00 -1.197188e+01 -2.726182e+00 -2.561246e-01 6.991176e+01 -1.774349e+00 -6.346578e-01 8.081217e-01 1.777487e+00 2.357200e+00 -7.998721e-02 -5.897159e-01 1.220532e+00 6.891947e-01 1.794756e+00 3.138891e-01 -9.880329e-01 -1.073583e+00 -4.561859e-01 -1.108332e-01 -1.166300e-02 -2.070706e-01 -2.426929e-01 -2.655820e-01 1.916960e-01 3.718889e-01 4.369949e-01 1.327130e-01 -1.958833e-01 5.168176e-02 -1.260751e-01
<VARIANCE> 39
 1.963212e+01 3.456174e+01 4.208514e+01 6.501279e+01 7.151173e+01 6.521752e+01 1.033573e+02 8.654354e+01 6.123389e+01 4.018984e+01 6.190550e+01 7.152871e+01 6.337129e+01 4.041163e+00 3.250784e+00 3.546191e+00 4.114400e+00 5.190710e+00 7.650075e+00 5.163691e+00 5.388032e+00 5.677964e+00 4.598832e+00 4.414211e+00 3.156406e+00 4.759694e+00 4.703887e-01 4.866539e-01 6.132644e-01 6.438329e-01 9.231965e-01 8.950600e-01 8.417341e-01 1.182239e+00 9.405500e-01 7.135479e-01 7.931535e-01 5.960092e-01 4.714887e-01
<GCONST> 1.392316e+02
<TRANSP> 5
 0.000000e+00 1.000000e+00 0.000000e+00 0.000000e+00 0.000000e+00
 0.000000e+00 8.118547e-01 1.881453e-01 0.000000e+00 0.000000e+00
 0.000000e+00 0.000000e+00 5.931804e-01 4.068197e-01 0.000000e+00
 0.000000e+00 0.000000e+00 0.000000e+00 4.538414e-01 5.461586e-01
 0.000000e+00 0.000000e+00 0.000000e+00 0.000000e+00 0.000000e+00
<ENDHMM>
~h "uo"
<BEGINHMM>
<NUMSTATES> 5
<STATE> 2
<MEAN> 39
 2.032874e+00 2.765604e+00 -2.265586e+00 -5.839697e+00 -1.361181e+01 7.505440e-01 -4.406554e+00 -1.376651e+01 -5.207164e+00 -9.284597e+00 -2.033689e+00 5.633643e-01 7.701952e+01 9.026709e-01 -5.469382e-01 -9.063560e-01 -7.700241e-01 -1.135871e+00 5.427794e-01 -8.997965e-02 -7.022675e-01 -2.471291e-01 1.410621e-01 1.169302e+00 -4.056545e-02 8.891175e-01 -6.193485e-01 -3.155364e-01 2.990624e-01 5.510978e-01 7.944360e-01 -1.385500e-01 -2.551680e-01 4.371193e-01 2.660260e-01 3.929849e-01 1.259559e-01 -1.436676e-01 -2.587418e-01
<VARIANCE> 39
 1.317814e+01 2.616849e+01 2.869160e+01 5.761156e+01 5.187504e+01 7.987730e+01 1.390747e+02 5.489606e+01 5.396624e+01 4.077066e+01 9.792822e+01 5.926931e+01 1.642933e+01 2.804559e+00 2.289356e+00 1.921575e+00 3.769588e+00 6.755837e+00 3.889428e+00 4.945212e+00 4.032880e+00 4.292136e+00 4.360843e+00 4.895186e+00 3.368195e+00 1.137889e+00 4.637704e-01 5.235603e-01 5.133700e-01 5.615513e-01 7.940564e-01 8.481164e-01 9.102645e-01 7.604035e-01 9.426441e-01 8.889063e-01 9.599273e-01 5.567417e-01 2.361894e-01
<GCONST> 1.316556e+02
<STATE> 3
<MEAN> 39
 1.429546e+00 -1.285269e+00 -3.930976e+00 -7.005475e+00 -1.342273e+01 2.778831e+00 -8.423166e+00 -1.379811e+01 -4.669290e+00 -6.230965e+00 2.479083e+00 -1.971228e+00 7.972080e+01 -2.722503e-01 -4.789350e-01 2.316917e-01 8.479720e-01 9.972672e-01 -2.763783e-01 -1.063076e+00 3.608100e-01 5.339149e-01 7.675083e-01 3.298904e-01 -7.733080e-01 8.327433e-02 -4.550258e-01 3.926405e-01 6.559400e-01 5.985952e-01 7.072013e-01 -3.835216e-01 -3.331728e-02 4.228453e-01 9.097413e-02 -2.265919e-01 -5.490660e-01 -1.269888e-02 -4.985094e-01
<VARIANCE> 39
 7.538185e+00 2.157025e+01 2.094544e+01 5.730745e+01 3.712344e+01 7.125945e+01 1.312808e+02 6.135207e+01 4.155837e+01 3.653764e+01 8.372094e+01 1.005553e+02 1.157077e+01 8.424765e-01 1.647752e+00 1.619247e+00 3.209399e+00 3.480193e+00 3.002367e+00 3.453522e+00 2.843575e+00 3.279713e+00 3.073750e+00 3.660561e+00 2.850332e+00 9.667366e-01 3.582901e-01 3.070114e-01 3.084401e-01 3.561513e-01 6.789376e-01 6.228696e-01 7.606921e-01 8.009763e-01 7.159349e-01 6.268860e-01 7.201446e-01 6.618508e-01 2.163090e-01
<GCONST> 1.219292e+02
<STATE> 4
<MEAN> 39
 -4.128656e-01 -7.843992e-01 -1.173108e+00 -2.269789e+00 -9.598916e+00 -5.732905e-01 -1.311250e+01 -1.116017e+01 -3.351934e+00 -5.750824e+00 6.013796e-01 -4.698459e+00 7.849994e+01 -1.744784e+00 1.370001e+00 1.933367e+00 1.882163e+00 2.589306e+00 -9.364666e-01 1.784880e-01 1.369135e+00 1.013199e-01 -4.176885e-01 -1.254825e+00 -1.221224e-01 -1.393192e+00 -8.350721e-01 4.104691e-01 2.004295e-01 -3.778444e-02 4.221708e-01 1.411700e-01 8.245348e-01 3.540028e-01 -8.957642e-02 -2.110016e-01 -2.192890e-01 3.895645e-01 -4.814961e-01
<VARIANCE> 39
 1.279582e+01 2.417642e+01 2.458243e+01 5.364703e+01 5.093844e+01 7.137556e+01 1.157969e+02 5.691281e+01 4.765717e+01 4.045597e+01 6.941996e+01 9.074059e+01 1.531878e+01 4.551466e+00 3.046749e+00 2.554323e+00 3.194791e+00 5.122246e+00 5.419535e+00 6.479010e+00 4.625810e+00 4.605547e+00 4.285779e+00 4.026131e+00 3.785208e+00 3.191649e+00 7.384158e-01 4.727370e-01 5.584800e-01 5.908394e-01 7.532939e-01 6.474388e-01 8.967410e-01 7.216207e-01 9.375523e-01 7.214235e-01 7.111273e-01 6.134235e-01 3.713811e-01
<GCONST> 1.334236e+02
<TRANSP> 5
 0.000000e+00 1.000000e+00 0.000000e+00 0.000000e+00 0.000000e+00
 0.000000e+00 4.742139e-01 5.257861e-01 0.000000e+00 0.000000e+00
 0.000000e+00 0.000000e+00 5.782634e-01 4.217366e-01 0.000000e+00
 0.000000e+00 0.000000e+00 0.000000e+00 5.103704e-01 4.896296e-01
 0.000000e+00 0.000000e+00 0.000000e+00 0.000000e+00 0.000000e+00
<ENDHMM>
~h "uu"
<BEGINHMM>
<NUMSTATES> 5
<STATE> 2
<MEAN> 39
 1.470886e+00 6.208886e+00 -7.128239e-02 -1.378788e+00 -1.060770e+01 -3.991678e-01 -6.350412e+00 -1.427073e+01 -6.725049e+00 -1.300644e+01 -3.295257e+00 6.881677e-01 7.270839e+01 9.870568e-01 6.684340e-01 3.421363e-02 -4.745013e-01 -8.830647e-01 2.626023e-01 7.219681e-01 9.491031e-02 -3.647861e-01 -1.057338e+00 -1.521345e-01 3.937602e-01 -3.618828e-01 -6.732806e-01 -2.946016e-01 2.168608e-01 3.793062e-01 5.954059e-01 -1.447737e-01 4.743275e-02 6.717163e-01 3.355881e-01 4.723173e-01 -3.305416e-02 -1.486682e-01 -2.673956e-01
<VARIANCE> 39
 1.245016e+01 3.145490e+01 3.276744e+01 6.816266e+01 5.876932e+01 6.752608e+01 1.223608e+02 6.010761e+01 7.057659e+01 4.595781e+01 6.703058e+01 5.097837e+01 2.042824e+01 2.862448e+00 2.713739e+00 2.288162e+00 4.532752e+00 6.204102e+00 4.732973e+00 5.098799e+00 6.124109e+00 5.254391e+00 4.736752e+00 4.597480e+00 3.015486e+00 1.627594e+00 5.211430e-01 4.850181e-01 4.861113e-01 6.543083e-01 9.235601e-01 9.189135e-01 9.938089e-01 1.033679e+00 1.091042e+00 8.870417e-01 8.717041e-01 5.799714e-01 3.114068e-01
<GCONST> 1.347874e+02
<STATE> 3
<MEAN> 39
 1.922857e+00 6.159070e+00 1.727318e+00 2.694370e-01 -9.652726e+00 -5.510176e-01 -4.551181e+00 -9.403728e+00 -5.915613e+00 -1.259675e+01 -3.650219e+00 7.121152e-01 7.048333e+01 -4.992908e-01 -1.087095e-02 6.130605e-01 1.071552e+00 1.493167e+00 1.444488e-01 2.095917e-01 9.744495e-01 8.404900e-02 5.836736e-01 2.982911e-02 -5.601171e-01 -1.057601e+00 -5.648445e-01 -1.513960e-01 1.176078e-01 2.135115e-01 5.403566e-01 6.193591e-02 6.399436e-02 2.700410e-01 1.813786e-01 4.008889e-01 -1.327204e-02 -1.445979e-01 -2.723613e-01
<VARIANCE> 39
 1.298264e+01 3.523809e+01 3.801249e+01 5.759317e+01 5.995158e+01 6.512947e+01 1.014245e+02 8.236894e+01 7.280730e+01 4.122099e+01 6.775314e+01 6.853296e+01 3.901302e+01 1.862353e+00 2.166734e+00 2.185289e+00 3.074725e+00 4.979991e+00 4.459074e+00 4.140478e+00 4.301575e+00 4.125628e+00 3.566173e+00 3.965918e+00 2.557993e+00 2.918192e+00 4.513653e-01 4.382562e-01 4.068807e-01 5.198430e-01 6.973731e-01 7.833441e-01 7.428673e-01 9.357201e-01 8.733339e-01 6.687490e-01 7.176886e-01 5.302717e-01 3.040496e-01
<GCONST> 1.314288e+02
<STATE> 4
<MEAN> 39
 -9.817903e-01 5.538278e+00 3.366825e+00 3.677469e+00 -3.351244e+00 1.118204e+00 -4.289923e+00 -7.926970e+00 -5.773001e+00 -1.022194e+01 -3.378270e+00 -1.460965e+00 6.709221e+01 -1.821402e+00 -4.365434e-01 4.686964e-01 7.953863e-01 1.855417e+00 3.144557e-01 4.073208e-01 1.351141e+00 8.157349e-01 1.328041e+00 7.426940e-02 -4.736645e-01 -1.651489e+00 -4.606437e-01 -2.510735e-01 -2.673725e-01 -3.532947e-01 -2.403549e-01 -1.865960e-01 4.634891e-02 7.765183e-02 2.263120e-01 2.359344e-01 8.502197e-02 1.980505e-01 -2.029501e-03
<VARIANCE> 39
 2.330696e+01 3.232325e+01 3.710825e+01 5.841034e+01 6.840923e+01 6.253080e+01 1.071806e+02 7.694077e+01 5.565564e+01 4.029839e+01 6.063883e+01 6.236414e+01 8.498650e+01 4.587075e+00 3.177244e+00 3.354786e+00 4.017818e+00 5.253827e+00 5.327000e+00 4.241597e+00 4.635436e+00 4.829047e+00 4.263293e+00 3.792092e+00 2.806261e+00 4.615967e+00 4.052462e-01 5.101717e-01 5.424119e-01 5.877938e-01 8.722213e-01 7.017033e-01 8.662439e-01 8.589159e-01 7.834517e-01 6.609780e-01 7.692697e-01 5.023492e-01 5.386866e-01
<GCONST> 1.365340e+02
<TRANSP> 5
 0.000000e+00 1.000000e+00 0.000000e+00 0.000000e+00 0.000000e+00
 0.000000e+00 6.166540e-01 3.833460e-01 0.000000e+00 0.000000e+00
 0.000000e+00 0.000000e+00 4.800930e-01 5.199071e-01 0.000000e+00
 0.000000e+00 0.000000e+00 0.000000e+00 3.289233e-01 6.710768e-01
 0.000000e+00 0.000000e+00 0.000000e+00 0.000000e+00 0.000000e+00
<ENDHMM>
~h "k_pal"
<BEGINHMM>
<NUMSTATES> 5
<STATE> 2
<MEAN> 39
 -1.117437e+01 2.811130e+00 4.680573e+00 7.916144e+00 1.788452e-01 -9.263800e-01 -4.247153e+00 -2.293375e+00 -2.677834e+00 -7.865662e+00 -8.707529e-01 5.194520e-01 6.068085e+01 -2.354125e+00 -1.823498e+00 -1.194422e+00 -5.456232e-01 5.683137e-01 9.486728e-01 1.232036e+00 9.721959e-01 5.909232e-01 1.902396e+00 7.592086e-01 -1.999784e-01 -1.383512e+00 -7.542637e-02 -6.567417e-01 -3.760749e-01 -7.772219e-01 -1.121436e+00 -4.492646e-01 -2.848238e-01 -4.587524e-01 -4.058702e-02 1.597144e-01 2.175655e-01 -4.615244e-02 1.902519e+00
<VARIANCE> 39
 4.920491e+01 3.835097e+01 5.091232e+01 5.075066e+01 6.246899e+01 5.649794e+01 5.032934e+01 3.879319e+01 6.068757e+01 5.049305e+01 3.655486e+01 4.282892e+01 6.046136e+01 4.183364e+00 6.208731e+00 5.508798e+00 6.226140e+00 8.791401e+00 5.773799e+00 5.370879e+00 4.710715e+00 5.250919e+00 4.709012e+00 3.839653e+00 3.799530e+00 1.579540e+01 5.476000e-01 9.072970e-01 9.666258e-01 7.625721e-01 1.024605e+00 9.292705e-01 9.132594e-01 8.131587e-01 8.962159e-01 9.424076e-01 6.703558e-01 6.120024e-01 1.757671e+00
<GCONST> 1.430593e+02
<STATE> 3
<MEAN> 39
 -1.821302e+01 -6.621418e+00 -1.003668e+00 7.557521e-01 -5.713912e+00 -6.394930e-01 -3.283803e+00 -2.430395e+00 -1.595580e+00 -1.978675e+00 3.328727e+00 3.670014e-01 7.056026e+01 -8.037810e-01 -4.376903e-01 4.997903e-01 -1.062133e+00 -1.423430e+00 -8.791395e-01 -4.964045e-01 -7.717438e-01 -4.553306e-01 3.451807e-01 3.184434e-01 -2.027012e-01 3.458721e+00 1.061775e+00 1.241353e+00 1.139195e+00 7.906435e-01 1.173085e-01 -5.749557e-01 -5.081458e-01 -4.118015e-01 -3.510204e-01 -9.652414e-01 -6.390761e-01 -1.061027e-01 -1.487794e-01
<VARIANCE> 39
 2.332315e+01 3.446121e+01 4.474550e+01 3.973264e+01 6.220772e+01 4.011021e+01 3.527892e+01 3.421758e+01 3.622486e+01 3.220356e+01 2.645327e+01 2.323443e+01 6.068312e+01 5.437810e+00 6.817243e+00 6.847761e+00 5.752875e+00 6.440094e+00 4.717301e+00 4.206417e+00 4.167720e+00 4.609488e+00 5.227589e+00 3.520588e+00 2.730453e+00 8.199821e+00 8.287061e-01 1.009546e+00 9.392883e-01 1.059537e+00 1.305666e+00 1.015723e+00 9.532158e-01 8.747554e-01 9.434052e-01 8.134494e-01 7.211046e-01 6.469623e-01 2.162593e+00
<GCONST> 1.391313e+02
<STATE> 4
<MEAN> 39
 -1.410232e+01 3.226676e-01 7.344311e+00 4.484124e+00 -5.951174e+00 -5.406574e+00 -6.085152e+00 -6.006165e+00 -4.709135e+00 -6.110428e+00 -3.277693e-01 -1.024935e+00 7.439376e+01 2.910801e+00 1.456992e+00 1.981969e+00 1.790545e+00 -1.025058e+00 -2.057326e+00 -1.701706e+00 -1.442225e+00 -4.537063e-01 -1.961996e+00 -1.480917e+00 -3.497541e-01 1.146231e+00 5.068644e-01 -3.599144e-01 -6.239805e-01 1.032077e-01 -1.530709e-01 6.057762e-02 -1.151347e-01 3.261328e-02 3.935569e-01 -6.273813e-02 1.045015e-02 9.520538e-02 -4.449756e-01
<VARIANCE> 39
 4.400821e+01 2.835748e+01 5.583841e+01 4.316298e+01 7.191273e+01 4.732552e+01 4.450751e+01 3.661518e+01 4.781706e+01 4.356179e+01 3.578880e+01 2.590397e+01 1.657862e+01 5.572126e+00 4.890740e+00 5.619686e+00 4.590646e+00 6.133913e+00 5.713349e+00 5.234546e+00 4.581445e+00 5.729850e+00 5.471323e+00 4.100513e+00 3.590423e+00 3.238490e+00 9.400070e-01 9.511252e-01 1.213273e+00 1.091334e+00 1.116877e+00 1.053670e+00 8.661593e-01 7.820101e-01 8.745816e-01 1.063113e+00 8.349623e-01 5.263020e-01 8.103042e-01
<GCONST> 1.388399e+02
<TRANSP> 5
 0.000000e+00 1.000000e+00 0.000000e+00 0.000000e+00 0.000000e+00
 0.000000e+00 6.327683e-01 3.672317e-01 0.000000e+00 0.000000e+00
 0.000000e+00 0.000000e+00 5.824147e-01 4.175853e-01 0.000000e+00
 0.000000e+00 0.000000e+00 0.000000e+00 5.852806e-01 4.147194e-01
 0.000000e+00 0.000000e+00 0.000000e+00 0.000000e+00 0.000000e+00
<ENDHMM>
~h "x_pal"
<BEGINHMM>
<NUMSTATES> 5
<STATE> 2
<MEAN> 39
 -1.772597e+01 -2.324940e+00 5.963676e+00 2.108018e+00 -4.059670e+00 1.080469e-01 -2.683255e+00 -2.134889e+00 -2.063089e+00 -1.430975e+00 1.936031e+00 1.253327e+00 7.366460e+01 -2.797550e+00 -9.269052e-01 -5.728670e-01 -1.751407e+00 2.848269e-01 9.378393e-01 1.366654e+00 4.853290e-01 9.171078e-01 1.657796e+00 1.008328e+00 5.852263e-01 -5.858193e-01 4.954815e-01 2.075270e-03 -1.594277e-01 -1.650701e-02 -4.438822e-01 -4.832019e-01 -4.110630e-01 -2.696324e-01 -1.384331e-01 -3.328429e-01 -1.272369e-01 -1.279020e-01 2.066212e-01
<VARIANCE> 39
 5.411423e+01 2.004693e+01 6.480901e+01 5.652715e+01 4.791010e+01 5.641872e+01 3.228094e+01 4.029435e+01 4.583719e+01 4.017449e+01 2.892677e+01 3.370351e+01 9.319747e+00 3.168949e+00 1.672285e+00 3.733987e+00 3.818392e+00 4.729868e+00 5.046853e+00 4.239009e+00 3.555337e+00 4.802471e+00 4.478785e+00 3.609180e+00 2.903824e+00 9.618927e-01 6.216748e-01 4.908435e-01 8.486623e-01 9.138610e-01 7.834508e-01 8.557459e-01 6.657283e-01 6.515881e-01 9.059430e-01 9.282399e-01 7.039461e-01 5.289230e-01 1.779033e-01
<GCONST> 1.286038e+02
<STATE> 3
<MEAN> 39
 -2.314444e+01 -4.205962e+00 4.925306e+00 -2.682888e+00 -5.509203e+00 -1.187854e+00 -1.357446e+00 -2.031800e+00 -1.354304e+00 3.891402e-01 3.431454e+00 1.977793e+00 7.299534e+01 1.215791e+00 8.266346e-01 1.083100e+00 7.666793e-01 1.328497e-01 -5.583359e-01 -1.707649e-01 -1.774857e-01 -8.003130e-01 -1.167800e+00 -7.833939e-01 -4.929436e-01 -3.827273e-02 1.223953e+00 5.238436e-01 3.354015e-01 8.100199e-01 -3.859068e-02 -3.575700e-01 -4.253212e-01 -2.579152e-01 -2.972468e-01 -7.769796e-01 -4.834786e-01 -2.664870e-01 1.412849e-01
<VARIANCE> 39
 2.170542e+01 1.474447e+01 2.756020e+01 3.937933e+01 3.257982e+01 3.768556e+01 2.706504e+01 3.352013e+01 2.942149e+01 2.795168e+01 1.965514e+01 1.983514e+01 7.334561e+00 4.373524e+00 1.859531e+00 2.876928e+00 3.789375e+00 2.775189e+00 3.221865e+00 2.347293e+00 2.356010e+00 2.644607e+00 3.632084e+00 2.523179e+00 1.840151e+00 8.909400e-01 3.236746e-01 3.223878e-01 5.360702e-01 4.945279e-01 7.177762e-01 6.950741e-01 6.489655e-01 6.063229e-01 5.916948e-01 7.594627e-01 5.352700e-01 4.497404e-01 2.206255e-01
<GCONST> 1.161462e+02
<STATE> 4
<MEAN> 39
 -1.148082e+01 1.743054e+00 1.011556e+01 5.307590e+00 -3.983601e+00 -4.584016e+00 -3.749783e+00 -3.794039e+00 -5.993861e+00 -7.883833e+00 -2.150984e+00 -1.167591e+00 7.318647e+01 4.356255e+00 1.436477e+00 3.035472e-01 2.091959e+00 -1.558612e+00 -2.437777e+00 -2.180267e+00 -1.505807e+00 -9.367077e-01 -2.841971e+00 -1.490626e+00 -8.761336e-01 9.647397e-01 -2.620095e-01 -5.119705e-01 -8.318272e-01 -4.308885e-01 -6.292320e-01 -1.732696e-01 -2.722656e-01 -1.688082e-01 5.334120e-01 3.564543e-01 3.664809e-01 2.125767e-01 2.844715e-01
<VARIANCE> 39
 4.400964e+01 1.856084e+01 4.050494e+01 3.646815e+01 8.731893e+01 5.067354e+01 3.821076e+01 3.849140e+01 4.567625e+01 3.976184e+01 2.645345e+01 3.259682e+01 1.984991e+01 1.951791e+00 3.063517e+00 3.882420e+00 3.381474e+00 5.563028e+00 5.588426e+00 4.624766e+00 3.292980e+00 4.444202e+00 5.633889e+00 3.586642e+00 3.123011e+00 2.018255e+00 6.748556e-01 4.630218e-01 5.722153e-01 6.670500e-01 8.587911e-01 7.984381e-01 6.280420e-01 6.259497e-01 6.596563e-01 9.375454e-01 5.189264e-01 4.738301e-01 3.254908e-01
<GCONST> 1.290400e+02
<TRANSP> 5
 0.000000e+00 1.000000e+00 0.000000e+00 0.000000e+00 0.000000e+00
 0.000000e+00 7.344891e-01 2.655109e-01 0.000000e+00 0.000000e+00
 0.000000e+00 0.000000e+00 7.270784e-01 2.729216e-01 0.000000e+00
 0.000000e+00 0.000000e+00 0.000000e+00 5.420938e-01 4.579062e-01
 0.000000e+00 0.000000e+00 0.000000e+00 0.000000e+00 0.000000e+00
<ENDHMM>
~h "n_pal"
<BEGINHMM>
<NUMSTATES> 5
<STATE> 2
<MEAN> 39
 1.331513e-01 3.843637e+00 5.742339e+00 6.267259e+00 -7.897703e+00 -7.480980e+00 -9.740026e+00 -7.408650e+00 -6.204639e+00 -1.598401e+01 -1.638200e+00 -1.110741e+00 7.313509e+01 1.331261e+00 1.154747e+00 8.780821e-01 2.764291e-01 1.286349e+00 -3.774271e-01 -2.190806e-01 6.632522e-01 -1.958422e+00 -1.614713e+00 7.182605e-01 4.887426e-01 -1.258231e+00 -3.545080e-01 -2.210754e-01 -2.885815e-01 -1.676712e-01 -1.939372e-01 1.479062e-02 1.105678e-01 -1.601176e-01 2.498937e-01 5.689236e-01 -1.438660e-01 -4.493542e-02 2.580003e-01
<VARIANCE> 39
 1.403344e+01 2.728838e+01 4.859519e+01 2.270319e+01 1.038846e+02 5.710252e+01 6.939507e+01 5.596124e+01 7.884566e+01 3.823760e+01 4.968184e+01 6.470573e+01 2.877588e+01 1.654385e+00 2.292019e+00 3.461497e+00 2.765172e+00 5.083479e+00 3.339850e+00 3.482470e+00 5.271467e+00 4.222198e+00 4.636459e+00 3.157253e+00 2.777192e+00 3.527828e+00 4.984549e-01 3.818007e-01 5.097144e-01 4.744389e-01 9.848313e-01 5.857196e-01 5.608999e-01 7.748048e-01 1.008210e+00 8.067394e-01 6.568055e-01 4.790886e-01 4.333738e-01
<GCONST> 1.301087e+02
<STATE> 3
<MEAN> 39
 1.948762e+00 6.013597e+00 6.389470e+00 6.185146e+00 -5.225747e+00 -8.660123e+00 -9.629408e+00 -6.848511e+00 -9.936442e+00 -1.751538e+01 -6.282541e-01 1.736364e-01 7.132404e+01 -4.329014e-01 -2.469537e-02 5.487003e-02 -1.561052e-01 -3.788992e-01 -1.344197e-01 7.230428e-02 -2.191269e-01 2.833995e-01 6.879143e-01 -6.939622e-01 -1.421783e-01 4.495522e-01 -7.625941e-01 -5.407233e-01 -2.671717e-01 -6.321590e-02 -7.355126e-01 1.635819e-01 2.195145e-01 -3.352009e-01 9.507817e-01 8.325546e-01 -4.514996e-01 -2.757523e-01 6.424624e-01
<VARIANCE> 39
 8.086657e+00 3.261365e+01 4.342698e+01 2.170927e+01 6.785963e+01 6.076223e+01 7.398940e+01 6.082597e+01 7.033864e+01 3.275246e+01 4.574427e+01 6.799478e+01 1.143669e+01 1.510221e+00 2.439675e+00 2.254307e+00 1.898351e+00 5.373615e+00 2.672976e+00 2.751755e+00 3.588130e+00 4.278727e+00 3.595332e+00 2.917793e+00 2.111212e+00 3.016089e+00 3.453449e-01 4.901408e-01 6.850891e-01 5.512552e-01 9.929808e-01 7.166331e-01 6.330110e-01 1.021710e+00 7.957188e-01 9.359307e-01 6.646303e-01 5.547566e-01 3.941952e-01
<GCONST> 1.266774e+02
<STATE> 4
<MEAN> 39
 -1.436513e+00 3.513318e+00 5.660749e+00 5.602570e+00 -9.849869e+00 -8.718885e+00 -8.770370e+00 -9.415025e+00 -5.030898e+00 -1.272118e+01 -5.076687e+00 -1.722820e+00 7.552047e+01 -1.117989e+00 -9.363617e-01 -6.910813e-01 -1.640753e-01 -1.419660e+00 1.810756e-01 5.283841e-01 -6.615834e-01 1.733552e+00 1.650100e+00 -7.403369e-01 -5.930307e-01 1.234682e+00 -6.454691e-02 -1.108070e-01 -2.596007e-01 -8.789487e-02 1.294810e-01 2.006277e-01 1.107636e-01 9.099885e-02 3.987188e-02 3.954892e-02 3.215453e-01 3.399425e-02 -7.489116e-02
<VARIANCE> 39
 1.099916e+01 2.948222e+01 4.298101e+01 2.342457e+01 9.976759e+01 4.791301e+01 8.142063e+01 4.974560e+01 7.822167e+01 3.902219e+01 4.582532e+01 5.176887e+01 2.258424e+01 1.739324e+00 2.535272e+00 3.656897e+00 2.399933e+00 6.172609e+00 3.649705e+00 3.379528e+00 4.499947e+00 4.193352e+00 4.043925e+00 3.167137e+00 2.474656e+00 2.767640e+00 5.285656e-01 5.266833e-01 4.675054e-01 4.321870e-01 1.018760e+00 5.240542e-01 5.999594e-01 6.279275e-01 9.000694e-01 7.126702e-01 5.108015e-01 4.122564e-01 3.977537e-01
<GCONST> 1.280591e+02
<TRANSP> 5
 0.000000e+00 1.000000e+00 0.000000e+00 0.000000e+00 0.000000e+00
 0.000000e+00 5.365453e-01 4.634547e-01 0.000000e+00 0.000000e+00
 0.000000e+00 0.000000e+00 5.367407e-01 4.632593e-01 0.000000e+00
 0.000000e+00 0.000000e+00 0.000000e+00 5.273157e-01 4.726842e-01
 0.000000e+00 0.000000e+00 0.000000e+00 0.000000e+00 0.000000e+00
<ENDHMM>
~h "ts_pal"
<BEGINHMM>
<NUMSTATES> 5
<STATE> 2
<MEAN> 39
 -2.263014e+01 8.721716e+00 -6.478102e-01 4.659993e+00 1.694767e+00 -2.644032e-01 -4.437676e+00 -2.021061e+00 -3.024050e+00 -1.936976e+00 -1.581746e+00 -1.469130e+00 6.802928e+01 -4.841452e+00 3.640279e-01 -1.299131e+00 -1.228340e+00 6.556764e-01 8.557001e-01 1.727785e+00 1.286643e+00 6.639451e-01 6.268362e-01 7.085094e-01 8.048207e-01 -5.419821e-01 4.747652e-01 -6.795195e-01 -2.684815e-01 -5.534948e-01 -5.784295e-01 -5.538045e-01 -2.797990e-01 -1.496904e-01 2.025512e-01 -1.929399e-01 1.891876e-01 6.496859e-02 9.326406e-01
<VARIANCE> 39
 9.068881e+01 2.904028e+01 5.895947e+01 3.409662e+01 2.876057e+01 2.752045e+01 2.960702e+01 2.617504e+01 2.465865e+01 2.576859e+01 2.472471e+01 2.108022e+01 2.862481e+01 5.073028e+00 4.151975e+00 4.318847e+00 3.860003e+00 3.780685e+00 4.295605e+00 3.774680e+00 2.903381e+00 2.976290e+00 2.829263e+00 2.854733e+00 2.886785e+00 6.888744e+00 1.423745e+00 6.258903e-01 9.915862e-01 5.555782e-01 5.379223e-01 6.626663e-01 7.518083e-01 6.159276e-01 5.109645e-01 4.959380e-01 4.623254e-01 4.591734e-01 7.226300e-01
<GCONST> 1.280030e+02
<STATE> 3
<MEAN> 39
 -3.342379e+01 5.072262e+00 -4.034048e+00 -4.180189e+00 1.510101e-01 -2.931373e+00 -1.545029e+00 7.640856e-01 3.687867e-01 -2.275510e+00 1.703472e+00 1.477048e+00 7.436521e+01 1.103517e+00 -8.021943e-01 1.194582e+00 -5.002603e-01 -5.357151e-01 -1.143760e+00 -3.308557e-01 -8.630383e-02 1.030961e-02 -5.489247e-01 -1.138593e-01 3.369835e-02 1.265536e+00 1.568696e+00 1.239497e-01 7.970550e-01 8.713441e-01 -7.143629e-02 -1.099784e-01 -5.283674e-01 -4.811371e-01 -3.935869e-01 -2.841273e-01 -3.707089e-01 -3.451281e-01 -2.538771e-01
<VARIANCE> 39
 1.287800e+01 2.076154e+01 3.750655e+01 4.311254e+01 2.286983e+01 2.748736e+01 2.047323e+01 1.830316e+01 2.111450e+01 1.793819e+01 1.448015e+01 1.209780e+01 1.156882e+01 6.398524e+00 1.903180e+00 4.227668e+00 4.956972e+00 2.262264e+00 2.184004e+00 2.371017e+00 2.247822e+00 2.361319e+00 1.759784e+00 1.897104e+00 1.543319e+00 1.479131e+00 5.652670e-01 4.194759e-01 4.781586e-01 6.715666e-01 5.388739e-01 5.233863e-01 5.814384e-01 4.928352e-01 4.068233e-01 3.913751e-01 3.892457e-01 3.712770e-01 2.693595e-01
<GCONST> 1.121037e+02
<STATE> 4
<MEAN> 39
 -1.845705e+01 4.330155e+00 6.647913e+00 1.653162e+00 -1.206951e+00 -7.555017e+00 -6.366250e+00 -3.361164e+00 -3.224586e+00 -6.559415e+00 -1.995283e+00 -1.296622e+00 7.670650e+01 6.334930e+00 -2.791906e-01 2.030323e+00 2.682412e+00 -1.330521e+00 -1.713358e+00 -2.597265e+00 -2.856552e+00 -1.318087e+00 -1.659812e+00 -1.052402e+00 -1.200791e+00 4.105359e-01 -1.151430e-01 -2.146453e-01 -9.169961e-01 -1.624449e-01 -4.093872e-01 1.696973e-01 -2.603108e-02 -2.691911e-01 2.709918e-01 1.215729e-01 2.470627e-01 1.213325e-01 -1.201482e-01
<VARIANCE> 39
 7.487346e+01 1.921966e+01 5.847229e+01 4.058485e+01 3.656540e+01 4.655049e+01 4.490475e+01 4.148813e+01 4.738750e+01 3.720514e+01 2.316183e+01 2.076370e+01 7.603358e+00 2.303316e+00 3.222075e+00 5.495935e+00 4.538402e+00 5.379111e+00 4.862915e+00 5.468898e+00 2.961524e+00 4.140811e+00 3.277990e+00 3.348700e+00 3.762164e+00 1.324490e+00 1.325366e+00 4.885890e-01 5.458708e-01 7.745711e-01 5.198131e-01 8.610632e-01 9.243110e-01 8.606399e-01 7.069151e-01 6.906512e-01 4.990976e-01 4.907715e-01 2.070701e-01
<GCONST> 1.280358e+02
<TRANSP> 5
 0.000000e+00 1.000000e+00 0.000000e+00 0.000000e+00 0.000000e+00
 0.000000e+00 7.656493e-01 2.343507e-01 0.000000e+00 0.000000e+00
 0.000000e+00 0.000000e+00 7.826629e-01 2.173370e-01 0.000000e+00
 0.000000e+00 0.000000e+00 0.000000e+00 5.805600e-01 4.194399e-01
 0.000000e+00 0.000000e+00 0.000000e+00 0.000000e+00 0.000000e+00
<ENDHMM>
~h "d_pal"
<BEGINHMM>
<NUMSTATES> 5
<STATE> 2
<MEAN> 39
 -1.128983e+00 8.442936e+00 8.488625e+00 9.353099e+00 -1.040869e+00 -5.816489e+00 -9.032513e+00 -6.166923e+00 -3.113560e+00 -7.175156e+00 -3.363365e+00 -5.113737e+00 6.596915e+01 7.128157e-02 1.537648e+00 1.083068e+00 3.676677e-01 1.620827e+00 4.832501e-01 1.160874e+00 1.143216e+00 -2.470513e-01 4.222038e-01 -7.419530e-01 -6.819323e-01 -1.941168e+00 -5.221668e-01 -7.429599e-01 -4.952413e-01 -4.415314e-01 -4.777009e-01 -7.835304e-02 -3.855551e-02 -3.851735e-01 -1.418184e-01 -6.033576e-02 9.148905e-02 3.495907e-01 1.139216e+00
<VARIANCE> 39
 2.484063e+01 3.199089e+01 3.773689e+01 2.704257e+01 5.581616e+01 4.617516e+01 4.957396e+01 3.643306e+01 4.424472e+01 3.780598e+01 3.794091e+01 3.917239e+01 4.940385e+01 3.864590e+00 3.947623e+00 3.301049e+00 3.017117e+00 4.457500e+00 4.047039e+00 4.334991e+00 4.569263e+00 3.530659e+00 3.392450e+00 2.924492e+00 2.269502e+00 8.490315e+00 6.301273e-01 6.711071e-01 4.802069e-01 4.990261e-01 8.246427e-01 8.168370e-01 7.221017e-01 9.632335e-01 7.188492e-01 6.399633e-01 5.341432e-01 4.364238e-01 1.626282e+00
<GCONST> 1.318858e+02
<STATE> 3
<MEAN> 39
 -5.532731e+00 8.351808e+00 8.096691e+00 7.960275e+00 1.711312e+00 -4.246498e+00 -5.939168e+00 -5.378727e+00 -5.454678e+00 -6.578035e+00 -5.494512e+00 -5.320135e+00 6.772569e+01 -1.713047e+00 -1.779754e+00 -5.136696e-01 -5.464289e-01 -7.594919e-01 -6.257325e-01 2.632223e-02 -1.150307e+00 -6.355519e-01 -4.496039e-01 -1.227836e-01 9.296141e-01 3.111327e+00 1.895358e-01 -6.818266e-01 -2.188106e-01 1.007047e-01 -1.271765e+00 -7.978796e-01 -6.400971e-01 -7.493544e-01 3.196725e-01 -4.176400e-01 3.206176e-01 3.942524e-01 1.036072e+00
<VARIANCE> 39
 3.309704e+01 2.863741e+01 3.115748e+01 2.703018e+01 3.514455e+01 3.805053e+01 3.210689e+01 2.610815e+01 3.167236e+01 3.526543e+01 3.439970e+01 3.354323e+01 4.408271e+01 3.286733e+00 3.207864e+00 2.773460e+00 3.173336e+00 4.854928e+00 5.623852e+00 4.079788e+00 4.475720e+00 3.708068e+00 3.197685e+00 3.261425e+00 2.411702e+00 4.552925e+00 8.203271e-01 7.386361e-01 6.504312e-01 6.956611e-01 9.176488e-01 9.897329e-01 9.372135e-01 8.421360e-01 9.165865e-01 6.399927e-01 7.675937e-01 5.050825e-01 1.385878e+00
<GCONST> 1.310641e+02
<STATE> 4
<MEAN> 39
 -6.791697e+00 2.697872e+00 6.702226e+00 8.239349e+00 -5.178957e+00 -1.063278e+01 -8.713263e+00 -1.144086e+01 -5.000088e+00 -9.487595e+00 -4.764865e+00 -1.866640e+00 7.734681e+01 2.721633e-01 -1.611477e+00 -4.004168e-01 2.355804e-01 -3.281776e+00 -2.023557e+00 -1.156324e+00 -1.689157e+00 1.053663e+00 -8.268281e-01 5.708268e-01 9.206103e-01 2.491185e+00 5.317574e-01 3.398562e-01 -2.025710e-02 7.727203e-02 -1.426649e-01 2.859735e-01 -5.671254e-02 3.600996e-01 3.784928e-01 1.536428e-01 1.685573e-01 -2.367185e-01 -7.067438e-01
<VARIANCE> 39
 1.424764e+01 1.581575e+01 3.686506e+01 3.574065e+01 8.191965e+01 5.037436e+01 5.056245e+01 4.147765e+01 5.709651e+01 3.355824e+01 3.064217e+01 2.729364e+01 1.262203e+01 1.822761e+00 2.216305e+00 2.502707e+00 2.682123e+00 4.513826e+00 4.376909e+00 4.323392e+00 4.572955e+00 4.594948e+00 3.141369e+00 3.744229e+00 1.962143e+00 3.252587e+00 3.544096e-01 3.604665e-01 3.934704e-01 4.684703e-01 1.032893e+00 9.953801e-01 6.815090e-01 7.344545e-01 6.497695e-01 5.263847e-01 5.256675e-01 4.192179e-01 4.386688e-01
<GCONST> 1.243633e+02
<TRANSP> 5
 0.000000e+00 1.000000e+00 0.000000e+00 0.000000e+00 0.000000e+00
 0.000000e+00 6.090001e-01 3.909999e-01 0.000000e+00 0.000000e+00
 0.000000e+00 0.000000e+00 5.309981e-01 4.690019e-01 0.000000e+00
 0.000000e+00 0.000000e+00 0.000000e+00 5.165366e-01 4.834635e-01
 0.000000e+00 0.000000e+00 0.000000e+00 0.000000e+00 0.000000e+00
<ENDHMM>
~h "M_pal"
<BEGINHMM>
<NUMSTATES> 5
<STATE> 2
<MEAN> 39
 3.979726e+00 -9.697896e-01 2.437596e+00 5.850360e+00 -5.269577e+00 -4.604793e+00 -1.047182e+01 -1.225765e+01 -6.734944e+00 -1.457151e+01 -5.426338e+00 1.394656e+00 7.346416e+01 4.784958e-01 9.025043e-01 1.255471e+00 5.487388e-01 1.692818e+00 -1.314553e-01 -3.782405e-01 4.488207e-01 -1.799860e+00 -1.167677e+00 1.975779e-01 8.751152e-01 -1.417511e+00 -3.924440e-01 1.659150e-01 -1.800354e-02 -4.647288e-02 -3.249960e-01 -3.095137e-01 1.617870e-01 2.160485e-01 2.541599e-01 3.160653e-01 4.510082e-02 -2.451098e-01 1.759463e-01
<VARIANCE> 39
 5.744608e+00 1.612545e+01 4.552010e+01 3.158318e+01 6.729867e+01 6.382341e+01 8.190019e+01 5.341159e+01 8.539410e+01 3.960369e+01 5.774427e+01 7.996711e+01 1.014420e+01 7.150884e-01 1.013475e+00 3.067847e+00 2.232122e+00 3.833725e+00 3.412632e+00 2.101049e+00 2.203265e+00 4.314134e+00 5.112782e+00 2.535619e+00 3.076611e+00 8.151990e-01 1.026955e-01 1.447335e-01 4.990873e-01 2.861776e-01 4.955486e-01 5.431975e-01 3.457761e-01 3.532817e-01 5.886077e-01 8.342311e-01 3.803973e-01 4.996341e-01 1.136858e-01
<GCONST> 1.156396e+02
<STATE> 3
<MEAN> 39
 4.018401e+00 3.274118e+00 6.198804e+00 6.669461e+00 2.438697e-01 -6.859438e+00 -1.117547e+01 -8.300099e+00 -1.095192e+01 -1.615673e+01 -2.992409e+00 3.574642e+00 7.038915e+01 -7.670909e-01 1.442913e+00 6.768333e-01 1.178369e-01 6.364784e-01 -3.930078e-01 4.413784e-01 7.982880e-01 -2.759793e-01 3.435186e-01 -1.936131e-01 -4.233540e-01 -9.699085e-01 -7.351171e-01 -1.441814e-01 -1.254081e-01 -8.666934e-02 -3.290890e-01 4.565946e-01 3.671184e-01 -3.159571e-02 6.684026e-01 7.258383e-01 -2.007659e-01 -5.185682e-01 1.263992e-01
<VARIANCE> 39
 5.897597e+00 2.073597e+01 3.202657e+01 2.065782e+01 7.712901e+01 6.744260e+01 6.561452e+01 5.717575e+01 1.109394e+02 3.595449e+01 5.915692e+01 7.858965e+01 7.538853e+00 1.209559e+00 1.274124e+00 1.957162e+00 1.412734e+00 2.687235e+00 3.211372e+00 2.521176e+00 2.716527e+00 3.459431e+00 3.954032e+00 2.205354e+00 2.707688e+00 1.151553e+00 3.198043e-01 3.297488e-01 6.258087e-01 4.411432e-01 9.134035e-01 8.943819e-01 5.376919e-01 6.103130e-01 9.144784e-01 8.495977e-01 5.959784e-01 7.420505e-01 3.423238e-01
<GCONST> 1.216002e+02
<STATE> 4
<MEAN> 39
 -4.476863e-01 6.643663e+00 8.001089e+00 6.388256e+00 1.812756e-01 -5.174520e+00 -8.575591e+00 -7.215710e+00 -9.837402e+00 -1.298054e+01 -5.085196e+00 3.299558e-02 6.793536e+01 -3.318088e+00 3.305398e-01 4.139931e-01 -8.903774e-02 5.979254e-01 1.376740e+00 1.262037e+00 8.466841e-01 1.440281e+00 2.190320e+00 -2.991215e-01 -1.296564e+00 -1.051981e+00 -7.196136e-01 -7.674116e-01 -4.921346e-01 -2.073701e-01 -1.119638e-01 1.560128e-01 1.846984e-01 1.088542e-01 5.275237e-01 3.961077e-01 3.056281e-01 1.025010e-01 2.724337e-01
<VARIANCE> 39
 2.423698e+01 2.323314e+01 3.303662e+01 1.923392e+01 5.577561e+01 4.421623e+01 5.194606e+01 4.894505e+01 6.252160e+01 3.463754e+01 4.604560e+01 6.148420e+01 2.997971e+01 4.331905e+00 4.058090e+00 4.753028e+00 3.680913e+00 6.373889e+00 7.598433e+00 4.579500e+00 4.649423e+00 5.471703e+00 5.369667e+00 4.172972e+00 4.661386e+00 6.015954e+00 6.413949e-01 5.118588e-01 7.722051e-01 4.824642e-01 7.772292e-01 8.737628e-01 6.836230e-01 7.737019e-01 6.513376e-01 7.878821e-01 6.243852e-01 6.423616e-01 7.057994e-01
<GCONST> 1.349014e+02
<TRANSP> 5
 0.000000e+00 1.000000e+00 0.000000e+00 0.000000e+00 0.000000e+00
 0.000000e+00 7.438405e-01 2.561596e-01 0.000000e+00 0.000000e+00
 0.000000e+00 0.000000e+00 6.030267e-01 3.969733e-01 0.000000e+00
 0.000000e+00 0.000000e+00 0.000000e+00 5.009054e-01 4.990946e-01
 0.000000e+00 0.000000e+00 0.000000e+00 0.000000e+00 0.000000e+00
<ENDHMM>
~h "Z_pal"
<BEGINHMM>
<NUMSTATES> 5
<STATE> 2
<MEAN> 39
 -6.546299e+00 -1.024503e+00 1.154406e+01 8.476095e+00 -6.916198e+00 -1.144190e+01 -8.755772e+00 -1.010830e+01 -5.496808e+00 -8.635089e+00 -7.278489e+00 -3.308474e+00 7.709323e+01 -2.886346e+00 3.884229e-01 3.341173e+00 -4.254164e-01 2.288220e+00 -3.862342e-01 2.070470e+00 6.406240e-01 -6.289226e-01 2.423962e-01 -1.016160e+00 -5.639330e-02 2.310292e-01 -5.867651e-01 -2.608771e-02 -1.545759e-01 -3.248451e-01 1.458741e-01 6.916536e-01 1.963894e-01 1.398931e-01 2.352543e-01 8.235243e-02 3.490771e-01 5.212853e-02 1.128997e-02
<VARIANCE> 39
 3.200275e+01 1.301841e+01 6.424799e+01 6.828338e+01 1.325356e+02 4.360494e+01 9.176070e+01 3.438286e+01 3.571886e+01 5.441552e+01 3.841894e+01 2.609686e+01 1.837607e+01 3.249071e+00 1.504276e+00 2.831111e+00 3.998003e+00 4.220491e+00 4.709641e+00 5.502661e+00 5.548539e+00 3.662270e+00 4.699279e+00 4.807971e+00 2.392465e+00 2.099194e+00 4.118345e-01 2.436332e-01 5.897713e-01 6.472849e-01 8.742160e-01 5.752676e-01 8.847938e-01 6.352886e-01 5.370425e-01 6.696625e-01 6.152235e-01 4.210229e-01 1.845779e-01
<GCONST> 1.280706e+02
<STATE> 3
<MEAN> 39
 -1.961005e+01 -1.377430e+00 2.010945e+01 7.163353e+00 1.265647e+00 -6.977105e+00 -1.721509e+00 -6.258382e+00 -5.080220e+00 -6.434762e+00 -6.721993e+00 -2.990955e+00 7.831750e+01 -9.790688e-01 -1.973475e-01 1.756317e-01 2.073217e-02 4.409639e-01 3.249389e-01 2.520019e-01 3.146013e-01 1.616920e-01 8.802480e-02 1.956062e-01 6.466486e-02 8.740550e-02 1.187444e+00 6.044274e-02 -7.844015e-01 8.368290e-02 -6.387141e-01 -3.417940e-01 -6.663274e-01 -3.522433e-01 1.521372e-02 -2.203331e-01 6.921338e-02 4.762017e-02 -6.052004e-02
<VARIANCE> 39
 4.233060e+01 1.306560e+01 3.612374e+01 8.205231e+01 5.131873e+01 3.890559e+01 3.889402e+01 3.543998e+01 2.161403e+01 7.223351e+01 3.399986e+01 2.085200e+01 5.396980e+00 7.606791e+00 1.445152e+00 2.839728e+00 1.339706e+00 2.883605e+00 3.642934e+00 4.131108e+00 2.618894e+00 1.916268e+00 2.455591e+00 2.006021e+00 1.259938e+00 2.891112e-01 7.195558e-01 3.599335e-01 3.869659e-01 3.193229e-01 4.642786e-01 7.273586e-01 6.424288e-01 5.412601e-01 4.697463e-01 5.660183e-01 5.445133e-01 3.027330e-01 8.482219e-02
<GCONST> 1.149408e+02
<STATE> 4
<MEAN> 39
 -1.041467e+01 -7.353272e-01 1.332399e+01 8.151172e+00 -2.753047e+00 -1.146662e+01 -6.615180e+00 -9.425552e+00 -5.017420e+00 -8.173551e+00 -7.149725e+00 -2.248944e+00 7.788610e+01 3.327359e+00 3.128448e-01 -2.520163e+00 -5.132454e-02 -2.017869e+00 -4.675485e-01 -1.613039e+00 -9.834232e-01 3.363248e-01 -3.996851e-01 3.422438e-01 1.783904e-01 -1.846566e-01 -1.239755e-01 -5.956061e-02 -2.000311e-01 -5.975516e-02 -1.369146e-01 5.151467e-01 1.830470e-01 1.206875e-01 1.948200e-01 5.178107e-02 2.155628e-01 -3.414445e-02 -3.287280e-02
<VARIANCE> 39
 5.221436e+01 1.101834e+01 5.792553e+01 7.351452e+01 1.036137e+02 3.797995e+01 6.237817e+01 3.322174e+01 3.380377e+01 4.900200e+01 3.288273e+01 2.132805e+01 8.686882e+00 3.616872e+00 1.965433e+00 2.816399e+00 2.547541e+00 3.964513e+00 4.528091e+00 4.291803e+00 4.339549e+00 3.699723e+00 4.535281e+00 4.488160e+00 2.327120e+00 8.808590e-01 9.271740e-01 2.846667e-01 4.065647e-01 3.186590e-01 7.184150e-01 6.766645e-01 6.590973e-01 5.678582e-01 5.221237e-01 5.496462e-01 5.625476e-01 3.978295e-01 1.337834e-01
<GCONST> 1.233769e+02
<TRANSP> 5
 0.000000e+00 1.000000e+00 0.000000e+00 0.000000e+00 0.000000e+00
 0.000000e+00 6.570490e-01 3.429510e-01 0.000000e+00 0.000000e+00
 0.000000e+00 0.000000e+00 8.054314e-01 1.945686e-01 0.000000e+00
 0.000000e+00 0.000000e+00 0.000000e+00 6.944912e-01 3.055088e-01
 0.000000e+00 0.000000e+00 0.000000e+00 0.000000e+00 0.000000e+00
<ENDHMM>
~h "g_pal"
<BEGINHMM>
<NUMSTATES> 5
<STATE> 2
<MEAN> 39
 -1.960731e+00 7.714308e+00 9.024357e+00 1.221959e+01 -5.816761e+00 -7.328787e+00 -8.466886e+00 -4.351839e+00 -3.906467e+00 -1.419312e+01 -1.803706e+00 -5.732989e-02 6.667691e+01 -4.529269e-01 6.110499e-01 1.069839e+00 6.601931e-01 5.496225e-01 -8.900812e-02 9.954858e-01 5.943292e-01 -4.873737e-01 3.756384e-01 -4.531243e-02 -5.975607e-01 -7.323803e-01 -5.042777e-01 -7.491338e-01 -2.308120e-01 -5.714694e-01 -2.661378e-01 1.720490e-01 8.805874e-02 -5.893608e-01 -5.425330e-02 4.224468e-01 -7.091400e-02 -9.150504e-02 1.032377e+00
<VARIANCE> 39
 2.693710e+01 3.998190e+01 4.075125e+01 3.987726e+01 7.152614e+01 4.249979e+01 6.215338e+01 4.395060e+01 1.027841e+02 5.027169e+01 4.751698e+01 6.533566e+01 4.787073e+01 4.859676e+00 6.409213e+00 2.872651e+00 4.286664e+00 5.563683e+00 5.902163e+00 4.922119e+00 5.662027e+00 4.911721e+00 5.714666e+00 3.946575e+00 3.130862e+00 9.571513e+00 7.536152e-01 8.479253e-01 4.360541e-01 5.737664e-01 8.613724e-01 9.156565e-01 8.525416e-01 1.038907e+00 1.052469e+00 1.027392e+00 8.298519e-01 6.359982e-01 1.417951e+00
<GCONST> 1.409163e+02
<STATE> 3
<MEAN> 39
 -8.647938e+00 3.727035e+00 1.081898e+01 1.002889e+01 -5.660384e+00 -4.978614e+00 -5.424238e+00 -6.876851e+00 -7.315204e+00 -1.070425e+01 -2.122651e+00 -3.387744e+00 7.251001e+01 -1.414701e+00 -1.568971e+00 2.898717e-01 -3.984433e-01 -1.026797e+00 -6.075733e-01 -1.266732e-01 -1.566372e+00 -1.694414e-01 1.945502e-02 -4.391133e-01 2.828685e-01 2.764039e+00 6.156563e-01 4.472508e-02 -2.041966e-01 4.209514e-02 -6.495820e-01 -5.646908e-01 -5.483515e-01 -2.799747e-01 3.402415e-01 -4.087327e-01 1.894479e-02 4.050810e-01 1.274041e-01
<VARIANCE> 39
 2.771271e+01 4.057891e+01 3.768982e+01 3.753919e+01 5.302551e+01 4.816287e+01 4.187146e+01 3.064429e+01 6.175276e+01 4.888667e+01 3.834058e+01 5.298800e+01 4.017368e+01 4.070487e+00 4.890108e+00 2.718353e+00 3.118437e+00 5.762771e+00 7.102735e+00 3.967050e+00 3.912891e+00 4.081230e+00 4.732357e+00 3.760944e+00 3.238168e+00 4.222200e+00 8.498166e-01 1.274703e+00 5.635600e-01 7.240540e-01 9.340936e-01 1.278307e+00 7.927018e-01 7.925856e-01 9.576676e-01 9.616307e-01 8.162433e-01 6.267977e-01 1.377587e+00
<GCONST> 1.372293e+02
<STATE> 4
<MEAN> 39
 -6.974403e+00 9.728743e-01 9.545057e+00 1.064970e+01 -1.183037e+01 -1.189481e+01 -8.800076e+00 -1.138645e+01 -4.018175e+00 -1.382540e+01 -3.597236e+00 1.461113e-01 7.817332e+01 8.775207e-01 -8.809257e-01 -8.162915e-01 -3.712288e-01 -1.664733e+00 -1.011137e+00 -1.111222e+00 -7.426946e-01 1.264160e+00 2.159969e-01 8.355365e-02 3.652454e-01 1.237263e+00 3.459736e-01 1.874872e-01 -3.918570e-01 -2.205968e-01 3.903356e-01 5.607966e-01 -2.946013e-02 4.124149e-01 1.201189e-01 3.212650e-01 1.751586e-01 -2.600231e-01 -5.298063e-01
<VARIANCE> 39
 1.299668e+01 1.721796e+01 3.254948e+01 4.371166e+01 1.083992e+02 5.149866e+01 6.185786e+01 4.065240e+01 7.739548e+01 3.952935e+01 5.574493e+01 4.809619e+01 1.283628e+01 1.379297e+00 2.288098e+00 2.674376e+00 2.485868e+00 4.814575e+00 4.606247e+00 3.135363e+00 4.232853e+00 4.396464e+00 4.305867e+00 3.804128e+00 2.968878e+00 1.773986e+00 3.420991e-01 4.042551e-01 4.115577e-01 4.538341e-01 1.053418e+00 9.045217e-01 6.215646e-01 6.571398e-01 7.454217e-01 6.810029e-01 7.467849e-01 5.396777e-01 3.207496e-01
<GCONST> 1.266206e+02
<TRANSP> 5
 0.000000e+00 1.000000e+00 0.000000e+00 0.000000e+00 0.000000e+00
 0.000000e+00 6.385944e-01 3.614056e-01 0.000000e+00 0.000000e+00
 0.000000e+00 0.000000e+00 5.852869e-01 4.147131e-01 0.000000e+00
 0.000000e+00 0.000000e+00 0.000000e+00 5.556080e-01 4.443920e-01
 0.000000e+00 0.000000e+00 0.000000e+00 0.000000e+00 0.000000e+00
<ENDHMM>
~h "t_pal"
<BEGINHMM>
<NUMSTATES> 5
<STATE> 2
<MEAN> 39
 -1.191981e+01 4.635633e+00 5.598989e+00 6.771841e+00 1.563774e+00 -1.532796e+00 -4.357131e+00 -2.724043e+00 -2.543090e+00 -4.003029e+00 -1.785560e+00 -1.654814e+00 5.920490e+01 -1.685655e+00 -7.917598e-01 -7.465569e-01 -8.666233e-01 8.534137e-01 1.266131e+00 1.560385e+00 1.248136e+00 5.523914e-01 1.182712e+00 3.764699e-01 5.575372e-01 -2.331829e+00 5.099185e-02 -5.362628e-01 -6.204970e-01 -6.319358e-01 -8.121285e-01 -4.579601e-01 -2.688397e-01 -2.311097e-01 -4.277059e-02 -6.360647e-02 1.509379e-01 1.739277e-01 1.856754e+00
<VARIANCE> 39
 6.115694e+01 2.225842e+01 4.319123e+01 3.590422e+01 3.379973e+01 3.716039e+01 3.840746e+01 3.145767e+01 3.770112e+01 3.133491e+01 2.715952e+01 2.697222e+01 6.794367e+01 5.122391e+00 3.613919e+00 5.148949e+00 4.658192e+00 4.675007e+00 3.807365e+00 3.878840e+00 3.411870e+00 2.946785e+00 3.057333e+00 2.734009e+00 2.886734e+00 1.466236e+01 5.987484e-01 5.925668e-01 8.013319e-01 6.937770e-01 6.534031e-01 7.954888e-01 7.398137e-01 6.666536e-01 6.097624e-01 5.535414e-01 4.914506e-01 4.485787e-01 2.224553e+00
<GCONST> 1.320862e+02
<STATE> 3
<MEAN> 39
 -1.788582e+01 -9.546616e-01 -1.278468e+00 -9.230862e-01 -9.206491e-01 -6.052217e-01 -1.146587e+00 -4.664779e-02 -1.369890e+00 -2.494466e-01 8.854033e-01 1.832432e+00 6.657114e+01 -2.164949e-02 -3.663884e-01 -2.948387e-01 -1.067770e+00 -1.468282e+00 -1.528981e+00 -8.157551e-01 -4.410931e-01 -5.515917e-01 -3.705178e-01 -2.113406e-01 1.003159e-01 4.525719e+00 1.218061e+00 6.297773e-01 1.013114e+00 1.031668e+00 -4.145090e-01 -8.865979e-01 -9.910208e-01 -8.446842e-01 -3.113583e-01 -9.217726e-01 -4.635184e-01 -5.631769e-01 5.187234e-01
<VARIANCE> 39
 2.515128e+01 2.409814e+01 2.807266e+01 2.784948e+01 3.001662e+01 2.571987e+01 2.416204e+01 2.290702e+01 2.624736e+01 2.058348e+01 1.809305e+01 1.573368e+01 7.642927e+01 6.318081e+00 3.119698e+00 6.003738e+00 5.629514e+00 3.501287e+00 4.191089e+00 4.429481e+00 3.574739e+00 3.392070e+00 3.799919e+00 2.889034e+00 2.879766e+00 6.611311e+00 8.043425e-01 6.042051e-01 8.623612e-01 9.972905e-01 1.014936e+00 9.954039e-01 9.459049e-01 7.221950e-01 7.397110e-01 6.782957e-01 7.146746e-01 7.132483e-01 2.065702e+00
<GCONST> 1.306232e+02
<STATE> 4
<MEAN> 39
 -1.292985e+01 2.919177e+00 4.659264e+00 2.601473e+00 -3.330089e+00 -7.086060e+00 -6.578468e+00 -4.138009e+00 -4.361205e+00 -5.098523e+00 -2.751010e+00 -9.500676e-01 7.459304e+01 3.350770e+00 5.759744e-01 1.998453e+00 2.311237e+00 -1.926988e+00 -2.630523e+00 -2.667540e+00 -2.521052e+00 -4.690563e-01 -2.199097e+00 -9.574469e-01 -1.192727e+00 2.362520e+00 4.423222e-01 -2.660100e-01 -1.465330e-01 4.235733e-01 -1.632420e-01 2.793062e-01 5.873796e-03 -2.166469e-01 3.665280e-01 -3.180540e-02 1.878292e-01 -3.091520e-02 -9.558986e-01
<VARIANCE> 39
 3.866346e+01 2.024535e+01 4.773777e+01 3.554437e+01 4.901463e+01 3.665620e+01 3.994395e+01 3.290413e+01 3.628758e+01 3.369350e+01 2.269480e+01 2.008317e+01 1.380533e+01 2.599080e+00 3.149592e+00 4.114537e+00 4.105219e+00 6.303212e+00 5.093512e+00 5.576952e+00 3.958352e+00 4.371198e+00 3.860523e+00 4.192511e+00 3.575213e+00 3.900107e+00 9.576684e-01 5.529466e-01 9.771733e-01 9.677030e-01 6.846738e-01 9.223154e-01 9.222405e-01 8.517229e-01 6.390634e-01 7.358511e-01 6.126917e-01 5.570236e-01 6.528592e-01
<GCONST> 1.310453e+02
<TRANSP> 5
 0.000000e+00 1.000000e+00 0.000000e+00 0.000000e+00 0.000000e+00
 0.000000e+00 6.784564e-01 3.215436e-01 0.000000e+00 0.000000e+00
 0.000000e+00 0.000000e+00 5.698211e-01 4.301789e-01 0.000000e+00
 0.000000e+00 0.000000e+00 0.000000e+00 5.274268e-01 4.725731e-01
 0.000000e+00 0.000000e+00 0.000000e+00 0.000000e+00 0.000000e+00
<ENDHMM>
~h "j_pal"
<BEGINHMM>
<NUMSTATES> 5
<STATE> 2
<MEAN> 39
 -5.631897e+00 1.207402e+00 8.238529e+00 9.642411e+00 -1.473803e+01 -1.018768e+01 -9.218851e+00 -1.262263e+01 -2.781194e+00 -1.239115e+01 -3.180126e+00 -1.487672e+00 7.692219e+01 -1.827443e-01 3.126317e-01 1.047407e+00 7.456230e-01 -5.829283e-01 -5.888110e-01 2.983565e-01 -4.667353e-01 -1.830525e-01 -6.579932e-01 -3.123711e-01 9.859910e-02 3.716857e-01 3.181981e-02 -9.556890e-02 -3.453131e-01 -3.576833e-01 2.172026e-01 2.715822e-01 -5.635886e-03 1.474586e-01 -1.481419e-02 2.492023e-01 1.329318e-01 -7.413882e-03 -9.058999e-02
<VARIANCE> 39
 1.494380e+01 3.082027e+01 5.984334e+01 4.092724e+01 1.164109e+02 5.275847e+01 8.750434e+01 5.546637e+01 7.273648e+01 5.070131e+01 5.317856e+01 3.783763e+01 3.863516e+01 1.191165e+00 1.198553e+00 3.561362e+00 2.005838e+00 2.819865e+00 2.835997e+00 3.121346e+00 3.371719e+00 2.530545e+00 2.932157e+00 2.341312e+00 1.631506e+00 2.924053e+00 1.822499e-01 2.196134e-01 3.882952e-01 3.587393e-01 4.119253e-01 4.708672e-01 4.782664e-01 5.612213e-01 4.706558e-01 4.610338e-01 3.621173e-01 2.930300e-01 1.319150e-01
<GCONST> 1.195283e+02
<STATE> 3
<MEAN> 39
 -6.180946e+00 1.990665e+00 1.063864e+01 1.111763e+01 -1.346370e+01 -1.105766e+01 -7.295295e+00 -1.331083e+01 -4.143371e+00 -1.256973e+01 -4.343520e+00 -3.983640e-01 7.719718e+01 3.760126e-01 -4.064345e-01 -9.468540e-01 -1.967451e-01 1.465968e-02 -3.157319e-01 -6.244786e-01 3.761763e-01 5.164044e-01 3.131762e-01 1.759315e-01 -9.404808e-03 3.910792e-01 1.704722e-01 -1.320148e-01 -5.363711e-01 -3.197882e-01 1.624295e-01 2.090740e-01 -1.942939e-01 1.386600e-01 1.758675e-01 2.694107e-01 1.171383e-01 -5.520881e-02 -8.235812e-03
<VARIANCE> 39
 1.441148e+01 2.384868e+01 5.739537e+01 3.961242e+01 1.116620e+02 5.831298e+01 7.623858e+01 4.555270e+01 7.390349e+01 5.016275e+01 5.741883e+01 3.562757e+01 1.465715e+01 6.027793e-01 9.310378e-01 2.455398e+00 1.454412e+00 2.091982e+00 2.108070e+00 2.218246e+00 2.342229e+00 2.091390e+00 2.073931e+00 1.800838e+00 1.240136e+00 9.689145e-01 1.218138e-01 1.608828e-01 3.901525e-01 3.396440e-01 4.584188e-01 5.069556e-01 4.294417e-01 5.070664e-01 4.286087e-01 4.805366e-01 3.927014e-01 2.744684e-01 1.573999e-01
<GCONST> 1.121789e+02
<STATE> 4
<MEAN> 39
 -2.611777e+00 -8.205605e-01 1.876316e+00 7.503565e+00 -1.212268e+01 -1.040267e+01 -1.181806e+01 -1.212970e+01 2.930489e-01 -8.986222e+00 -3.078821e+00 -1.598262e+00 7.869131e+01 8.657920e-01 -2.957394e-01 -1.818602e+00 -1.812672e+00 4.353291e-01 1.411907e+00 -2.824174e-01 -7.904232e-03 1.311648e-01 1.152658e+00 6.280500e-01 -3.058406e-01 1.870981e-01 -4.269243e-02 1.691030e-01 2.296162e-01 -2.781008e-01 1.081737e-01 4.408811e-01 4.603342e-01 6.752405e-03 -4.323459e-01 -9.430176e-02 2.261239e-02 -3.285910e-03 -2.167098e-01
<VARIANCE> 39
 1.344419e+01 2.190313e+01 4.497228e+01 5.076089e+01 1.055046e+02 5.416182e+01 9.588860e+01 7.321645e+01 5.765413e+01 5.464761e+01 6.608776e+01 5.314314e+01 1.477073e+01 5.696675e-01 1.108343e+00 2.472524e+00 3.108381e+00 3.058320e+00 3.194628e+00 3.346482e+00 3.768002e+00 3.437945e+00 3.813066e+00 3.424833e+00 2.386724e+00 5.606158e-01 1.145813e-01 1.445533e-01 3.261279e-01 4.976654e-01 5.977077e-01 6.107007e-01 5.642470e-01 6.151309e-01 5.117469e-01 6.059125e-01 5.177043e-01 3.662740e-01 9.619706e-02
<GCONST> 1.188438e+02
<TRANSP> 5
 0.000000e+00 1.000000e+00 0.000000e+00 0.000000e+00 0.000000e+00
 0.000000e+00 6.112510e-01 3.887490e-01 0.000000e+00 0.000000e+00
 0.000000e+00 0.000000e+00 6.800244e-01 3.199756e-01 0.000000e+00
 0.000000e+00 0.000000e+00 0.000000e+00 5.754418e-01 4.245582e-01
 0.000000e+00 0.000000e+00 0.000000e+00 0.000000e+00 0.000000e+00
<ENDHMM>
~h "S_pal"
<BEGINHMM>
<NUMSTATES> 5
<STATE> 2
<MEAN> 39
 -1.771206e+01 -4.214235e+00 1.397482e+01 6.200139e+00 -5.180252e-01 -6.289792e+00 -2.687921e+00 -4.143677e+00 -2.162022e+00 -4.722216e+00 -4.512922e+00 -1.178529e+00 7.730940e+01 -5.573212e+00 -2.209124e+00 8.749292e-01 -1.225651e+00 1.631243e+00 8.682401e-01 2.723011e+00 1.850733e+00 1.467878e+00 1.827259e+00 9.447000e-01 8.968842e-01 6.909677e-01 1.453091e-02 -4.122421e-01 -1.013508e+00 -5.498221e-01 -9.039059e-01 -5.244140e-02 -2.769028e-01 -1.772715e-01 1.511869e-01 4.338282e-02 4.277432e-01 1.895294e-01 -3.671191e-02
<VARIANCE> 39
 7.335824e+01 2.565176e+01 5.422842e+01 6.055005e+01 5.462986e+01 3.248115e+01 4.242003e+01 3.350623e+01 3.243739e+01 6.265940e+01 3.108506e+01 2.054910e+01 1.995816e+01 2.200952e+00 2.985017e+00 5.411849e+00 2.982203e+00 5.958007e+00 5.137117e+00 4.374886e+00 3.806288e+00 4.302891e+00 3.900493e+00 4.231830e+00 2.551746e+00 2.375380e+00 1.162151e+00 7.033964e-01 4.616915e-01 4.738258e-01 7.401561e-01 7.530238e-01 8.123654e-01 7.032096e-01 7.223838e-01 7.552720e-01 6.580076e-01 4.092499e-01 2.254756e-01
<GCONST> 1.298139e+02
<STATE> 3
<MEAN> 39
 -3.108263e+01 -1.234516e+01 9.726441e+00 -7.525034e-01 -2.453415e+00 -6.445580e+00 1.391871e+00 -1.028097e+00 1.197140e+00 -2.850320e-01 -2.916974e-02 2.314877e+00 7.803735e+01 -4.745349e-01 -4.276810e-01 -6.733662e-01 -5.588087e-01 -3.609580e-01 -3.994849e-01 -1.674335e-01 -4.975878e-03 1.792431e-01 1.497652e-01 2.878519e-01 1.960984e-01 -2.068015e-01 1.276101e+00 7.198485e-01 7.170657e-02 4.985603e-01 5.358949e-02 -4.425330e-02 -4.682713e-01 -3.394374e-01 -2.508200e-01 -4.221029e-01 -2.906144e-01 -2.571161e-01 -2.418336e-01
<VARIANCE> 39
 1.427306e+01 1.788878e+01 3.117475e+01 5.469210e+01 2.742601e+01 5.359816e+01 2.151713e+01 1.871866e+01 2.343614e+01 3.022617e+01 1.374068e+01 1.196881e+01 6.331552e+00 4.809907e+00 3.020368e+00 1.761063e+00 2.760219e+00 1.847830e+00 2.040587e+00 1.931368e+00 1.663585e+00 1.812415e+00 1.868479e+00 1.726593e+00 1.474942e+00 8.114752e-01 4.258661e-01 3.798436e-01 3.326474e-01 3.172613e-01 4.744488e-01 5.568428e-01 4.686737e-01 4.054297e-01 4.322580e-01 3.674800e-01 3.469271e-01 2.789073e-01 1.779347e-01
<GCONST> 1.071973e+02
<STATE> 4
<MEAN> 39
 -2.024767e+01 -6.725157e+00 8.705744e+00 3.544791e+00 -1.190973e+00 -7.982939e+00 -3.227068e+00 -4.140988e+00 -4.007155e-01 -3.252029e+00 -2.225187e+00 9.484017e-02 7.587201e+01 5.203229e+00 2.737408e+00 -1.979287e-01 1.432018e+00 -4.123446e-01 -5.190422e-02 -2.070254e+00 -1.820462e+00 -1.261417e+00 -1.699476e+00 -9.704373e-01 -9.173502e-01 -7.134709e-01 3.540613e-01 -6.797323e-02 -2.698254e-01 -1.604159e-01 -5.473998e-01 8.966900e-02 -1.516253e-01 -2.212427e-01 -1.463956e-01 -8.655268e-02 8.666605e-02 5.426981e-02 1.152110e-01
<VARIANCE> 39
 8.952669e+01 4.148959e+01 4.472291e+01 6.490324e+01 5.793724e+01 4.173367e+01 3.910480e+01 3.243273e+01 3.755730e+01 4.206633e+01 2.780661e+01 2.107944e+01 1.104670e+01 5.145326e+00 3.135043e+00 3.426483e+00 3.356984e+00 5.824584e+00 5.864524e+00 5.012895e+00 3.538390e+00 4.298162e+00 3.959912e+00 3.627086e+00 2.948198e+00 2.863034e+00 1.459054e+00 9.722163e-01 5.600331e-01 6.721548e-01 7.679667e-01 8.251103e-01 8.146471e-01 7.099793e-01 8.005610e-01 7.494909e-01 6.152635e-01 5.477312e-01 3.052272e-01
<GCONST> 1.324171e+02
<TRANSP> 5
 0.000000e+00 1.000000e+00 0.000000e+00 0.000000e+00 0.000000e+00
 0.000000e+00 6.374964e-01 3.625036e-01 0.000000e+00 0.000000e+00
 0.000000e+00 0.000000e+00 8.213765e-01 1.786235e-01 0.000000e+00
 0.000000e+00 0.000000e+00 0.000000e+00 6.386919e-01 3.613081e-01
 0.000000e+00 0.000000e+00 0.000000e+00 0.000000e+00 0.000000e+00
<ENDHMM>
~h "m_pal"
<BEGINHMM>
<NUMSTATES> 5
<STATE> 2
<MEAN> 39
 3.748604e+00 9.832485e-01 4.101048e+00 6.489851e+00 -1.800150e+00 -3.877911e+00 -1.052350e+01 -1.193269e+01 -7.061229e+00 -1.310989e+01 -4.819674e+00 2.206352e+00 7.165569e+01 9.433118e-01 6.610809e-01 1.330355e+00 1.028803e+00 1.762961e+00 -3.585742e-01 -8.817724e-01 -2.680454e-01 -1.424877e+00 -1.384649e+00 -2.227095e-01 1.186114e+00 -1.071473e+00 -5.916038e-01 -1.948994e-01 -4.084421e-01 -3.021733e-01 -7.368567e-01 -1.304812e-01 1.458284e-01 1.107810e-01 5.859259e-01 6.251805e-01 1.345956e-01 -4.223678e-01 5.877905e-01
<VARIANCE> 39
 8.833801e+00 2.371889e+01 4.295376e+01 2.497916e+01 6.899587e+01 6.145553e+01 8.017686e+01 5.923147e+01 7.456213e+01 4.594699e+01 5.313907e+01 6.537991e+01 1.788978e+01 1.615551e+00 2.220596e+00 3.601335e+00 3.159036e+00 5.745325e+00 4.003271e+00 3.081424e+00 3.498290e+00 4.126638e+00 4.432601e+00 2.778499e+00 3.094908e+00 3.011360e+00 3.060237e-01 3.660499e-01 6.984652e-01 5.330808e-01 8.503796e-01 6.715733e-01 5.645816e-01 6.351480e-01 7.646947e-01 9.209861e-01 5.030423e-01 6.199173e-01 3.145822e-01
<GCONST> 1.279423e+02
<STATE> 3
<MEAN> 39
 3.904464e+00 1.800279e+00 4.815262e+00 7.627414e+00 -1.406672e+00 -5.598042e+00 -1.260376e+01 -1.249435e+01 -8.113834e+00 -1.335187e+01 -4.733459e+00 2.484245e+00 7.142289e+01 -4.975556e-01 -3.177711e-01 -7.545701e-01 -1.441497e-01 -1.068232e+00 -3.304184e-01 9.382498e-03 -7.100488e-02 8.543534e-01 1.079410e+00 -7.804654e-02 -9.858544e-01 1.002697e+00 -5.466669e-01 -3.691720e-01 -5.107552e-01 -3.664515e-01 -9.662583e-01 2.477227e-02 4.518417e-01 1.073370e-01 7.930824e-01 6.577352e-01 -2.495995e-02 -6.636772e-01 6.615940e-01
<VARIANCE> 39
 6.018775e+00 2.467407e+01 3.532897e+01 2.142543e+01 7.396951e+01 6.576656e+01 6.903937e+01 5.689630e+01 7.281046e+01 3.905760e+01 4.563866e+01 6.774125e+01 9.906824e+00 7.742842e-01 2.039360e+00 3.089204e+00 2.238329e+00 4.041523e+00 2.556916e+00 2.318631e+00 2.238586e+00 3.404491e+00 3.497687e+00 2.239751e+00 2.757855e+00 1.867821e+00 2.592214e-01 3.763945e-01 7.291511e-01 5.502034e-01 9.602088e-01 8.233400e-01 5.591210e-01 6.219879e-01 7.552172e-01 8.548778e-01 6.086447e-01 5.958838e-01 2.783882e-01
<GCONST> 1.223886e+02
<STATE> 4
<MEAN> 39
 1.125123e+00 -6.194084e-01 6.107230e-01 5.870916e+00 -7.782336e+00 -7.079927e+00 -1.079534e+01 -1.263926e+01 -2.325136e+00 -8.072226e+00 -5.462107e+00 -2.922029e+00 7.672050e+01 -1.264568e+00 -7.683740e-01 -7.323170e-01 -5.966244e-01 -2.375594e+00 -5.195955e-01 1.009992e+00 2.248723e-01 1.948614e+00 1.236789e+00 -6.882828e-02 -1.437561e+00 1.656576e+00 -1.600927e-01 1.737460e-01 3.179936e-01 -7.267335e-02 2.485069e-01 1.306843e-01 1.850639e-01 1.865455e-01 -2.041191e-01 -3.521197e-01 1.074416e-01 2.889041e-01 -2.357633e-01
<VARIANCE> 39
 8.532522e+00 1.994346e+01 4.339534e+01 3.427301e+01 7.126548e+01 5.519794e+01 8.072457e+01 4.764306e+01 5.796741e+01 4.753177e+01 5.367570e+01 5.707017e+01 1.727329e+01 1.143440e+00 2.345311e+00 4.540037e+00 3.005802e+00 5.874242e+00 4.709005e+00 3.388180e+00 3.923903e+00 4.373741e+00 5.515911e+00 3.724739e+00 3.211261e+00 1.867154e+00 2.879814e-01 3.394946e-01 4.516662e-01 3.728290e-01 8.341902e-01 4.804944e-01 5.420434e-01 4.599442e-01 7.464924e-01 6.818399e-01 4.674575e-01 4.475217e-01 2.473837e-01
<GCONST> 1.251987e+02
<TRANSP> 5
 0.000000e+00 1.000000e+00 0.000000e+00 0.000000e+00 0.000000e+00
 0.000000e+00 5.509595e-01 4.490406e-01 0.000000e+00 0.000000e+00
 0.000000e+00 0.000000e+00 5.849243e-01 4.150757e-01 0.000000e+00
 0.000000e+00 0.000000e+00 0.000000e+00 5.446576e-01 4.553423e-01
 0.000000e+00 0.000000e+00 0.000000e+00 0.000000e+00 0.000000e+00
<ENDHMM>
~h "z_pal"
<BEGINHMM>
<NUMSTATES> 5
<STATE> 2
<MEAN> 39
 -1.198850e+01 9.568526e+00 3.052633e+00 1.516112e+00 1.920936e+00 -7.758030e+00 -1.361421e+01 -1.063671e+01 -5.834183e+00 -7.125970e+00 -2.793505e+00 -6.139475e+00 7.826345e+01 -3.744310e+00 3.195026e+00 7.051259e-01 -1.183624e-01 3.105835e+00 1.078914e+00 1.105668e+00 8.316986e-01 -5.332685e-01 1.576240e-01 -8.281209e-01 -1.150725e-01 -5.142735e-01 1.393685e-01 -3.064038e-01 -1.542725e-01 2.314240e-01 -4.661331e-01 3.427760e-01 3.408662e-01 1.607640e-01 2.193107e-01 -6.519700e-02 -2.982192e-02 1.623559e-01 -1.947451e-01
<VARIANCE> 39
 3.648888e+01 2.970741e+01 4.586460e+01 3.776808e+01 4.905518e+01 8.175274e+01 4.071295e+01 3.233096e+01 3.163362e+01 3.213586e+01 3.752488e+01 5.480967e+01 5.062078e+00 2.174138e+00 2.019111e+00 3.039494e+00 3.338227e+00 2.878305e+00 4.823841e+00 6.266065e+00 3.851125e+00 3.477552e+00 3.571113e+00 3.569442e+00 2.247419e+00 9.305546e-01 7.854531e-01 6.063176e-01 3.534094e-01 4.306644e-01 5.639374e-01 7.276412e-01 7.261869e-01 5.896814e-01 4.505239e-01 5.634748e-01 4.592324e-01 3.767982e-01 1.363108e-01
<GCONST> 1.224357e+02
<STATE> 3
<MEAN> 39
 -2.091425e+01 1.506722e+01 5.044673e+00 3.568291e+00 8.173119e+00 -2.030921e+00 -8.459212e+00 -7.134490e+00 -5.232248e+00 -6.521721e+00 -3.840905e+00 -4.527144e+00 7.586703e+01 1.892170e-01 -5.967812e-02 2.295149e-01 7.240233e-01 8.401657e-02 3.787011e-01 4.328830e-01 5.200076e-01 8.091959e-02 1.232887e-01 -2.090935e-01 1.664455e-01 -1.068214e+00 1.482800e+00 -8.424250e-01 1.562525e-03 1.575207e-01 -8.609056e-01 -5.510200e-01 -3.624676e-01 -2.578331e-01 4.823903e-02 -9.825852e-02 1.562116e-01 6.398594e-02 -1.405799e-01
<VARIANCE> 39
 3.345848e+01 1.766233e+01 5.426180e+01 4.326217e+01 2.820953e+01 5.993799e+01 3.767313e+01 3.767271e+01 3.154703e+01 3.858057e+01 4.103590e+01 3.306963e+01 8.559632e+00 6.393532e+00 3.188354e+00 2.017598e+00 2.666633e+00 2.925476e+00 4.067242e+00 3.315264e+00 2.221034e+00 1.990701e+00 2.062172e+00 1.892981e+00 1.371216e+00 2.027793e+00 5.065430e-01 4.815173e-01 5.064100e-01 5.312203e-01 4.701649e-01 6.619093e-01 7.965414e-01 5.590169e-01 4.972098e-01 4.634391e-01 4.159876e-01 2.944773e-01 3.534739e-01
<GCONST> 1.199110e+02
<STATE> 4
<MEAN> 39
 -1.252942e+01 1.154635e+01 6.297128e+00 6.565495e+00 4.851369e+00 -3.829555e+00 -9.190127e+00 -7.264623e+00 -5.002261e+00 -6.036666e+00 -3.825071e+00 -3.733824e+00 7.169420e+01 3.284361e+00 -1.448539e+00 4.118270e-01 1.074663e+00 -1.753682e+00 -1.192229e+00 -1.357102e-01 -9.701999e-02 1.623076e-01 -3.466693e-01 5.433811e-02 2.012998e-01 -1.179398e+00 -3.604130e-02 -3.197550e-01 -6.526566e-02 -1.026862e-01 -3.725860e-01 -1.396311e-01 5.765845e-02 -1.569289e-01 4.171217e-02 -1.735250e-01 7.009437e-02 2.421737e-03 4.811750e-01
<VARIANCE> 39
 3.834044e+01 3.438738e+01 4.865128e+01 4.191306e+01 4.006373e+01 7.359017e+01 3.386037e+01 3.644425e+01 3.380682e+01 3.474697e+01 3.507878e+01 3.057979e+01 3.494369e+01 3.186326e+00 3.825638e+00 3.529096e+00 3.236691e+00 3.778227e+00 4.849557e+00 4.664805e+00 4.594907e+00 3.316202e+00 2.678996e+00 2.596347e+00 1.561168e+00 5.216447e+00 8.499454e-01 7.166945e-01 4.980542e-01 6.144785e-01 5.679415e-01 9.156763e-01 7.603495e-01 6.645566e-01 5.675552e-01 4.748820e-01 4.466676e-01 3.064437e-01 7.925584e-01
<GCONST> 1.287857e+02
<TRANSP> 5
 0.000000e+00 1.000000e+00 0.000000e+00 0.000000e+00 0.000000e+00
 0.000000e+00 6.640497e-01 3.359503e-01 0.000000e+00 0.000000e+00
 0.000000e+00 0.000000e+00 7.051805e-01 2.948195e-01 0.000000e+00
 0.000000e+00 0.000000e+00 0.000000e+00 5.584902e-01 4.415098e-01
 0.000000e+00 0.000000e+00 0.000000e+00 0.000000e+00 0.000000e+00
<ENDHMM>
~h "sil"
<BEGINHMM>
<NUMSTATES> 5
<STATE> 2
<MEAN> 39
 -1.078477e+01 2.890870e-01 -1.178039e-01 2.418054e+00 1.996122e+00 3.582586e+00 5.736545e-01 -3.805514e-01 -1.820710e+00 -2.701787e+00 -1.260958e+00 9.031627e-01 4.795163e+01 -8.542486e-01 -1.130115e-01 -3.568845e-01 -4.599475e-01 -2.920152e-01 -3.313113e-01 -1.200826e-01 2.177651e-01 3.515088e-01 6.026059e-01 3.741149e-01 1.930793e-01 -1.552404e+00 2.991447e-02 4.626547e-02 1.638355e-02 -3.842905e-02 -1.623770e-01 -1.306186e-01 -8.106435e-02 -7.431369e-02 1.603000e-02 -2.673620e-03 -3.551659e-02 -4.498307e-02 1.960889e-01
<VARIANCE> 39
 3.347924e+01 1.412752e+01 2.272153e+01 2.574373e+01 2.817390e+01 3.306939e+01 2.922288e+01 2.795054e+01 2.817109e+01 2.907893e+01 2.615588e+01 3.302183e+01 1.330184e+02 2.306570e+00 1.102023e+00 1.567932e+00 2.238042e+00 2.510963e+00 2.681895e+00 2.177626e+00 2.355902e+00 2.422693e+00 2.637830e+00 2.415871e+00 2.464633e+00 3.706889e+00 2.328883e-01 1.600497e-01 2.432088e-01 3.331633e-01 4.082362e-01 3.783919e-01 3.370914e-01 3.658731e-01 3.527990e-01 3.711599e-01 3.098387e-01 2.937540e-01 2.267162e-01
<GCONST> 1.111132e+02
<STATE> 3
<MEAN> 39
 -1.382248e+01 6.593308e-01 -1.362775e+00 9.599609e-01 3.703165e-01 1.384254e+00 -2.555469e-02 1.386750e-01 -1.609153e-01 -5.133554e-02 -1.635755e-01 7.714909e-01 4.404374e+01 -1.247583e-01 2.543072e-02 -8.553456e-03 1.197648e-02 -5.167090e-02 -5.162536e-02 -1.812024e-02 7.899178e-02 1.204191e-01 1.530517e-01 8.903493e-02 2.204991e-02 -2.409006e-01 8.637252e-02 1.441934e-03 6.007255e-02 5.777454e-02 5.114103e-02 6.312364e-02 2.112943e-02 -3.588146e-02 -4.495358e-02 -8.208919e-02 -3.307794e-02 -1.807181e-02 2.521087e-01
<VARIANCE> 39
 6.769046e+00 5.757077e+00 7.530242e+00 8.433563e+00 9.971351e+00 1.157908e+01 1.417945e+01 1.534861e+01 1.486199e+01 1.523695e+01 1.312944e+01 1.342008e+01 2.688307e+01 5.838574e-01 5.684900e-01 7.346546e-01 8.775039e-01 1.095852e+00 1.340972e+00 1.465774e+00 1.633747e+00 1.566758e+00 1.613796e+00 1.456522e+00 1.435822e+00 2.101215e+00 1.491646e-01 1.288975e-01 1.618730e-01 2.014885e-01 2.351127e-01 2.837088e-01 2.977043e-01 3.396076e-01 3.308148e-01 3.392216e-01 3.067665e-01 3.001862e-01 2.316341e-01
<GCONST> 8.722427e+01
<STATE> 4
<MEAN> 39
 -1.340885e+01 2.626333e-01 -1.014547e+00 1.181239e+00 8.655366e-02 1.385734e+00 -3.369913e-01 -4.223529e-02 -7.060004e-02 -1.358187e-01 6.183578e-02 6.032545e-01 4.300330e+01 5.171540e-01 1.258607e-01 4.939412e-01 1.829481e-01 -2.692893e-01 -2.081472e-01 -3.454553e-01 -4.319522e-01 -2.933063e-01 -5.146976e-01 -4.872742e-02 -1.480574e-01 1.977114e+00 2.512298e-01 3.403320e-02 1.293585e-01 -3.335182e-02 -2.050329e-01 -1.695091e-01 -2.273369e-01 -2.631857e-01 -1.626790e-01 -2.594116e-01 -6.530209e-02 -5.681378e-02 7.695119e-01
<VARIANCE> 39
 1.921882e+01 1.351639e+01 1.394084e+01 1.450661e+01 1.560735e+01 1.931132e+01 2.097953e+01 2.208665e+01 2.079392e+01 2.003543e+01 1.629400e+01 1.543147e+01 1.386061e+02 3.718527e+00 2.501264e+00 2.858071e+00 2.589687e+00 2.765053e+00 2.821956e+00 2.824909e+00 3.310188e+00 2.932663e+00 3.211343e+00 2.182729e+00 1.984191e+00 1.211145e+01 5.284851e-01 3.794380e-01 4.088736e-01 4.048522e-01 4.731882e-01 4.534715e-01 4.838039e-01 5.386330e-01 4.440606e-01 4.750822e-01 3.573671e-01 3.295735e-01 1.228580e+00
<GCONST> 1.158303e+02
<TRANSP> 5
 0.000000e+00 1.000000e+00 0.000000e+00 0.000000e+00 0.000000e+00
 0.000000e+00 6.195832e-01 3.804168e-01 0.000000e+00 0.000000e+00
 0.000000e+00 0.000000e+00 7.952071e-01 2.047929e-01 0.000000e+00
 0.000000e+00 0.000000e+00 0.000000e+00 5.974296e-01 4.025704e-01
 0.000000e+00 0.000000e+00 0.000000e+00 0.000000e+00 0.000000e+00
<ENDHMM>
~h "p_pal"
<BEGINHMM>
<NUMSTATES> 5
<STATE> 2
<MEAN> 39
 -6.870927e+00 3.754334e+00 4.759799e+00 6.277678e+00 1.589820e+00 8.367907e-01 -3.883578e+00 -4.189983e+00 -3.174463e+00 -4.764365e+00 -2.627007e+00 -1.693524e+00 5.711356e+01 -2.221384e+00 -1.221512e-01 1.961590e-01 3.786065e-01 1.582110e+00 8.594602e-01 1.558952e+00 1.807210e+00 9.637329e-01 1.304533e+00 3.259581e-01 3.633654e-01 -3.460054e+00 -2.565957e-01 -7.011495e-01 -6.341742e-01 -5.533864e-01 -7.403257e-01 -4.937383e-01 -4.089732e-01 -1.803408e-01 2.994036e-01 3.193896e-01 3.130719e-01 9.943040e-02 1.976710e+00
<VARIANCE> 39
 7.265068e+01 2.322349e+01 2.473730e+01 4.383881e+01 2.419406e+01 3.643708e+01 3.695086e+01 3.132566e+01 3.589218e+01 3.384708e+01 3.937469e+01 3.238052e+01 4.781095e+01 4.761694e+00 2.802732e+00 3.224972e+00 3.628692e+00 3.678017e+00 3.289628e+00 3.919367e+00 3.087214e+00 3.238260e+00 3.456761e+00 3.364158e+00 2.624896e+00 1.134942e+01 8.086815e-01 4.197793e-01 5.730435e-01 5.854658e-01 6.379887e-01 5.673295e-01 7.470098e-01 8.105226e-01 6.246063e-01 5.637781e-01 5.121714e-01 4.050285e-01 1.781871e+00
<GCONST> 1.293835e+02
<STATE> 3
<MEAN> 39
 -1.333190e+01 5.139322e-01 1.950130e+00 4.059886e+00 2.705181e+00 2.165267e+00 -5.610516e-01 5.976707e-01 1.220115e+00 9.537371e-01 9.578291e-01 1.018842e+00 5.656524e+01 -4.518507e-01 -1.848427e+00 -1.005076e+00 -5.680454e-01 -8.563398e-01 -1.137345e+00 -1.111813e+00 -3.297131e-01 5.387272e-01 1.085469e+00 4.535482e-01 6.289295e-02 4.619486e+00 1.145263e+00 2.720207e-05 1.801794e-01 2.005351e-01 -9.381285e-01 -8.075811e-01 -1.158781e+00 -1.063672e+00 -5.368165e-01 -8.942517e-01 -3.803935e-01 -4.605445e-01 1.855045e+00
<VARIANCE> 39
 2.137428e+01 2.574249e+01 2.061411e+01 2.477620e+01 2.015736e+01 2.233683e+01 2.629464e+01 2.411873e+01 2.256371e+01 2.226631e+01 1.980066e+01 1.686310e+01 8.409433e+01 7.171605e+00 3.038923e+00 3.931076e+00 4.623403e+00 3.598959e+00 4.385409e+00 5.345499e+00 4.569429e+00 3.985223e+00 4.578608e+00 3.421152e+00 3.255925e+00 8.305691e+00 6.511619e-01 5.813547e-01 7.121575e-01 7.323505e-01 7.941141e-01 7.830565e-01 9.097557e-01 6.684541e-01 6.684165e-01 7.897798e-01 7.363722e-01 6.238793e-01 1.914182e+00
<GCONST> 1.292532e+02
<STATE> 4
<MEAN> 39
 -9.360456e+00 -3.234831e+00 1.209435e+00 4.761481e+00 -1.587509e+00 -4.125237e+00 -8.393417e+00 -5.216819e+00 -7.637788e-01 -8.270061e-01 -8.389290e-01 -1.614168e+00 7.343423e+01 2.389625e+00 -3.497617e-01 5.357203e-01 9.077768e-01 -2.555140e+00 -2.306789e+00 -2.547728e+00 -2.316375e+00 -7.239960e-01 -1.842262e+00 -7.461464e-01 -9.885027e-01 4.267706e+00 3.443262e-01 5.375656e-01 3.828719e-01 2.203018e-01 -3.507897e-01 1.322660e-01 2.825869e-01 -9.672199e-02 -1.255007e-01 -6.116853e-01 -8.878417e-02 1.582020e-02 -1.085398e+00
<VARIANCE> 39
 3.742518e+01 1.918446e+01 3.201745e+01 3.618368e+01 4.425145e+01 3.311304e+01 4.587318e+01 3.431595e+01 2.915824e+01 3.654309e+01 2.891498e+01 2.153560e+01 2.242589e+01 4.897132e+00 3.064042e+00 4.710631e+00 5.200894e+00 6.738527e+00 5.112262e+00 6.754601e+00 4.468834e+00 4.260293e+00 5.929930e+00 4.176018e+00 3.543036e+00 7.204515e+00 1.056779e+00 6.469797e-01 7.920091e-01 8.673313e-01 9.265826e-01 9.132937e-01 1.102353e+00 9.410971e-01 8.484619e-01 1.040909e+00 8.002807e-01 6.330340e-01 8.834400e-01
<GCONST> 1.354135e+02
<TRANSP> 5
 0.000000e+00 1.000000e+00 0.000000e+00 0.000000e+00 0.000000e+00
 0.000000e+00 6.215717e-01 3.784283e-01 0.000000e+00 0.000000e+00
 0.000000e+00 0.000000e+00 4.996403e-01 5.003597e-01 0.000000e+00
 0.000000e+00 0.000000e+00 0.000000e+00 5.474071e-01 4.525930e-01
 0.000000e+00 0.000000e+00 0.000000e+00 0.000000e+00 0.000000e+00
<ENDHMM>
~h "L_pal"
<BEGINHMM>
<NUMSTATES> 5
<STATE> 2
<MEAN> 39
 -2.079158e+00 -4.579183e+00 3.477988e+00 5.730981e-01 -1.503607e+01 -5.714190e+00 -1.876524e+01 -1.065076e+01 -6.294648e-01 -8.758931e+00 -2.992275e+00 -6.370027e+00 7.927478e+01 -1.524102e-01 7.486457e-01 1.797906e+00 4.814156e-01 9.055660e-01 5.934476e-01 -5.538054e-02 -1.686316e+00 -1.040304e+00 -4.615448e-01 -5.243152e-01 -2.072204e-01 -1.007789e+00 -1.680758e-01 1.727579e-01 -5.030140e-02 6.553621e-02 3.193617e-01 -1.027965e-01 3.529897e-01 1.107634e-01 -1.550457e-01 -7.574856e-04 -1.086090e-01 -3.867403e-02 -5.104070e-02
<VARIANCE> 39
 1.420287e+01 2.137335e+01 4.642282e+01 4.847193e+01 8.575287e+01 6.051935e+01 7.888703e+01 8.049379e+01 6.212379e+01 6.594886e+01 5.654387e+01 6.964573e+01 9.132852e+00 4.600463e-01 1.101637e+00 2.392072e+00 1.666157e+00 2.996245e+00 3.390659e+00 3.662900e+00 6.371583e+00 4.415908e+00 2.726491e+00 3.188581e+00 2.503246e+00 5.298969e-01 9.392267e-02 1.771848e-01 3.886284e-01 2.608097e-01 4.826355e-01 7.181769e-01 6.539330e-01 1.318584e+00 7.828529e-01 5.319843e-01 5.927486e-01 4.587613e-01 1.126301e-01
<GCONST> 1.193779e+02
<STATE> 3
<MEAN> 39
 -2.193560e+00 -2.150715e+00 9.638394e+00 4.449080e+00 -7.485291e+00 -3.699249e+00 -1.348145e+01 -1.606163e+01 -5.880144e+00 -7.471591e+00 -4.106232e+00 -4.260254e+00 7.625241e+01 -6.698434e-01 8.902044e-01 4.281966e-01 1.047542e+00 1.449778e+00 -8.462609e-01 7.267200e-01 9.758720e-01 -6.817335e-01 -7.309254e-01 -7.059052e-01 3.039865e-01 -6.457601e-01 -1.266961e-01 1.059902e-01 -6.560720e-01 1.974540e-01 -7.947752e-02 -2.640611e-01 1.162242e-01 9.266176e-01 4.918177e-01 -5.313537e-02 2.364752e-01 2.188564e-01 -3.474124e-03
<VARIANCE> 39
 1.983859e+01 2.027140e+01 5.129868e+01 5.260382e+01 7.174739e+01 5.690935e+01 7.024863e+01 3.938114e+01 5.721046e+01 4.865841e+01 6.360181e+01 5.533000e+01 7.162472e+00 1.051347e+00 1.470190e+00 2.841255e+00 2.277814e+00 3.723076e+00 4.277398e+00 4.614851e+00 5.759877e+00 5.966801e+00 3.972606e+00 3.918816e+00 3.157506e+00 8.506833e-01 2.372410e-01 2.944314e-01 4.854901e-01 4.456778e-01 8.150050e-01 9.706639e-01 9.122775e-01 1.205737e+00 1.190543e+00 7.417503e-01 7.951534e-01 5.380575e-01 2.899916e-01
<GCONST> 1.272089e+02
<STATE> 4
<MEAN> 39
 -3.844498e+00 5.324181e-01 7.080075e+00 7.450936e+00 -4.151407e+00 -6.977312e+00 -1.206343e+01 -1.068345e+01 -5.900756e+00 -9.725557e+00 -5.330567e+00 -2.787127e+00 7.473125e+01 -1.009120e+00 1.292448e+00 -3.999164e-01 1.244386e+00 1.465630e+00 1.377657e-01 1.458960e+00 1.899945e+00 1.724053e-01 -3.176877e-01 2.024269e-01 3.373090e-01 -1.580197e+00 -2.348227e-01 -1.241887e-01 -1.520925e-01 -3.385583e-01 -1.496230e-01 4.766619e-01 3.205249e-01 5.198748e-02 2.665310e-01 3.933389e-01 3.427091e-01 -1.017270e-02 -2.540258e-01
<VARIANCE> 39
 3.378876e+01 2.633987e+01 4.542299e+01 6.268444e+01 9.241325e+01 5.140333e+01 6.756609e+01 4.510923e+01 6.410958e+01 4.675257e+01 4.672201e+01 4.459442e+01 1.549681e+01 3.014762e+00 2.652145e+00 2.613507e+00 3.616685e+00 5.209214e+00 5.807057e+00 7.182324e+00 4.816536e+00 6.408863e+00 4.942456e+00 4.761468e+00 2.842297e+00 3.189286e+00 5.025756e-01 6.234236e-01 6.116692e-01 6.853574e-01 1.171248e+00 9.709065e-01 1.141300e+00 9.951978e-01 1.157137e+00 8.497073e-01 7.600198e-01 6.159152e-01 6.535826e-01
<GCONST> 1.368222e+02
<TRANSP> 5
 0.000000e+00 1.000000e+00 0.000000e+00 0.000000e+00 0.000000e+00
 0.000000e+00 7.077355e-01 2.922645e-01 0.000000e+00 0.000000e+00
 0.000000e+00 0.000000e+00 5.628558e-01 4.371442e-01 0.000000e+00
 0.000000e+00 0.000000e+00 0.000000e+00 5.137111e-01 4.862889e-01
 0.000000e+00 0.000000e+00 0.000000e+00 0.000000e+00 0.000000e+00
<ENDHMM>
~h "f_pal"
<BEGINHMM>
<NUMSTATES> 5
<STATE> 2
<MEAN> 39
 -1.900244e+01 1.656446e+00 -7.144995e-01 5.853808e+00 8.687993e-01 1.923821e+00 -3.028454e+00 -1.534755e+00 -8.053886e-01 -1.888955e+00 -1.625602e+00 -1.694240e+00 6.949782e+01 -3.713785e+00 -1.011815e+00 -1.202866e+00 -3.035108e-01 1.183575e-01 3.032375e-01 1.080814e+00 1.156476e+00 1.348179e+00 1.239402e+00 7.178004e-01 8.293236e-01 -9.993677e-01 8.969384e-01 -4.796341e-01 -1.675885e-01 -4.853701e-01 -7.613606e-01 -6.149164e-01 -5.631006e-01 -3.720980e-01 -5.150887e-02 -1.844667e-01 9.915854e-02 -2.252057e-02 6.055153e-01
<VARIANCE> 39
 5.305141e+01 2.728176e+01 2.658075e+01 2.613637e+01 2.312244e+01 2.243227e+01 2.471975e+01 2.422992e+01 2.692768e+01 2.974871e+01 2.937089e+01 2.442425e+01 3.514525e+01 6.136160e+00 3.411350e+00 2.718847e+00 3.760510e+00 3.878727e+00 3.608056e+00 3.678352e+00 3.130850e+00 2.825193e+00 3.016632e+00 3.452943e+00 2.937576e+00 3.508356e+00 1.197986e+00 6.630991e-01 5.903132e-01 5.721467e-01 6.637112e-01 6.217853e-01 6.169755e-01 5.116290e-01 5.583580e-01 5.549431e-01 5.994374e-01 5.059254e-01 5.827152e-01
<GCONST> 1.248703e+02
<STATE> 3
<MEAN> 39
 -2.384498e+01 -4.007305e+00 -5.271652e+00 2.214353e+00 -2.545898e+00 -1.099762e+00 -3.365362e+00 -3.556112e-01 2.434444e+00 6.952012e-01 6.678643e-01 5.219042e-01 7.091882e+01 1.778524e+00 -2.982572e-01 6.725997e-01 9.981506e-02 -5.254107e-01 -9.610927e-01 -9.785989e-01 -3.852515e-01 1.814610e-02 -2.797018e-01 -1.777616e-01 -4.212180e-01 9.048623e-01 1.565018e+00 6.395919e-01 8.757429e-01 4.767013e-01 5.174622e-03 -1.802529e-01 -5.760814e-01 -5.722211e-01 -5.197804e-01 -6.102933e-01 -2.975526e-01 -3.714440e-01 3.007281e-01
<VARIANCE> 39
 1.407511e+01 2.008127e+01 2.407302e+01 1.949911e+01 1.978436e+01 2.396556e+01 2.467217e+01 2.273388e+01 1.863899e+01 2.007191e+01 1.777755e+01 1.368520e+01 2.408620e+01 5.680952e+00 2.741379e+00 3.944881e+00 3.077820e+00 2.530869e+00 2.543070e+00 2.786035e+00 2.371720e+00 2.203964e+00 2.089960e+00 2.043899e+00 1.940909e+00 2.130031e+00 5.616462e-01 4.504300e-01 5.138953e-01 5.518798e-01 6.637450e-01 6.132995e-01 7.397028e-01 6.155946e-01 5.699825e-01 5.339060e-01 5.119144e-01 5.036612e-01 4.621662e-01
<GCONST> 1.155813e+02
<STATE> 4
<MEAN> 39
 -1.188733e+01 -5.272816e-01 1.806138e+00 6.259688e+00 -1.960389e+00 -3.841549e+00 -7.934093e+00 -3.753329e+00 -2.845795e-01 -2.442646e+00 -2.140628e+00 -2.777216e+00 7.354704e+01 5.130932e+00 9.262273e-01 1.879236e+00 9.462519e-01 -1.260753e+00 -1.885244e+00 -2.522022e+00 -2.554237e+00 -1.447986e+00 -2.048428e+00 -6.847991e-01 -7.908956e-01 1.446463e+00 -2.092213e-01 -1.331751e-01 -4.088597e-01 -2.884728e-01 -4.446358e-01 -3.761951e-02 3.076758e-03 -3.658726e-01 -2.044798e-02 -2.161689e-01 1.824367e-01 2.479970e-01 4.707817e-02
<VARIANCE> 39
 5.837422e+01 2.272465e+01 3.102551e+01 3.612231e+01 3.155096e+01 2.857872e+01 3.528077e+01 3.396166e+01 2.538976e+01 2.849710e+01 2.758103e+01 1.878355e+01 1.446247e+01 2.141614e+00 2.862042e+00 3.728059e+00 3.497738e+00 5.599341e+00 4.390767e+00 6.133093e+00 3.733397e+00 3.693799e+00 3.906730e+00 3.783707e+00 3.865395e+00 3.387866e+00 1.001441e+00 5.256438e-01 5.312428e-01 5.309262e-01 5.460471e-01 6.062716e-01 7.100524e-01 7.363140e-01 7.358501e-01 5.560276e-01 4.775962e-01 4.903139e-01 2.957388e-01
<GCONST> 1.253495e+02
<TRANSP> 5
 0.000000e+00 1.000000e+00 0.000000e+00 0.000000e+00 0.000000e+00
 0.000000e+00 6.847755e-01 3.152245e-01 0.000000e+00 0.000000e+00
 0.000000e+00 0.000000e+00 6.756952e-01 3.243048e-01 0.000000e+00
 0.000000e+00 0.000000e+00 0.000000e+00 5.028434e-01 4.971566e-01
 0.000000e+00 0.000000e+00 0.000000e+00 0.000000e+00 0.000000e+00
<ENDHMM>
~h "dZ_pal"
<BEGINHMM>
<NUMSTATES> 5
<STATE> 2
<MEAN> 39
 -1.386228e+01 1.633626e+00 1.709936e+01 6.972467e+00 8.951259e-02 -5.120873e+00 -1.376036e+00 -7.512379e+00 -4.285914e+00 -6.604487e+00 -6.012650e+00 -4.166600e+00 7.333018e+01 -2.731990e+00 -5.254233e-01 1.346195e+00 -3.342634e-01 1.051292e+00 1.076499e-01 1.049835e+00 7.246125e-01 5.174988e-02 4.118935e-01 5.508541e-02 1.943355e-01 6.336536e-01 5.559530e-01 -2.366177e-01 -6.563338e-01 6.921683e-02 -5.586870e-01 -3.443378e-01 -7.072226e-01 -1.960993e-01 -1.551844e-03 -1.968229e-01 1.143620e-01 1.574338e-01 4.112223e-01
<VARIANCE> 39
 8.000694e+01 2.247781e+01 4.951818e+01 8.758280e+01 5.082013e+01 5.467267e+01 5.616826e+01 3.290442e+01 2.549989e+01 6.353929e+01 3.020580e+01 2.528120e+01 2.198966e+01 5.704241e+00 3.336843e+00 4.638977e+00 3.873562e+00 4.067064e+00 4.848278e+00 5.463397e+00 3.510447e+00 3.081792e+00 3.363029e+00 3.318145e+00 2.314776e+00 4.088882e+00 2.139727e+00 6.709480e-01 6.245403e-01 8.697017e-01 7.329609e-01 1.138765e+00 1.038735e+00 6.759786e-01 5.983351e-01 7.004277e-01 7.057379e-01 4.874499e-01 6.686543e-01
<GCONST> 1.345507e+02
<STATE> 3
<MEAN> 39
 -1.647215e+01 -1.293615e+00 1.650208e+01 8.162699e+00 5.141822e-01 -1.012836e+01 -4.273052e+00 -7.114841e+00 -4.931740e+00 -7.487700e+00 -6.388150e+00 -2.501919e+00 7.824915e+01 3.755999e+00 -1.077469e-01 -2.385143e+00 3.027403e-01 -1.432887e+00 -1.764185e+00 -2.989365e+00 -1.188281e+00 -9.686117e-02 -4.202273e-01 -3.014417e-01 1.736563e-01 4.962496e-01 1.104572e+00 1.505954e-01 -8.119657e-01 -1.241495e-01 -5.632023e-01 4.614100e-01 -3.032516e-01 -3.284821e-01 2.357965e-01 9.717290e-02 2.274742e-01 -1.180106e-01 -3.279801e-01
<VARIANCE> 39
 5.002185e+01 9.537387e+00 4.109798e+01 8.988525e+01 6.940483e+01 3.621762e+01 5.122535e+01 3.225190e+01 2.996666e+01 4.910279e+01 2.144786e+01 1.661438e+01 8.277415e+00 5.077788e+00 1.980666e+00 2.750067e+00 2.656218e+00 4.135708e+00 4.614680e+00 4.494956e+00 3.671486e+00 3.139706e+00 3.669047e+00 3.304562e+00 2.009749e+00 8.029408e-01 1.359169e+00 3.463826e-01 4.285504e-01 4.809723e-01 4.428905e-01 1.079163e+00 9.614161e-01 7.514272e-01 6.353024e-01 5.620082e-01 6.005778e-01 4.294458e-01 1.327989e-01
<GCONST> 1.229494e+02
<STATE> 4
<MEAN> 39
 -2.993677e+00 -1.903123e+00 4.571563e+00 7.427394e+00 -6.771711e+00 -1.065729e+01 -1.308999e+01 -1.212362e+01 -2.963630e+00 -6.602350e+00 -5.393012e+00 -2.979621e+00 7.840360e+01 2.621503e+00 -1.853367e-01 -3.055925e+00 -8.926588e-01 -2.228488e+00 1.586621e+00 -1.099232e+00 -9.185112e-01 7.482044e-01 2.113606e-01 1.293399e+00 1.613981e-01 8.836231e-02 -9.472800e-01 1.145813e-01 4.915884e-01 -3.718104e-01 2.701934e-01 7.328367e-01 9.549913e-01 4.167212e-01 -7.692073e-02 -9.489092e-02 1.455798e-01 8.773899e-02 -1.202076e-01
<VARIANCE> 39
 1.473336e+01 1.559347e+01 5.240406e+01 5.052621e+01 1.396966e+02 5.583199e+01 1.065348e+02 4.495396e+01 4.322286e+01 3.835881e+01 5.314071e+01 3.846373e+01 1.205730e+01 2.783741e+00 1.793529e+00 2.920947e+00 3.608445e+00 3.669395e+00 4.820329e+00 5.882030e+00 5.636015e+00 4.066195e+00 4.421017e+00 5.170305e+00 3.552884e+00 5.161564e-01 3.213384e-01 2.267706e-01 3.743537e-01 3.821579e-01 8.767965e-01 9.067107e-01 8.239381e-01 7.714012e-01 6.606018e-01 6.392294e-01 7.224502e-01 4.872569e-01 8.223335e-02
<GCONST> 1.257823e+02
<TRANSP> 5
 0.000000e+00 1.000000e+00 0.000000e+00 0.000000e+00 0.000000e+00
 0.000000e+00 7.998086e-01 2.001913e-01 0.000000e+00 0.000000e+00
 0.000000e+00 0.000000e+00 6.589912e-01 3.410088e-01 0.000000e+00
 0.000000e+00 0.000000e+00 0.000000e+00 6.132244e-01 3.867755e-01
 0.000000e+00 0.000000e+00 0.000000e+00 0.000000e+00 0.000000e+00
<ENDHMM>
~h "s_pal"
<BEGINHMM>
<NUMSTATES> 5
<STATE> 2
<MEAN> 39
 -2.092219e+01 8.256611e+00 3.871521e+00 7.395450e-01 4.092114e+00 -3.041274e+00 -6.579055e+00 -2.997403e+00 -1.335142e+00 -5.253997e+00 -3.341426e+00 -2.754348e+00 7.753058e+01 -6.141109e+00 9.152720e-01 -1.189898e+00 -1.314623e+00 1.947918e+00 1.495922e+00 2.567725e+00 2.454306e+00 1.675769e+00 1.235043e+00 5.486099e-01 1.069805e+00 -3.829217e-01 4.234987e-01 -7.700920e-01 -8.433304e-01 -2.280557e-01 -1.054316e+00 -1.866954e-01 -9.433505e-02 -1.999876e-01 2.547164e-02 6.079903e-02 4.521862e-01 2.184708e-01 -1.349407e-01
<VARIANCE> 39
 8.522906e+01 1.877113e+01 4.942573e+01 3.289094e+01 2.695785e+01 5.872879e+01 4.543747e+01 4.191945e+01 4.699064e+01 4.029028e+01 3.221325e+01 2.837781e+01 6.761636e+00 3.173531e+00 3.730127e+00 6.046062e+00 4.404994e+00 5.120898e+00 5.184258e+00 5.600543e+00 3.786689e+00 3.798322e+00 3.329976e+00 4.189019e+00 3.277379e+00 1.362263e+00 1.620373e+00 4.232818e-01 6.596579e-01 5.553463e-01 6.356619e-01 1.074535e+00 1.054343e+00 8.953801e-01 8.223779e-01 7.038603e-01 6.217373e-01 4.165246e-01 1.568778e-01
<GCONST> 1.296259e+02
<STATE> 3
<MEAN> 39
 -3.334101e+01 5.506231e+00 -4.187851e+00 -3.907296e+00 2.143911e+00 -2.341312e+00 -1.751300e+00 1.552940e+00 2.166923e+00 -1.724824e+00 7.481594e-01 1.307338e+00 7.526789e+01 5.219685e-01 -6.184220e-01 6.025165e-03 -6.717563e-03 -6.925920e-01 -4.559339e-01 -2.311021e-01 -1.182306e-01 -2.579619e-01 1.383584e-02 5.657474e-02 1.243744e-01 -3.109765e-01 1.568010e+00 1.377439e-02 7.721016e-01 5.694351e-01 -1.538771e-01 -2.344526e-01 -5.802774e-01 -5.594051e-01 -4.194465e-01 -4.004180e-01 -3.029462e-01 -3.232710e-01 1.879407e-02
<VARIANCE> 39
 1.265471e+01 2.200747e+01 4.467602e+01 4.520060e+01 2.356676e+01 2.821697e+01 2.239161e+01 2.191234e+01 3.211707e+01 1.913254e+01 1.384933e+01 1.204798e+01 1.097663e+01 7.834814e+00 1.861739e+00 5.507478e+00 3.960596e+00 2.158867e+00 2.385626e+00 2.502238e+00 2.256312e+00 2.220120e+00 2.294302e+00 2.022698e+00 1.681494e+00 1.292173e+00 5.472485e-01 3.774880e-01 5.208620e-01 6.482723e-01 4.975707e-01 5.404328e-01 5.537198e-01 5.153368e-01 4.485225e-01 4.198509e-01 3.862185e-01 3.666329e-01 2.723226e-01
<GCONST> 1.136320e+02
<STATE> 4
<MEAN> 39
 -1.787174e+01 4.381173e+00 4.456673e+00 1.546647e+00 1.472828e-01 -5.543132e+00 -7.302603e+00 -3.579899e+00 -2.539888e+00 -5.663822e+00 -2.506176e+00 -1.194273e+00 7.489896e+01 5.908177e+00 -2.723619e-01 1.518429e+00 2.058639e+00 -1.374788e+00 -1.464789e+00 -2.317462e+00 -2.577811e+00 -1.446976e+00 -1.572494e+00 -6.051142e-01 -9.007620e-01 -1.433133e-01 -1.857984e-01 -2.177448e-01 -6.436768e-01 -2.215166e-01 -3.729666e-01 5.586718e-02 9.584025e-02 -8.457244e-02 3.192496e-01 1.069560e-01 2.677861e-01 9.395803e-02 9.469920e-02
<VARIANCE> 39
 9.014415e+01 2.106676e+01 6.482867e+01 3.712648e+01 4.558716e+01 5.402365e+01 4.391177e+01 4.652088e+01 4.896378e+01 4.610163e+01 2.458569e+01 2.284707e+01 1.772217e+01 4.394876e+00 2.842920e+00 5.602988e+00 4.182280e+00 5.360963e+00 5.288287e+00 5.705506e+00 4.152692e+00 4.496697e+00 4.206497e+00 3.330701e+00 3.907654e+00 3.608345e+00 1.405351e+00 5.121790e-01 8.369811e-01 7.240183e-01 6.680014e-01 8.975371e-01 9.006934e-01 8.742514e-01 7.468466e-01 7.844876e-01 4.888186e-01 5.131015e-01 3.878440e-01
<GCONST> 1.339048e+02
<TRANSP> 5
 0.000000e+00 1.000000e+00 0.000000e+00 0.000000e+00 0.000000e+00
 0.000000e+00 6.754231e-01 3.245769e-01 0.000000e+00 0.000000e+00
 0.000000e+00 0.000000e+00 8.097162e-01 1.902838e-01 0.000000e+00
 0.000000e+00 0.000000e+00 0.000000e+00 5.768171e-01 4.231829e-01
 0.000000e+00 0.000000e+00 0.000000e+00 0.000000e+00 0.000000e+00
<ENDHMM>
~h "v_pal"
<BEGINHMM>
<NUMSTATES> 5
<STATE> 2
<MEAN> 39
 -3.031741e+00 4.072548e+00 3.121645e+00 9.597036e+00 -1.513724e+00 -3.143719e+00 -1.011436e+01 -1.073685e+01 -5.299603e+00 -7.775252e+00 -3.937531e+00 -3.028031e+00 7.064473e+01 3.924060e-01 -9.273677e-02 1.096278e-01 6.993116e-01 -2.372300e-01 -5.320002e-01 -5.246540e-01 -5.218740e-01 2.931932e-02 -2.736677e-01 -2.973447e-01 -1.927843e-01 5.527113e-01 -3.103702e-01 -6.330270e-01 4.264544e-03 -3.936178e-01 -7.981281e-01 -4.611185e-01 -5.189313e-02 8.947225e-02 4.297464e-01 5.851155e-04 2.370054e-01 1.307274e-01 6.436266e-01
<VARIANCE> 39
 2.297214e+01 2.515472e+01 2.775399e+01 3.363204e+01 4.969293e+01 3.850552e+01 4.247336e+01 3.042933e+01 3.757771e+01 4.178397e+01 4.086356e+01 3.068935e+01 3.476006e+01 4.288189e+00 3.430759e+00 2.362699e+00 2.740311e+00 6.037428e+00 4.517418e+00 4.475412e+00 3.612813e+00 3.344049e+00 3.301414e+00 2.983590e+00 2.005333e+00 4.923205e+00 7.089517e-01 5.503461e-01 4.592485e-01 4.569713e-01 1.058966e+00 8.439710e-01 8.905262e-01 7.600387e-01 8.011800e-01 6.674713e-01 5.323755e-01 4.534702e-01 6.935722e-01
<GCONST> 1.286496e+02
<STATE> 3
<MEAN> 39
 -2.600651e+00 1.193111e+00 2.620088e+00 1.053058e+01 -3.960018e+00 -6.440427e+00 -1.140823e+01 -1.268503e+01 -3.687765e+00 -7.940145e+00 -4.653123e+00 -2.981744e+00 7.441902e+01 1.433599e-01 -1.138959e+00 2.623151e-01 1.744413e-02 -1.693846e+00 -1.455883e+00 -5.062975e-01 -4.724709e-01 8.023912e-01 -3.946071e-01 1.763221e-01 1.720943e-01 1.425701e+00 -1.761737e-01 -1.097092e-01 9.368492e-02 -3.615452e-01 -4.474675e-01 -1.566277e-01 1.771106e-01 1.142418e-01 1.651939e-01 -1.735284e-02 1.783607e-01 1.037125e-01 2.886580e-01
<VARIANCE> 39
 1.802678e+01 1.845654e+01 2.876275e+01 4.604216e+01 5.961899e+01 3.773359e+01 5.801276e+01 3.664763e+01 3.992265e+01 4.909062e+01 5.233633e+01 2.856223e+01 1.508274e+01 1.469457e+00 1.964999e+00 1.992918e+00 2.072033e+00 4.956994e+00 3.712749e+00 3.720322e+00 3.071893e+00 3.647591e+00 2.996551e+00 2.756709e+00 1.980146e+00 2.313798e+00 4.441315e-01 3.423520e-01 3.073007e-01 2.999092e-01 8.735669e-01 6.443362e-01 6.260085e-01 6.494238e-01 6.458774e-01 4.991557e-01 4.213894e-01 3.497451e-01 3.925174e-01
<GCONST> 1.206880e+02
<STATE> 4
<MEAN> 39
 -2.811041e+00 -1.056754e+00 3.227047e+00 9.018906e+00 -9.546363e+00 -1.093504e+01 -1.197478e+01 -1.385176e+01 -1.426505e+00 -9.736254e+00 -3.894830e+00 -2.581086e+00 7.795238e+01 -1.037805e-01 -5.505661e-01 2.533241e-01 -6.385918e-01 -1.621851e+00 -9.063133e-01 -2.750959e-02 -8.671601e-02 5.551923e-01 -1.699340e-01 4.675027e-01 1.986512e-01 1.181436e+00 -1.391038e-01 3.175588e-01 -1.971026e-02 -1.652236e-01 3.391812e-01 4.108391e-01 2.508207e-01 2.150642e-01 -2.240057e-01 1.222179e-01 -3.558438e-03 -4.329075e-02 -2.779869e-01
<VARIANCE> 39
 1.500208e+01 1.569021e+01 4.159919e+01 5.879515e+01 8.736572e+01 5.094338e+01 9.314222e+01 4.719551e+01 4.644265e+01 6.436148e+01 6.661346e+01 4.275183e+01 1.238890e+01 8.275319e-01 1.335636e+00 1.894753e+00 1.618000e+00 3.934650e+00 2.759037e+00 2.838430e+00 2.983001e+00 3.601308e+00 2.649386e+00 2.110843e+00 1.874135e+00 1.407713e+00 2.280331e-01 2.603952e-01 2.459956e-01 2.889237e-01 6.831118e-01 4.569064e-01 5.892851e-01 4.820795e-01 5.067856e-01 4.600519e-01 4.371710e-01 2.882434e-01 2.472603e-01
<GCONST> 1.171022e+02
<TRANSP> 5
 0.000000e+00 1.000000e+00 0.000000e+00 0.000000e+00 0.000000e+00
 0.000000e+00 5.094059e-01 4.905941e-01 0.000000e+00 0.000000e+00
 0.000000e+00 0.000000e+00 3.943453e-01 6.056547e-01 0.000000e+00
 0.000000e+00 0.000000e+00 0.000000e+00 5.023180e-01 4.976820e-01
 0.000000e+00 0.000000e+00 0.000000e+00 0.000000e+00 0.000000e+00
<ENDHMM>
~h "R_pal"
<BEGINHMM>
<NUMSTATES> 5
<STATE> 2
<MEAN> 39
 -2.331429e+00 -4.245047e+00 3.514344e-01 7.472155e+00 -1.205774e+01 -7.742087e+00 -1.477516e+01 -1.095790e+01 1.971220e-01 -5.534472e+00 -1.304068e+00 -3.346187e+00 7.971245e+01 -9.295264e-02 8.193326e-02 9.023718e-01 1.423780e+00 3.628964e-01 3.425266e-01 -3.373792e-01 1.448576e-01 -8.132339e-01 -3.947838e-01 -4.642236e-01 -7.514928e-02 -8.343610e-01 -1.109749e-01 2.019542e-01 1.602323e-01 -2.153539e-01 1.684338e-01 3.521167e-02 4.240283e-02 1.871334e-01 -1.918124e-01 -3.136179e-01 -9.643053e-02 -1.451403e-02 -5.790211e-02
<VARIANCE> 39
 1.435642e+01 1.246163e+01 4.645887e+01 5.140297e+01 6.895138e+01 5.327698e+01 6.483533e+01 6.642021e+01 6.486954e+01 4.293753e+01 4.507971e+01 3.321551e+01 1.383656e+01 7.511610e-01 1.008297e+00 2.663955e+00 2.654177e+00 4.352741e+00 2.893338e+00 3.086434e+00 3.372004e+00 3.838550e+00 4.358657e+00 3.733023e+00 2.406009e+00 1.047261e+00 1.653227e-01 1.903391e-01 4.418008e-01 4.730991e-01 8.687682e-01 6.216131e-01 6.687536e-01 6.631982e-01 7.628660e-01 7.333227e-01 6.308008e-01 4.160224e-01 2.597801e-01
<GCONST> 1.209826e+02
<STATE> 3
<MEAN> 39
 -3.003340e+00 -3.452559e+00 2.996238e+00 9.492480e+00 -1.086145e+01 -7.236767e+00 -1.551806e+01 -9.470239e+00 -3.366938e+00 -8.028918e+00 -2.964463e+00 -3.752348e+00 7.779308e+01 -4.580480e-01 8.255084e-01 1.144845e+00 5.628515e-01 6.947685e-01 -6.515588e-02 3.192282e-02 5.332528e-01 -1.047783e+00 -1.023341e+00 -5.407677e-01 5.428193e-02 -7.646127e-01 -3.230503e-01 4.356079e-01 4.797516e-02 -4.104935e-01 4.264951e-01 -7.212561e-02 5.986511e-01 1.149460e-01 1.577087e-01 1.256723e-01 -3.201757e-02 1.079653e-01 -2.476245e-01
<VARIANCE> 39
 2.054394e+01 1.099454e+01 4.844057e+01 6.610643e+01 8.443260e+01 4.588779e+01 8.450026e+01 5.370634e+01 6.155307e+01 4.976691e+01 4.204714e+01 3.430157e+01 1.009519e+01 1.607427e+00 1.318970e+00 3.493492e+00 2.613972e+00 5.906002e+00 3.078890e+00 3.865037e+00 3.616520e+00 4.216354e+00 3.966252e+00 4.009838e+00 2.381337e+00 1.257395e+00 4.477050e-01 2.661744e-01 6.505923e-01 5.980406e-01 1.385929e+00 6.958668e-01 1.053863e+00 6.649748e-01 8.514481e-01 9.137743e-01 7.507532e-01 4.691374e-01 5.596341e-01
<GCONST> 1.279301e+02
<STATE> 4
<MEAN> 39
 -4.639989e+00 -5.564933e-01 5.271210e+00 9.374655e+00 -8.110996e+00 -7.794210e+00 -1.352188e+01 -8.600371e+00 -5.588092e+00 -9.386168e+00 -4.698447e+00 -2.842810e+00 7.589626e+01 -1.754034e+00 1.795607e+00 1.512863e+00 -1.988080e-01 2.615245e+00 3.629879e-01 2.020196e+00 8.239321e-01 -4.730415e-01 -5.891421e-02 -6.018435e-01 2.088216e-01 -1.989422e+00 -6.586944e-01 -8.087021e-02 -2.032019e-01 -4.170766e-01 3.419101e-01 3.096955e-01 6.376770e-01 2.437551e-01 4.996233e-01 5.232335e-01 3.234896e-01 3.422089e-02 -3.313476e-01
<VARIANCE> 39
 3.428550e+01 1.613706e+01 5.069886e+01 6.835052e+01 6.640058e+01 4.141932e+01 6.213179e+01 4.767121e+01 6.344976e+01 5.319703e+01 4.885191e+01 4.295375e+01 1.584350e+01 3.584629e+00 2.067305e+00 3.534756e+00 2.902405e+00 5.926098e+00 4.113746e+00 5.570774e+00 4.305899e+00 4.380588e+00 3.772003e+00 3.219427e+00 2.243949e+00 4.871636e+00 6.434234e-01 4.889547e-01 6.411796e-01 5.533773e-01 1.148988e+00 6.992654e-01 8.396527e-01 7.149389e-01 8.368779e-01 7.719709e-01 8.424738e-01 5.684884e-01 6.798588e-01
<GCONST> 1.331798e+02
<TRANSP> 5
 0.000000e+00 1.000000e+00 0.000000e+00 0.000000e+00 0.000000e+00
 0.000000e+00 6.033509e-01 3.966492e-01 0.000000e+00 0.000000e+00
 0.000000e+00 0.000000e+00 4.404945e-01 5.595055e-01 0.000000e+00
 0.000000e+00 0.000000e+00 0.000000e+00 3.980910e-01 6.019090e-01
 0.000000e+00 0.000000e+00 0.000000e+00 0.000000e+00 0.000000e+00
<ENDHMM>
~h "l_pal"
<BEGINHMM>
<NUMSTATES> 5
<STATE> 2
<MEAN> 39
 -1.576604e+00 -3.050888e+00 4.805231e+00 5.604737e+00 -1.205598e+01 -4.031419e+00 -1.554461e+01 -1.384541e+01 -2.558092e+00 -7.613569e+00 -2.038641e+00 -5.199291e+00 7.756365e+01 1.371633e-01 4.497642e-01 2.224638e+00 9.692539e-01 3.466207e-01 7.783142e-01 1.680130e-02 -2.047413e+00 -9.962516e-01 -2.966433e-01 -5.868081e-01 -6.873412e-01 -9.697013e-01 -1.877285e-01 5.687869e-02 -2.311317e-01 -2.128331e-01 2.859797e-02 -3.590750e-03 3.420184e-01 3.127937e-01 4.853061e-03 -1.874048e-03 2.211371e-02 1.360254e-01 3.188876e-02
<VARIANCE> 39
 1.756382e+01 1.972392e+01 6.134665e+01 5.036610e+01 1.059698e+02 4.887874e+01 7.049216e+01 6.096029e+01 6.406296e+01 5.035964e+01 4.862553e+01 5.844162e+01 1.917841e+01 1.115506e+00 1.862848e+00 3.824312e+00 2.891200e+00 5.039991e+00 3.771369e+00 4.557981e+00 6.323426e+00 5.547892e+00 3.289850e+00 3.298740e+00 3.337809e+00 2.056999e+00 1.795191e-01 3.239685e-01 8.200156e-01 4.499998e-01 9.071230e-01 7.756064e-01 7.600565e-01 1.516716e+00 1.117615e+00 6.036248e-01 6.414720e-01 6.638549e-01 3.079961e-01
<GCONST> 1.304529e+02
<STATE> 3
<MEAN> 39
 -1.991881e+00 -1.704861e+00 9.775256e+00 8.004415e+00 -9.539073e+00 -2.229291e+00 -1.270050e+01 -1.779156e+01 -5.490594e+00 -7.591518e+00 -3.413960e+00 -5.567254e+00 7.527314e+01 -1.374083e-01 -1.008861e-01 -4.931839e-01 2.205214e-01 -5.181461e-01 -7.102554e-01 -2.617389e-01 9.428360e-01 4.360438e-01 -3.349830e-01 -8.197252e-02 6.957712e-01 4.095985e-01 -6.188456e-02 -1.168903e-01 -9.164006e-01 -1.922991e-01 -4.334682e-01 -4.864407e-01 -1.528125e-01 8.677598e-01 5.651046e-01 -1.036007e-01 2.690528e-01 4.727698e-01 4.559509e-01
<VARIANCE> 39
 1.880640e+01 1.877193e+01 5.725877e+01 5.453370e+01 9.276070e+01 4.133669e+01 6.568916e+01 4.119363e+01 4.860802e+01 4.446672e+01 4.478433e+01 5.936569e+01 1.036639e+01 7.186033e-01 1.365588e+00 4.409382e+00 2.344379e+00 4.686351e+00 3.554115e+00 3.935840e+00 6.763172e+00 5.962262e+00 2.684176e+00 3.249331e+00 3.140521e+00 1.437815e+00 1.635411e-01 3.231863e-01 6.596408e-01 5.595976e-01 9.296395e-01 7.863889e-01 8.970879e-01 1.413285e+00 1.190974e+00 6.072285e-01 7.073705e-01 6.831765e-01 2.576904e-01
<GCONST> 1.270979e+02
<STATE> 4
<MEAN> 39
 -1.808539e+00 -2.335909e+00 3.900735e+00 8.005270e+00 -1.268837e+01 -6.869646e+00 -1.420801e+01 -1.279604e+01 -1.892419e+00 -9.416926e+00 -2.601328e+00 -1.471984e+00 7.813980e+01 -1.503152e-01 2.628464e-01 -1.119771e+00 -2.597862e-01 -7.204224e-01 -8.696355e-01 2.215243e-01 1.086414e+00 5.643612e-01 -4.443741e-01 4.404092e-01 9.042674e-01 5.389962e-01 -6.904958e-02 2.459639e-01 2.132086e-01 -1.649544e-01 4.088374e-01 3.025010e-01 4.223475e-01 -1.684605e-01 -3.159230e-01 6.880100e-02 -2.907658e-02 -2.247870e-01 -3.071101e-01
<VARIANCE> 39
 1.789246e+01 1.750154e+01 5.330341e+01 6.327677e+01 8.907160e+01 4.743255e+01 8.247807e+01 6.568667e+01 7.122127e+01 4.842738e+01 5.153453e+01 5.068301e+01 1.341503e+01 7.690270e-01 1.640561e+00 2.878017e+00 3.587045e+00 4.840978e+00 3.917487e+00 4.010570e+00 5.553752e+00 5.559366e+00 3.348904e+00 4.049920e+00 2.867488e+00 1.386756e+00 1.360107e-01 2.104420e-01 4.122869e-01 4.825723e-01 8.470278e-01 5.622006e-01 6.468692e-01 1.037530e+00 9.005355e-01 5.215249e-01 6.519048e-01 5.286892e-01 2.023645e-01
<GCONST> 1.256921e+02
<TRANSP> 5
 0.000000e+00 1.000000e+00 0.000000e+00 0.000000e+00 0.000000e+00
 0.000000e+00 5.577549e-01 4.422452e-01 0.000000e+00 0.000000e+00
 0.000000e+00 0.000000e+00 6.067384e-01 3.932616e-01 0.000000e+00
 0.000000e+00 0.000000e+00 0.000000e+00 5.394572e-01 4.605428e-01
 0.000000e+00 0.000000e+00 0.000000e+00 0.000000e+00 0.000000e+00
<ENDHMM>
~h "dz_pal"
<BEGINHMM>
<NUMSTATES> 5
<STATE> 2
<MEAN> 39
 -2.167266e+00 6.824231e-01 -1.954037e-01 2.889858e+00 -5.302292e+00 -5.607416e+00 -1.603131e+01 -9.917968e+00 -3.231417e+00 -3.304186e+00 -1.361702e+00 -6.769354e+00 7.761288e+01 -1.870934e+00 4.208148e+00 1.361757e+00 2.051774e+00 3.407551e+00 4.964272e-01 1.518739e+00 -2.190481e-01 -1.343444e+00 -3.357339e-01 -7.267686e-01 -8.079696e-02 -2.742379e+00 -8.031171e-01 6.664680e-01 -1.553479e-01 5.672994e-02 3.437533e-01 4.022043e-01 8.730786e-01 4.037814e-01 -1.654892e-01 -6.092961e-02 -2.201498e-01 9.341478e-02 -2.436876e-01
<VARIANCE> 39
 9.170609e+00 2.192643e+01 4.288582e+01 7.343045e+01 3.118462e+01 7.109829e+01 4.774794e+01 3.936776e+01 4.549232e+01 3.375256e+01 4.459597e+01 8.016826e+01 2.506524e+01 2.422263e+00 2.043173e+00 2.369862e+00 3.859368e+00 2.332777e+00 4.278480e+00 5.290292e+00 5.633199e+00 3.579382e+00 4.850348e+00 3.583858e+00 2.406860e+00 1.810799e+00 3.024269e-01 3.648638e-01 3.583310e-01 5.854090e-01 5.964642e-01 4.951616e-01 6.032554e-01 9.077587e-01 5.296401e-01 5.440775e-01 4.255809e-01 3.829341e-01 4.676152e-01
<GCONST> 1.247228e+02
<STATE> 3
<MEAN> 39
 -9.719304e+00 1.413863e+01 3.572108e+00 8.611224e+00 3.679831e+00 -3.415925e+00 -8.660460e+00 -7.074141e+00 -6.218048e+00 -4.610312e+00 -4.447625e+00 -6.481602e+00 6.936703e+01 -3.517870e+00 2.663392e+00 5.023155e-01 3.906192e-01 2.174475e+00 8.015646e-01 1.563710e+00 1.199972e+00 -1.265079e-01 -2.093851e-01 -5.329424e-01 6.971397e-02 -7.350202e-01 -2.352311e-01 -1.063243e+00 -2.964210e-01 -5.716549e-01 -5.185898e-01 -1.534721e-01 -1.802987e-01 -8.107573e-04 3.691474e-01 -7.832593e-02 2.266930e-01 2.516921e-01 9.867824e-01
<VARIANCE> 39
 4.380818e+01 2.997566e+01 5.909007e+01 4.129475e+01 2.509477e+01 3.616951e+01 1.668448e+01 2.881705e+01 2.907799e+01 4.207002e+01 4.665515e+01 4.781745e+01 2.986386e+01 4.274429e+00 4.540164e+00 2.702176e+00 3.843836e+00 2.024482e+00 2.866029e+00 3.466482e+00 3.085982e+00 2.628989e+00 2.696515e+00 2.122850e+00 2.114552e+00 4.052788e+00 1.073619e+00 6.197549e-01 5.340675e-01 7.020488e-01 3.087048e-01 5.002283e-01 6.598151e-01 8.019528e-01 5.630857e-01 7.257673e-01 4.990218e-01 3.086562e-01 5.808113e-01
<GCONST> 1.249519e+02
<STATE> 4
<MEAN> 39
 -1.928216e+01 1.163253e+01 5.182224e+00 5.050388e+00 6.955780e+00 -3.728535e+00 -7.058710e+00 -5.466091e+00 -4.495871e+00 -6.603871e+00 -3.904290e+00 -2.813073e+00 7.541655e+01 1.152804e+00 -1.713199e+00 5.846373e-01 -3.333569e-01 -9.748945e-01 -1.446720e+00 -7.806218e-01 -2.826313e-01 1.944755e-01 -6.760172e-01 2.442557e-01 6.802109e-01 9.342422e-01 1.134181e+00 -4.077729e-01 8.559309e-03 2.303375e-01 -7.334329e-01 -2.963313e-01 -2.847245e-01 -2.510811e-01 2.416628e-02 2.775878e-02 8.350635e-02 -1.222641e-01 -1.965856e-01
<VARIANCE> 39
 5.767198e+01 3.222188e+01 4.364643e+01 3.949789e+01 4.448245e+01 6.586482e+01 4.708080e+01 2.762391e+01 3.209233e+01 3.205345e+01 2.511271e+01 3.141423e+01 1.682063e+01 1.277299e+01 3.989474e+00 3.248658e+00 3.408262e+00 5.533349e+00 5.020193e+00 5.077081e+00 3.936565e+00 3.523713e+00 3.351843e+00 3.200469e+00 2.050930e+00 4.088199e+00 1.751003e+00 8.379896e-01 6.068113e-01 6.443356e-01 6.285877e-01 9.194415e-01 1.192072e+00 7.655201e-01 5.425096e-01 6.757194e-01 5.463333e-01 4.310248e-01 5.872008e-01
<GCONST> 1.324756e+02
<TRANSP> 5
 0.000000e+00 1.000000e+00 0.000000e+00 0.000000e+00 0.000000e+00
 0.000000e+00 4.545318e-01 5.454682e-01 0.000000e+00 0.000000e+00
 0.000000e+00 0.000000e+00 7.117663e-01 2.882337e-01 0.000000e+00
 0.000000e+00 0.000000e+00 0.000000e+00 8.257132e-01 1.742868e-01
 0.000000e+00 0.000000e+00 0.000000e+00 0.000000e+00 0.000000e+00
<ENDHMM>
~h "b_pal"
<BEGINHMM>
<NUMSTATES> 5
<STATE> 2
<MEAN> 39
 3.721320e+00 6.962152e+00 6.312246e+00 8.848088e+00 3.108639e-01 -6.801282e-01 -6.454919e+00 -8.892159e+00 -6.219561e+00 -8.216265e+00 -4.157945e+00 -2.399971e+00 6.178239e+01 8.806858e-01 2.015521e+00 1.022159e+00 6.050225e-01 1.899382e+00 7.236784e-01 6.615182e-01 4.333912e-01 -8.773497e-01 1.756512e-01 -5.617226e-01 -2.100935e-01 -1.964489e+00 -8.463066e-01 -6.571855e-01 -4.196605e-01 -4.047438e-01 -6.297588e-01 -4.463269e-01 -3.479563e-01 -1.460851e-01 3.670941e-01 3.112057e-01 1.899939e-01 -3.875513e-02 1.233708e+00
<VARIANCE> 39
 2.037817e+01 3.125211e+01 2.638218e+01 2.662895e+01 3.491507e+01 4.018357e+01 5.194156e+01 3.055241e+01 3.939954e+01 3.384874e+01 5.003229e+01 4.636524e+01 3.003868e+01 3.348377e+00 2.589006e+00 2.681296e+00 3.042021e+00 4.749334e+00 3.902979e+00 4.822590e+00 4.238150e+00 3.290087e+00 3.915131e+00 3.122766e+00 2.274845e+00 7.957365e+00 3.200758e-01 6.485549e-01 4.804817e-01 4.370089e-01 7.641664e-01 7.199060e-01 8.045364e-01 7.615076e-01 6.268811e-01 6.172330e-01 5.777146e-01 4.070983e-01 1.268060e+00
<GCONST> 1.280581e+02
<STATE> 3
<MEAN> 39
 2.005566e+00 9.238798e+00 6.668821e+00 8.589313e+00 2.809923e+00 -3.700376e-02 -6.260673e+00 -8.705601e+00 -7.203003e+00 -6.292852e+00 -4.657050e+00 -3.379760e+00 6.171458e+01 -1.718582e+00 -1.911221e+00 -1.010466e+00 -3.599268e-01 -8.004923e-01 -1.208295e+00 -1.244992e+00 -3.888416e-01 8.030910e-01 8.877825e-01 2.214946e-01 -2.124556e-01 3.348721e+00 -3.039549e-01 -1.281380e+00 -5.119970e-01 -2.089630e-01 -1.463846e+00 -9.247308e-01 -7.106019e-01 -4.345060e-01 6.862080e-01 -1.716502e-01 3.140954e-01 1.753127e-01 1.712552e+00
<VARIANCE> 39
 2.454878e+01 2.477950e+01 1.839037e+01 1.768810e+01 2.613089e+01 2.283451e+01 3.780253e+01 2.329390e+01 3.167361e+01 3.692225e+01 4.169481e+01 4.562978e+01 2.765067e+01 2.180191e+00 4.114719e+00 2.233505e+00 2.770169e+00 4.950374e+00 3.819439e+00 4.021350e+00 4.088369e+00 3.287269e+00 3.229829e+00 3.506383e+00 2.567611e+00 4.672040e+00 5.705432e-01 5.630729e-01 5.090092e-01 5.710523e-01 9.294057e-01 7.670587e-01 9.050327e-01 9.926224e-01 8.568797e-01 9.257356e-01 8.310227e-01 5.354805e-01 8.811861e-01
<GCONST> 1.268524e+02
<STATE> 4
<MEAN> 39
 -2.239008e+00 -1.072703e+00 2.200292e+00 7.228293e+00 -5.055963e+00 -7.174535e+00 -1.272045e+01 -1.174345e+01 -2.334058e+00 -5.170273e+00 -2.890886e+00 -2.856772e+00 7.662527e+01 -5.045863e-01 -2.650670e+00 -1.040573e+00 -4.066693e-01 -3.793593e+00 -2.553195e+00 -1.667416e+00 -1.180598e+00 1.735656e+00 -3.332713e-01 8.644892e-01 4.402975e-01 4.153539e+00 4.252260e-01 6.229433e-01 3.583688e-01 -2.227470e-02 -1.022942e-01 3.323269e-01 5.448458e-01 1.821293e-01 -1.623140e-01 -3.373482e-01 5.324328e-02 6.546552e-02 -8.434175e-01
<VARIANCE> 39
 1.386073e+01 1.612668e+01 2.822189e+01 4.000787e+01 7.232767e+01 4.314086e+01 7.000948e+01 4.557750e+01 3.960044e+01 4.175566e+01 4.480917e+01 3.116607e+01 1.829338e+01 1.952576e+00 3.176559e+00 3.190730e+00 3.552646e+00 5.421384e+00 4.012142e+00 5.092124e+00 6.476596e+00 5.224542e+00 5.191943e+00 4.578202e+00 2.998946e+00 3.492494e+00 3.095652e-01 6.194429e-01 3.600855e-01 4.233722e-01 1.234060e+00 7.365066e-01 8.139327e-01 8.166344e-01 7.537042e-01 6.522309e-01 6.384266e-01 5.450739e-01 6.307618e-01
<GCONST> 1.295248e+02
<TRANSP> 5
 0.000000e+00 1.000000e+00 0.000000e+00 0.000000e+00 0.000000e+00
 0.000000e+00 6.098539e-01 3.901461e-01 0.000000e+00 0.000000e+00
 0.000000e+00 0.000000e+00 5.374628e-01 4.625372e-01 0.000000e+00
 0.000000e+00 0.000000e+00 0.000000e+00 5.463239e-01 4.536761e-01
 0.000000e+00 0.000000e+00 0.000000e+00 0.000000e+00 0.000000e+00
<ENDHMM>
~h "r_pal"
<BEGINHMM>
<NUMSTATES> 5
<STATE> 2
<MEAN> 39
 -2.922308e+00 -1.813170e+00 2.688494e+00 8.909453e+00 -9.091743e+00 -8.552073e+00 -1.239412e+01 -1.101230e+01 -1.421982e+00 -6.382317e+00 -2.435792e+00 -2.661281e+00 7.781853e+01 3.493564e-01 -5.875928e-01 8.697757e-01 1.757311e+00 -9.785720e-01 -6.191085e-02 -4.273613e-01 1.632048e-01 -1.442689e-01 -4.993916e-01 -4.009841e-01 -1.981990e-01 -2.103343e-01 -1.191294e-01 2.527896e-02 -8.152072e-02 -2.834150e-01 -1.474673e-01 3.690184e-01 3.241047e-02 2.167387e-01 -6.677552e-02 -2.086013e-01 1.215087e-01 1.150385e-01 -1.138305e-01
<VARIANCE> 39
 1.624407e+01 1.401005e+01 4.707009e+01 5.250891e+01 7.082158e+01 4.860395e+01 7.173166e+01 5.605962e+01 4.876554e+01 4.073543e+01 3.968059e+01 3.188797e+01 1.742957e+01 1.573863e+00 1.436090e+00 3.160996e+00 3.291832e+00 5.422475e+00 4.188961e+00 4.568065e+00 3.964119e+00 3.985352e+00 3.889672e+00 3.630979e+00 2.547928e+00 2.071831e+00 3.319431e-01 2.874895e-01 5.601716e-01 6.633890e-01 1.075157e+00 8.084590e-01 9.080634e-01 8.599290e-01 8.395845e-01 8.249275e-01 7.262136e-01 4.594504e-01 4.840498e-01
<GCONST> 1.279100e+02
<STATE> 3
<MEAN> 39
 -2.684120e+00 -3.321661e+00 4.580065e+00 1.171339e+01 -1.307948e+01 -7.658516e+00 -1.461663e+01 -9.472841e+00 -1.922534e+00 -9.009528e+00 -2.754549e+00 -2.964638e+00 7.772851e+01 2.087400e-01 -2.951950e-01 3.279483e-01 6.149232e-01 -1.303826e+00 3.463997e-01 -6.774166e-01 2.861363e-01 -1.114468e-01 -7.558270e-01 9.403343e-02 1.133881e-01 9.972647e-02 -1.292564e-01 2.551314e-01 -1.993949e-01 -5.254135e-01 1.732144e-01 -6.657332e-02 1.839317e-01 -2.332317e-02 4.150967e-02 7.002413e-02 8.282471e-02 1.066279e-01 8.530468e-02
<VARIANCE> 39
 1.479381e+01 1.207776e+01 4.444832e+01 5.498526e+01 9.388029e+01 4.855892e+01 7.772570e+01 4.925356e+01 6.234534e+01 4.571016e+01 3.821704e+01 3.011522e+01 1.183573e+01 9.359112e-01 1.085272e+00 3.045901e+00 2.415730e+00 5.700411e+00 2.877545e+00 3.669865e+00 3.170750e+00 4.242668e+00 4.050390e+00 3.618953e+00 1.907498e+00 1.360081e+00 1.943754e-01 2.180786e-01 4.350784e-01 5.859984e-01 1.179343e+00 6.265091e-01 8.216490e-01 6.591668e-01 7.538058e-01 7.099044e-01 6.537259e-01 3.989365e-01 2.924439e-01
<GCONST> 1.225180e+02
<STATE> 4
<MEAN> 39
 -2.433570e+00 -2.932658e+00 4.113503e+00 1.102301e+01 -1.607284e+01 -7.809832e+00 -1.546249e+01 -9.004344e+00 -2.221250e+00 -1.057905e+01 -2.212094e+00 -2.588730e+00 7.837607e+01 -2.030602e-01 5.922095e-01 1.580513e-01 -7.160636e-01 3.951769e-01 -6.499200e-02 5.197785e-01 1.021129e-01 -2.957273e-01 -3.258716e-02 -8.007780e-02 2.651235e-01 -1.484426e-01 -2.031678e-01 2.914689e-01 1.201069e-02 -3.873912e-01 7.601844e-01 -2.970774e-03 4.890811e-01 2.482688e-03 -8.691774e-02 2.558113e-01 -8.564419e-02 1.571039e-03 -2.847368e-01
<VARIANCE> 39
 1.594201e+01 1.469307e+01 5.106683e+01 5.095921e+01 1.041133e+02 5.170618e+01 8.029676e+01 5.593718e+01 8.453231e+01 5.781845e+01 5.516248e+01 3.958371e+01 1.278514e+01 1.065002e+00 1.388387e+00 2.446787e+00 2.637260e+00 5.532675e+00 2.872314e+00 3.545410e+00 3.308460e+00 3.610066e+00 3.336704e+00 2.968598e+00 1.941388e+00 1.972398e+00 2.259266e-01 2.197233e-01 3.849852e-01 4.716629e-01 9.293080e-01 5.169788e-01 6.776332e-01 6.061161e-01 8.049712e-01 6.856720e-01 5.816980e-01 3.695920e-01 3.029886e-01
<GCONST> 1.234757e+02
<TRANSP> 5
 0.000000e+00 1.000000e+00 0.000000e+00 0.000000e+00 0.000000e+00
 0.000000e+00 4.763088e-01 5.236912e-01 0.000000e+00 0.000000e+00
 0.000000e+00 0.000000e+00 5.372761e-01 4.627239e-01 0.000000e+00
 0.000000e+00 0.000000e+00 0.000000e+00 4.778039e-01 5.221962e-01
 0.000000e+00 0.000000e+00 0.000000e+00 0.000000e+00 0.000000e+00
<ENDHMM>
~h "N_pal"
<BEGINHMM>
<NUMSTATES> 5
<STATE> 2
<MEAN> 39
 -1.235643e+00 1.231012e+00 2.440518e+00 5.645823e+00 -1.423775e+01 -9.388756e+00 -7.290503e+00 -8.524456e+00 -5.281266e+00 -1.591719e+01 -1.721944e+00 -2.253978e+00 7.726151e+01 8.405228e-01 1.169413e+00 5.645590e-01 4.434276e-01 1.420575e+00 1.798713e-02 -1.675688e-01 2.619643e-01 -1.765889e+00 -1.194988e+00 8.710912e-01 2.534836e-01 -1.535401e+00 8.783440e-02 5.703267e-02 -4.046497e-02 -3.041021e-02 2.600786e-01 -5.867574e-02 -1.251847e-01 7.927646e-02 -1.372504e-01 2.634732e-01 -1.298514e-02 -2.599050e-02 -1.667295e-01
<VARIANCE> 39
 1.537562e+01 1.803041e+01 5.012763e+01 3.066761e+01 1.094195e+02 4.412073e+01 6.918969e+01 5.416990e+01 1.000308e+02 3.933449e+01 5.993137e+01 9.412341e+01 1.565638e+01 7.931116e-01 1.049387e+00 2.184999e+00 1.810298e+00 2.935103e+00 2.258845e+00 3.027365e+00 3.528152e+00 3.082481e+00 4.339326e+00 3.301197e+00 2.523031e+00 7.597666e-01 1.907249e-01 1.622124e-01 2.472690e-01 2.496525e-01 5.303461e-01 3.681932e-01 5.411956e-01 4.257119e-01 5.613109e-01 4.806005e-01 6.394221e-01 3.921104e-01 1.123670e-01
<GCONST> 1.166656e+02
<STATE> 3
<MEAN> 39
 2.765288e+00 5.149611e+00 4.548524e+00 7.078428e+00 -5.788610e+00 -9.803668e+00 -8.461084e+00 -6.424805e+00 -1.118114e+01 -1.777709e+01 7.642969e-01 6.231886e-02 7.158206e+01 2.848946e-01 1.370134e+00 6.429670e-01 3.398383e-02 1.549683e+00 -3.366286e-01 1.632473e-01 3.710623e-01 -1.245520e+00 -5.342947e-02 -2.184388e-01 4.044718e-01 -1.590028e+00 -8.436103e-01 -2.119273e-01 -4.787499e-02 -1.462066e-01 -1.963189e-01 3.308662e-01 2.685964e-01 -1.126671e-01 7.343284e-01 7.192526e-01 -4.766605e-01 -1.704811e-01 3.011922e-01
<VARIANCE> 39
 9.761079e+00 1.971257e+01 4.576334e+01 2.454996e+01 7.367153e+01 5.548055e+01 6.617229e+01 6.135502e+01 9.186929e+01 4.267217e+01 4.457635e+01 9.759781e+01 7.614935e+00 1.577679e+00 1.496350e+00 1.853924e+00 1.843938e+00 3.381039e+00 2.567434e+00 3.043102e+00 3.229779e+00 3.708436e+00 3.795629e+00 3.597767e+00 2.109255e+00 9.069107e-01 3.306567e-01 3.749751e-01 5.505431e-01 4.404484e-01 6.175910e-01 7.650729e-01 7.262948e-01 6.762700e-01 6.501170e-01 9.460689e-01 6.401147e-01 6.015114e-01 2.428864e-01
<GCONST> 1.225550e+02
<STATE> 4
<MEAN> 39
 1.031307e+00 8.784651e+00 6.651038e+00 6.283388e+00 -2.751603e+00 -8.988304e+00 -7.273974e+00 -6.634971e+00 -1.204699e+01 -1.639185e+01 -2.390825e+00 2.365659e-01 6.825669e+01 -2.978124e+00 -2.030507e-01 5.123082e-01 -3.333219e-01 1.194799e+00 1.733368e+00 6.809279e-01 4.497963e-01 1.188523e+00 2.117347e+00 -7.532384e-01 -6.082013e-01 -4.129599e-01 -1.241043e+00 -1.058705e+00 -4.188487e-01 -2.452792e-01 -4.937919e-01 3.178924e-01 1.261876e-01 7.291631e-02 8.283343e-01 7.872098e-01 2.632453e-01 -1.986813e-01 9.107805e-01
<VARIANCE> 39
 1.870077e+01 2.184470e+01 4.088168e+01 2.254649e+01 6.279428e+01 4.228907e+01 4.955645e+01 6.030719e+01 6.564568e+01 3.899375e+01 3.958257e+01 7.708110e+01 1.547145e+01 4.428552e+00 5.963517e+00 4.118859e+00 2.937681e+00 4.470359e+00 5.069540e+00 4.719870e+00 4.737332e+00 5.242010e+00 5.489563e+00 3.408748e+00 4.542473e+00 4.013260e+00 4.968840e-01 5.623734e-01 6.689505e-01 4.887908e-01 7.481518e-01 8.374054e-01 7.255581e-01 9.706281e-01 7.414613e-01 8.413180e-01 6.998727e-01 6.597500e-01 4.672976e-01
<GCONST> 1.332802e+02
<TRANSP> 5
 0.000000e+00 1.000000e+00 0.000000e+00 0.000000e+00 0.000000e+00
 0.000000e+00 7.453301e-01 2.546699e-01 0.000000e+00 0.000000e+00
 0.000000e+00 0.000000e+00 5.848981e-01 4.151019e-01 0.000000e+00
 0.000000e+00 0.000000e+00 0.000000e+00 5.152864e-01 4.847135e-01
 0.000000e+00 0.000000e+00 0.000000e+00 0.000000e+00 0.000000e+00
<ENDHMM>
~h "tS_pal"
<BEGINHMM>
<NUMSTATES> 5
<STATE> 2
<MEAN> 39
 -2.060463e+01 -2.550197e+00 1.210371e+01 2.335302e+00 -5.122684e-01 -2.792278e+00 -4.562339e-01 -5.811985e+00 -1.837106e+00 -4.313554e+00 -1.675890e+00 -9.729074e-01 7.158027e+01 -4.447843e+00 -2.285721e+00 -9.317078e-02 -1.598295e+00 4.338123e-01 3.154496e-01 1.810871e+00 1.009490e+00 9.894569e-01 1.478697e+00 8.254614e-01 8.012620e-01 4.447917e-01 5.155933e-01 -3.198013e-01 -5.692278e-01 5.449150e-02 -6.952850e-01 -6.275597e-01 -5.783692e-01 -1.386702e-03 -5.063632e-02 -7.916524e-02 5.560405e-02 9.612460e-02 6.410829e-01
<VARIANCE> 39
 8.337498e+01 4.475099e+01 4.382488e+01 8.779087e+01 3.805640e+01 4.070457e+01 5.085680e+01 2.984043e+01 3.106153e+01 4.851863e+01 2.463113e+01 1.965763e+01 2.596881e+01 6.552030e+00 4.941422e+00 4.558503e+00 4.476285e+00 5.750692e+00 6.006626e+00 4.861071e+00 3.240331e+00 4.396512e+00 3.657887e+00 3.311841e+00 2.439955e+00 5.929060e+00 1.501846e+00 1.179882e+00 8.345138e-01 1.131905e+00 9.133444e-01 9.074559e-01 8.350170e-01 6.290096e-01 6.895805e-01 7.103946e-01 7.189888e-01 4.708255e-01 7.958255e-01
<GCONST> 1.366821e+02
<STATE> 3
<MEAN> 39
 -2.936431e+01 -1.077097e+01 8.358356e+00 1.925889e-01 -2.679556e+00 -8.258584e+00 4.563754e-01 -1.783109e+00 9.025726e-01 -8.969766e-01 1.871367e-01 1.873940e+00 7.702993e+01 2.304516e+00 5.293729e-01 -4.338253e-01 1.159436e+00 1.369908e-01 -1.256453e+00 -1.728378e+00 -2.501185e-01 -1.935346e-01 -4.052210e-01 -7.437197e-01 -3.474547e-01 5.358207e-01 1.806835e+00 9.395254e-01 6.055832e-03 4.748402e-01 1.473555e-02 2.765833e-01 -6.891470e-01 -6.754427e-01 -4.161021e-01 -5.231320e-01 -3.473610e-01 -4.194863e-01 -3.481470e-01
<VARIANCE> 39
 2.230717e+01 2.126437e+01 3.588000e+01 6.725898e+01 3.702063e+01 5.626103e+01 2.878285e+01 1.950067e+01 2.785269e+01 3.420261e+01 1.615979e+01 1.365599e+01 8.205590e+00 1.037499e+01 4.741827e+00 2.035428e+00 3.107085e+00 3.500218e+00 4.500643e+00 3.646278e+00 2.927691e+00 2.834700e+00 2.685117e+00 2.446915e+00 2.047544e+00 1.396144e+00 7.938992e-01 5.920842e-01 4.416770e-01 5.964043e-01 7.432027e-01 9.655467e-01 7.838613e-01 5.402858e-01 6.278242e-01 5.293644e-01 5.062927e-01 4.478101e-01 2.098334e-01
<GCONST> 1.213734e+02
<STATE> 4
<MEAN> 39
 -8.067875e+00 -1.921844e+00 6.766797e+00 6.547783e+00 -2.511932e+00 -1.034555e+01 -1.068471e+01 -8.931293e+00 -3.863428e+00 -5.722616e+00 -5.352625e+00 -2.779786e+00 7.711729e+01 5.805006e+00 1.820563e+00 -1.747165e+00 2.136029e-01 -2.015677e+00 5.595723e-01 -2.691677e+00 -2.490686e+00 -1.218091e+00 -1.228537e+00 -3.392538e-01 -7.032205e-01 1.462899e-01 -1.062304e+00 -5.816382e-01 -3.567951e-01 -8.186446e-01 -5.883192e-01 5.576898e-01 7.529722e-01 2.709327e-01 3.077114e-01 2.051941e-01 5.850902e-01 4.572676e-01 1.510887e-02
<VARIANCE> 39
 5.108151e+01 1.509793e+01 4.760933e+01 4.857087e+01 1.106985e+02 3.682581e+01 6.417783e+01 3.523531e+01 3.108524e+01 4.561142e+01 3.260316e+01 2.174800e+01 1.243848e+01 3.896302e+00 4.602971e+00 3.234597e+00 4.611686e+00 5.555201e+00 7.237202e+00 7.518997e+00 4.625562e+00 5.094616e+00 5.691515e+00 6.165901e+00 4.831473e+00 8.432356e-01 1.003354e+00 4.342177e-01 4.653754e-01 4.201240e-01 1.121931e+00 1.014796e+00 8.983920e-01 8.117904e-01 7.386767e-01 7.300354e-01 6.182911e-01 4.602865e-01 1.247949e-01
<GCONST> 1.312684e+02
<TRANSP> 5
 0.000000e+00 1.000000e+00 0.000000e+00 0.000000e+00 0.000000e+00
 0.000000e+00 7.349478e-01 2.650522e-01 0.000000e+00 0.000000e+00
 0.000000e+00 0.000000e+00 7.554868e-01 2.445132e-01 0.000000e+00
 0.000000e+00 0.000000e+00 0.000000e+00 6.307520e-01 3.692480e-01
 0.000000e+00 0.000000e+00 0.000000e+00 0.000000e+00 0.000000e+00
<ENDHMM>
~h "h_pal"
<BEGINHMM>
<NUMSTATES> 5
<STATE> 2
<MEAN> 39
 -1.026335e+01 2.529211e+00 9.720041e+00 7.467617e+00 -4.544628e+00 -4.362971e+00 -5.187339e+00 -4.150321e+00 -3.257823e+00 -7.394051e+00 -1.219201e+00 -4.072784e-01 7.174286e+01 2.207248e-01 7.578467e-01 2.343985e+00 1.322355e+00 -1.336551e+00 -9.201975e-01 3.385254e-01 -4.463206e-01 -1.334189e+00 -1.655261e+00 -1.235279e-01 2.178819e-02 1.733141e+00 9.133419e-03 -2.802969e-02 -2.962120e-01 -3.537632e-01 -2.226072e-01 8.737867e-02 -1.039155e-01 -2.365944e-01 -1.210840e-01 1.074966e-01 -4.473967e-02 -2.045329e-01 3.778329e-02
<VARIANCE> 39
 3.683052e+01 2.181848e+01 4.685666e+01 3.821022e+01 8.499133e+01 6.927499e+01 5.876522e+01 5.434702e+01 4.668753e+01 6.633048e+01 3.745818e+01 2.851217e+01 8.711541e+01 5.251988e+00 2.332522e+00 4.209015e+00 3.197626e+00 7.281684e+00 6.326872e+00 5.013722e+00 6.509080e+00 4.105062e+00 6.754553e+00 3.516194e+00 2.300581e+00 1.536042e+01 5.343598e-01 3.762800e-01 7.059467e-01 5.622845e-01 1.209654e+00 1.023501e+00 7.307013e-01 7.529602e-01 6.343847e-01 9.701547e-01 5.270677e-01 4.153116e-01 1.119394e+00
<GCONST> 1.378467e+02
<STATE> 3
<MEAN> 39
 -1.092191e+01 4.725449e+00 1.453252e+01 8.746954e+00 -6.485940e+00 -5.136664e+00 -3.900195e+00 -5.492958e+00 -7.467525e+00 -9.043228e+00 -1.795741e+00 -1.523716e+00 7.544631e+01 -1.232304e-01 3.242924e-01 7.126319e-01 4.635978e-02 -5.351907e-01 -1.108226e-01 3.090979e-01 -4.130602e-01 -6.200138e-01 -1.067772e-01 -1.500060e-01 -3.932753e-01 3.818878e-01 1.861608e-01 -3.358926e-01 -7.375072e-01 -2.957190e-01 -7.859853e-02 -1.383257e-01 -3.288338e-01 -5.705734e-02 4.321973e-01 2.265763e-01 -6.252911e-02 1.413701e-02 -1.341356e-02
<VARIANCE> 39
 1.952354e+01 1.532119e+01 3.693692e+01 3.556882e+01 7.081635e+01 4.393706e+01 4.119792e+01 5.417909e+01 5.926245e+01 7.823690e+01 3.247241e+01 3.254598e+01 6.833059e+00 3.707609e+00 1.456821e+00 2.792865e+00 2.179241e+00 6.881135e+00 6.266311e+00 3.592815e+00 3.869890e+00 2.713049e+00 4.411165e+00 2.449339e+00 1.904588e+00 2.463827e+00 6.764804e-01 2.501250e-01 3.569431e-01 5.198277e-01 1.160809e+00 1.058943e+00 6.115150e-01 8.351710e-01 5.901012e-01 1.067102e+00 4.990144e-01 4.059440e-01 6.555923e-01
<GCONST> 1.260437e+02
<STATE> 4
<MEAN> 39
 -8.581509e+00 3.333508e+00 1.153712e+01 8.437806e+00 -1.038934e+01 -9.442409e+00 -5.916966e+00 -7.717427e+00 -6.116141e+00 -1.113332e+01 -3.753855e+00 -1.792799e+00 7.786521e+01 9.653169e-01 -9.094110e-01 -1.403894e+00 -2.387796e-01 -1.123420e+00 -7.924524e-01 -9.495200e-01 -3.663119e-01 8.009304e-01 1.274871e-01 -2.679599e-02 -1.919927e-02 7.611150e-01 9.795453e-02 -1.849654e-01 -3.504702e-01 -1.586887e-01 2.062189e-01 1.925680e-01 -2.245822e-01 4.103962e-02 2.780954e-01 2.208664e-01 6.991468e-02 -5.036630e-02 -6.721912e-02
<VARIANCE> 39
 1.761576e+01 1.578315e+01 3.804247e+01 4.097097e+01 8.386621e+01 5.247034e+01 4.910934e+01 5.112337e+01 5.707558e+01 6.275863e+01 3.566280e+01 3.850729e+01 7.526257e+00 1.182128e+00 9.461526e-01 1.977384e+00 1.717558e+00 3.092209e+00 2.827976e+00 2.199475e+00 2.707127e+00 1.933456e+00 2.846581e+00 2.380924e+00 1.642246e+00 4.903843e-01 2.057036e-01 1.938917e-01 2.278571e-01 2.806428e-01 7.959052e-01 5.726150e-01 3.131370e-01 4.213953e-01 3.821656e-01 4.895719e-01 4.957291e-01 3.469214e-01 1.627951e-01
<GCONST> 1.119105e+02
<TRANSP> 5
 0.000000e+00 1.000000e+00 0.000000e+00 0.000000e+00 0.000000e+00
 0.000000e+00 3.700558e-01 6.299441e-01 0.000000e+00 0.000000e+00
 0.000000e+00 0.000000e+00 5.856451e-01 4.143549e-01 0.000000e+00
 0.000000e+00 0.000000e+00 0.000000e+00 7.769342e-01 2.230659e-01
 0.000000e+00 0.000000e+00 0.000000e+00 0.000000e+00 0.000000e+00
<ENDHMM>
