~h "A"
<BEGINHMM>
<NUMSTATES> 5
<STATE> 2
<MEAN> 39
 -7.011446e+00 7.821470e-01 1.136410e+00 1.278594e+00 -6.141710e+00 -2.854191e+00 -6.604067e+00 -7.449580e+00 -2.711087e+00 -6.600740e+00 -1.713196e+00 -1.490375e+00 7.124902e+01 4.880359e-04 4.877954e-04 1.459050e-03 4.783983e-05 1.116492e-03 1.125381e-03 5.293054e-04 -3.146993e-04 -1.760828e-03 -1.530108e-03 -3.846369e-04 5.777073e-04 2.734654e-03 -8.511554e-04 -2.498951e-04 -4.012436e-04 -1.289275e-04 -1.409025e-04 -2.119464e-04 -1.971339e-05 1.079518e-04 1.935347e-04 3.067801e-04 1.232817e-06 8.155217e-06 -3.234121e-03
<VARIANCE> 39
 1.155420e+02 4.314379e+01 6.459467e+01 7.894667e+01 1.016039e+02 7.560676e+01 8.266945e+01 6.783515e+01 5.984373e+01 6.206592e+01 5.267307e+01 5.820787e+01 2.871333e+02 6.246803e+00 3.001302e+00 3.752986e+00 3.991058e+00 5.991553e+00 4.214548e+00 4.492233e+00 4.544732e+00 4.154862e+00 4.084826e+00 3.330500e+00 2.815993e+00 5.912272e+00 8.553594e-01 5.373918e-01 6.650147e-01 6.622759e-01 9.903809e-01 7.431068e-01 7.878515e-01 8.097728e-01 7.774620e-01 7.281984e-01 6.159712e-01 5.123346e-01 9.486802e-01
<GCONST> 1.428165e+02
<STATE> 3
<MEAN> 39
 -7.011446e+00 7.821470e-01 1.136410e+00 1.278594e+00 -6.141710e+00 -2.854191e+00 -6.604067e+00 -7.449580e+00 -2.711087e+00 -6.600740e+00 -1.713196e+00 -1.490375e+00 7.124902e+01 4.880359e-04 4.877954e-04 1.459050e-03 4.783983e-05 1.116492e-03 1.125381e-03 5.293054e-04 -3.146993e-04 -1.760828e-03 -1.530108e-03 -3.846369e-04 5.777073e-04 2.734654e-03 -8.511554e-04 -2.498951e-04 -4.012436e-04 -1.289275e-04 -1.409025e-04 -2.119464e-04 -1.971339e-05 1.079518e-04 1.935347e-04 3.067801e-04 1.232817e-06 8.155217e-06 -3.234121e-03
<VARIANCE> 39
 1.155420e+02 4.314379e+01 6.459467e+01 7.894667e+01 1.016039e+02 7.560676e+01 8.266945e+01 6.783515e+01 5.984373e+01 6.206592e+01 5.267307e+01 5.820787e+01 2.871333e+02 6.246803e+00 3.001302e+00 3.752986e+00 3.991058e+00 5.991553e+00 4.214548e+00 4.492233e+00 4.544732e+00 4.154862e+00 4.084826e+00 3.330500e+00 2.815993e+00 5.912272e+00 8.553594e-01 5.373918e-01 6.650147e-01 6.622759e-01 9.903809e-01 7.431068e-01 7.878515e-01 8.097728e-01 7.774620e-01 7.281984e-01 6.159712e-01 5.123346e-01 9.486802e-01
<GCONST> 1.428165e+02
<STATE> 4
<MEAN> 39
 -7.011446e+00 7.821470e-01 1.136410e+00 1.278594e+00 -6.141710e+00 -2.854191e+00 -6.604067e+00 -7.449580e+00 -2.711087e+00 -6.600740e+00 -1.713196e+00 -1.490375e+00 7.124902e+01 4.880359e-04 4.877954e-04 1.459050e-03 4.783983e-05 1.116492e-03 1.125381e-03 5.293054e-04 -3.146993e-04 -1.760828e-03 -1.530108e-03 -3.846369e-04 5.777073e-04 2.734654e-03 -8.511554e-04 -2.498951e-04 -4.012436e-04 -1.289275e-04 -1.409025e-04 -2.119464e-04 -1.971339e-05 1.079518e-04 1.935347e-04 3.067801e-04 1.232817e-06 8.155217e-06 -3.234121e-03
<VARIANCE> 39
 1.155420e+02 4.314379e+01 6.459467e+01 7.894667e+01 1.016039e+02 7.560676e+01 8.266945e+01 6.783515e+01 5.984373e+01 6.206592e+01 5.267307e+01 5.820787e+01 2.871333e+02 6.246803e+00 3.001302e+00 3.752986e+00 3.991058e+00 5.991553e+00 4.214548e+00 4.492233e+00 4.544732e+00 4.154862e+00 4.084826e+00 3.330500e+00 2.815993e+00 5.912272e+00 8.553594e-01 5.373918e-01 6.650147e-01 6.622759e-01 9.903809e-01 7.431068e-01 7.878515e-01 8.097728e-01 7.774620e-01 7.281984e-01 6.159712e-01 5.123346e-01 9.486802e-01
<GCONST> 1.428165e+02
<TRANSP> 5
 0.000000e+00 1.000000e+00 0.000000e+00 0.000000e+00 0.000000e+00
 0.000000e+00 6.000000e-01 4.000000e-01 0.000000e+00 0.000000e+00
 0.000000e+00 0.000000e+00 6.000000e-01 4.000000e-01 0.000000e+00
 0.000000e+00 0.000000e+00 0.000000e+00 6.000000e-01 4.000000e-01
 0.000000e+00 0.000000e+00 0.000000e+00 0.000000e+00 0.000000e+00
<ENDHMM>
~h "Aa"
<BEGINHMM>
<NUMSTATES> 5
<STATE> 2
<MEAN> 39
 -7.011446e+00 7.821470e-01 1.136410e+00 1.278594e+00 -6.141710e+00 -2.854191e+00 -6.604067e+00 -7.449580e+00 -2.711087e+00 -6.600740e+00 -1.713196e+00 -1.490375e+00 7.124902e+01 4.880359e-04 4.877954e-04 1.459050e-03 4.783983e-05 1.116492e-03 1.125381e-03 5.293054e-04 -3.146993e-04 -1.760828e-03 -1.530108e-03 -3.846369e-04 5.777073e-04 2.734654e-03 -8.511554e-04 -2.498951e-04 -4.012436e-04 -1.289275e-04 -1.409025e-04 -2.119464e-04 -1.971339e-05 1.079518e-04 1.935347e-04 3.067801e-04 1.232817e-06 8.155217e-06 -3.234121e-03
<VARIANCE> 39
 1.155420e+02 4.314379e+01 6.459467e+01 7.894667e+01 1.016039e+02 7.560676e+01 8.266945e+01 6.783515e+01 5.984373e+01 6.206592e+01 5.267307e+01 5.820787e+01 2.871333e+02 6.246803e+00 3.001302e+00 3.752986e+00 3.991058e+00 5.991553e+00 4.214548e+00 4.492233e+00 4.544732e+00 4.154862e+00 4.084826e+00 3.330500e+00 2.815993e+00 5.912272e+00 8.553594e-01 5.373918e-01 6.650147e-01 6.622759e-01 9.903809e-01 7.431068e-01 7.878515e-01 8.097728e-01 7.774620e-01 7.281984e-01 6.159712e-01 5.123346e-01 9.486802e-01
<GCONST> 1.428165e+02
<STATE> 3
<MEAN> 39
 -7.011446e+00 7.821470e-01 1.136410e+00 1.278594e+00 -6.141710e+00 -2.854191e+00 -6.604067e+00 -7.449580e+00 -2.711087e+00 -6.600740e+00 -1.713196e+00 -1.490375e+00 7.124902e+01 4.880359e-04 4.877954e-04 1.459050e-03 4.783983e-05 1.116492e-03 1.125381e-03 5.293054e-04 -3.146993e-04 -1.760828e-03 -1.530108e-03 -3.846369e-04 5.777073e-04 2.734654e-03 -8.511554e-04 -2.498951e-04 -4.012436e-04 -1.289275e-04 -1.409025e-04 -2.119464e-04 -1.971339e-05 1.079518e-04 1.935347e-04 3.067801e-04 1.232817e-06 8.155217e-06 -3.234121e-03
<VARIANCE> 39
 1.155420e+02 4.314379e+01 6.459467e+01 7.894667e+01 1.016039e+02 7.560676e+01 8.266945e+01 6.783515e+01 5.984373e+01 6.206592e+01 5.267307e+01 5.820787e+01 2.871333e+02 6.246803e+00 3.001302e+00 3.752986e+00 3.991058e+00 5.991553e+00 4.214548e+00 4.492233e+00 4.544732e+00 4.154862e+00 4.084826e+00 3.330500e+00 2.815993e+00 5.912272e+00 8.553594e-01 5.373918e-01 6.650147e-01 6.622759e-01 9.903809e-01 7.431068e-01 7.878515e-01 8.097728e-01 7.774620e-01 7.281984e-01 6.159712e-01 5.123346e-01 9.486802e-01
<GCONST> 1.428165e+02
<STATE> 4
<MEAN> 39
 -7.011446e+00 7.821470e-01 1.136410e+00 1.278594e+00 -6.141710e+00 -2.854191e+00 -6.604067e+00 -7.449580e+00 -2.711087e+00 -6.600740e+00 -1.713196e+00 -1.490375e+00 7.124902e+01 4.880359e-04 4.877954e-04 1.459050e-03 4.783983e-05 1.116492e-03 1.125381e-03 5.293054e-04 -3.146993e-04 -1.760828e-03 -1.530108e-03 -3.846369e-04 5.777073e-04 2.734654e-03 -8.511554e-04 -2.498951e-04 -4.012436e-04 -1.289275e-04 -1.409025e-04 -2.119464e-04 -1.971339e-05 1.079518e-04 1.935347e-04 3.067801e-04 1.232817e-06 8.155217e-06 -3.234121e-03
<VARIANCE> 39
 1.155420e+02 4.314379e+01 6.459467e+01 7.894667e+01 1.016039e+02 7.560676e+01 8.266945e+01 6.783515e+01 5.984373e+01 6.206592e+01 5.267307e+01 5.820787e+01 2.871333e+02 6.246803e+00 3.001302e+00 3.752986e+00 3.991058e+00 5.991553e+00 4.214548e+00 4.492233e+00 4.544732e+00 4.154862e+00 4.084826e+00 3.330500e+00 2.815993e+00 5.912272e+00 8.553594e-01 5.373918e-01 6.650147e-01 6.622759e-01 9.903809e-01 7.431068e-01 7.878515e-01 8.097728e-01 7.774620e-01 7.281984e-01 6.159712e-01 5.123346e-01 9.486802e-01
<GCONST> 1.428165e+02
<TRANSP> 5
 0.000000e+00 1.000000e+00 0.000000e+00 0.000000e+00 0.000000e+00
 0.000000e+00 6.000000e-01 4.000000e-01 0.000000e+00 0.000000e+00
 0.000000e+00 0.000000e+00 6.000000e-01 4.000000e-01 0.000000e+00
 0.000000e+00 0.000000e+00 0.000000e+00 6.000000e-01 4.000000e-01
 0.000000e+00 0.000000e+00 0.000000e+00 0.000000e+00 0.000000e+00
<ENDHMM>
~h "E"
<BEGINHMM>
<NUMSTATES> 5
<STATE> 2
<MEAN> 39
 -7.011446e+00 7.821470e-01 1.136410e+00 1.278594e+00 -6.141710e+00 -2.854191e+00 -6.604067e+00 -7.449580e+00 -2.711087e+00 -6.600740e+00 -1.713196e+00 -1.490375e+00 7.124902e+01 4.880359e-04 4.877954e-04 1.459050e-03 4.783983e-05 1.116492e-03 1.125381e-03 5.293054e-04 -3.146993e-04 -1.760828e-03 -1.530108e-03 -3.846369e-04 5.777073e-04 2.734654e-03 -8.511554e-04 -2.498951e-04 -4.012436e-04 -1.289275e-04 -1.409025e-04 -2.119464e-04 -1.971339e-05 1.079518e-04 1.935347e-04 3.067801e-04 1.232817e-06 8.155217e-06 -3.234121e-03
<VARIANCE> 39
 1.155420e+02 4.314379e+01 6.459467e+01 7.894667e+01 1.016039e+02 7.560676e+01 8.266945e+01 6.783515e+01 5.984373e+01 6.206592e+01 5.267307e+01 5.820787e+01 2.871333e+02 6.246803e+00 3.001302e+00 3.752986e+00 3.991058e+00 5.991553e+00 4.214548e+00 4.492233e+00 4.544732e+00 4.154862e+00 4.084826e+00 3.330500e+00 2.815993e+00 5.912272e+00 8.553594e-01 5.373918e-01 6.650147e-01 6.622759e-01 9.903809e-01 7.431068e-01 7.878515e-01 8.097728e-01 7.774620e-01 7.281984e-01 6.159712e-01 5.123346e-01 9.486802e-01
<GCONST> 1.428165e+02
<STATE> 3
<MEAN> 39
 -7.011446e+00 7.821470e-01 1.136410e+00 1.278594e+00 -6.141710e+00 -2.854191e+00 -6.604067e+00 -7.449580e+00 -2.711087e+00 -6.600740e+00 -1.713196e+00 -1.490375e+00 7.124902e+01 4.880359e-04 4.877954e-04 1.459050e-03 4.783983e-05 1.116492e-03 1.125381e-03 5.293054e-04 -3.146993e-04 -1.760828e-03 -1.530108e-03 -3.846369e-04 5.777073e-04 2.734654e-03 -8.511554e-04 -2.498951e-04 -4.012436e-04 -1.289275e-04 -1.409025e-04 -2.119464e-04 -1.971339e-05 1.079518e-04 1.935347e-04 3.067801e-04 1.232817e-06 8.155217e-06 -3.234121e-03
<VARIANCE> 39
 1.155420e+02 4.314379e+01 6.459467e+01 7.894667e+01 1.016039e+02 7.560676e+01 8.266945e+01 6.783515e+01 5.984373e+01 6.206592e+01 5.267307e+01 5.820787e+01 2.871333e+02 6.246803e+00 3.001302e+00 3.752986e+00 3.991058e+00 5.991553e+00 4.214548e+00 4.492233e+00 4.544732e+00 4.154862e+00 4.084826e+00 3.330500e+00 2.815993e+00 5.912272e+00 8.553594e-01 5.373918e-01 6.650147e-01 6.622759e-01 9.903809e-01 7.431068e-01 7.878515e-01 8.097728e-01 7.774620e-01 7.281984e-01 6.159712e-01 5.123346e-01 9.486802e-01
<GCONST> 1.428165e+02
<STATE> 4
<MEAN> 39
 -7.011446e+00 7.821470e-01 1.136410e+00 1.278594e+00 -6.141710e+00 -2.854191e+00 -6.604067e+00 -7.449580e+00 -2.711087e+00 -6.600740e+00 -1.713196e+00 -1.490375e+00 7.124902e+01 4.880359e-04 4.877954e-04 1.459050e-03 4.783983e-05 1.116492e-03 1.125381e-03 5.293054e-04 -3.146993e-04 -1.760828e-03 -1.530108e-03 -3.846369e-04 5.777073e-04 2.734654e-03 -8.511554e-04 -2.498951e-04 -4.012436e-04 -1.289275e-04 -1.409025e-04 -2.119464e-04 -1.971339e-05 1.079518e-04 1.935347e-04 3.067801e-04 1.232817e-06 8.155217e-06 -3.234121e-03
<VARIANCE> 39
 1.155420e+02 4.314379e+01 6.459467e+01 7.894667e+01 1.016039e+02 7.560676e+01 8.266945e+01 6.783515e+01 5.984373e+01 6.206592e+01 5.267307e+01 5.820787e+01 2.871333e+02 6.246803e+00 3.001302e+00 3.752986e+00 3.991058e+00 5.991553e+00 4.214548e+00 4.492233e+00 4.544732e+00 4.154862e+00 4.084826e+00 3.330500e+00 2.815993e+00 5.912272e+00 8.553594e-01 5.373918e-01 6.650147e-01 6.622759e-01 9.903809e-01 7.431068e-01 7.878515e-01 8.097728e-01 7.774620e-01 7.281984e-01 6.159712e-01 5.123346e-01 9.486802e-01
<GCONST> 1.428165e+02
<TRANSP> 5
 0.000000e+00 1.000000e+00 0.000000e+00 0.000000e+00 0.000000e+00
 0.000000e+00 6.000000e-01 4.000000e-01 0.000000e+00 0.000000e+00
 0.000000e+00 0.000000e+00 6.000000e-01 4.000000e-01 0.000000e+00
 0.000000e+00 0.000000e+00 0.000000e+00 6.000000e-01 4.000000e-01
 0.000000e+00 0.000000e+00 0.000000e+00 0.000000e+00 0.000000e+00
<ENDHMM>
~h "Ea"
<BEGINHMM>
<NUMSTATES> 5
<STATE> 2
<MEAN> 39
 -7.011446e+00 7.821470e-01 1.136410e+00 1.278594e+00 -6.141710e+00 -2.854191e+00 -6.604067e+00 -7.449580e+00 -2.711087e+00 -6.600740e+00 -1.713196e+00 -1.490375e+00 7.124902e+01 4.880359e-04 4.877954e-04 1.459050e-03 4.783983e-05 1.116492e-03 1.125381e-03 5.293054e-04 -3.146993e-04 -1.760828e-03 -1.530108e-03 -3.846369e-04 5.777073e-04 2.734654e-03 -8.511554e-04 -2.498951e-04 -4.012436e-04 -1.289275e-04 -1.409025e-04 -2.119464e-04 -1.971339e-05 1.079518e-04 1.935347e-04 3.067801e-04 1.232817e-06 8.155217e-06 -3.234121e-03
<VARIANCE> 39
 1.155420e+02 4.314379e+01 6.459467e+01 7.894667e+01 1.016039e+02 7.560676e+01 8.266945e+01 6.783515e+01 5.984373e+01 6.206592e+01 5.267307e+01 5.820787e+01 2.871333e+02 6.246803e+00 3.001302e+00 3.752986e+00 3.991058e+00 5.991553e+00 4.214548e+00 4.492233e+00 4.544732e+00 4.154862e+00 4.084826e+00 3.330500e+00 2.815993e+00 5.912272e+00 8.553594e-01 5.373918e-01 6.650147e-01 6.622759e-01 9.903809e-01 7.431068e-01 7.878515e-01 8.097728e-01 7.774620e-01 7.281984e-01 6.159712e-01 5.123346e-01 9.486802e-01
<GCONST> 1.428165e+02
<STATE> 3
<MEAN> 39
 -7.011446e+00 7.821470e-01 1.136410e+00 1.278594e+00 -6.141710e+00 -2.854191e+00 -6.604067e+00 -7.449580e+00 -2.711087e+00 -6.600740e+00 -1.713196e+00 -1.490375e+00 7.124902e+01 4.880359e-04 4.877954e-04 1.459050e-03 4.783983e-05 1.116492e-03 1.125381e-03 5.293054e-04 -3.146993e-04 -1.760828e-03 -1.530108e-03 -3.846369e-04 5.777073e-04 2.734654e-03 -8.511554e-04 -2.498951e-04 -4.012436e-04 -1.289275e-04 -1.409025e-04 -2.119464e-04 -1.971339e-05 1.079518e-04 1.935347e-04 3.067801e-04 1.232817e-06 8.155217e-06 -3.234121e-03
<VARIANCE> 39
 1.155420e+02 4.314379e+01 6.459467e+01 7.894667e+01 1.016039e+02 7.560676e+01 8.266945e+01 6.783515e+01 5.984373e+01 6.206592e+01 5.267307e+01 5.820787e+01 2.871333e+02 6.246803e+00 3.001302e+00 3.752986e+00 3.991058e+00 5.991553e+00 4.214548e+00 4.492233e+00 4.544732e+00 4.154862e+00 4.084826e+00 3.330500e+00 2.815993e+00 5.912272e+00 8.553594e-01 5.373918e-01 6.650147e-01 6.622759e-01 9.903809e-01 7.431068e-01 7.878515e-01 8.097728e-01 7.774620e-01 7.281984e-01 6.159712e-01 5.123346e-01 9.486802e-01
<GCONST> 1.428165e+02
<STATE> 4
<MEAN> 39
 -7.011446e+00 7.821470e-01 1.136410e+00 1.278594e+00 -6.141710e+00 -2.854191e+00 -6.604067e+00 -7.449580e+00 -2.711087e+00 -6.600740e+00 -1.713196e+00 -1.490375e+00 7.124902e+01 4.880359e-04 4.877954e-04 1.459050e-03 4.783983e-05 1.116492e-03 1.125381e-03 5.293054e-04 -3.146993e-04 -1.760828e-03 -1.530108e-03 -3.846369e-04 5.777073e-04 2.734654e-03 -8.511554e-04 -2.498951e-04 -4.012436e-04 -1.289275e-04 -1.409025e-04 -2.119464e-04 -1.971339e-05 1.079518e-04 1.935347e-04 3.067801e-04 1.232817e-06 8.155217e-06 -3.234121e-03
<VARIANCE> 39
 1.155420e+02 4.314379e+01 6.459467e+01 7.894667e+01 1.016039e+02 7.560676e+01 8.266945e+01 6.783515e+01 5.984373e+01 6.206592e+01 5.267307e+01 5.820787e+01 2.871333e+02 6.246803e+00 3.001302e+00 3.752986e+00 3.991058e+00 5.991553e+00 4.214548e+00 4.492233e+00 4.544732e+00 4.154862e+00 4.084826e+00 3.330500e+00 2.815993e+00 5.912272e+00 8.553594e-01 5.373918e-01 6.650147e-01 6.622759e-01 9.903809e-01 7.431068e-01 7.878515e-01 8.097728e-01 7.774620e-01 7.281984e-01 6.159712e-01 5.123346e-01 9.486802e-01
<GCONST> 1.428165e+02
<TRANSP> 5
 0.000000e+00 1.000000e+00 0.000000e+00 0.000000e+00 0.000000e+00
 0.000000e+00 6.000000e-01 4.000000e-01 0.000000e+00 0.000000e+00
 0.000000e+00 0.000000e+00 6.000000e-01 4.000000e-01 0.000000e+00
 0.000000e+00 0.000000e+00 0.000000e+00 6.000000e-01 4.000000e-01
 0.000000e+00 0.000000e+00 0.000000e+00 0.000000e+00 0.000000e+00
<ENDHMM>
~h "Ee"
<BEGINHMM>
<NUMSTATES> 5
<STATE> 2
<MEAN> 39
 -7.011446e+00 7.821470e-01 1.136410e+00 1.278594e+00 -6.141710e+00 -2.854191e+00 -6.604067e+00 -7.449580e+00 -2.711087e+00 -6.600740e+00 -1.713196e+00 -1.490375e+00 7.124902e+01 4.880359e-04 4.877954e-04 1.459050e-03 4.783983e-05 1.116492e-03 1.125381e-03 5.293054e-04 -3.146993e-04 -1.760828e-03 -1.530108e-03 -3.846369e-04 5.777073e-04 2.734654e-03 -8.511554e-04 -2.498951e-04 -4.012436e-04 -1.289275e-04 -1.409025e-04 -2.119464e-04 -1.971339e-05 1.079518e-04 1.935347e-04 3.067801e-04 1.232817e-06 8.155217e-06 -3.234121e-03
<VARIANCE> 39
 1.155420e+02 4.314379e+01 6.459467e+01 7.894667e+01 1.016039e+02 7.560676e+01 8.266945e+01 6.783515e+01 5.984373e+01 6.206592e+01 5.267307e+01 5.820787e+01 2.871333e+02 6.246803e+00 3.001302e+00 3.752986e+00 3.991058e+00 5.991553e+00 4.214548e+00 4.492233e+00 4.544732e+00 4.154862e+00 4.084826e+00 3.330500e+00 2.815993e+00 5.912272e+00 8.553594e-01 5.373918e-01 6.650147e-01 6.622759e-01 9.903809e-01 7.431068e-01 7.878515e-01 8.097728e-01 7.774620e-01 7.281984e-01 6.159712e-01 5.123346e-01 9.486802e-01
<GCONST> 1.428165e+02
<STATE> 3
<MEAN> 39
 -7.011446e+00 7.821470e-01 1.136410e+00 1.278594e+00 -6.141710e+00 -2.854191e+00 -6.604067e+00 -7.449580e+00 -2.711087e+00 -6.600740e+00 -1.713196e+00 -1.490375e+00 7.124902e+01 4.880359e-04 4.877954e-04 1.459050e-03 4.783983e-05 1.116492e-03 1.125381e-03 5.293054e-04 -3.146993e-04 -1.760828e-03 -1.530108e-03 -3.846369e-04 5.777073e-04 2.734654e-03 -8.511554e-04 -2.498951e-04 -4.012436e-04 -1.289275e-04 -1.409025e-04 -2.119464e-04 -1.971339e-05 1.079518e-04 1.935347e-04 3.067801e-04 1.232817e-06 8.155217e-06 -3.234121e-03
<VARIANCE> 39
 1.155420e+02 4.314379e+01 6.459467e+01 7.894667e+01 1.016039e+02 7.560676e+01 8.266945e+01 6.783515e+01 5.984373e+01 6.206592e+01 5.267307e+01 5.820787e+01 2.871333e+02 6.246803e+00 3.001302e+00 3.752986e+00 3.991058e+00 5.991553e+00 4.214548e+00 4.492233e+00 4.544732e+00 4.154862e+00 4.084826e+00 3.330500e+00 2.815993e+00 5.912272e+00 8.553594e-01 5.373918e-01 6.650147e-01 6.622759e-01 9.903809e-01 7.431068e-01 7.878515e-01 8.097728e-01 7.774620e-01 7.281984e-01 6.159712e-01 5.123346e-01 9.486802e-01
<GCONST> 1.428165e+02
<STATE> 4
<MEAN> 39
 -7.011446e+00 7.821470e-01 1.136410e+00 1.278594e+00 -6.141710e+00 -2.854191e+00 -6.604067e+00 -7.449580e+00 -2.711087e+00 -6.600740e+00 -1.713196e+00 -1.490375e+00 7.124902e+01 4.880359e-04 4.877954e-04 1.459050e-03 4.783983e-05 1.116492e-03 1.125381e-03 5.293054e-04 -3.146993e-04 -1.760828e-03 -1.530108e-03 -3.846369e-04 5.777073e-04 2.734654e-03 -8.511554e-04 -2.498951e-04 -4.012436e-04 -1.289275e-04 -1.409025e-04 -2.119464e-04 -1.971339e-05 1.079518e-04 1.935347e-04 3.067801e-04 1.232817e-06 8.155217e-06 -3.234121e-03
<VARIANCE> 39
 1.155420e+02 4.314379e+01 6.459467e+01 7.894667e+01 1.016039e+02 7.560676e+01 8.266945e+01 6.783515e+01 5.984373e+01 6.206592e+01 5.267307e+01 5.820787e+01 2.871333e+02 6.246803e+00 3.001302e+00 3.752986e+00 3.991058e+00 5.991553e+00 4.214548e+00 4.492233e+00 4.544732e+00 4.154862e+00 4.084826e+00 3.330500e+00 2.815993e+00 5.912272e+00 8.553594e-01 5.373918e-01 6.650147e-01 6.622759e-01 9.903809e-01 7.431068e-01 7.878515e-01 8.097728e-01 7.774620e-01 7.281984e-01 6.159712e-01 5.123346e-01 9.486802e-01
<GCONST> 1.428165e+02
<TRANSP> 5
 0.000000e+00 1.000000e+00 0.000000e+00 0.000000e+00 0.000000e+00
 0.000000e+00 6.000000e-01 4.000000e-01 0.000000e+00 0.000000e+00
 0.000000e+00 0.000000e+00 6.000000e-01 4.000000e-01 0.000000e+00
 0.000000e+00 0.000000e+00 0.000000e+00 6.000000e-01 4.000000e-01
 0.000000e+00 0.000000e+00 0.000000e+00 0.000000e+00 0.000000e+00
<ENDHMM>
~h "I"
<BEGINHMM>
<NUMSTATES> 5
<STATE> 2
<MEAN> 39
 -7.011446e+00 7.821470e-01 1.136410e+00 1.278594e+00 -6.141710e+00 -2.854191e+00 -6.604067e+00 -7.449580e+00 -2.711087e+00 -6.600740e+00 -1.713196e+00 -1.490375e+00 7.124902e+01 4.880359e-04 4.877954e-04 1.459050e-03 4.783983e-05 1.116492e-03 1.125381e-03 5.293054e-04 -3.146993e-04 -1.760828e-03 -1.530108e-03 -3.846369e-04 5.777073e-04 2.734654e-03 -8.511554e-04 -2.498951e-04 -4.012436e-04 -1.289275e-04 -1.409025e-04 -2.119464e-04 -1.971339e-05 1.079518e-04 1.935347e-04 3.067801e-04 1.232817e-06 8.155217e-06 -3.234121e-03
<VARIANCE> 39
 1.155420e+02 4.314379e+01 6.459467e+01 7.894667e+01 1.016039e+02 7.560676e+01 8.266945e+01 6.783515e+01 5.984373e+01 6.206592e+01 5.267307e+01 5.820787e+01 2.871333e+02 6.246803e+00 3.001302e+00 3.752986e+00 3.991058e+00 5.991553e+00 4.214548e+00 4.492233e+00 4.544732e+00 4.154862e+00 4.084826e+00 3.330500e+00 2.815993e+00 5.912272e+00 8.553594e-01 5.373918e-01 6.650147e-01 6.622759e-01 9.903809e-01 7.431068e-01 7.878515e-01 8.097728e-01 7.774620e-01 7.281984e-01 6.159712e-01 5.123346e-01 9.486802e-01
<GCONST> 1.428165e+02
<STATE> 3
<MEAN> 39
 -7.011446e+00 7.821470e-01 1.136410e+00 1.278594e+00 -6.141710e+00 -2.854191e+00 -6.604067e+00 -7.449580e+00 -2.711087e+00 -6.600740e+00 -1.713196e+00 -1.490375e+00 7.124902e+01 4.880359e-04 4.877954e-04 1.459050e-03 4.783983e-05 1.116492e-03 1.125381e-03 5.293054e-04 -3.146993e-04 -1.760828e-03 -1.530108e-03 -3.846369e-04 5.777073e-04 2.734654e-03 -8.511554e-04 -2.498951e-04 -4.012436e-04 -1.289275e-04 -1.409025e-04 -2.119464e-04 -1.971339e-05 1.079518e-04 1.935347e-04 3.067801e-04 1.232817e-06 8.155217e-06 -3.234121e-03
<VARIANCE> 39
 1.155420e+02 4.314379e+01 6.459467e+01 7.894667e+01 1.016039e+02 7.560676e+01 8.266945e+01 6.783515e+01 5.984373e+01 6.206592e+01 5.267307e+01 5.820787e+01 2.871333e+02 6.246803e+00 3.001302e+00 3.752986e+00 3.991058e+00 5.991553e+00 4.214548e+00 4.492233e+00 4.544732e+00 4.154862e+00 4.084826e+00 3.330500e+00 2.815993e+00 5.912272e+00 8.553594e-01 5.373918e-01 6.650147e-01 6.622759e-01 9.903809e-01 7.431068e-01 7.878515e-01 8.097728e-01 7.774620e-01 7.281984e-01 6.159712e-01 5.123346e-01 9.486802e-01
<GCONST> 1.428165e+02
<STATE> 4
<MEAN> 39
 -7.011446e+00 7.821470e-01 1.136410e+00 1.278594e+00 -6.141710e+00 -2.854191e+00 -6.604067e+00 -7.449580e+00 -2.711087e+00 -6.600740e+00 -1.713196e+00 -1.490375e+00 7.124902e+01 4.880359e-04 4.877954e-04 1.459050e-03 4.783983e-05 1.116492e-03 1.125381e-03 5.293054e-04 -3.146993e-04 -1.760828e-03 -1.530108e-03 -3.846369e-04 5.777073e-04 2.734654e-03 -8.511554e-04 -2.498951e-04 -4.012436e-04 -1.289275e-04 -1.409025e-04 -2.119464e-04 -1.971339e-05 1.079518e-04 1.935347e-04 3.067801e-04 1.232817e-06 8.155217e-06 -3.234121e-03
<VARIANCE> 39
 1.155420e+02 4.314379e+01 6.459467e+01 7.894667e+01 1.016039e+02 7.560676e+01 8.266945e+01 6.783515e+01 5.984373e+01 6.206592e+01 5.267307e+01 5.820787e+01 2.871333e+02 6.246803e+00 3.001302e+00 3.752986e+00 3.991058e+00 5.991553e+00 4.214548e+00 4.492233e+00 4.544732e+00 4.154862e+00 4.084826e+00 3.330500e+00 2.815993e+00 5.912272e+00 8.553594e-01 5.373918e-01 6.650147e-01 6.622759e-01 9.903809e-01 7.431068e-01 7.878515e-01 8.097728e-01 7.774620e-01 7.281984e-01 6.159712e-01 5.123346e-01 9.486802e-01
<GCONST> 1.428165e+02
<TRANSP> 5
 0.000000e+00 1.000000e+00 0.000000e+00 0.000000e+00 0.000000e+00
 0.000000e+00 6.000000e-01 4.000000e-01 0.000000e+00 0.000000e+00
 0.000000e+00 0.000000e+00 6.000000e-01 4.000000e-01 0.000000e+00
 0.000000e+00 0.000000e+00 0.000000e+00 6.000000e-01 4.000000e-01
 0.000000e+00 0.000000e+00 0.000000e+00 0.000000e+00 0.000000e+00
<ENDHMM>
~h "Ie"
<BEGINHMM>
<NUMSTATES> 5
<STATE> 2
<MEAN> 39
 -7.011446e+00 7.821470e-01 1.136410e+00 1.278594e+00 -6.141710e+00 -2.854191e+00 -6.604067e+00 -7.449580e+00 -2.711087e+00 -6.600740e+00 -1.713196e+00 -1.490375e+00 7.124902e+01 4.880359e-04 4.877954e-04 1.459050e-03 4.783983e-05 1.116492e-03 1.125381e-03 5.293054e-04 -3.146993e-04 -1.760828e-03 -1.530108e-03 -3.846369e-04 5.777073e-04 2.734654e-03 -8.511554e-04 -2.498951e-04 -4.012436e-04 -1.289275e-04 -1.409025e-04 -2.119464e-04 -1.971339e-05 1.079518e-04 1.935347e-04 3.067801e-04 1.232817e-06 8.155217e-06 -3.234121e-03
<VARIANCE> 39
 1.155420e+02 4.314379e+01 6.459467e+01 7.894667e+01 1.016039e+02 7.560676e+01 8.266945e+01 6.783515e+01 5.984373e+01 6.206592e+01 5.267307e+01 5.820787e+01 2.871333e+02 6.246803e+00 3.001302e+00 3.752986e+00 3.991058e+00 5.991553e+00 4.214548e+00 4.492233e+00 4.544732e+00 4.154862e+00 4.084826e+00 3.330500e+00 2.815993e+00 5.912272e+00 8.553594e-01 5.373918e-01 6.650147e-01 6.622759e-01 9.903809e-01 7.431068e-01 7.878515e-01 8.097728e-01 7.774620e-01 7.281984e-01 6.159712e-01 5.123346e-01 9.486802e-01
<GCONST> 1.428165e+02
<STATE> 3
<MEAN> 39
 -7.011446e+00 7.821470e-01 1.136410e+00 1.278594e+00 -6.141710e+00 -2.854191e+00 -6.604067e+00 -7.449580e+00 -2.711087e+00 -6.600740e+00 -1.713196e+00 -1.490375e+00 7.124902e+01 4.880359e-04 4.877954e-04 1.459050e-03 4.783983e-05 1.116492e-03 1.125381e-03 5.293054e-04 -3.146993e-04 -1.760828e-03 -1.530108e-03 -3.846369e-04 5.777073e-04 2.734654e-03 -8.511554e-04 -2.498951e-04 -4.012436e-04 -1.289275e-04 -1.409025e-04 -2.119464e-04 -1.971339e-05 1.079518e-04 1.935347e-04 3.067801e-04 1.232817e-06 8.155217e-06 -3.234121e-03
<VARIANCE> 39
 1.155420e+02 4.314379e+01 6.459467e+01 7.894667e+01 1.016039e+02 7.560676e+01 8.266945e+01 6.783515e+01 5.984373e+01 6.206592e+01 5.267307e+01 5.820787e+01 2.871333e+02 6.246803e+00 3.001302e+00 3.752986e+00 3.991058e+00 5.991553e+00 4.214548e+00 4.492233e+00 4.544732e+00 4.154862e+00 4.084826e+00 3.330500e+00 2.815993e+00 5.912272e+00 8.553594e-01 5.373918e-01 6.650147e-01 6.622759e-01 9.903809e-01 7.431068e-01 7.878515e-01 8.097728e-01 7.774620e-01 7.281984e-01 6.159712e-01 5.123346e-01 9.486802e-01
<GCONST> 1.428165e+02
<STATE> 4
<MEAN> 39
 -7.011446e+00 7.821470e-01 1.136410e+00 1.278594e+00 -6.141710e+00 -2.854191e+00 -6.604067e+00 -7.449580e+00 -2.711087e+00 -6.600740e+00 -1.713196e+00 -1.490375e+00 7.124902e+01 4.880359e-04 4.877954e-04 1.459050e-03 4.783983e-05 1.116492e-03 1.125381e-03 5.293054e-04 -3.146993e-04 -1.760828e-03 -1.530108e-03 -3.846369e-04 5.777073e-04 2.734654e-03 -8.511554e-04 -2.498951e-04 -4.012436e-04 -1.289275e-04 -1.409025e-04 -2.119464e-04 -1.971339e-05 1.079518e-04 1.935347e-04 3.067801e-04 1.232817e-06 8.155217e-06 -3.234121e-03
<VARIANCE> 39
 1.155420e+02 4.314379e+01 6.459467e+01 7.894667e+01 1.016039e+02 7.560676e+01 8.266945e+01 6.783515e+01 5.984373e+01 6.206592e+01 5.267307e+01 5.820787e+01 2.871333e+02 6.246803e+00 3.001302e+00 3.752986e+00 3.991058e+00 5.991553e+00 4.214548e+00 4.492233e+00 4.544732e+00 4.154862e+00 4.084826e+00 3.330500e+00 2.815993e+00 5.912272e+00 8.553594e-01 5.373918e-01 6.650147e-01 6.622759e-01 9.903809e-01 7.431068e-01 7.878515e-01 8.097728e-01 7.774620e-01 7.281984e-01 6.159712e-01 5.123346e-01 9.486802e-01
<GCONST> 1.428165e+02
<TRANSP> 5
 0.000000e+00 1.000000e+00 0.000000e+00 0.000000e+00 0.000000e+00
 0.000000e+00 6.000000e-01 4.000000e-01 0.000000e+00 0.000000e+00
 0.000000e+00 0.000000e+00 6.000000e-01 4.000000e-01 0.000000e+00
 0.000000e+00 0.000000e+00 0.000000e+00 6.000000e-01 4.000000e-01
 0.000000e+00 0.000000e+00 0.000000e+00 0.000000e+00 0.000000e+00
<ENDHMM>
~h "Ii"
<BEGINHMM>
<NUMSTATES> 5
<STATE> 2
<MEAN> 39
 -7.011446e+00 7.821470e-01 1.136410e+00 1.278594e+00 -6.141710e+00 -2.854191e+00 -6.604067e+00 -7.449580e+00 -2.711087e+00 -6.600740e+00 -1.713196e+00 -1.490375e+00 7.124902e+01 4.880359e-04 4.877954e-04 1.459050e-03 4.783983e-05 1.116492e-03 1.125381e-03 5.293054e-04 -3.146993e-04 -1.760828e-03 -1.530108e-03 -3.846369e-04 5.777073e-04 2.734654e-03 -8.511554e-04 -2.498951e-04 -4.012436e-04 -1.289275e-04 -1.409025e-04 -2.119464e-04 -1.971339e-05 1.079518e-04 1.935347e-04 3.067801e-04 1.232817e-06 8.155217e-06 -3.234121e-03
<VARIANCE> 39
 1.155420e+02 4.314379e+01 6.459467e+01 7.894667e+01 1.016039e+02 7.560676e+01 8.266945e+01 6.783515e+01 5.984373e+01 6.206592e+01 5.267307e+01 5.820787e+01 2.871333e+02 6.246803e+00 3.001302e+00 3.752986e+00 3.991058e+00 5.991553e+00 4.214548e+00 4.492233e+00 4.544732e+00 4.154862e+00 4.084826e+00 3.330500e+00 2.815993e+00 5.912272e+00 8.553594e-01 5.373918e-01 6.650147e-01 6.622759e-01 9.903809e-01 7.431068e-01 7.878515e-01 8.097728e-01 7.774620e-01 7.281984e-01 6.159712e-01 5.123346e-01 9.486802e-01
<GCONST> 1.428165e+02
<STATE> 3
<MEAN> 39
 -7.011446e+00 7.821470e-01 1.136410e+00 1.278594e+00 -6.141710e+00 -2.854191e+00 -6.604067e+00 -7.449580e+00 -2.711087e+00 -6.600740e+00 -1.713196e+00 -1.490375e+00 7.124902e+01 4.880359e-04 4.877954e-04 1.459050e-03 4.783983e-05 1.116492e-03 1.125381e-03 5.293054e-04 -3.146993e-04 -1.760828e-03 -1.530108e-03 -3.846369e-04 5.777073e-04 2.734654e-03 -8.511554e-04 -2.498951e-04 -4.012436e-04 -1.289275e-04 -1.409025e-04 -2.119464e-04 -1.971339e-05 1.079518e-04 1.935347e-04 3.067801e-04 1.232817e-06 8.155217e-06 -3.234121e-03
<VARIANCE> 39
 1.155420e+02 4.314379e+01 6.459467e+01 7.894667e+01 1.016039e+02 7.560676e+01 8.266945e+01 6.783515e+01 5.984373e+01 6.206592e+01 5.267307e+01 5.820787e+01 2.871333e+02 6.246803e+00 3.001302e+00 3.752986e+00 3.991058e+00 5.991553e+00 4.214548e+00 4.492233e+00 4.544732e+00 4.154862e+00 4.084826e+00 3.330500e+00 2.815993e+00 5.912272e+00 8.553594e-01 5.373918e-01 6.650147e-01 6.622759e-01 9.903809e-01 7.431068e-01 7.878515e-01 8.097728e-01 7.774620e-01 7.281984e-01 6.159712e-01 5.123346e-01 9.486802e-01
<GCONST> 1.428165e+02
<STATE> 4
<MEAN> 39
 -7.011446e+00 7.821470e-01 1.136410e+00 1.278594e+00 -6.141710e+00 -2.854191e+00 -6.604067e+00 -7.449580e+00 -2.711087e+00 -6.600740e+00 -1.713196e+00 -1.490375e+00 7.124902e+01 4.880359e-04 4.877954e-04 1.459050e-03 4.783983e-05 1.116492e-03 1.125381e-03 5.293054e-04 -3.146993e-04 -1.760828e-03 -1.530108e-03 -3.846369e-04 5.777073e-04 2.734654e-03 -8.511554e-04 -2.498951e-04 -4.012436e-04 -1.289275e-04 -1.409025e-04 -2.119464e-04 -1.971339e-05 1.079518e-04 1.935347e-04 3.067801e-04 1.232817e-06 8.155217e-06 -3.234121e-03
<VARIANCE> 39
 1.155420e+02 4.314379e+01 6.459467e+01 7.894667e+01 1.016039e+02 7.560676e+01 8.266945e+01 6.783515e+01 5.984373e+01 6.206592e+01 5.267307e+01 5.820787e+01 2.871333e+02 6.246803e+00 3.001302e+00 3.752986e+00 3.991058e+00 5.991553e+00 4.214548e+00 4.492233e+00 4.544732e+00 4.154862e+00 4.084826e+00 3.330500e+00 2.815993e+00 5.912272e+00 8.553594e-01 5.373918e-01 6.650147e-01 6.622759e-01 9.903809e-01 7.431068e-01 7.878515e-01 8.097728e-01 7.774620e-01 7.281984e-01 6.159712e-01 5.123346e-01 9.486802e-01
<GCONST> 1.428165e+02
<TRANSP> 5
 0.000000e+00 1.000000e+00 0.000000e+00 0.000000e+00 0.000000e+00
 0.000000e+00 6.000000e-01 4.000000e-01 0.000000e+00 0.000000e+00
 0.000000e+00 0.000000e+00 6.000000e-01 4.000000e-01 0.000000e+00
 0.000000e+00 0.000000e+00 0.000000e+00 6.000000e-01 4.000000e-01
 0.000000e+00 0.000000e+00 0.000000e+00 0.000000e+00 0.000000e+00
<ENDHMM>
~h "J"
<BEGINHMM>
<NUMSTATES> 5
<STATE> 2
<MEAN> 39
 -7.011446e+00 7.821470e-01 1.136410e+00 1.278594e+00 -6.141710e+00 -2.854191e+00 -6.604067e+00 -7.449580e+00 -2.711087e+00 -6.600740e+00 -1.713196e+00 -1.490375e+00 7.124902e+01 4.880359e-04 4.877954e-04 1.459050e-03 4.783983e-05 1.116492e-03 1.125381e-03 5.293054e-04 -3.146993e-04 -1.760828e-03 -1.530108e-03 -3.846369e-04 5.777073e-04 2.734654e-03 -8.511554e-04 -2.498951e-04 -4.012436e-04 -1.289275e-04 -1.409025e-04 -2.119464e-04 -1.971339e-05 1.079518e-04 1.935347e-04 3.067801e-04 1.232817e-06 8.155217e-06 -3.234121e-03
<VARIANCE> 39
 1.155420e+02 4.314379e+01 6.459467e+01 7.894667e+01 1.016039e+02 7.560676e+01 8.266945e+01 6.783515e+01 5.984373e+01 6.206592e+01 5.267307e+01 5.820787e+01 2.871333e+02 6.246803e+00 3.001302e+00 3.752986e+00 3.991058e+00 5.991553e+00 4.214548e+00 4.492233e+00 4.544732e+00 4.154862e+00 4.084826e+00 3.330500e+00 2.815993e+00 5.912272e+00 8.553594e-01 5.373918e-01 6.650147e-01 6.622759e-01 9.903809e-01 7.431068e-01 7.878515e-01 8.097728e-01 7.774620e-01 7.281984e-01 6.159712e-01 5.123346e-01 9.486802e-01
<GCONST> 1.428165e+02
<STATE> 3
<MEAN> 39
 -7.011446e+00 7.821470e-01 1.136410e+00 1.278594e+00 -6.141710e+00 -2.854191e+00 -6.604067e+00 -7.449580e+00 -2.711087e+00 -6.600740e+00 -1.713196e+00 -1.490375e+00 7.124902e+01 4.880359e-04 4.877954e-04 1.459050e-03 4.783983e-05 1.116492e-03 1.125381e-03 5.293054e-04 -3.146993e-04 -1.760828e-03 -1.530108e-03 -3.846369e-04 5.777073e-04 2.734654e-03 -8.511554e-04 -2.498951e-04 -4.012436e-04 -1.289275e-04 -1.409025e-04 -2.119464e-04 -1.971339e-05 1.079518e-04 1.935347e-04 3.067801e-04 1.232817e-06 8.155217e-06 -3.234121e-03
<VARIANCE> 39
 1.155420e+02 4.314379e+01 6.459467e+01 7.894667e+01 1.016039e+02 7.560676e+01 8.266945e+01 6.783515e+01 5.984373e+01 6.206592e+01 5.267307e+01 5.820787e+01 2.871333e+02 6.246803e+00 3.001302e+00 3.752986e+00 3.991058e+00 5.991553e+00 4.214548e+00 4.492233e+00 4.544732e+00 4.154862e+00 4.084826e+00 3.330500e+00 2.815993e+00 5.912272e+00 8.553594e-01 5.373918e-01 6.650147e-01 6.622759e-01 9.903809e-01 7.431068e-01 7.878515e-01 8.097728e-01 7.774620e-01 7.281984e-01 6.159712e-01 5.123346e-01 9.486802e-01
<GCONST> 1.428165e+02
<STATE> 4
<MEAN> 39
 -7.011446e+00 7.821470e-01 1.136410e+00 1.278594e+00 -6.141710e+00 -2.854191e+00 -6.604067e+00 -7.449580e+00 -2.711087e+00 -6.600740e+00 -1.713196e+00 -1.490375e+00 7.124902e+01 4.880359e-04 4.877954e-04 1.459050e-03 4.783983e-05 1.116492e-03 1.125381e-03 5.293054e-04 -3.146993e-04 -1.760828e-03 -1.530108e-03 -3.846369e-04 5.777073e-04 2.734654e-03 -8.511554e-04 -2.498951e-04 -4.012436e-04 -1.289275e-04 -1.409025e-04 -2.119464e-04 -1.971339e-05 1.079518e-04 1.935347e-04 3.067801e-04 1.232817e-06 8.155217e-06 -3.234121e-03
<VARIANCE> 39
 1.155420e+02 4.314379e+01 6.459467e+01 7.894667e+01 1.016039e+02 7.560676e+01 8.266945e+01 6.783515e+01 5.984373e+01 6.206592e+01 5.267307e+01 5.820787e+01 2.871333e+02 6.246803e+00 3.001302e+00 3.752986e+00 3.991058e+00 5.991553e+00 4.214548e+00 4.492233e+00 4.544732e+00 4.154862e+00 4.084826e+00 3.330500e+00 2.815993e+00 5.912272e+00 8.553594e-01 5.373918e-01 6.650147e-01 6.622759e-01 9.903809e-01 7.431068e-01 7.878515e-01 8.097728e-01 7.774620e-01 7.281984e-01 6.159712e-01 5.123346e-01 9.486802e-01
<GCONST> 1.428165e+02
<TRANSP> 5
 0.000000e+00 1.000000e+00 0.000000e+00 0.000000e+00 0.000000e+00
 0.000000e+00 6.000000e-01 4.000000e-01 0.000000e+00 0.000000e+00
 0.000000e+00 0.000000e+00 6.000000e-01 4.000000e-01 0.000000e+00
 0.000000e+00 0.000000e+00 0.000000e+00 6.000000e-01 4.000000e-01
 0.000000e+00 0.000000e+00 0.000000e+00 0.000000e+00 0.000000e+00
<ENDHMM>
~h "L"
<BEGINHMM>
<NUMSTATES> 5
<STATE> 2
<MEAN> 39
 -7.011446e+00 7.821470e-01 1.136410e+00 1.278594e+00 -6.141710e+00 -2.854191e+00 -6.604067e+00 -7.449580e+00 -2.711087e+00 -6.600740e+00 -1.713196e+00 -1.490375e+00 7.124902e+01 4.880359e-04 4.877954e-04 1.459050e-03 4.783983e-05 1.116492e-03 1.125381e-03 5.293054e-04 -3.146993e-04 -1.760828e-03 -1.530108e-03 -3.846369e-04 5.777073e-04 2.734654e-03 -8.511554e-04 -2.498951e-04 -4.012436e-04 -1.289275e-04 -1.409025e-04 -2.119464e-04 -1.971339e-05 1.079518e-04 1.935347e-04 3.067801e-04 1.232817e-06 8.155217e-06 -3.234121e-03
<VARIANCE> 39
 1.155420e+02 4.314379e+01 6.459467e+01 7.894667e+01 1.016039e+02 7.560676e+01 8.266945e+01 6.783515e+01 5.984373e+01 6.206592e+01 5.267307e+01 5.820787e+01 2.871333e+02 6.246803e+00 3.001302e+00 3.752986e+00 3.991058e+00 5.991553e+00 4.214548e+00 4.492233e+00 4.544732e+00 4.154862e+00 4.084826e+00 3.330500e+00 2.815993e+00 5.912272e+00 8.553594e-01 5.373918e-01 6.650147e-01 6.622759e-01 9.903809e-01 7.431068e-01 7.878515e-01 8.097728e-01 7.774620e-01 7.281984e-01 6.159712e-01 5.123346e-01 9.486802e-01
<GCONST> 1.428165e+02
<STATE> 3
<MEAN> 39
 -7.011446e+00 7.821470e-01 1.136410e+00 1.278594e+00 -6.141710e+00 -2.854191e+00 -6.604067e+00 -7.449580e+00 -2.711087e+00 -6.600740e+00 -1.713196e+00 -1.490375e+00 7.124902e+01 4.880359e-04 4.877954e-04 1.459050e-03 4.783983e-05 1.116492e-03 1.125381e-03 5.293054e-04 -3.146993e-04 -1.760828e-03 -1.530108e-03 -3.846369e-04 5.777073e-04 2.734654e-03 -8.511554e-04 -2.498951e-04 -4.012436e-04 -1.289275e-04 -1.409025e-04 -2.119464e-04 -1.971339e-05 1.079518e-04 1.935347e-04 3.067801e-04 1.232817e-06 8.155217e-06 -3.234121e-03
<VARIANCE> 39
 1.155420e+02 4.314379e+01 6.459467e+01 7.894667e+01 1.016039e+02 7.560676e+01 8.266945e+01 6.783515e+01 5.984373e+01 6.206592e+01 5.267307e+01 5.820787e+01 2.871333e+02 6.246803e+00 3.001302e+00 3.752986e+00 3.991058e+00 5.991553e+00 4.214548e+00 4.492233e+00 4.544732e+00 4.154862e+00 4.084826e+00 3.330500e+00 2.815993e+00 5.912272e+00 8.553594e-01 5.373918e-01 6.650147e-01 6.622759e-01 9.903809e-01 7.431068e-01 7.878515e-01 8.097728e-01 7.774620e-01 7.281984e-01 6.159712e-01 5.123346e-01 9.486802e-01
<GCONST> 1.428165e+02
<STATE> 4
<MEAN> 39
 -7.011446e+00 7.821470e-01 1.136410e+00 1.278594e+00 -6.141710e+00 -2.854191e+00 -6.604067e+00 -7.449580e+00 -2.711087e+00 -6.600740e+00 -1.713196e+00 -1.490375e+00 7.124902e+01 4.880359e-04 4.877954e-04 1.459050e-03 4.783983e-05 1.116492e-03 1.125381e-03 5.293054e-04 -3.146993e-04 -1.760828e-03 -1.530108e-03 -3.846369e-04 5.777073e-04 2.734654e-03 -8.511554e-04 -2.498951e-04 -4.012436e-04 -1.289275e-04 -1.409025e-04 -2.119464e-04 -1.971339e-05 1.079518e-04 1.935347e-04 3.067801e-04 1.232817e-06 8.155217e-06 -3.234121e-03
<VARIANCE> 39
 1.155420e+02 4.314379e+01 6.459467e+01 7.894667e+01 1.016039e+02 7.560676e+01 8.266945e+01 6.783515e+01 5.984373e+01 6.206592e+01 5.267307e+01 5.820787e+01 2.871333e+02 6.246803e+00 3.001302e+00 3.752986e+00 3.991058e+00 5.991553e+00 4.214548e+00 4.492233e+00 4.544732e+00 4.154862e+00 4.084826e+00 3.330500e+00 2.815993e+00 5.912272e+00 8.553594e-01 5.373918e-01 6.650147e-01 6.622759e-01 9.903809e-01 7.431068e-01 7.878515e-01 8.097728e-01 7.774620e-01 7.281984e-01 6.159712e-01 5.123346e-01 9.486802e-01
<GCONST> 1.428165e+02
<TRANSP> 5
 0.000000e+00 1.000000e+00 0.000000e+00 0.000000e+00 0.000000e+00
 0.000000e+00 6.000000e-01 4.000000e-01 0.000000e+00 0.000000e+00
 0.000000e+00 0.000000e+00 6.000000e-01 4.000000e-01 0.000000e+00
 0.000000e+00 0.000000e+00 0.000000e+00 6.000000e-01 4.000000e-01
 0.000000e+00 0.000000e+00 0.000000e+00 0.000000e+00 0.000000e+00
<ENDHMM>
~h "L_pal"
<BEGINHMM>
<NUMSTATES> 5
<STATE> 2
<MEAN> 39
 -7.011446e+00 7.821470e-01 1.136410e+00 1.278594e+00 -6.141710e+00 -2.854191e+00 -6.604067e+00 -7.449580e+00 -2.711087e+00 -6.600740e+00 -1.713196e+00 -1.490375e+00 7.124902e+01 4.880359e-04 4.877954e-04 1.459050e-03 4.783983e-05 1.116492e-03 1.125381e-03 5.293054e-04 -3.146993e-04 -1.760828e-03 -1.530108e-03 -3.846369e-04 5.777073e-04 2.734654e-03 -8.511554e-04 -2.498951e-04 -4.012436e-04 -1.289275e-04 -1.409025e-04 -2.119464e-04 -1.971339e-05 1.079518e-04 1.935347e-04 3.067801e-04 1.232817e-06 8.155217e-06 -3.234121e-03
<VARIANCE> 39
 1.155420e+02 4.314379e+01 6.459467e+01 7.894667e+01 1.016039e+02 7.560676e+01 8.266945e+01 6.783515e+01 5.984373e+01 6.206592e+01 5.267307e+01 5.820787e+01 2.871333e+02 6.246803e+00 3.001302e+00 3.752986e+00 3.991058e+00 5.991553e+00 4.214548e+00 4.492233e+00 4.544732e+00 4.154862e+00 4.084826e+00 3.330500e+00 2.815993e+00 5.912272e+00 8.553594e-01 5.373918e-01 6.650147e-01 6.622759e-01 9.903809e-01 7.431068e-01 7.878515e-01 8.097728e-01 7.774620e-01 7.281984e-01 6.159712e-01 5.123346e-01 9.486802e-01
<GCONST> 1.428165e+02
<STATE> 3
<MEAN> 39
 -7.011446e+00 7.821470e-01 1.136410e+00 1.278594e+00 -6.141710e+00 -2.854191e+00 -6.604067e+00 -7.449580e+00 -2.711087e+00 -6.600740e+00 -1.713196e+00 -1.490375e+00 7.124902e+01 4.880359e-04 4.877954e-04 1.459050e-03 4.783983e-05 1.116492e-03 1.125381e-03 5.293054e-04 -3.146993e-04 -1.760828e-03 -1.530108e-03 -3.846369e-04 5.777073e-04 2.734654e-03 -8.511554e-04 -2.498951e-04 -4.012436e-04 -1.289275e-04 -1.409025e-04 -2.119464e-04 -1.971339e-05 1.079518e-04 1.935347e-04 3.067801e-04 1.232817e-06 8.155217e-06 -3.234121e-03
<VARIANCE> 39
 1.155420e+02 4.314379e+01 6.459467e+01 7.894667e+01 1.016039e+02 7.560676e+01 8.266945e+01 6.783515e+01 5.984373e+01 6.206592e+01 5.267307e+01 5.820787e+01 2.871333e+02 6.246803e+00 3.001302e+00 3.752986e+00 3.991058e+00 5.991553e+00 4.214548e+00 4.492233e+00 4.544732e+00 4.154862e+00 4.084826e+00 3.330500e+00 2.815993e+00 5.912272e+00 8.553594e-01 5.373918e-01 6.650147e-01 6.622759e-01 9.903809e-01 7.431068e-01 7.878515e-01 8.097728e-01 7.774620e-01 7.281984e-01 6.159712e-01 5.123346e-01 9.486802e-01
<GCONST> 1.428165e+02
<STATE> 4
<MEAN> 39
 -7.011446e+00 7.821470e-01 1.136410e+00 1.278594e+00 -6.141710e+00 -2.854191e+00 -6.604067e+00 -7.449580e+00 -2.711087e+00 -6.600740e+00 -1.713196e+00 -1.490375e+00 7.124902e+01 4.880359e-04 4.877954e-04 1.459050e-03 4.783983e-05 1.116492e-03 1.125381e-03 5.293054e-04 -3.146993e-04 -1.760828e-03 -1.530108e-03 -3.846369e-04 5.777073e-04 2.734654e-03 -8.511554e-04 -2.498951e-04 -4.012436e-04 -1.289275e-04 -1.409025e-04 -2.119464e-04 -1.971339e-05 1.079518e-04 1.935347e-04 3.067801e-04 1.232817e-06 8.155217e-06 -3.234121e-03
<VARIANCE> 39
 1.155420e+02 4.314379e+01 6.459467e+01 7.894667e+01 1.016039e+02 7.560676e+01 8.266945e+01 6.783515e+01 5.984373e+01 6.206592e+01 5.267307e+01 5.820787e+01 2.871333e+02 6.246803e+00 3.001302e+00 3.752986e+00 3.991058e+00 5.991553e+00 4.214548e+00 4.492233e+00 4.544732e+00 4.154862e+00 4.084826e+00 3.330500e+00 2.815993e+00 5.912272e+00 8.553594e-01 5.373918e-01 6.650147e-01 6.622759e-01 9.903809e-01 7.431068e-01 7.878515e-01 8.097728e-01 7.774620e-01 7.281984e-01 6.159712e-01 5.123346e-01 9.486802e-01
<GCONST> 1.428165e+02
<TRANSP> 5
 0.000000e+00 1.000000e+00 0.000000e+00 0.000000e+00 0.000000e+00
 0.000000e+00 6.000000e-01 4.000000e-01 0.000000e+00 0.000000e+00
 0.000000e+00 0.000000e+00 6.000000e-01 4.000000e-01 0.000000e+00
 0.000000e+00 0.000000e+00 0.000000e+00 6.000000e-01 4.000000e-01
 0.000000e+00 0.000000e+00 0.000000e+00 0.000000e+00 0.000000e+00
<ENDHMM>
~h "M"
<BEGINHMM>
<NUMSTATES> 5
<STATE> 2
<MEAN> 39
 -7.011446e+00 7.821470e-01 1.136410e+00 1.278594e+00 -6.141710e+00 -2.854191e+00 -6.604067e+00 -7.449580e+00 -2.711087e+00 -6.600740e+00 -1.713196e+00 -1.490375e+00 7.124902e+01 4.880359e-04 4.877954e-04 1.459050e-03 4.783983e-05 1.116492e-03 1.125381e-03 5.293054e-04 -3.146993e-04 -1.760828e-03 -1.530108e-03 -3.846369e-04 5.777073e-04 2.734654e-03 -8.511554e-04 -2.498951e-04 -4.012436e-04 -1.289275e-04 -1.409025e-04 -2.119464e-04 -1.971339e-05 1.079518e-04 1.935347e-04 3.067801e-04 1.232817e-06 8.155217e-06 -3.234121e-03
<VARIANCE> 39
 1.155420e+02 4.314379e+01 6.459467e+01 7.894667e+01 1.016039e+02 7.560676e+01 8.266945e+01 6.783515e+01 5.984373e+01 6.206592e+01 5.267307e+01 5.820787e+01 2.871333e+02 6.246803e+00 3.001302e+00 3.752986e+00 3.991058e+00 5.991553e+00 4.214548e+00 4.492233e+00 4.544732e+00 4.154862e+00 4.084826e+00 3.330500e+00 2.815993e+00 5.912272e+00 8.553594e-01 5.373918e-01 6.650147e-01 6.622759e-01 9.903809e-01 7.431068e-01 7.878515e-01 8.097728e-01 7.774620e-01 7.281984e-01 6.159712e-01 5.123346e-01 9.486802e-01
<GCONST> 1.428165e+02
<STATE> 3
<MEAN> 39
 -7.011446e+00 7.821470e-01 1.136410e+00 1.278594e+00 -6.141710e+00 -2.854191e+00 -6.604067e+00 -7.449580e+00 -2.711087e+00 -6.600740e+00 -1.713196e+00 -1.490375e+00 7.124902e+01 4.880359e-04 4.877954e-04 1.459050e-03 4.783983e-05 1.116492e-03 1.125381e-03 5.293054e-04 -3.146993e-04 -1.760828e-03 -1.530108e-03 -3.846369e-04 5.777073e-04 2.734654e-03 -8.511554e-04 -2.498951e-04 -4.012436e-04 -1.289275e-04 -1.409025e-04 -2.119464e-04 -1.971339e-05 1.079518e-04 1.935347e-04 3.067801e-04 1.232817e-06 8.155217e-06 -3.234121e-03
<VARIANCE> 39
 1.155420e+02 4.314379e+01 6.459467e+01 7.894667e+01 1.016039e+02 7.560676e+01 8.266945e+01 6.783515e+01 5.984373e+01 6.206592e+01 5.267307e+01 5.820787e+01 2.871333e+02 6.246803e+00 3.001302e+00 3.752986e+00 3.991058e+00 5.991553e+00 4.214548e+00 4.492233e+00 4.544732e+00 4.154862e+00 4.084826e+00 3.330500e+00 2.815993e+00 5.912272e+00 8.553594e-01 5.373918e-01 6.650147e-01 6.622759e-01 9.903809e-01 7.431068e-01 7.878515e-01 8.097728e-01 7.774620e-01 7.281984e-01 6.159712e-01 5.123346e-01 9.486802e-01
<GCONST> 1.428165e+02
<STATE> 4
<MEAN> 39
 -7.011446e+00 7.821470e-01 1.136410e+00 1.278594e+00 -6.141710e+00 -2.854191e+00 -6.604067e+00 -7.449580e+00 -2.711087e+00 -6.600740e+00 -1.713196e+00 -1.490375e+00 7.124902e+01 4.880359e-04 4.877954e-04 1.459050e-03 4.783983e-05 1.116492e-03 1.125381e-03 5.293054e-04 -3.146993e-04 -1.760828e-03 -1.530108e-03 -3.846369e-04 5.777073e-04 2.734654e-03 -8.511554e-04 -2.498951e-04 -4.012436e-04 -1.289275e-04 -1.409025e-04 -2.119464e-04 -1.971339e-05 1.079518e-04 1.935347e-04 3.067801e-04 1.232817e-06 8.155217e-06 -3.234121e-03
<VARIANCE> 39
 1.155420e+02 4.314379e+01 6.459467e+01 7.894667e+01 1.016039e+02 7.560676e+01 8.266945e+01 6.783515e+01 5.984373e+01 6.206592e+01 5.267307e+01 5.820787e+01 2.871333e+02 6.246803e+00 3.001302e+00 3.752986e+00 3.991058e+00 5.991553e+00 4.214548e+00 4.492233e+00 4.544732e+00 4.154862e+00 4.084826e+00 3.330500e+00 2.815993e+00 5.912272e+00 8.553594e-01 5.373918e-01 6.650147e-01 6.622759e-01 9.903809e-01 7.431068e-01 7.878515e-01 8.097728e-01 7.774620e-01 7.281984e-01 6.159712e-01 5.123346e-01 9.486802e-01
<GCONST> 1.428165e+02
<TRANSP> 5
 0.000000e+00 1.000000e+00 0.000000e+00 0.000000e+00 0.000000e+00
 0.000000e+00 6.000000e-01 4.000000e-01 0.000000e+00 0.000000e+00
 0.000000e+00 0.000000e+00 6.000000e-01 4.000000e-01 0.000000e+00
 0.000000e+00 0.000000e+00 0.000000e+00 6.000000e-01 4.000000e-01
 0.000000e+00 0.000000e+00 0.000000e+00 0.000000e+00 0.000000e+00
<ENDHMM>
~h "M_pal"
<BEGINHMM>
<NUMSTATES> 5
<STATE> 2
<MEAN> 39
 -7.011446e+00 7.821470e-01 1.136410e+00 1.278594e+00 -6.141710e+00 -2.854191e+00 -6.604067e+00 -7.449580e+00 -2.711087e+00 -6.600740e+00 -1.713196e+00 -1.490375e+00 7.124902e+01 4.880359e-04 4.877954e-04 1.459050e-03 4.783983e-05 1.116492e-03 1.125381e-03 5.293054e-04 -3.146993e-04 -1.760828e-03 -1.530108e-03 -3.846369e-04 5.777073e-04 2.734654e-03 -8.511554e-04 -2.498951e-04 -4.012436e-04 -1.289275e-04 -1.409025e-04 -2.119464e-04 -1.971339e-05 1.079518e-04 1.935347e-04 3.067801e-04 1.232817e-06 8.155217e-06 -3.234121e-03
<VARIANCE> 39
 1.155420e+02 4.314379e+01 6.459467e+01 7.894667e+01 1.016039e+02 7.560676e+01 8.266945e+01 6.783515e+01 5.984373e+01 6.206592e+01 5.267307e+01 5.820787e+01 2.871333e+02 6.246803e+00 3.001302e+00 3.752986e+00 3.991058e+00 5.991553e+00 4.214548e+00 4.492233e+00 4.544732e+00 4.154862e+00 4.084826e+00 3.330500e+00 2.815993e+00 5.912272e+00 8.553594e-01 5.373918e-01 6.650147e-01 6.622759e-01 9.903809e-01 7.431068e-01 7.878515e-01 8.097728e-01 7.774620e-01 7.281984e-01 6.159712e-01 5.123346e-01 9.486802e-01
<GCONST> 1.428165e+02
<STATE> 3
<MEAN> 39
 -7.011446e+00 7.821470e-01 1.136410e+00 1.278594e+00 -6.141710e+00 -2.854191e+00 -6.604067e+00 -7.449580e+00 -2.711087e+00 -6.600740e+00 -1.713196e+00 -1.490375e+00 7.124902e+01 4.880359e-04 4.877954e-04 1.459050e-03 4.783983e-05 1.116492e-03 1.125381e-03 5.293054e-04 -3.146993e-04 -1.760828e-03 -1.530108e-03 -3.846369e-04 5.777073e-04 2.734654e-03 -8.511554e-04 -2.498951e-04 -4.012436e-04 -1.289275e-04 -1.409025e-04 -2.119464e-04 -1.971339e-05 1.079518e-04 1.935347e-04 3.067801e-04 1.232817e-06 8.155217e-06 -3.234121e-03
<VARIANCE> 39
 1.155420e+02 4.314379e+01 6.459467e+01 7.894667e+01 1.016039e+02 7.560676e+01 8.266945e+01 6.783515e+01 5.984373e+01 6.206592e+01 5.267307e+01 5.820787e+01 2.871333e+02 6.246803e+00 3.001302e+00 3.752986e+00 3.991058e+00 5.991553e+00 4.214548e+00 4.492233e+00 4.544732e+00 4.154862e+00 4.084826e+00 3.330500e+00 2.815993e+00 5.912272e+00 8.553594e-01 5.373918e-01 6.650147e-01 6.622759e-01 9.903809e-01 7.431068e-01 7.878515e-01 8.097728e-01 7.774620e-01 7.281984e-01 6.159712e-01 5.123346e-01 9.486802e-01
<GCONST> 1.428165e+02
<STATE> 4
<MEAN> 39
 -7.011446e+00 7.821470e-01 1.136410e+00 1.278594e+00 -6.141710e+00 -2.854191e+00 -6.604067e+00 -7.449580e+00 -2.711087e+00 -6.600740e+00 -1.713196e+00 -1.490375e+00 7.124902e+01 4.880359e-04 4.877954e-04 1.459050e-03 4.783983e-05 1.116492e-03 1.125381e-03 5.293054e-04 -3.146993e-04 -1.760828e-03 -1.530108e-03 -3.846369e-04 5.777073e-04 2.734654e-03 -8.511554e-04 -2.498951e-04 -4.012436e-04 -1.289275e-04 -1.409025e-04 -2.119464e-04 -1.971339e-05 1.079518e-04 1.935347e-04 3.067801e-04 1.232817e-06 8.155217e-06 -3.234121e-03
<VARIANCE> 39
 1.155420e+02 4.314379e+01 6.459467e+01 7.894667e+01 1.016039e+02 7.560676e+01 8.266945e+01 6.783515e+01 5.984373e+01 6.206592e+01 5.267307e+01 5.820787e+01 2.871333e+02 6.246803e+00 3.001302e+00 3.752986e+00 3.991058e+00 5.991553e+00 4.214548e+00 4.492233e+00 4.544732e+00 4.154862e+00 4.084826e+00 3.330500e+00 2.815993e+00 5.912272e+00 8.553594e-01 5.373918e-01 6.650147e-01 6.622759e-01 9.903809e-01 7.431068e-01 7.878515e-01 8.097728e-01 7.774620e-01 7.281984e-01 6.159712e-01 5.123346e-01 9.486802e-01
<GCONST> 1.428165e+02
<TRANSP> 5
 0.000000e+00 1.000000e+00 0.000000e+00 0.000000e+00 0.000000e+00
 0.000000e+00 6.000000e-01 4.000000e-01 0.000000e+00 0.000000e+00
 0.000000e+00 0.000000e+00 6.000000e-01 4.000000e-01 0.000000e+00
 0.000000e+00 0.000000e+00 0.000000e+00 6.000000e-01 4.000000e-01
 0.000000e+00 0.000000e+00 0.000000e+00 0.000000e+00 0.000000e+00
<ENDHMM>
~h "N"
<BEGINHMM>
<NUMSTATES> 5
<STATE> 2
<MEAN> 39
 -7.011446e+00 7.821470e-01 1.136410e+00 1.278594e+00 -6.141710e+00 -2.854191e+00 -6.604067e+00 -7.449580e+00 -2.711087e+00 -6.600740e+00 -1.713196e+00 -1.490375e+00 7.124902e+01 4.880359e-04 4.877954e-04 1.459050e-03 4.783983e-05 1.116492e-03 1.125381e-03 5.293054e-04 -3.146993e-04 -1.760828e-03 -1.530108e-03 -3.846369e-04 5.777073e-04 2.734654e-03 -8.511554e-04 -2.498951e-04 -4.012436e-04 -1.289275e-04 -1.409025e-04 -2.119464e-04 -1.971339e-05 1.079518e-04 1.935347e-04 3.067801e-04 1.232817e-06 8.155217e-06 -3.234121e-03
<VARIANCE> 39
 1.155420e+02 4.314379e+01 6.459467e+01 7.894667e+01 1.016039e+02 7.560676e+01 8.266945e+01 6.783515e+01 5.984373e+01 6.206592e+01 5.267307e+01 5.820787e+01 2.871333e+02 6.246803e+00 3.001302e+00 3.752986e+00 3.991058e+00 5.991553e+00 4.214548e+00 4.492233e+00 4.544732e+00 4.154862e+00 4.084826e+00 3.330500e+00 2.815993e+00 5.912272e+00 8.553594e-01 5.373918e-01 6.650147e-01 6.622759e-01 9.903809e-01 7.431068e-01 7.878515e-01 8.097728e-01 7.774620e-01 7.281984e-01 6.159712e-01 5.123346e-01 9.486802e-01
<GCONST> 1.428165e+02
<STATE> 3
<MEAN> 39
 -7.011446e+00 7.821470e-01 1.136410e+00 1.278594e+00 -6.141710e+00 -2.854191e+00 -6.604067e+00 -7.449580e+00 -2.711087e+00 -6.600740e+00 -1.713196e+00 -1.490375e+00 7.124902e+01 4.880359e-04 4.877954e-04 1.459050e-03 4.783983e-05 1.116492e-03 1.125381e-03 5.293054e-04 -3.146993e-04 -1.760828e-03 -1.530108e-03 -3.846369e-04 5.777073e-04 2.734654e-03 -8.511554e-04 -2.498951e-04 -4.012436e-04 -1.289275e-04 -1.409025e-04 -2.119464e-04 -1.971339e-05 1.079518e-04 1.935347e-04 3.067801e-04 1.232817e-06 8.155217e-06 -3.234121e-03
<VARIANCE> 39
 1.155420e+02 4.314379e+01 6.459467e+01 7.894667e+01 1.016039e+02 7.560676e+01 8.266945e+01 6.783515e+01 5.984373e+01 6.206592e+01 5.267307e+01 5.820787e+01 2.871333e+02 6.246803e+00 3.001302e+00 3.752986e+00 3.991058e+00 5.991553e+00 4.214548e+00 4.492233e+00 4.544732e+00 4.154862e+00 4.084826e+00 3.330500e+00 2.815993e+00 5.912272e+00 8.553594e-01 5.373918e-01 6.650147e-01 6.622759e-01 9.903809e-01 7.431068e-01 7.878515e-01 8.097728e-01 7.774620e-01 7.281984e-01 6.159712e-01 5.123346e-01 9.486802e-01
<GCONST> 1.428165e+02
<STATE> 4
<MEAN> 39
 -7.011446e+00 7.821470e-01 1.136410e+00 1.278594e+00 -6.141710e+00 -2.854191e+00 -6.604067e+00 -7.449580e+00 -2.711087e+00 -6.600740e+00 -1.713196e+00 -1.490375e+00 7.124902e+01 4.880359e-04 4.877954e-04 1.459050e-03 4.783983e-05 1.116492e-03 1.125381e-03 5.293054e-04 -3.146993e-04 -1.760828e-03 -1.530108e-03 -3.846369e-04 5.777073e-04 2.734654e-03 -8.511554e-04 -2.498951e-04 -4.012436e-04 -1.289275e-04 -1.409025e-04 -2.119464e-04 -1.971339e-05 1.079518e-04 1.935347e-04 3.067801e-04 1.232817e-06 8.155217e-06 -3.234121e-03
<VARIANCE> 39
 1.155420e+02 4.314379e+01 6.459467e+01 7.894667e+01 1.016039e+02 7.560676e+01 8.266945e+01 6.783515e+01 5.984373e+01 6.206592e+01 5.267307e+01 5.820787e+01 2.871333e+02 6.246803e+00 3.001302e+00 3.752986e+00 3.991058e+00 5.991553e+00 4.214548e+00 4.492233e+00 4.544732e+00 4.154862e+00 4.084826e+00 3.330500e+00 2.815993e+00 5.912272e+00 8.553594e-01 5.373918e-01 6.650147e-01 6.622759e-01 9.903809e-01 7.431068e-01 7.878515e-01 8.097728e-01 7.774620e-01 7.281984e-01 6.159712e-01 5.123346e-01 9.486802e-01
<GCONST> 1.428165e+02
<TRANSP> 5
 0.000000e+00 1.000000e+00 0.000000e+00 0.000000e+00 0.000000e+00
 0.000000e+00 6.000000e-01 4.000000e-01 0.000000e+00 0.000000e+00
 0.000000e+00 0.000000e+00 6.000000e-01 4.000000e-01 0.000000e+00
 0.000000e+00 0.000000e+00 0.000000e+00 6.000000e-01 4.000000e-01
 0.000000e+00 0.000000e+00 0.000000e+00 0.000000e+00 0.000000e+00
<ENDHMM>
~h "N_pal"
<BEGINHMM>
<NUMSTATES> 5
<STATE> 2
<MEAN> 39
 -7.011446e+00 7.821470e-01 1.136410e+00 1.278594e+00 -6.141710e+00 -2.854191e+00 -6.604067e+00 -7.449580e+00 -2.711087e+00 -6.600740e+00 -1.713196e+00 -1.490375e+00 7.124902e+01 4.880359e-04 4.877954e-04 1.459050e-03 4.783983e-05 1.116492e-03 1.125381e-03 5.293054e-04 -3.146993e-04 -1.760828e-03 -1.530108e-03 -3.846369e-04 5.777073e-04 2.734654e-03 -8.511554e-04 -2.498951e-04 -4.012436e-04 -1.289275e-04 -1.409025e-04 -2.119464e-04 -1.971339e-05 1.079518e-04 1.935347e-04 3.067801e-04 1.232817e-06 8.155217e-06 -3.234121e-03
<VARIANCE> 39
 1.155420e+02 4.314379e+01 6.459467e+01 7.894667e+01 1.016039e+02 7.560676e+01 8.266945e+01 6.783515e+01 5.984373e+01 6.206592e+01 5.267307e+01 5.820787e+01 2.871333e+02 6.246803e+00 3.001302e+00 3.752986e+00 3.991058e+00 5.991553e+00 4.214548e+00 4.492233e+00 4.544732e+00 4.154862e+00 4.084826e+00 3.330500e+00 2.815993e+00 5.912272e+00 8.553594e-01 5.373918e-01 6.650147e-01 6.622759e-01 9.903809e-01 7.431068e-01 7.878515e-01 8.097728e-01 7.774620e-01 7.281984e-01 6.159712e-01 5.123346e-01 9.486802e-01
<GCONST> 1.428165e+02
<STATE> 3
<MEAN> 39
 -7.011446e+00 7.821470e-01 1.136410e+00 1.278594e+00 -6.141710e+00 -2.854191e+00 -6.604067e+00 -7.449580e+00 -2.711087e+00 -6.600740e+00 -1.713196e+00 -1.490375e+00 7.124902e+01 4.880359e-04 4.877954e-04 1.459050e-03 4.783983e-05 1.116492e-03 1.125381e-03 5.293054e-04 -3.146993e-04 -1.760828e-03 -1.530108e-03 -3.846369e-04 5.777073e-04 2.734654e-03 -8.511554e-04 -2.498951e-04 -4.012436e-04 -1.289275e-04 -1.409025e-04 -2.119464e-04 -1.971339e-05 1.079518e-04 1.935347e-04 3.067801e-04 1.232817e-06 8.155217e-06 -3.234121e-03
<VARIANCE> 39
 1.155420e+02 4.314379e+01 6.459467e+01 7.894667e+01 1.016039e+02 7.560676e+01 8.266945e+01 6.783515e+01 5.984373e+01 6.206592e+01 5.267307e+01 5.820787e+01 2.871333e+02 6.246803e+00 3.001302e+00 3.752986e+00 3.991058e+00 5.991553e+00 4.214548e+00 4.492233e+00 4.544732e+00 4.154862e+00 4.084826e+00 3.330500e+00 2.815993e+00 5.912272e+00 8.553594e-01 5.373918e-01 6.650147e-01 6.622759e-01 9.903809e-01 7.431068e-01 7.878515e-01 8.097728e-01 7.774620e-01 7.281984e-01 6.159712e-01 5.123346e-01 9.486802e-01
<GCONST> 1.428165e+02
<STATE> 4
<MEAN> 39
 -7.011446e+00 7.821470e-01 1.136410e+00 1.278594e+00 -6.141710e+00 -2.854191e+00 -6.604067e+00 -7.449580e+00 -2.711087e+00 -6.600740e+00 -1.713196e+00 -1.490375e+00 7.124902e+01 4.880359e-04 4.877954e-04 1.459050e-03 4.783983e-05 1.116492e-03 1.125381e-03 5.293054e-04 -3.146993e-04 -1.760828e-03 -1.530108e-03 -3.846369e-04 5.777073e-04 2.734654e-03 -8.511554e-04 -2.498951e-04 -4.012436e-04 -1.289275e-04 -1.409025e-04 -2.119464e-04 -1.971339e-05 1.079518e-04 1.935347e-04 3.067801e-04 1.232817e-06 8.155217e-06 -3.234121e-03
<VARIANCE> 39
 1.155420e+02 4.314379e+01 6.459467e+01 7.894667e+01 1.016039e+02 7.560676e+01 8.266945e+01 6.783515e+01 5.984373e+01 6.206592e+01 5.267307e+01 5.820787e+01 2.871333e+02 6.246803e+00 3.001302e+00 3.752986e+00 3.991058e+00 5.991553e+00 4.214548e+00 4.492233e+00 4.544732e+00 4.154862e+00 4.084826e+00 3.330500e+00 2.815993e+00 5.912272e+00 8.553594e-01 5.373918e-01 6.650147e-01 6.622759e-01 9.903809e-01 7.431068e-01 7.878515e-01 8.097728e-01 7.774620e-01 7.281984e-01 6.159712e-01 5.123346e-01 9.486802e-01
<GCONST> 1.428165e+02
<TRANSP> 5
 0.000000e+00 1.000000e+00 0.000000e+00 0.000000e+00 0.000000e+00
 0.000000e+00 6.000000e-01 4.000000e-01 0.000000e+00 0.000000e+00
 0.000000e+00 0.000000e+00 6.000000e-01 4.000000e-01 0.000000e+00
 0.000000e+00 0.000000e+00 0.000000e+00 6.000000e-01 4.000000e-01
 0.000000e+00 0.000000e+00 0.000000e+00 0.000000e+00 0.000000e+00
<ENDHMM>
~h "O"
<BEGINHMM>
<NUMSTATES> 5
<STATE> 2
<MEAN> 39
 -7.011446e+00 7.821470e-01 1.136410e+00 1.278594e+00 -6.141710e+00 -2.854191e+00 -6.604067e+00 -7.449580e+00 -2.711087e+00 -6.600740e+00 -1.713196e+00 -1.490375e+00 7.124902e+01 4.880359e-04 4.877954e-04 1.459050e-03 4.783983e-05 1.116492e-03 1.125381e-03 5.293054e-04 -3.146993e-04 -1.760828e-03 -1.530108e-03 -3.846369e-04 5.777073e-04 2.734654e-03 -8.511554e-04 -2.498951e-04 -4.012436e-04 -1.289275e-04 -1.409025e-04 -2.119464e-04 -1.971339e-05 1.079518e-04 1.935347e-04 3.067801e-04 1.232817e-06 8.155217e-06 -3.234121e-03
<VARIANCE> 39
 1.155420e+02 4.314379e+01 6.459467e+01 7.894667e+01 1.016039e+02 7.560676e+01 8.266945e+01 6.783515e+01 5.984373e+01 6.206592e+01 5.267307e+01 5.820787e+01 2.871333e+02 6.246803e+00 3.001302e+00 3.752986e+00 3.991058e+00 5.991553e+00 4.214548e+00 4.492233e+00 4.544732e+00 4.154862e+00 4.084826e+00 3.330500e+00 2.815993e+00 5.912272e+00 8.553594e-01 5.373918e-01 6.650147e-01 6.622759e-01 9.903809e-01 7.431068e-01 7.878515e-01 8.097728e-01 7.774620e-01 7.281984e-01 6.159712e-01 5.123346e-01 9.486802e-01
<GCONST> 1.428165e+02
<STATE> 3
<MEAN> 39
 -7.011446e+00 7.821470e-01 1.136410e+00 1.278594e+00 -6.141710e+00 -2.854191e+00 -6.604067e+00 -7.449580e+00 -2.711087e+00 -6.600740e+00 -1.713196e+00 -1.490375e+00 7.124902e+01 4.880359e-04 4.877954e-04 1.459050e-03 4.783983e-05 1.116492e-03 1.125381e-03 5.293054e-04 -3.146993e-04 -1.760828e-03 -1.530108e-03 -3.846369e-04 5.777073e-04 2.734654e-03 -8.511554e-04 -2.498951e-04 -4.012436e-04 -1.289275e-04 -1.409025e-04 -2.119464e-04 -1.971339e-05 1.079518e-04 1.935347e-04 3.067801e-04 1.232817e-06 8.155217e-06 -3.234121e-03
<VARIANCE> 39
 1.155420e+02 4.314379e+01 6.459467e+01 7.894667e+01 1.016039e+02 7.560676e+01 8.266945e+01 6.783515e+01 5.984373e+01 6.206592e+01 5.267307e+01 5.820787e+01 2.871333e+02 6.246803e+00 3.001302e+00 3.752986e+00 3.991058e+00 5.991553e+00 4.214548e+00 4.492233e+00 4.544732e+00 4.154862e+00 4.084826e+00 3.330500e+00 2.815993e+00 5.912272e+00 8.553594e-01 5.373918e-01 6.650147e-01 6.622759e-01 9.903809e-01 7.431068e-01 7.878515e-01 8.097728e-01 7.774620e-01 7.281984e-01 6.159712e-01 5.123346e-01 9.486802e-01
<GCONST> 1.428165e+02
<STATE> 4
<MEAN> 39
 -7.011446e+00 7.821470e-01 1.136410e+00 1.278594e+00 -6.141710e+00 -2.854191e+00 -6.604067e+00 -7.449580e+00 -2.711087e+00 -6.600740e+00 -1.713196e+00 -1.490375e+00 7.124902e+01 4.880359e-04 4.877954e-04 1.459050e-03 4.783983e-05 1.116492e-03 1.125381e-03 5.293054e-04 -3.146993e-04 -1.760828e-03 -1.530108e-03 -3.846369e-04 5.777073e-04 2.734654e-03 -8.511554e-04 -2.498951e-04 -4.012436e-04 -1.289275e-04 -1.409025e-04 -2.119464e-04 -1.971339e-05 1.079518e-04 1.935347e-04 3.067801e-04 1.232817e-06 8.155217e-06 -3.234121e-03
<VARIANCE> 39
 1.155420e+02 4.314379e+01 6.459467e+01 7.894667e+01 1.016039e+02 7.560676e+01 8.266945e+01 6.783515e+01 5.984373e+01 6.206592e+01 5.267307e+01 5.820787e+01 2.871333e+02 6.246803e+00 3.001302e+00 3.752986e+00 3.991058e+00 5.991553e+00 4.214548e+00 4.492233e+00 4.544732e+00 4.154862e+00 4.084826e+00 3.330500e+00 2.815993e+00 5.912272e+00 8.553594e-01 5.373918e-01 6.650147e-01 6.622759e-01 9.903809e-01 7.431068e-01 7.878515e-01 8.097728e-01 7.774620e-01 7.281984e-01 6.159712e-01 5.123346e-01 9.486802e-01
<GCONST> 1.428165e+02
<TRANSP> 5
 0.000000e+00 1.000000e+00 0.000000e+00 0.000000e+00 0.000000e+00
 0.000000e+00 6.000000e-01 4.000000e-01 0.000000e+00 0.000000e+00
 0.000000e+00 0.000000e+00 6.000000e-01 4.000000e-01 0.000000e+00
 0.000000e+00 0.000000e+00 0.000000e+00 6.000000e-01 4.000000e-01
 0.000000e+00 0.000000e+00 0.000000e+00 0.000000e+00 0.000000e+00
<ENDHMM>
~h "Oo"
<BEGINHMM>
<NUMSTATES> 5
<STATE> 2
<MEAN> 39
 -7.011446e+00 7.821470e-01 1.136410e+00 1.278594e+00 -6.141710e+00 -2.854191e+00 -6.604067e+00 -7.449580e+00 -2.711087e+00 -6.600740e+00 -1.713196e+00 -1.490375e+00 7.124902e+01 4.880359e-04 4.877954e-04 1.459050e-03 4.783983e-05 1.116492e-03 1.125381e-03 5.293054e-04 -3.146993e-04 -1.760828e-03 -1.530108e-03 -3.846369e-04 5.777073e-04 2.734654e-03 -8.511554e-04 -2.498951e-04 -4.012436e-04 -1.289275e-04 -1.409025e-04 -2.119464e-04 -1.971339e-05 1.079518e-04 1.935347e-04 3.067801e-04 1.232817e-06 8.155217e-06 -3.234121e-03
<VARIANCE> 39
 1.155420e+02 4.314379e+01 6.459467e+01 7.894667e+01 1.016039e+02 7.560676e+01 8.266945e+01 6.783515e+01 5.984373e+01 6.206592e+01 5.267307e+01 5.820787e+01 2.871333e+02 6.246803e+00 3.001302e+00 3.752986e+00 3.991058e+00 5.991553e+00 4.214548e+00 4.492233e+00 4.544732e+00 4.154862e+00 4.084826e+00 3.330500e+00 2.815993e+00 5.912272e+00 8.553594e-01 5.373918e-01 6.650147e-01 6.622759e-01 9.903809e-01 7.431068e-01 7.878515e-01 8.097728e-01 7.774620e-01 7.281984e-01 6.159712e-01 5.123346e-01 9.486802e-01
<GCONST> 1.428165e+02
<STATE> 3
<MEAN> 39
 -7.011446e+00 7.821470e-01 1.136410e+00 1.278594e+00 -6.141710e+00 -2.854191e+00 -6.604067e+00 -7.449580e+00 -2.711087e+00 -6.600740e+00 -1.713196e+00 -1.490375e+00 7.124902e+01 4.880359e-04 4.877954e-04 1.459050e-03 4.783983e-05 1.116492e-03 1.125381e-03 5.293054e-04 -3.146993e-04 -1.760828e-03 -1.530108e-03 -3.846369e-04 5.777073e-04 2.734654e-03 -8.511554e-04 -2.498951e-04 -4.012436e-04 -1.289275e-04 -1.409025e-04 -2.119464e-04 -1.971339e-05 1.079518e-04 1.935347e-04 3.067801e-04 1.232817e-06 8.155217e-06 -3.234121e-03
<VARIANCE> 39
 1.155420e+02 4.314379e+01 6.459467e+01 7.894667e+01 1.016039e+02 7.560676e+01 8.266945e+01 6.783515e+01 5.984373e+01 6.206592e+01 5.267307e+01 5.820787e+01 2.871333e+02 6.246803e+00 3.001302e+00 3.752986e+00 3.991058e+00 5.991553e+00 4.214548e+00 4.492233e+00 4.544732e+00 4.154862e+00 4.084826e+00 3.330500e+00 2.815993e+00 5.912272e+00 8.553594e-01 5.373918e-01 6.650147e-01 6.622759e-01 9.903809e-01 7.431068e-01 7.878515e-01 8.097728e-01 7.774620e-01 7.281984e-01 6.159712e-01 5.123346e-01 9.486802e-01
<GCONST> 1.428165e+02
<STATE> 4
<MEAN> 39
 -7.011446e+00 7.821470e-01 1.136410e+00 1.278594e+00 -6.141710e+00 -2.854191e+00 -6.604067e+00 -7.449580e+00 -2.711087e+00 -6.600740e+00 -1.713196e+00 -1.490375e+00 7.124902e+01 4.880359e-04 4.877954e-04 1.459050e-03 4.783983e-05 1.116492e-03 1.125381e-03 5.293054e-04 -3.146993e-04 -1.760828e-03 -1.530108e-03 -3.846369e-04 5.777073e-04 2.734654e-03 -8.511554e-04 -2.498951e-04 -4.012436e-04 -1.289275e-04 -1.409025e-04 -2.119464e-04 -1.971339e-05 1.079518e-04 1.935347e-04 3.067801e-04 1.232817e-06 8.155217e-06 -3.234121e-03
<VARIANCE> 39
 1.155420e+02 4.314379e+01 6.459467e+01 7.894667e+01 1.016039e+02 7.560676e+01 8.266945e+01 6.783515e+01 5.984373e+01 6.206592e+01 5.267307e+01 5.820787e+01 2.871333e+02 6.246803e+00 3.001302e+00 3.752986e+00 3.991058e+00 5.991553e+00 4.214548e+00 4.492233e+00 4.544732e+00 4.154862e+00 4.084826e+00 3.330500e+00 2.815993e+00 5.912272e+00 8.553594e-01 5.373918e-01 6.650147e-01 6.622759e-01 9.903809e-01 7.431068e-01 7.878515e-01 8.097728e-01 7.774620e-01 7.281984e-01 6.159712e-01 5.123346e-01 9.486802e-01
<GCONST> 1.428165e+02
<TRANSP> 5
 0.000000e+00 1.000000e+00 0.000000e+00 0.000000e+00 0.000000e+00
 0.000000e+00 6.000000e-01 4.000000e-01 0.000000e+00 0.000000e+00
 0.000000e+00 0.000000e+00 6.000000e-01 4.000000e-01 0.000000e+00
 0.000000e+00 0.000000e+00 0.000000e+00 6.000000e-01 4.000000e-01
 0.000000e+00 0.000000e+00 0.000000e+00 0.000000e+00 0.000000e+00
<ENDHMM>
~h "R"
<BEGINHMM>
<NUMSTATES> 5
<STATE> 2
<MEAN> 39
 -7.011446e+00 7.821470e-01 1.136410e+00 1.278594e+00 -6.141710e+00 -2.854191e+00 -6.604067e+00 -7.449580e+00 -2.711087e+00 -6.600740e+00 -1.713196e+00 -1.490375e+00 7.124902e+01 4.880359e-04 4.877954e-04 1.459050e-03 4.783983e-05 1.116492e-03 1.125381e-03 5.293054e-04 -3.146993e-04 -1.760828e-03 -1.530108e-03 -3.846369e-04 5.777073e-04 2.734654e-03 -8.511554e-04 -2.498951e-04 -4.012436e-04 -1.289275e-04 -1.409025e-04 -2.119464e-04 -1.971339e-05 1.079518e-04 1.935347e-04 3.067801e-04 1.232817e-06 8.155217e-06 -3.234121e-03
<VARIANCE> 39
 1.155420e+02 4.314379e+01 6.459467e+01 7.894667e+01 1.016039e+02 7.560676e+01 8.266945e+01 6.783515e+01 5.984373e+01 6.206592e+01 5.267307e+01 5.820787e+01 2.871333e+02 6.246803e+00 3.001302e+00 3.752986e+00 3.991058e+00 5.991553e+00 4.214548e+00 4.492233e+00 4.544732e+00 4.154862e+00 4.084826e+00 3.330500e+00 2.815993e+00 5.912272e+00 8.553594e-01 5.373918e-01 6.650147e-01 6.622759e-01 9.903809e-01 7.431068e-01 7.878515e-01 8.097728e-01 7.774620e-01 7.281984e-01 6.159712e-01 5.123346e-01 9.486802e-01
<GCONST> 1.428165e+02
<STATE> 3
<MEAN> 39
 -7.011446e+00 7.821470e-01 1.136410e+00 1.278594e+00 -6.141710e+00 -2.854191e+00 -6.604067e+00 -7.449580e+00 -2.711087e+00 -6.600740e+00 -1.713196e+00 -1.490375e+00 7.124902e+01 4.880359e-04 4.877954e-04 1.459050e-03 4.783983e-05 1.116492e-03 1.125381e-03 5.293054e-04 -3.146993e-04 -1.760828e-03 -1.530108e-03 -3.846369e-04 5.777073e-04 2.734654e-03 -8.511554e-04 -2.498951e-04 -4.012436e-04 -1.289275e-04 -1.409025e-04 -2.119464e-04 -1.971339e-05 1.079518e-04 1.935347e-04 3.067801e-04 1.232817e-06 8.155217e-06 -3.234121e-03
<VARIANCE> 39
 1.155420e+02 4.314379e+01 6.459467e+01 7.894667e+01 1.016039e+02 7.560676e+01 8.266945e+01 6.783515e+01 5.984373e+01 6.206592e+01 5.267307e+01 5.820787e+01 2.871333e+02 6.246803e+00 3.001302e+00 3.752986e+00 3.991058e+00 5.991553e+00 4.214548e+00 4.492233e+00 4.544732e+00 4.154862e+00 4.084826e+00 3.330500e+00 2.815993e+00 5.912272e+00 8.553594e-01 5.373918e-01 6.650147e-01 6.622759e-01 9.903809e-01 7.431068e-01 7.878515e-01 8.097728e-01 7.774620e-01 7.281984e-01 6.159712e-01 5.123346e-01 9.486802e-01
<GCONST> 1.428165e+02
<STATE> 4
<MEAN> 39
 -7.011446e+00 7.821470e-01 1.136410e+00 1.278594e+00 -6.141710e+00 -2.854191e+00 -6.604067e+00 -7.449580e+00 -2.711087e+00 -6.600740e+00 -1.713196e+00 -1.490375e+00 7.124902e+01 4.880359e-04 4.877954e-04 1.459050e-03 4.783983e-05 1.116492e-03 1.125381e-03 5.293054e-04 -3.146993e-04 -1.760828e-03 -1.530108e-03 -3.846369e-04 5.777073e-04 2.734654e-03 -8.511554e-04 -2.498951e-04 -4.012436e-04 -1.289275e-04 -1.409025e-04 -2.119464e-04 -1.971339e-05 1.079518e-04 1.935347e-04 3.067801e-04 1.232817e-06 8.155217e-06 -3.234121e-03
<VARIANCE> 39
 1.155420e+02 4.314379e+01 6.459467e+01 7.894667e+01 1.016039e+02 7.560676e+01 8.266945e+01 6.783515e+01 5.984373e+01 6.206592e+01 5.267307e+01 5.820787e+01 2.871333e+02 6.246803e+00 3.001302e+00 3.752986e+00 3.991058e+00 5.991553e+00 4.214548e+00 4.492233e+00 4.544732e+00 4.154862e+00 4.084826e+00 3.330500e+00 2.815993e+00 5.912272e+00 8.553594e-01 5.373918e-01 6.650147e-01 6.622759e-01 9.903809e-01 7.431068e-01 7.878515e-01 8.097728e-01 7.774620e-01 7.281984e-01 6.159712e-01 5.123346e-01 9.486802e-01
<GCONST> 1.428165e+02
<TRANSP> 5
 0.000000e+00 1.000000e+00 0.000000e+00 0.000000e+00 0.000000e+00
 0.000000e+00 6.000000e-01 4.000000e-01 0.000000e+00 0.000000e+00
 0.000000e+00 0.000000e+00 6.000000e-01 4.000000e-01 0.000000e+00
 0.000000e+00 0.000000e+00 0.000000e+00 6.000000e-01 4.000000e-01
 0.000000e+00 0.000000e+00 0.000000e+00 0.000000e+00 0.000000e+00
<ENDHMM>
~h "R_pal"
<BEGINHMM>
<NUMSTATES> 5
<STATE> 2
<MEAN> 39
 -7.011446e+00 7.821470e-01 1.136410e+00 1.278594e+00 -6.141710e+00 -2.854191e+00 -6.604067e+00 -7.449580e+00 -2.711087e+00 -6.600740e+00 -1.713196e+00 -1.490375e+00 7.124902e+01 4.880359e-04 4.877954e-04 1.459050e-03 4.783983e-05 1.116492e-03 1.125381e-03 5.293054e-04 -3.146993e-04 -1.760828e-03 -1.530108e-03 -3.846369e-04 5.777073e-04 2.734654e-03 -8.511554e-04 -2.498951e-04 -4.012436e-04 -1.289275e-04 -1.409025e-04 -2.119464e-04 -1.971339e-05 1.079518e-04 1.935347e-04 3.067801e-04 1.232817e-06 8.155217e-06 -3.234121e-03
<VARIANCE> 39
 1.155420e+02 4.314379e+01 6.459467e+01 7.894667e+01 1.016039e+02 7.560676e+01 8.266945e+01 6.783515e+01 5.984373e+01 6.206592e+01 5.267307e+01 5.820787e+01 2.871333e+02 6.246803e+00 3.001302e+00 3.752986e+00 3.991058e+00 5.991553e+00 4.214548e+00 4.492233e+00 4.544732e+00 4.154862e+00 4.084826e+00 3.330500e+00 2.815993e+00 5.912272e+00 8.553594e-01 5.373918e-01 6.650147e-01 6.622759e-01 9.903809e-01 7.431068e-01 7.878515e-01 8.097728e-01 7.774620e-01 7.281984e-01 6.159712e-01 5.123346e-01 9.486802e-01
<GCONST> 1.428165e+02
<STATE> 3
<MEAN> 39
 -7.011446e+00 7.821470e-01 1.136410e+00 1.278594e+00 -6.141710e+00 -2.854191e+00 -6.604067e+00 -7.449580e+00 -2.711087e+00 -6.600740e+00 -1.713196e+00 -1.490375e+00 7.124902e+01 4.880359e-04 4.877954e-04 1.459050e-03 4.783983e-05 1.116492e-03 1.125381e-03 5.293054e-04 -3.146993e-04 -1.760828e-03 -1.530108e-03 -3.846369e-04 5.777073e-04 2.734654e-03 -8.511554e-04 -2.498951e-04 -4.012436e-04 -1.289275e-04 -1.409025e-04 -2.119464e-04 -1.971339e-05 1.079518e-04 1.935347e-04 3.067801e-04 1.232817e-06 8.155217e-06 -3.234121e-03
<VARIANCE> 39
 1.155420e+02 4.314379e+01 6.459467e+01 7.894667e+01 1.016039e+02 7.560676e+01 8.266945e+01 6.783515e+01 5.984373e+01 6.206592e+01 5.267307e+01 5.820787e+01 2.871333e+02 6.246803e+00 3.001302e+00 3.752986e+00 3.991058e+00 5.991553e+00 4.214548e+00 4.492233e+00 4.544732e+00 4.154862e+00 4.084826e+00 3.330500e+00 2.815993e+00 5.912272e+00 8.553594e-01 5.373918e-01 6.650147e-01 6.622759e-01 9.903809e-01 7.431068e-01 7.878515e-01 8.097728e-01 7.774620e-01 7.281984e-01 6.159712e-01 5.123346e-01 9.486802e-01
<GCONST> 1.428165e+02
<STATE> 4
<MEAN> 39
 -7.011446e+00 7.821470e-01 1.136410e+00 1.278594e+00 -6.141710e+00 -2.854191e+00 -6.604067e+00 -7.449580e+00 -2.711087e+00 -6.600740e+00 -1.713196e+00 -1.490375e+00 7.124902e+01 4.880359e-04 4.877954e-04 1.459050e-03 4.783983e-05 1.116492e-03 1.125381e-03 5.293054e-04 -3.146993e-04 -1.760828e-03 -1.530108e-03 -3.846369e-04 5.777073e-04 2.734654e-03 -8.511554e-04 -2.498951e-04 -4.012436e-04 -1.289275e-04 -1.409025e-04 -2.119464e-04 -1.971339e-05 1.079518e-04 1.935347e-04 3.067801e-04 1.232817e-06 8.155217e-06 -3.234121e-03
<VARIANCE> 39
 1.155420e+02 4.314379e+01 6.459467e+01 7.894667e+01 1.016039e+02 7.560676e+01 8.266945e+01 6.783515e+01 5.984373e+01 6.206592e+01 5.267307e+01 5.820787e+01 2.871333e+02 6.246803e+00 3.001302e+00 3.752986e+00 3.991058e+00 5.991553e+00 4.214548e+00 4.492233e+00 4.544732e+00 4.154862e+00 4.084826e+00 3.330500e+00 2.815993e+00 5.912272e+00 8.553594e-01 5.373918e-01 6.650147e-01 6.622759e-01 9.903809e-01 7.431068e-01 7.878515e-01 8.097728e-01 7.774620e-01 7.281984e-01 6.159712e-01 5.123346e-01 9.486802e-01
<GCONST> 1.428165e+02
<TRANSP> 5
 0.000000e+00 1.000000e+00 0.000000e+00 0.000000e+00 0.000000e+00
 0.000000e+00 6.000000e-01 4.000000e-01 0.000000e+00 0.000000e+00
 0.000000e+00 0.000000e+00 6.000000e-01 4.000000e-01 0.000000e+00
 0.000000e+00 0.000000e+00 0.000000e+00 6.000000e-01 4.000000e-01
 0.000000e+00 0.000000e+00 0.000000e+00 0.000000e+00 0.000000e+00
<ENDHMM>
~h "S"
<BEGINHMM>
<NUMSTATES> 5
<STATE> 2
<MEAN> 39
 -7.011446e+00 7.821470e-01 1.136410e+00 1.278594e+00 -6.141710e+00 -2.854191e+00 -6.604067e+00 -7.449580e+00 -2.711087e+00 -6.600740e+00 -1.713196e+00 -1.490375e+00 7.124902e+01 4.880359e-04 4.877954e-04 1.459050e-03 4.783983e-05 1.116492e-03 1.125381e-03 5.293054e-04 -3.146993e-04 -1.760828e-03 -1.530108e-03 -3.846369e-04 5.777073e-04 2.734654e-03 -8.511554e-04 -2.498951e-04 -4.012436e-04 -1.289275e-04 -1.409025e-04 -2.119464e-04 -1.971339e-05 1.079518e-04 1.935347e-04 3.067801e-04 1.232817e-06 8.155217e-06 -3.234121e-03
<VARIANCE> 39
 1.155420e+02 4.314379e+01 6.459467e+01 7.894667e+01 1.016039e+02 7.560676e+01 8.266945e+01 6.783515e+01 5.984373e+01 6.206592e+01 5.267307e+01 5.820787e+01 2.871333e+02 6.246803e+00 3.001302e+00 3.752986e+00 3.991058e+00 5.991553e+00 4.214548e+00 4.492233e+00 4.544732e+00 4.154862e+00 4.084826e+00 3.330500e+00 2.815993e+00 5.912272e+00 8.553594e-01 5.373918e-01 6.650147e-01 6.622759e-01 9.903809e-01 7.431068e-01 7.878515e-01 8.097728e-01 7.774620e-01 7.281984e-01 6.159712e-01 5.123346e-01 9.486802e-01
<GCONST> 1.428165e+02
<STATE> 3
<MEAN> 39
 -7.011446e+00 7.821470e-01 1.136410e+00 1.278594e+00 -6.141710e+00 -2.854191e+00 -6.604067e+00 -7.449580e+00 -2.711087e+00 -6.600740e+00 -1.713196e+00 -1.490375e+00 7.124902e+01 4.880359e-04 4.877954e-04 1.459050e-03 4.783983e-05 1.116492e-03 1.125381e-03 5.293054e-04 -3.146993e-04 -1.760828e-03 -1.530108e-03 -3.846369e-04 5.777073e-04 2.734654e-03 -8.511554e-04 -2.498951e-04 -4.012436e-04 -1.289275e-04 -1.409025e-04 -2.119464e-04 -1.971339e-05 1.079518e-04 1.935347e-04 3.067801e-04 1.232817e-06 8.155217e-06 -3.234121e-03
<VARIANCE> 39
 1.155420e+02 4.314379e+01 6.459467e+01 7.894667e+01 1.016039e+02 7.560676e+01 8.266945e+01 6.783515e+01 5.984373e+01 6.206592e+01 5.267307e+01 5.820787e+01 2.871333e+02 6.246803e+00 3.001302e+00 3.752986e+00 3.991058e+00 5.991553e+00 4.214548e+00 4.492233e+00 4.544732e+00 4.154862e+00 4.084826e+00 3.330500e+00 2.815993e+00 5.912272e+00 8.553594e-01 5.373918e-01 6.650147e-01 6.622759e-01 9.903809e-01 7.431068e-01 7.878515e-01 8.097728e-01 7.774620e-01 7.281984e-01 6.159712e-01 5.123346e-01 9.486802e-01
<GCONST> 1.428165e+02
<STATE> 4
<MEAN> 39
 -7.011446e+00 7.821470e-01 1.136410e+00 1.278594e+00 -6.141710e+00 -2.854191e+00 -6.604067e+00 -7.449580e+00 -2.711087e+00 -6.600740e+00 -1.713196e+00 -1.490375e+00 7.124902e+01 4.880359e-04 4.877954e-04 1.459050e-03 4.783983e-05 1.116492e-03 1.125381e-03 5.293054e-04 -3.146993e-04 -1.760828e-03 -1.530108e-03 -3.846369e-04 5.777073e-04 2.734654e-03 -8.511554e-04 -2.498951e-04 -4.012436e-04 -1.289275e-04 -1.409025e-04 -2.119464e-04 -1.971339e-05 1.079518e-04 1.935347e-04 3.067801e-04 1.232817e-06 8.155217e-06 -3.234121e-03
<VARIANCE> 39
 1.155420e+02 4.314379e+01 6.459467e+01 7.894667e+01 1.016039e+02 7.560676e+01 8.266945e+01 6.783515e+01 5.984373e+01 6.206592e+01 5.267307e+01 5.820787e+01 2.871333e+02 6.246803e+00 3.001302e+00 3.752986e+00 3.991058e+00 5.991553e+00 4.214548e+00 4.492233e+00 4.544732e+00 4.154862e+00 4.084826e+00 3.330500e+00 2.815993e+00 5.912272e+00 8.553594e-01 5.373918e-01 6.650147e-01 6.622759e-01 9.903809e-01 7.431068e-01 7.878515e-01 8.097728e-01 7.774620e-01 7.281984e-01 6.159712e-01 5.123346e-01 9.486802e-01
<GCONST> 1.428165e+02
<TRANSP> 5
 0.000000e+00 1.000000e+00 0.000000e+00 0.000000e+00 0.000000e+00
 0.000000e+00 6.000000e-01 4.000000e-01 0.000000e+00 0.000000e+00
 0.000000e+00 0.000000e+00 6.000000e-01 4.000000e-01 0.000000e+00
 0.000000e+00 0.000000e+00 0.000000e+00 6.000000e-01 4.000000e-01
 0.000000e+00 0.000000e+00 0.000000e+00 0.000000e+00 0.000000e+00
<ENDHMM>
~h "S_pal"
<BEGINHMM>
<NUMSTATES> 5
<STATE> 2
<MEAN> 39
 -7.011446e+00 7.821470e-01 1.136410e+00 1.278594e+00 -6.141710e+00 -2.854191e+00 -6.604067e+00 -7.449580e+00 -2.711087e+00 -6.600740e+00 -1.713196e+00 -1.490375e+00 7.124902e+01 4.880359e-04 4.877954e-04 1.459050e-03 4.783983e-05 1.116492e-03 1.125381e-03 5.293054e-04 -3.146993e-04 -1.760828e-03 -1.530108e-03 -3.846369e-04 5.777073e-04 2.734654e-03 -8.511554e-04 -2.498951e-04 -4.012436e-04 -1.289275e-04 -1.409025e-04 -2.119464e-04 -1.971339e-05 1.079518e-04 1.935347e-04 3.067801e-04 1.232817e-06 8.155217e-06 -3.234121e-03
<VARIANCE> 39
 1.155420e+02 4.314379e+01 6.459467e+01 7.894667e+01 1.016039e+02 7.560676e+01 8.266945e+01 6.783515e+01 5.984373e+01 6.206592e+01 5.267307e+01 5.820787e+01 2.871333e+02 6.246803e+00 3.001302e+00 3.752986e+00 3.991058e+00 5.991553e+00 4.214548e+00 4.492233e+00 4.544732e+00 4.154862e+00 4.084826e+00 3.330500e+00 2.815993e+00 5.912272e+00 8.553594e-01 5.373918e-01 6.650147e-01 6.622759e-01 9.903809e-01 7.431068e-01 7.878515e-01 8.097728e-01 7.774620e-01 7.281984e-01 6.159712e-01 5.123346e-01 9.486802e-01
<GCONST> 1.428165e+02
<STATE> 3
<MEAN> 39
 -7.011446e+00 7.821470e-01 1.136410e+00 1.278594e+00 -6.141710e+00 -2.854191e+00 -6.604067e+00 -7.449580e+00 -2.711087e+00 -6.600740e+00 -1.713196e+00 -1.490375e+00 7.124902e+01 4.880359e-04 4.877954e-04 1.459050e-03 4.783983e-05 1.116492e-03 1.125381e-03 5.293054e-04 -3.146993e-04 -1.760828e-03 -1.530108e-03 -3.846369e-04 5.777073e-04 2.734654e-03 -8.511554e-04 -2.498951e-04 -4.012436e-04 -1.289275e-04 -1.409025e-04 -2.119464e-04 -1.971339e-05 1.079518e-04 1.935347e-04 3.067801e-04 1.232817e-06 8.155217e-06 -3.234121e-03
<VARIANCE> 39
 1.155420e+02 4.314379e+01 6.459467e+01 7.894667e+01 1.016039e+02 7.560676e+01 8.266945e+01 6.783515e+01 5.984373e+01 6.206592e+01 5.267307e+01 5.820787e+01 2.871333e+02 6.246803e+00 3.001302e+00 3.752986e+00 3.991058e+00 5.991553e+00 4.214548e+00 4.492233e+00 4.544732e+00 4.154862e+00 4.084826e+00 3.330500e+00 2.815993e+00 5.912272e+00 8.553594e-01 5.373918e-01 6.650147e-01 6.622759e-01 9.903809e-01 7.431068e-01 7.878515e-01 8.097728e-01 7.774620e-01 7.281984e-01 6.159712e-01 5.123346e-01 9.486802e-01
<GCONST> 1.428165e+02
<STATE> 4
<MEAN> 39
 -7.011446e+00 7.821470e-01 1.136410e+00 1.278594e+00 -6.141710e+00 -2.854191e+00 -6.604067e+00 -7.449580e+00 -2.711087e+00 -6.600740e+00 -1.713196e+00 -1.490375e+00 7.124902e+01 4.880359e-04 4.877954e-04 1.459050e-03 4.783983e-05 1.116492e-03 1.125381e-03 5.293054e-04 -3.146993e-04 -1.760828e-03 -1.530108e-03 -3.846369e-04 5.777073e-04 2.734654e-03 -8.511554e-04 -2.498951e-04 -4.012436e-04 -1.289275e-04 -1.409025e-04 -2.119464e-04 -1.971339e-05 1.079518e-04 1.935347e-04 3.067801e-04 1.232817e-06 8.155217e-06 -3.234121e-03
<VARIANCE> 39
 1.155420e+02 4.314379e+01 6.459467e+01 7.894667e+01 1.016039e+02 7.560676e+01 8.266945e+01 6.783515e+01 5.984373e+01 6.206592e+01 5.267307e+01 5.820787e+01 2.871333e+02 6.246803e+00 3.001302e+00 3.752986e+00 3.991058e+00 5.991553e+00 4.214548e+00 4.492233e+00 4.544732e+00 4.154862e+00 4.084826e+00 3.330500e+00 2.815993e+00 5.912272e+00 8.553594e-01 5.373918e-01 6.650147e-01 6.622759e-01 9.903809e-01 7.431068e-01 7.878515e-01 8.097728e-01 7.774620e-01 7.281984e-01 6.159712e-01 5.123346e-01 9.486802e-01
<GCONST> 1.428165e+02
<TRANSP> 5
 0.000000e+00 1.000000e+00 0.000000e+00 0.000000e+00 0.000000e+00
 0.000000e+00 6.000000e-01 4.000000e-01 0.000000e+00 0.000000e+00
 0.000000e+00 0.000000e+00 6.000000e-01 4.000000e-01 0.000000e+00
 0.000000e+00 0.000000e+00 0.000000e+00 6.000000e-01 4.000000e-01
 0.000000e+00 0.000000e+00 0.000000e+00 0.000000e+00 0.000000e+00
<ENDHMM>
~h "U"
<BEGINHMM>
<NUMSTATES> 5
<STATE> 2
<MEAN> 39
 -7.011446e+00 7.821470e-01 1.136410e+00 1.278594e+00 -6.141710e+00 -2.854191e+00 -6.604067e+00 -7.449580e+00 -2.711087e+00 -6.600740e+00 -1.713196e+00 -1.490375e+00 7.124902e+01 4.880359e-04 4.877954e-04 1.459050e-03 4.783983e-05 1.116492e-03 1.125381e-03 5.293054e-04 -3.146993e-04 -1.760828e-03 -1.530108e-03 -3.846369e-04 5.777073e-04 2.734654e-03 -8.511554e-04 -2.498951e-04 -4.012436e-04 -1.289275e-04 -1.409025e-04 -2.119464e-04 -1.971339e-05 1.079518e-04 1.935347e-04 3.067801e-04 1.232817e-06 8.155217e-06 -3.234121e-03
<VARIANCE> 39
 1.155420e+02 4.314379e+01 6.459467e+01 7.894667e+01 1.016039e+02 7.560676e+01 8.266945e+01 6.783515e+01 5.984373e+01 6.206592e+01 5.267307e+01 5.820787e+01 2.871333e+02 6.246803e+00 3.001302e+00 3.752986e+00 3.991058e+00 5.991553e+00 4.214548e+00 4.492233e+00 4.544732e+00 4.154862e+00 4.084826e+00 3.330500e+00 2.815993e+00 5.912272e+00 8.553594e-01 5.373918e-01 6.650147e-01 6.622759e-01 9.903809e-01 7.431068e-01 7.878515e-01 8.097728e-01 7.774620e-01 7.281984e-01 6.159712e-01 5.123346e-01 9.486802e-01
<GCONST> 1.428165e+02
<STATE> 3
<MEAN> 39
 -7.011446e+00 7.821470e-01 1.136410e+00 1.278594e+00 -6.141710e+00 -2.854191e+00 -6.604067e+00 -7.449580e+00 -2.711087e+00 -6.600740e+00 -1.713196e+00 -1.490375e+00 7.124902e+01 4.880359e-04 4.877954e-04 1.459050e-03 4.783983e-05 1.116492e-03 1.125381e-03 5.293054e-04 -3.146993e-04 -1.760828e-03 -1.530108e-03 -3.846369e-04 5.777073e-04 2.734654e-03 -8.511554e-04 -2.498951e-04 -4.012436e-04 -1.289275e-04 -1.409025e-04 -2.119464e-04 -1.971339e-05 1.079518e-04 1.935347e-04 3.067801e-04 1.232817e-06 8.155217e-06 -3.234121e-03
<VARIANCE> 39
 1.155420e+02 4.314379e+01 6.459467e+01 7.894667e+01 1.016039e+02 7.560676e+01 8.266945e+01 6.783515e+01 5.984373e+01 6.206592e+01 5.267307e+01 5.820787e+01 2.871333e+02 6.246803e+00 3.001302e+00 3.752986e+00 3.991058e+00 5.991553e+00 4.214548e+00 4.492233e+00 4.544732e+00 4.154862e+00 4.084826e+00 3.330500e+00 2.815993e+00 5.912272e+00 8.553594e-01 5.373918e-01 6.650147e-01 6.622759e-01 9.903809e-01 7.431068e-01 7.878515e-01 8.097728e-01 7.774620e-01 7.281984e-01 6.159712e-01 5.123346e-01 9.486802e-01
<GCONST> 1.428165e+02
<STATE> 4
<MEAN> 39
 -7.011446e+00 7.821470e-01 1.136410e+00 1.278594e+00 -6.141710e+00 -2.854191e+00 -6.604067e+00 -7.449580e+00 -2.711087e+00 -6.600740e+00 -1.713196e+00 -1.490375e+00 7.124902e+01 4.880359e-04 4.877954e-04 1.459050e-03 4.783983e-05 1.116492e-03 1.125381e-03 5.293054e-04 -3.146993e-04 -1.760828e-03 -1.530108e-03 -3.846369e-04 5.777073e-04 2.734654e-03 -8.511554e-04 -2.498951e-04 -4.012436e-04 -1.289275e-04 -1.409025e-04 -2.119464e-04 -1.971339e-05 1.079518e-04 1.935347e-04 3.067801e-04 1.232817e-06 8.155217e-06 -3.234121e-03
<VARIANCE> 39
 1.155420e+02 4.314379e+01 6.459467e+01 7.894667e+01 1.016039e+02 7.560676e+01 8.266945e+01 6.783515e+01 5.984373e+01 6.206592e+01 5.267307e+01 5.820787e+01 2.871333e+02 6.246803e+00 3.001302e+00 3.752986e+00 3.991058e+00 5.991553e+00 4.214548e+00 4.492233e+00 4.544732e+00 4.154862e+00 4.084826e+00 3.330500e+00 2.815993e+00 5.912272e+00 8.553594e-01 5.373918e-01 6.650147e-01 6.622759e-01 9.903809e-01 7.431068e-01 7.878515e-01 8.097728e-01 7.774620e-01 7.281984e-01 6.159712e-01 5.123346e-01 9.486802e-01
<GCONST> 1.428165e+02
<TRANSP> 5
 0.000000e+00 1.000000e+00 0.000000e+00 0.000000e+00 0.000000e+00
 0.000000e+00 6.000000e-01 4.000000e-01 0.000000e+00 0.000000e+00
 0.000000e+00 0.000000e+00 6.000000e-01 4.000000e-01 0.000000e+00
 0.000000e+00 0.000000e+00 0.000000e+00 6.000000e-01 4.000000e-01
 0.000000e+00 0.000000e+00 0.000000e+00 0.000000e+00 0.000000e+00
<ENDHMM>
~h "Uo"
<BEGINHMM>
<NUMSTATES> 5
<STATE> 2
<MEAN> 39
 -7.011446e+00 7.821470e-01 1.136410e+00 1.278594e+00 -6.141710e+00 -2.854191e+00 -6.604067e+00 -7.449580e+00 -2.711087e+00 -6.600740e+00 -1.713196e+00 -1.490375e+00 7.124902e+01 4.880359e-04 4.877954e-04 1.459050e-03 4.783983e-05 1.116492e-03 1.125381e-03 5.293054e-04 -3.146993e-04 -1.760828e-03 -1.530108e-03 -3.846369e-04 5.777073e-04 2.734654e-03 -8.511554e-04 -2.498951e-04 -4.012436e-04 -1.289275e-04 -1.409025e-04 -2.119464e-04 -1.971339e-05 1.079518e-04 1.935347e-04 3.067801e-04 1.232817e-06 8.155217e-06 -3.234121e-03
<VARIANCE> 39
 1.155420e+02 4.314379e+01 6.459467e+01 7.894667e+01 1.016039e+02 7.560676e+01 8.266945e+01 6.783515e+01 5.984373e+01 6.206592e+01 5.267307e+01 5.820787e+01 2.871333e+02 6.246803e+00 3.001302e+00 3.752986e+00 3.991058e+00 5.991553e+00 4.214548e+00 4.492233e+00 4.544732e+00 4.154862e+00 4.084826e+00 3.330500e+00 2.815993e+00 5.912272e+00 8.553594e-01 5.373918e-01 6.650147e-01 6.622759e-01 9.903809e-01 7.431068e-01 7.878515e-01 8.097728e-01 7.774620e-01 7.281984e-01 6.159712e-01 5.123346e-01 9.486802e-01
<GCONST> 1.428165e+02
<STATE> 3
<MEAN> 39
 -7.011446e+00 7.821470e-01 1.136410e+00 1.278594e+00 -6.141710e+00 -2.854191e+00 -6.604067e+00 -7.449580e+00 -2.711087e+00 -6.600740e+00 -1.713196e+00 -1.490375e+00 7.124902e+01 4.880359e-04 4.877954e-04 1.459050e-03 4.783983e-05 1.116492e-03 1.125381e-03 5.293054e-04 -3.146993e-04 -1.760828e-03 -1.530108e-03 -3.846369e-04 5.777073e-04 2.734654e-03 -8.511554e-04 -2.498951e-04 -4.012436e-04 -1.289275e-04 -1.409025e-04 -2.119464e-04 -1.971339e-05 1.079518e-04 1.935347e-04 3.067801e-04 1.232817e-06 8.155217e-06 -3.234121e-03
<VARIANCE> 39
 1.155420e+02 4.314379e+01 6.459467e+01 7.894667e+01 1.016039e+02 7.560676e+01 8.266945e+01 6.783515e+01 5.984373e+01 6.206592e+01 5.267307e+01 5.820787e+01 2.871333e+02 6.246803e+00 3.001302e+00 3.752986e+00 3.991058e+00 5.991553e+00 4.214548e+00 4.492233e+00 4.544732e+00 4.154862e+00 4.084826e+00 3.330500e+00 2.815993e+00 5.912272e+00 8.553594e-01 5.373918e-01 6.650147e-01 6.622759e-01 9.903809e-01 7.431068e-01 7.878515e-01 8.097728e-01 7.774620e-01 7.281984e-01 6.159712e-01 5.123346e-01 9.486802e-01
<GCONST> 1.428165e+02
<STATE> 4
<MEAN> 39
 -7.011446e+00 7.821470e-01 1.136410e+00 1.278594e+00 -6.141710e+00 -2.854191e+00 -6.604067e+00 -7.449580e+00 -2.711087e+00 -6.600740e+00 -1.713196e+00 -1.490375e+00 7.124902e+01 4.880359e-04 4.877954e-04 1.459050e-03 4.783983e-05 1.116492e-03 1.125381e-03 5.293054e-04 -3.146993e-04 -1.760828e-03 -1.530108e-03 -3.846369e-04 5.777073e-04 2.734654e-03 -8.511554e-04 -2.498951e-04 -4.012436e-04 -1.289275e-04 -1.409025e-04 -2.119464e-04 -1.971339e-05 1.079518e-04 1.935347e-04 3.067801e-04 1.232817e-06 8.155217e-06 -3.234121e-03
<VARIANCE> 39
 1.155420e+02 4.314379e+01 6.459467e+01 7.894667e+01 1.016039e+02 7.560676e+01 8.266945e+01 6.783515e+01 5.984373e+01 6.206592e+01 5.267307e+01 5.820787e+01 2.871333e+02 6.246803e+00 3.001302e+00 3.752986e+00 3.991058e+00 5.991553e+00 4.214548e+00 4.492233e+00 4.544732e+00 4.154862e+00 4.084826e+00 3.330500e+00 2.815993e+00 5.912272e+00 8.553594e-01 5.373918e-01 6.650147e-01 6.622759e-01 9.903809e-01 7.431068e-01 7.878515e-01 8.097728e-01 7.774620e-01 7.281984e-01 6.159712e-01 5.123346e-01 9.486802e-01
<GCONST> 1.428165e+02
<TRANSP> 5
 0.000000e+00 1.000000e+00 0.000000e+00 0.000000e+00 0.000000e+00
 0.000000e+00 6.000000e-01 4.000000e-01 0.000000e+00 0.000000e+00
 0.000000e+00 0.000000e+00 6.000000e-01 4.000000e-01 0.000000e+00
 0.000000e+00 0.000000e+00 0.000000e+00 6.000000e-01 4.000000e-01
 0.000000e+00 0.000000e+00 0.000000e+00 0.000000e+00 0.000000e+00
<ENDHMM>
~h "Uu"
<BEGINHMM>
<NUMSTATES> 5
<STATE> 2
<MEAN> 39
 -7.011446e+00 7.821470e-01 1.136410e+00 1.278594e+00 -6.141710e+00 -2.854191e+00 -6.604067e+00 -7.449580e+00 -2.711087e+00 -6.600740e+00 -1.713196e+00 -1.490375e+00 7.124902e+01 4.880359e-04 4.877954e-04 1.459050e-03 4.783983e-05 1.116492e-03 1.125381e-03 5.293054e-04 -3.146993e-04 -1.760828e-03 -1.530108e-03 -3.846369e-04 5.777073e-04 2.734654e-03 -8.511554e-04 -2.498951e-04 -4.012436e-04 -1.289275e-04 -1.409025e-04 -2.119464e-04 -1.971339e-05 1.079518e-04 1.935347e-04 3.067801e-04 1.232817e-06 8.155217e-06 -3.234121e-03
<VARIANCE> 39
 1.155420e+02 4.314379e+01 6.459467e+01 7.894667e+01 1.016039e+02 7.560676e+01 8.266945e+01 6.783515e+01 5.984373e+01 6.206592e+01 5.267307e+01 5.820787e+01 2.871333e+02 6.246803e+00 3.001302e+00 3.752986e+00 3.991058e+00 5.991553e+00 4.214548e+00 4.492233e+00 4.544732e+00 4.154862e+00 4.084826e+00 3.330500e+00 2.815993e+00 5.912272e+00 8.553594e-01 5.373918e-01 6.650147e-01 6.622759e-01 9.903809e-01 7.431068e-01 7.878515e-01 8.097728e-01 7.774620e-01 7.281984e-01 6.159712e-01 5.123346e-01 9.486802e-01
<GCONST> 1.428165e+02
<STATE> 3
<MEAN> 39
 -7.011446e+00 7.821470e-01 1.136410e+00 1.278594e+00 -6.141710e+00 -2.854191e+00 -6.604067e+00 -7.449580e+00 -2.711087e+00 -6.600740e+00 -1.713196e+00 -1.490375e+00 7.124902e+01 4.880359e-04 4.877954e-04 1.459050e-03 4.783983e-05 1.116492e-03 1.125381e-03 5.293054e-04 -3.146993e-04 -1.760828e-03 -1.530108e-03 -3.846369e-04 5.777073e-04 2.734654e-03 -8.511554e-04 -2.498951e-04 -4.012436e-04 -1.289275e-04 -1.409025e-04 -2.119464e-04 -1.971339e-05 1.079518e-04 1.935347e-04 3.067801e-04 1.232817e-06 8.155217e-06 -3.234121e-03
<VARIANCE> 39
 1.155420e+02 4.314379e+01 6.459467e+01 7.894667e+01 1.016039e+02 7.560676e+01 8.266945e+01 6.783515e+01 5.984373e+01 6.206592e+01 5.267307e+01 5.820787e+01 2.871333e+02 6.246803e+00 3.001302e+00 3.752986e+00 3.991058e+00 5.991553e+00 4.214548e+00 4.492233e+00 4.544732e+00 4.154862e+00 4.084826e+00 3.330500e+00 2.815993e+00 5.912272e+00 8.553594e-01 5.373918e-01 6.650147e-01 6.622759e-01 9.903809e-01 7.431068e-01 7.878515e-01 8.097728e-01 7.774620e-01 7.281984e-01 6.159712e-01 5.123346e-01 9.486802e-01
<GCONST> 1.428165e+02
<STATE> 4
<MEAN> 39
 -7.011446e+00 7.821470e-01 1.136410e+00 1.278594e+00 -6.141710e+00 -2.854191e+00 -6.604067e+00 -7.449580e+00 -2.711087e+00 -6.600740e+00 -1.713196e+00 -1.490375e+00 7.124902e+01 4.880359e-04 4.877954e-04 1.459050e-03 4.783983e-05 1.116492e-03 1.125381e-03 5.293054e-04 -3.146993e-04 -1.760828e-03 -1.530108e-03 -3.846369e-04 5.777073e-04 2.734654e-03 -8.511554e-04 -2.498951e-04 -4.012436e-04 -1.289275e-04 -1.409025e-04 -2.119464e-04 -1.971339e-05 1.079518e-04 1.935347e-04 3.067801e-04 1.232817e-06 8.155217e-06 -3.234121e-03
<VARIANCE> 39
 1.155420e+02 4.314379e+01 6.459467e+01 7.894667e+01 1.016039e+02 7.560676e+01 8.266945e+01 6.783515e+01 5.984373e+01 6.206592e+01 5.267307e+01 5.820787e+01 2.871333e+02 6.246803e+00 3.001302e+00 3.752986e+00 3.991058e+00 5.991553e+00 4.214548e+00 4.492233e+00 4.544732e+00 4.154862e+00 4.084826e+00 3.330500e+00 2.815993e+00 5.912272e+00 8.553594e-01 5.373918e-01 6.650147e-01 6.622759e-01 9.903809e-01 7.431068e-01 7.878515e-01 8.097728e-01 7.774620e-01 7.281984e-01 6.159712e-01 5.123346e-01 9.486802e-01
<GCONST> 1.428165e+02
<TRANSP> 5
 0.000000e+00 1.000000e+00 0.000000e+00 0.000000e+00 0.000000e+00
 0.000000e+00 6.000000e-01 4.000000e-01 0.000000e+00 0.000000e+00
 0.000000e+00 0.000000e+00 6.000000e-01 4.000000e-01 0.000000e+00
 0.000000e+00 0.000000e+00 0.000000e+00 6.000000e-01 4.000000e-01
 0.000000e+00 0.000000e+00 0.000000e+00 0.000000e+00 0.000000e+00
<ENDHMM>
~h "W"
<BEGINHMM>
<NUMSTATES> 5
<STATE> 2
<MEAN> 39
 -7.011446e+00 7.821470e-01 1.136410e+00 1.278594e+00 -6.141710e+00 -2.854191e+00 -6.604067e+00 -7.449580e+00 -2.711087e+00 -6.600740e+00 -1.713196e+00 -1.490375e+00 7.124902e+01 4.880359e-04 4.877954e-04 1.459050e-03 4.783983e-05 1.116492e-03 1.125381e-03 5.293054e-04 -3.146993e-04 -1.760828e-03 -1.530108e-03 -3.846369e-04 5.777073e-04 2.734654e-03 -8.511554e-04 -2.498951e-04 -4.012436e-04 -1.289275e-04 -1.409025e-04 -2.119464e-04 -1.971339e-05 1.079518e-04 1.935347e-04 3.067801e-04 1.232817e-06 8.155217e-06 -3.234121e-03
<VARIANCE> 39
 1.155420e+02 4.314379e+01 6.459467e+01 7.894667e+01 1.016039e+02 7.560676e+01 8.266945e+01 6.783515e+01 5.984373e+01 6.206592e+01 5.267307e+01 5.820787e+01 2.871333e+02 6.246803e+00 3.001302e+00 3.752986e+00 3.991058e+00 5.991553e+00 4.214548e+00 4.492233e+00 4.544732e+00 4.154862e+00 4.084826e+00 3.330500e+00 2.815993e+00 5.912272e+00 8.553594e-01 5.373918e-01 6.650147e-01 6.622759e-01 9.903809e-01 7.431068e-01 7.878515e-01 8.097728e-01 7.774620e-01 7.281984e-01 6.159712e-01 5.123346e-01 9.486802e-01
<GCONST> 1.428165e+02
<STATE> 3
<MEAN> 39
 -7.011446e+00 7.821470e-01 1.136410e+00 1.278594e+00 -6.141710e+00 -2.854191e+00 -6.604067e+00 -7.449580e+00 -2.711087e+00 -6.600740e+00 -1.713196e+00 -1.490375e+00 7.124902e+01 4.880359e-04 4.877954e-04 1.459050e-03 4.783983e-05 1.116492e-03 1.125381e-03 5.293054e-04 -3.146993e-04 -1.760828e-03 -1.530108e-03 -3.846369e-04 5.777073e-04 2.734654e-03 -8.511554e-04 -2.498951e-04 -4.012436e-04 -1.289275e-04 -1.409025e-04 -2.119464e-04 -1.971339e-05 1.079518e-04 1.935347e-04 3.067801e-04 1.232817e-06 8.155217e-06 -3.234121e-03
<VARIANCE> 39
 1.155420e+02 4.314379e+01 6.459467e+01 7.894667e+01 1.016039e+02 7.560676e+01 8.266945e+01 6.783515e+01 5.984373e+01 6.206592e+01 5.267307e+01 5.820787e+01 2.871333e+02 6.246803e+00 3.001302e+00 3.752986e+00 3.991058e+00 5.991553e+00 4.214548e+00 4.492233e+00 4.544732e+00 4.154862e+00 4.084826e+00 3.330500e+00 2.815993e+00 5.912272e+00 8.553594e-01 5.373918e-01 6.650147e-01 6.622759e-01 9.903809e-01 7.431068e-01 7.878515e-01 8.097728e-01 7.774620e-01 7.281984e-01 6.159712e-01 5.123346e-01 9.486802e-01
<GCONST> 1.428165e+02
<STATE> 4
<MEAN> 39
 -7.011446e+00 7.821470e-01 1.136410e+00 1.278594e+00 -6.141710e+00 -2.854191e+00 -6.604067e+00 -7.449580e+00 -2.711087e+00 -6.600740e+00 -1.713196e+00 -1.490375e+00 7.124902e+01 4.880359e-04 4.877954e-04 1.459050e-03 4.783983e-05 1.116492e-03 1.125381e-03 5.293054e-04 -3.146993e-04 -1.760828e-03 -1.530108e-03 -3.846369e-04 5.777073e-04 2.734654e-03 -8.511554e-04 -2.498951e-04 -4.012436e-04 -1.289275e-04 -1.409025e-04 -2.119464e-04 -1.971339e-05 1.079518e-04 1.935347e-04 3.067801e-04 1.232817e-06 8.155217e-06 -3.234121e-03
<VARIANCE> 39
 1.155420e+02 4.314379e+01 6.459467e+01 7.894667e+01 1.016039e+02 7.560676e+01 8.266945e+01 6.783515e+01 5.984373e+01 6.206592e+01 5.267307e+01 5.820787e+01 2.871333e+02 6.246803e+00 3.001302e+00 3.752986e+00 3.991058e+00 5.991553e+00 4.214548e+00 4.492233e+00 4.544732e+00 4.154862e+00 4.084826e+00 3.330500e+00 2.815993e+00 5.912272e+00 8.553594e-01 5.373918e-01 6.650147e-01 6.622759e-01 9.903809e-01 7.431068e-01 7.878515e-01 8.097728e-01 7.774620e-01 7.281984e-01 6.159712e-01 5.123346e-01 9.486802e-01
<GCONST> 1.428165e+02
<TRANSP> 5
 0.000000e+00 1.000000e+00 0.000000e+00 0.000000e+00 0.000000e+00
 0.000000e+00 6.000000e-01 4.000000e-01 0.000000e+00 0.000000e+00
 0.000000e+00 0.000000e+00 6.000000e-01 4.000000e-01 0.000000e+00
 0.000000e+00 0.000000e+00 0.000000e+00 6.000000e-01 4.000000e-01
 0.000000e+00 0.000000e+00 0.000000e+00 0.000000e+00 0.000000e+00
<ENDHMM>
~h "Z"
<BEGINHMM>
<NUMSTATES> 5
<STATE> 2
<MEAN> 39
 -7.011446e+00 7.821470e-01 1.136410e+00 1.278594e+00 -6.141710e+00 -2.854191e+00 -6.604067e+00 -7.449580e+00 -2.711087e+00 -6.600740e+00 -1.713196e+00 -1.490375e+00 7.124902e+01 4.880359e-04 4.877954e-04 1.459050e-03 4.783983e-05 1.116492e-03 1.125381e-03 5.293054e-04 -3.146993e-04 -1.760828e-03 -1.530108e-03 -3.846369e-04 5.777073e-04 2.734654e-03 -8.511554e-04 -2.498951e-04 -4.012436e-04 -1.289275e-04 -1.409025e-04 -2.119464e-04 -1.971339e-05 1.079518e-04 1.935347e-04 3.067801e-04 1.232817e-06 8.155217e-06 -3.234121e-03
<VARIANCE> 39
 1.155420e+02 4.314379e+01 6.459467e+01 7.894667e+01 1.016039e+02 7.560676e+01 8.266945e+01 6.783515e+01 5.984373e+01 6.206592e+01 5.267307e+01 5.820787e+01 2.871333e+02 6.246803e+00 3.001302e+00 3.752986e+00 3.991058e+00 5.991553e+00 4.214548e+00 4.492233e+00 4.544732e+00 4.154862e+00 4.084826e+00 3.330500e+00 2.815993e+00 5.912272e+00 8.553594e-01 5.373918e-01 6.650147e-01 6.622759e-01 9.903809e-01 7.431068e-01 7.878515e-01 8.097728e-01 7.774620e-01 7.281984e-01 6.159712e-01 5.123346e-01 9.486802e-01
<GCONST> 1.428165e+02
<STATE> 3
<MEAN> 39
 -7.011446e+00 7.821470e-01 1.136410e+00 1.278594e+00 -6.141710e+00 -2.854191e+00 -6.604067e+00 -7.449580e+00 -2.711087e+00 -6.600740e+00 -1.713196e+00 -1.490375e+00 7.124902e+01 4.880359e-04 4.877954e-04 1.459050e-03 4.783983e-05 1.116492e-03 1.125381e-03 5.293054e-04 -3.146993e-04 -1.760828e-03 -1.530108e-03 -3.846369e-04 5.777073e-04 2.734654e-03 -8.511554e-04 -2.498951e-04 -4.012436e-04 -1.289275e-04 -1.409025e-04 -2.119464e-04 -1.971339e-05 1.079518e-04 1.935347e-04 3.067801e-04 1.232817e-06 8.155217e-06 -3.234121e-03
<VARIANCE> 39
 1.155420e+02 4.314379e+01 6.459467e+01 7.894667e+01 1.016039e+02 7.560676e+01 8.266945e+01 6.783515e+01 5.984373e+01 6.206592e+01 5.267307e+01 5.820787e+01 2.871333e+02 6.246803e+00 3.001302e+00 3.752986e+00 3.991058e+00 5.991553e+00 4.214548e+00 4.492233e+00 4.544732e+00 4.154862e+00 4.084826e+00 3.330500e+00 2.815993e+00 5.912272e+00 8.553594e-01 5.373918e-01 6.650147e-01 6.622759e-01 9.903809e-01 7.431068e-01 7.878515e-01 8.097728e-01 7.774620e-01 7.281984e-01 6.159712e-01 5.123346e-01 9.486802e-01
<GCONST> 1.428165e+02
<STATE> 4
<MEAN> 39
 -7.011446e+00 7.821470e-01 1.136410e+00 1.278594e+00 -6.141710e+00 -2.854191e+00 -6.604067e+00 -7.449580e+00 -2.711087e+00 -6.600740e+00 -1.713196e+00 -1.490375e+00 7.124902e+01 4.880359e-04 4.877954e-04 1.459050e-03 4.783983e-05 1.116492e-03 1.125381e-03 5.293054e-04 -3.146993e-04 -1.760828e-03 -1.530108e-03 -3.846369e-04 5.777073e-04 2.734654e-03 -8.511554e-04 -2.498951e-04 -4.012436e-04 -1.289275e-04 -1.409025e-04 -2.119464e-04 -1.971339e-05 1.079518e-04 1.935347e-04 3.067801e-04 1.232817e-06 8.155217e-06 -3.234121e-03
<VARIANCE> 39
 1.155420e+02 4.314379e+01 6.459467e+01 7.894667e+01 1.016039e+02 7.560676e+01 8.266945e+01 6.783515e+01 5.984373e+01 6.206592e+01 5.267307e+01 5.820787e+01 2.871333e+02 6.246803e+00 3.001302e+00 3.752986e+00 3.991058e+00 5.991553e+00 4.214548e+00 4.492233e+00 4.544732e+00 4.154862e+00 4.084826e+00 3.330500e+00 2.815993e+00 5.912272e+00 8.553594e-01 5.373918e-01 6.650147e-01 6.622759e-01 9.903809e-01 7.431068e-01 7.878515e-01 8.097728e-01 7.774620e-01 7.281984e-01 6.159712e-01 5.123346e-01 9.486802e-01
<GCONST> 1.428165e+02
<TRANSP> 5
 0.000000e+00 1.000000e+00 0.000000e+00 0.000000e+00 0.000000e+00
 0.000000e+00 6.000000e-01 4.000000e-01 0.000000e+00 0.000000e+00
 0.000000e+00 0.000000e+00 6.000000e-01 4.000000e-01 0.000000e+00
 0.000000e+00 0.000000e+00 0.000000e+00 6.000000e-01 4.000000e-01
 0.000000e+00 0.000000e+00 0.000000e+00 0.000000e+00 0.000000e+00
<ENDHMM>
~h "Z_pal"
<BEGINHMM>
<NUMSTATES> 5
<STATE> 2
<MEAN> 39
 -7.011446e+00 7.821470e-01 1.136410e+00 1.278594e+00 -6.141710e+00 -2.854191e+00 -6.604067e+00 -7.449580e+00 -2.711087e+00 -6.600740e+00 -1.713196e+00 -1.490375e+00 7.124902e+01 4.880359e-04 4.877954e-04 1.459050e-03 4.783983e-05 1.116492e-03 1.125381e-03 5.293054e-04 -3.146993e-04 -1.760828e-03 -1.530108e-03 -3.846369e-04 5.777073e-04 2.734654e-03 -8.511554e-04 -2.498951e-04 -4.012436e-04 -1.289275e-04 -1.409025e-04 -2.119464e-04 -1.971339e-05 1.079518e-04 1.935347e-04 3.067801e-04 1.232817e-06 8.155217e-06 -3.234121e-03
<VARIANCE> 39
 1.155420e+02 4.314379e+01 6.459467e+01 7.894667e+01 1.016039e+02 7.560676e+01 8.266945e+01 6.783515e+01 5.984373e+01 6.206592e+01 5.267307e+01 5.820787e+01 2.871333e+02 6.246803e+00 3.001302e+00 3.752986e+00 3.991058e+00 5.991553e+00 4.214548e+00 4.492233e+00 4.544732e+00 4.154862e+00 4.084826e+00 3.330500e+00 2.815993e+00 5.912272e+00 8.553594e-01 5.373918e-01 6.650147e-01 6.622759e-01 9.903809e-01 7.431068e-01 7.878515e-01 8.097728e-01 7.774620e-01 7.281984e-01 6.159712e-01 5.123346e-01 9.486802e-01
<GCONST> 1.428165e+02
<STATE> 3
<MEAN> 39
 -7.011446e+00 7.821470e-01 1.136410e+00 1.278594e+00 -6.141710e+00 -2.854191e+00 -6.604067e+00 -7.449580e+00 -2.711087e+00 -6.600740e+00 -1.713196e+00 -1.490375e+00 7.124902e+01 4.880359e-04 4.877954e-04 1.459050e-03 4.783983e-05 1.116492e-03 1.125381e-03 5.293054e-04 -3.146993e-04 -1.760828e-03 -1.530108e-03 -3.846369e-04 5.777073e-04 2.734654e-03 -8.511554e-04 -2.498951e-04 -4.012436e-04 -1.289275e-04 -1.409025e-04 -2.119464e-04 -1.971339e-05 1.079518e-04 1.935347e-04 3.067801e-04 1.232817e-06 8.155217e-06 -3.234121e-03
<VARIANCE> 39
 1.155420e+02 4.314379e+01 6.459467e+01 7.894667e+01 1.016039e+02 7.560676e+01 8.266945e+01 6.783515e+01 5.984373e+01 6.206592e+01 5.267307e+01 5.820787e+01 2.871333e+02 6.246803e+00 3.001302e+00 3.752986e+00 3.991058e+00 5.991553e+00 4.214548e+00 4.492233e+00 4.544732e+00 4.154862e+00 4.084826e+00 3.330500e+00 2.815993e+00 5.912272e+00 8.553594e-01 5.373918e-01 6.650147e-01 6.622759e-01 9.903809e-01 7.431068e-01 7.878515e-01 8.097728e-01 7.774620e-01 7.281984e-01 6.159712e-01 5.123346e-01 9.486802e-01
<GCONST> 1.428165e+02
<STATE> 4
<MEAN> 39
 -7.011446e+00 7.821470e-01 1.136410e+00 1.278594e+00 -6.141710e+00 -2.854191e+00 -6.604067e+00 -7.449580e+00 -2.711087e+00 -6.600740e+00 -1.713196e+00 -1.490375e+00 7.124902e+01 4.880359e-04 4.877954e-04 1.459050e-03 4.783983e-05 1.116492e-03 1.125381e-03 5.293054e-04 -3.146993e-04 -1.760828e-03 -1.530108e-03 -3.846369e-04 5.777073e-04 2.734654e-03 -8.511554e-04 -2.498951e-04 -4.012436e-04 -1.289275e-04 -1.409025e-04 -2.119464e-04 -1.971339e-05 1.079518e-04 1.935347e-04 3.067801e-04 1.232817e-06 8.155217e-06 -3.234121e-03
<VARIANCE> 39
 1.155420e+02 4.314379e+01 6.459467e+01 7.894667e+01 1.016039e+02 7.560676e+01 8.266945e+01 6.783515e+01 5.984373e+01 6.206592e+01 5.267307e+01 5.820787e+01 2.871333e+02 6.246803e+00 3.001302e+00 3.752986e+00 3.991058e+00 5.991553e+00 4.214548e+00 4.492233e+00 4.544732e+00 4.154862e+00 4.084826e+00 3.330500e+00 2.815993e+00 5.912272e+00 8.553594e-01 5.373918e-01 6.650147e-01 6.622759e-01 9.903809e-01 7.431068e-01 7.878515e-01 8.097728e-01 7.774620e-01 7.281984e-01 6.159712e-01 5.123346e-01 9.486802e-01
<GCONST> 1.428165e+02
<TRANSP> 5
 0.000000e+00 1.000000e+00 0.000000e+00 0.000000e+00 0.000000e+00
 0.000000e+00 6.000000e-01 4.000000e-01 0.000000e+00 0.000000e+00
 0.000000e+00 0.000000e+00 6.000000e-01 4.000000e-01 0.000000e+00
 0.000000e+00 0.000000e+00 0.000000e+00 6.000000e-01 4.000000e-01
 0.000000e+00 0.000000e+00 0.000000e+00 0.000000e+00 0.000000e+00
<ENDHMM>
~h "a"
<BEGINHMM>
<NUMSTATES> 5
<STATE> 2
<MEAN> 39
 -7.011446e+00 7.821470e-01 1.136410e+00 1.278594e+00 -6.141710e+00 -2.854191e+00 -6.604067e+00 -7.449580e+00 -2.711087e+00 -6.600740e+00 -1.713196e+00 -1.490375e+00 7.124902e+01 4.880359e-04 4.877954e-04 1.459050e-03 4.783983e-05 1.116492e-03 1.125381e-03 5.293054e-04 -3.146993e-04 -1.760828e-03 -1.530108e-03 -3.846369e-04 5.777073e-04 2.734654e-03 -8.511554e-04 -2.498951e-04 -4.012436e-04 -1.289275e-04 -1.409025e-04 -2.119464e-04 -1.971339e-05 1.079518e-04 1.935347e-04 3.067801e-04 1.232817e-06 8.155217e-06 -3.234121e-03
<VARIANCE> 39
 1.155420e+02 4.314379e+01 6.459467e+01 7.894667e+01 1.016039e+02 7.560676e+01 8.266945e+01 6.783515e+01 5.984373e+01 6.206592e+01 5.267307e+01 5.820787e+01 2.871333e+02 6.246803e+00 3.001302e+00 3.752986e+00 3.991058e+00 5.991553e+00 4.214548e+00 4.492233e+00 4.544732e+00 4.154862e+00 4.084826e+00 3.330500e+00 2.815993e+00 5.912272e+00 8.553594e-01 5.373918e-01 6.650147e-01 6.622759e-01 9.903809e-01 7.431068e-01 7.878515e-01 8.097728e-01 7.774620e-01 7.281984e-01 6.159712e-01 5.123346e-01 9.486802e-01
<GCONST> 1.428165e+02
<STATE> 3
<MEAN> 39
 -7.011446e+00 7.821470e-01 1.136410e+00 1.278594e+00 -6.141710e+00 -2.854191e+00 -6.604067e+00 -7.449580e+00 -2.711087e+00 -6.600740e+00 -1.713196e+00 -1.490375e+00 7.124902e+01 4.880359e-04 4.877954e-04 1.459050e-03 4.783983e-05 1.116492e-03 1.125381e-03 5.293054e-04 -3.146993e-04 -1.760828e-03 -1.530108e-03 -3.846369e-04 5.777073e-04 2.734654e-03 -8.511554e-04 -2.498951e-04 -4.012436e-04 -1.289275e-04 -1.409025e-04 -2.119464e-04 -1.971339e-05 1.079518e-04 1.935347e-04 3.067801e-04 1.232817e-06 8.155217e-06 -3.234121e-03
<VARIANCE> 39
 1.155420e+02 4.314379e+01 6.459467e+01 7.894667e+01 1.016039e+02 7.560676e+01 8.266945e+01 6.783515e+01 5.984373e+01 6.206592e+01 5.267307e+01 5.820787e+01 2.871333e+02 6.246803e+00 3.001302e+00 3.752986e+00 3.991058e+00 5.991553e+00 4.214548e+00 4.492233e+00 4.544732e+00 4.154862e+00 4.084826e+00 3.330500e+00 2.815993e+00 5.912272e+00 8.553594e-01 5.373918e-01 6.650147e-01 6.622759e-01 9.903809e-01 7.431068e-01 7.878515e-01 8.097728e-01 7.774620e-01 7.281984e-01 6.159712e-01 5.123346e-01 9.486802e-01
<GCONST> 1.428165e+02
<STATE> 4
<MEAN> 39
 -7.011446e+00 7.821470e-01 1.136410e+00 1.278594e+00 -6.141710e+00 -2.854191e+00 -6.604067e+00 -7.449580e+00 -2.711087e+00 -6.600740e+00 -1.713196e+00 -1.490375e+00 7.124902e+01 4.880359e-04 4.877954e-04 1.459050e-03 4.783983e-05 1.116492e-03 1.125381e-03 5.293054e-04 -3.146993e-04 -1.760828e-03 -1.530108e-03 -3.846369e-04 5.777073e-04 2.734654e-03 -8.511554e-04 -2.498951e-04 -4.012436e-04 -1.289275e-04 -1.409025e-04 -2.119464e-04 -1.971339e-05 1.079518e-04 1.935347e-04 3.067801e-04 1.232817e-06 8.155217e-06 -3.234121e-03
<VARIANCE> 39
 1.155420e+02 4.314379e+01 6.459467e+01 7.894667e+01 1.016039e+02 7.560676e+01 8.266945e+01 6.783515e+01 5.984373e+01 6.206592e+01 5.267307e+01 5.820787e+01 2.871333e+02 6.246803e+00 3.001302e+00 3.752986e+00 3.991058e+00 5.991553e+00 4.214548e+00 4.492233e+00 4.544732e+00 4.154862e+00 4.084826e+00 3.330500e+00 2.815993e+00 5.912272e+00 8.553594e-01 5.373918e-01 6.650147e-01 6.622759e-01 9.903809e-01 7.431068e-01 7.878515e-01 8.097728e-01 7.774620e-01 7.281984e-01 6.159712e-01 5.123346e-01 9.486802e-01
<GCONST> 1.428165e+02
<TRANSP> 5
 0.000000e+00 1.000000e+00 0.000000e+00 0.000000e+00 0.000000e+00
 0.000000e+00 6.000000e-01 4.000000e-01 0.000000e+00 0.000000e+00
 0.000000e+00 0.000000e+00 6.000000e-01 4.000000e-01 0.000000e+00
 0.000000e+00 0.000000e+00 0.000000e+00 6.000000e-01 4.000000e-01
 0.000000e+00 0.000000e+00 0.000000e+00 0.000000e+00 0.000000e+00
<ENDHMM>
~h "aA"
<BEGINHMM>
<NUMSTATES> 5
<STATE> 2
<MEAN> 39
 -7.011446e+00 7.821470e-01 1.136410e+00 1.278594e+00 -6.141710e+00 -2.854191e+00 -6.604067e+00 -7.449580e+00 -2.711087e+00 -6.600740e+00 -1.713196e+00 -1.490375e+00 7.124902e+01 4.880359e-04 4.877954e-04 1.459050e-03 4.783983e-05 1.116492e-03 1.125381e-03 5.293054e-04 -3.146993e-04 -1.760828e-03 -1.530108e-03 -3.846369e-04 5.777073e-04 2.734654e-03 -8.511554e-04 -2.498951e-04 -4.012436e-04 -1.289275e-04 -1.409025e-04 -2.119464e-04 -1.971339e-05 1.079518e-04 1.935347e-04 3.067801e-04 1.232817e-06 8.155217e-06 -3.234121e-03
<VARIANCE> 39
 1.155420e+02 4.314379e+01 6.459467e+01 7.894667e+01 1.016039e+02 7.560676e+01 8.266945e+01 6.783515e+01 5.984373e+01 6.206592e+01 5.267307e+01 5.820787e+01 2.871333e+02 6.246803e+00 3.001302e+00 3.752986e+00 3.991058e+00 5.991553e+00 4.214548e+00 4.492233e+00 4.544732e+00 4.154862e+00 4.084826e+00 3.330500e+00 2.815993e+00 5.912272e+00 8.553594e-01 5.373918e-01 6.650147e-01 6.622759e-01 9.903809e-01 7.431068e-01 7.878515e-01 8.097728e-01 7.774620e-01 7.281984e-01 6.159712e-01 5.123346e-01 9.486802e-01
<GCONST> 1.428165e+02
<STATE> 3
<MEAN> 39
 -7.011446e+00 7.821470e-01 1.136410e+00 1.278594e+00 -6.141710e+00 -2.854191e+00 -6.604067e+00 -7.449580e+00 -2.711087e+00 -6.600740e+00 -1.713196e+00 -1.490375e+00 7.124902e+01 4.880359e-04 4.877954e-04 1.459050e-03 4.783983e-05 1.116492e-03 1.125381e-03 5.293054e-04 -3.146993e-04 -1.760828e-03 -1.530108e-03 -3.846369e-04 5.777073e-04 2.734654e-03 -8.511554e-04 -2.498951e-04 -4.012436e-04 -1.289275e-04 -1.409025e-04 -2.119464e-04 -1.971339e-05 1.079518e-04 1.935347e-04 3.067801e-04 1.232817e-06 8.155217e-06 -3.234121e-03
<VARIANCE> 39
 1.155420e+02 4.314379e+01 6.459467e+01 7.894667e+01 1.016039e+02 7.560676e+01 8.266945e+01 6.783515e+01 5.984373e+01 6.206592e+01 5.267307e+01 5.820787e+01 2.871333e+02 6.246803e+00 3.001302e+00 3.752986e+00 3.991058e+00 5.991553e+00 4.214548e+00 4.492233e+00 4.544732e+00 4.154862e+00 4.084826e+00 3.330500e+00 2.815993e+00 5.912272e+00 8.553594e-01 5.373918e-01 6.650147e-01 6.622759e-01 9.903809e-01 7.431068e-01 7.878515e-01 8.097728e-01 7.774620e-01 7.281984e-01 6.159712e-01 5.123346e-01 9.486802e-01
<GCONST> 1.428165e+02
<STATE> 4
<MEAN> 39
 -7.011446e+00 7.821470e-01 1.136410e+00 1.278594e+00 -6.141710e+00 -2.854191e+00 -6.604067e+00 -7.449580e+00 -2.711087e+00 -6.600740e+00 -1.713196e+00 -1.490375e+00 7.124902e+01 4.880359e-04 4.877954e-04 1.459050e-03 4.783983e-05 1.116492e-03 1.125381e-03 5.293054e-04 -3.146993e-04 -1.760828e-03 -1.530108e-03 -3.846369e-04 5.777073e-04 2.734654e-03 -8.511554e-04 -2.498951e-04 -4.012436e-04 -1.289275e-04 -1.409025e-04 -2.119464e-04 -1.971339e-05 1.079518e-04 1.935347e-04 3.067801e-04 1.232817e-06 8.155217e-06 -3.234121e-03
<VARIANCE> 39
 1.155420e+02 4.314379e+01 6.459467e+01 7.894667e+01 1.016039e+02 7.560676e+01 8.266945e+01 6.783515e+01 5.984373e+01 6.206592e+01 5.267307e+01 5.820787e+01 2.871333e+02 6.246803e+00 3.001302e+00 3.752986e+00 3.991058e+00 5.991553e+00 4.214548e+00 4.492233e+00 4.544732e+00 4.154862e+00 4.084826e+00 3.330500e+00 2.815993e+00 5.912272e+00 8.553594e-01 5.373918e-01 6.650147e-01 6.622759e-01 9.903809e-01 7.431068e-01 7.878515e-01 8.097728e-01 7.774620e-01 7.281984e-01 6.159712e-01 5.123346e-01 9.486802e-01
<GCONST> 1.428165e+02
<TRANSP> 5
 0.000000e+00 1.000000e+00 0.000000e+00 0.000000e+00 0.000000e+00
 0.000000e+00 6.000000e-01 4.000000e-01 0.000000e+00 0.000000e+00
 0.000000e+00 0.000000e+00 6.000000e-01 4.000000e-01 0.000000e+00
 0.000000e+00 0.000000e+00 0.000000e+00 6.000000e-01 4.000000e-01
 0.000000e+00 0.000000e+00 0.000000e+00 0.000000e+00 0.000000e+00
<ENDHMM>
~h "aa"
<BEGINHMM>
<NUMSTATES> 5
<STATE> 2
<MEAN> 39
 -7.011446e+00 7.821470e-01 1.136410e+00 1.278594e+00 -6.141710e+00 -2.854191e+00 -6.604067e+00 -7.449580e+00 -2.711087e+00 -6.600740e+00 -1.713196e+00 -1.490375e+00 7.124902e+01 4.880359e-04 4.877954e-04 1.459050e-03 4.783983e-05 1.116492e-03 1.125381e-03 5.293054e-04 -3.146993e-04 -1.760828e-03 -1.530108e-03 -3.846369e-04 5.777073e-04 2.734654e-03 -8.511554e-04 -2.498951e-04 -4.012436e-04 -1.289275e-04 -1.409025e-04 -2.119464e-04 -1.971339e-05 1.079518e-04 1.935347e-04 3.067801e-04 1.232817e-06 8.155217e-06 -3.234121e-03
<VARIANCE> 39
 1.155420e+02 4.314379e+01 6.459467e+01 7.894667e+01 1.016039e+02 7.560676e+01 8.266945e+01 6.783515e+01 5.984373e+01 6.206592e+01 5.267307e+01 5.820787e+01 2.871333e+02 6.246803e+00 3.001302e+00 3.752986e+00 3.991058e+00 5.991553e+00 4.214548e+00 4.492233e+00 4.544732e+00 4.154862e+00 4.084826e+00 3.330500e+00 2.815993e+00 5.912272e+00 8.553594e-01 5.373918e-01 6.650147e-01 6.622759e-01 9.903809e-01 7.431068e-01 7.878515e-01 8.097728e-01 7.774620e-01 7.281984e-01 6.159712e-01 5.123346e-01 9.486802e-01
<GCONST> 1.428165e+02
<STATE> 3
<MEAN> 39
 -7.011446e+00 7.821470e-01 1.136410e+00 1.278594e+00 -6.141710e+00 -2.854191e+00 -6.604067e+00 -7.449580e+00 -2.711087e+00 -6.600740e+00 -1.713196e+00 -1.490375e+00 7.124902e+01 4.880359e-04 4.877954e-04 1.459050e-03 4.783983e-05 1.116492e-03 1.125381e-03 5.293054e-04 -3.146993e-04 -1.760828e-03 -1.530108e-03 -3.846369e-04 5.777073e-04 2.734654e-03 -8.511554e-04 -2.498951e-04 -4.012436e-04 -1.289275e-04 -1.409025e-04 -2.119464e-04 -1.971339e-05 1.079518e-04 1.935347e-04 3.067801e-04 1.232817e-06 8.155217e-06 -3.234121e-03
<VARIANCE> 39
 1.155420e+02 4.314379e+01 6.459467e+01 7.894667e+01 1.016039e+02 7.560676e+01 8.266945e+01 6.783515e+01 5.984373e+01 6.206592e+01 5.267307e+01 5.820787e+01 2.871333e+02 6.246803e+00 3.001302e+00 3.752986e+00 3.991058e+00 5.991553e+00 4.214548e+00 4.492233e+00 4.544732e+00 4.154862e+00 4.084826e+00 3.330500e+00 2.815993e+00 5.912272e+00 8.553594e-01 5.373918e-01 6.650147e-01 6.622759e-01 9.903809e-01 7.431068e-01 7.878515e-01 8.097728e-01 7.774620e-01 7.281984e-01 6.159712e-01 5.123346e-01 9.486802e-01
<GCONST> 1.428165e+02
<STATE> 4
<MEAN> 39
 -7.011446e+00 7.821470e-01 1.136410e+00 1.278594e+00 -6.141710e+00 -2.854191e+00 -6.604067e+00 -7.449580e+00 -2.711087e+00 -6.600740e+00 -1.713196e+00 -1.490375e+00 7.124902e+01 4.880359e-04 4.877954e-04 1.459050e-03 4.783983e-05 1.116492e-03 1.125381e-03 5.293054e-04 -3.146993e-04 -1.760828e-03 -1.530108e-03 -3.846369e-04 5.777073e-04 2.734654e-03 -8.511554e-04 -2.498951e-04 -4.012436e-04 -1.289275e-04 -1.409025e-04 -2.119464e-04 -1.971339e-05 1.079518e-04 1.935347e-04 3.067801e-04 1.232817e-06 8.155217e-06 -3.234121e-03
<VARIANCE> 39
 1.155420e+02 4.314379e+01 6.459467e+01 7.894667e+01 1.016039e+02 7.560676e+01 8.266945e+01 6.783515e+01 5.984373e+01 6.206592e+01 5.267307e+01 5.820787e+01 2.871333e+02 6.246803e+00 3.001302e+00 3.752986e+00 3.991058e+00 5.991553e+00 4.214548e+00 4.492233e+00 4.544732e+00 4.154862e+00 4.084826e+00 3.330500e+00 2.815993e+00 5.912272e+00 8.553594e-01 5.373918e-01 6.650147e-01 6.622759e-01 9.903809e-01 7.431068e-01 7.878515e-01 8.097728e-01 7.774620e-01 7.281984e-01 6.159712e-01 5.123346e-01 9.486802e-01
<GCONST> 1.428165e+02
<TRANSP> 5
 0.000000e+00 1.000000e+00 0.000000e+00 0.000000e+00 0.000000e+00
 0.000000e+00 6.000000e-01 4.000000e-01 0.000000e+00 0.000000e+00
 0.000000e+00 0.000000e+00 6.000000e-01 4.000000e-01 0.000000e+00
 0.000000e+00 0.000000e+00 0.000000e+00 6.000000e-01 4.000000e-01
 0.000000e+00 0.000000e+00 0.000000e+00 0.000000e+00 0.000000e+00
<ENDHMM>
~h "b"
<BEGINHMM>
<NUMSTATES> 5
<STATE> 2
<MEAN> 39
 -7.011446e+00 7.821470e-01 1.136410e+00 1.278594e+00 -6.141710e+00 -2.854191e+00 -6.604067e+00 -7.449580e+00 -2.711087e+00 -6.600740e+00 -1.713196e+00 -1.490375e+00 7.124902e+01 4.880359e-04 4.877954e-04 1.459050e-03 4.783983e-05 1.116492e-03 1.125381e-03 5.293054e-04 -3.146993e-04 -1.760828e-03 -1.530108e-03 -3.846369e-04 5.777073e-04 2.734654e-03 -8.511554e-04 -2.498951e-04 -4.012436e-04 -1.289275e-04 -1.409025e-04 -2.119464e-04 -1.971339e-05 1.079518e-04 1.935347e-04 3.067801e-04 1.232817e-06 8.155217e-06 -3.234121e-03
<VARIANCE> 39
 1.155420e+02 4.314379e+01 6.459467e+01 7.894667e+01 1.016039e+02 7.560676e+01 8.266945e+01 6.783515e+01 5.984373e+01 6.206592e+01 5.267307e+01 5.820787e+01 2.871333e+02 6.246803e+00 3.001302e+00 3.752986e+00 3.991058e+00 5.991553e+00 4.214548e+00 4.492233e+00 4.544732e+00 4.154862e+00 4.084826e+00 3.330500e+00 2.815993e+00 5.912272e+00 8.553594e-01 5.373918e-01 6.650147e-01 6.622759e-01 9.903809e-01 7.431068e-01 7.878515e-01 8.097728e-01 7.774620e-01 7.281984e-01 6.159712e-01 5.123346e-01 9.486802e-01
<GCONST> 1.428165e+02
<STATE> 3
<MEAN> 39
 -7.011446e+00 7.821470e-01 1.136410e+00 1.278594e+00 -6.141710e+00 -2.854191e+00 -6.604067e+00 -7.449580e+00 -2.711087e+00 -6.600740e+00 -1.713196e+00 -1.490375e+00 7.124902e+01 4.880359e-04 4.877954e-04 1.459050e-03 4.783983e-05 1.116492e-03 1.125381e-03 5.293054e-04 -3.146993e-04 -1.760828e-03 -1.530108e-03 -3.846369e-04 5.777073e-04 2.734654e-03 -8.511554e-04 -2.498951e-04 -4.012436e-04 -1.289275e-04 -1.409025e-04 -2.119464e-04 -1.971339e-05 1.079518e-04 1.935347e-04 3.067801e-04 1.232817e-06 8.155217e-06 -3.234121e-03
<VARIANCE> 39
 1.155420e+02 4.314379e+01 6.459467e+01 7.894667e+01 1.016039e+02 7.560676e+01 8.266945e+01 6.783515e+01 5.984373e+01 6.206592e+01 5.267307e+01 5.820787e+01 2.871333e+02 6.246803e+00 3.001302e+00 3.752986e+00 3.991058e+00 5.991553e+00 4.214548e+00 4.492233e+00 4.544732e+00 4.154862e+00 4.084826e+00 3.330500e+00 2.815993e+00 5.912272e+00 8.553594e-01 5.373918e-01 6.650147e-01 6.622759e-01 9.903809e-01 7.431068e-01 7.878515e-01 8.097728e-01 7.774620e-01 7.281984e-01 6.159712e-01 5.123346e-01 9.486802e-01
<GCONST> 1.428165e+02
<STATE> 4
<MEAN> 39
 -7.011446e+00 7.821470e-01 1.136410e+00 1.278594e+00 -6.141710e+00 -2.854191e+00 -6.604067e+00 -7.449580e+00 -2.711087e+00 -6.600740e+00 -1.713196e+00 -1.490375e+00 7.124902e+01 4.880359e-04 4.877954e-04 1.459050e-03 4.783983e-05 1.116492e-03 1.125381e-03 5.293054e-04 -3.146993e-04 -1.760828e-03 -1.530108e-03 -3.846369e-04 5.777073e-04 2.734654e-03 -8.511554e-04 -2.498951e-04 -4.012436e-04 -1.289275e-04 -1.409025e-04 -2.119464e-04 -1.971339e-05 1.079518e-04 1.935347e-04 3.067801e-04 1.232817e-06 8.155217e-06 -3.234121e-03
<VARIANCE> 39
 1.155420e+02 4.314379e+01 6.459467e+01 7.894667e+01 1.016039e+02 7.560676e+01 8.266945e+01 6.783515e+01 5.984373e+01 6.206592e+01 5.267307e+01 5.820787e+01 2.871333e+02 6.246803e+00 3.001302e+00 3.752986e+00 3.991058e+00 5.991553e+00 4.214548e+00 4.492233e+00 4.544732e+00 4.154862e+00 4.084826e+00 3.330500e+00 2.815993e+00 5.912272e+00 8.553594e-01 5.373918e-01 6.650147e-01 6.622759e-01 9.903809e-01 7.431068e-01 7.878515e-01 8.097728e-01 7.774620e-01 7.281984e-01 6.159712e-01 5.123346e-01 9.486802e-01
<GCONST> 1.428165e+02
<TRANSP> 5
 0.000000e+00 1.000000e+00 0.000000e+00 0.000000e+00 0.000000e+00
 0.000000e+00 6.000000e-01 4.000000e-01 0.000000e+00 0.000000e+00
 0.000000e+00 0.000000e+00 6.000000e-01 4.000000e-01 0.000000e+00
 0.000000e+00 0.000000e+00 0.000000e+00 6.000000e-01 4.000000e-01
 0.000000e+00 0.000000e+00 0.000000e+00 0.000000e+00 0.000000e+00
<ENDHMM>
~h "b_pal"
<BEGINHMM>
<NUMSTATES> 5
<STATE> 2
<MEAN> 39
 -7.011446e+00 7.821470e-01 1.136410e+00 1.278594e+00 -6.141710e+00 -2.854191e+00 -6.604067e+00 -7.449580e+00 -2.711087e+00 -6.600740e+00 -1.713196e+00 -1.490375e+00 7.124902e+01 4.880359e-04 4.877954e-04 1.459050e-03 4.783983e-05 1.116492e-03 1.125381e-03 5.293054e-04 -3.146993e-04 -1.760828e-03 -1.530108e-03 -3.846369e-04 5.777073e-04 2.734654e-03 -8.511554e-04 -2.498951e-04 -4.012436e-04 -1.289275e-04 -1.409025e-04 -2.119464e-04 -1.971339e-05 1.079518e-04 1.935347e-04 3.067801e-04 1.232817e-06 8.155217e-06 -3.234121e-03
<VARIANCE> 39
 1.155420e+02 4.314379e+01 6.459467e+01 7.894667e+01 1.016039e+02 7.560676e+01 8.266945e+01 6.783515e+01 5.984373e+01 6.206592e+01 5.267307e+01 5.820787e+01 2.871333e+02 6.246803e+00 3.001302e+00 3.752986e+00 3.991058e+00 5.991553e+00 4.214548e+00 4.492233e+00 4.544732e+00 4.154862e+00 4.084826e+00 3.330500e+00 2.815993e+00 5.912272e+00 8.553594e-01 5.373918e-01 6.650147e-01 6.622759e-01 9.903809e-01 7.431068e-01 7.878515e-01 8.097728e-01 7.774620e-01 7.281984e-01 6.159712e-01 5.123346e-01 9.486802e-01
<GCONST> 1.428165e+02
<STATE> 3
<MEAN> 39
 -7.011446e+00 7.821470e-01 1.136410e+00 1.278594e+00 -6.141710e+00 -2.854191e+00 -6.604067e+00 -7.449580e+00 -2.711087e+00 -6.600740e+00 -1.713196e+00 -1.490375e+00 7.124902e+01 4.880359e-04 4.877954e-04 1.459050e-03 4.783983e-05 1.116492e-03 1.125381e-03 5.293054e-04 -3.146993e-04 -1.760828e-03 -1.530108e-03 -3.846369e-04 5.777073e-04 2.734654e-03 -8.511554e-04 -2.498951e-04 -4.012436e-04 -1.289275e-04 -1.409025e-04 -2.119464e-04 -1.971339e-05 1.079518e-04 1.935347e-04 3.067801e-04 1.232817e-06 8.155217e-06 -3.234121e-03
<VARIANCE> 39
 1.155420e+02 4.314379e+01 6.459467e+01 7.894667e+01 1.016039e+02 7.560676e+01 8.266945e+01 6.783515e+01 5.984373e+01 6.206592e+01 5.267307e+01 5.820787e+01 2.871333e+02 6.246803e+00 3.001302e+00 3.752986e+00 3.991058e+00 5.991553e+00 4.214548e+00 4.492233e+00 4.544732e+00 4.154862e+00 4.084826e+00 3.330500e+00 2.815993e+00 5.912272e+00 8.553594e-01 5.373918e-01 6.650147e-01 6.622759e-01 9.903809e-01 7.431068e-01 7.878515e-01 8.097728e-01 7.774620e-01 7.281984e-01 6.159712e-01 5.123346e-01 9.486802e-01
<GCONST> 1.428165e+02
<STATE> 4
<MEAN> 39
 -7.011446e+00 7.821470e-01 1.136410e+00 1.278594e+00 -6.141710e+00 -2.854191e+00 -6.604067e+00 -7.449580e+00 -2.711087e+00 -6.600740e+00 -1.713196e+00 -1.490375e+00 7.124902e+01 4.880359e-04 4.877954e-04 1.459050e-03 4.783983e-05 1.116492e-03 1.125381e-03 5.293054e-04 -3.146993e-04 -1.760828e-03 -1.530108e-03 -3.846369e-04 5.777073e-04 2.734654e-03 -8.511554e-04 -2.498951e-04 -4.012436e-04 -1.289275e-04 -1.409025e-04 -2.119464e-04 -1.971339e-05 1.079518e-04 1.935347e-04 3.067801e-04 1.232817e-06 8.155217e-06 -3.234121e-03
<VARIANCE> 39
 1.155420e+02 4.314379e+01 6.459467e+01 7.894667e+01 1.016039e+02 7.560676e+01 8.266945e+01 6.783515e+01 5.984373e+01 6.206592e+01 5.267307e+01 5.820787e+01 2.871333e+02 6.246803e+00 3.001302e+00 3.752986e+00 3.991058e+00 5.991553e+00 4.214548e+00 4.492233e+00 4.544732e+00 4.154862e+00 4.084826e+00 3.330500e+00 2.815993e+00 5.912272e+00 8.553594e-01 5.373918e-01 6.650147e-01 6.622759e-01 9.903809e-01 7.431068e-01 7.878515e-01 8.097728e-01 7.774620e-01 7.281984e-01 6.159712e-01 5.123346e-01 9.486802e-01
<GCONST> 1.428165e+02
<TRANSP> 5
 0.000000e+00 1.000000e+00 0.000000e+00 0.000000e+00 0.000000e+00
 0.000000e+00 6.000000e-01 4.000000e-01 0.000000e+00 0.000000e+00
 0.000000e+00 0.000000e+00 6.000000e-01 4.000000e-01 0.000000e+00
 0.000000e+00 0.000000e+00 0.000000e+00 6.000000e-01 4.000000e-01
 0.000000e+00 0.000000e+00 0.000000e+00 0.000000e+00 0.000000e+00
<ENDHMM>
~h "d"
<BEGINHMM>
<NUMSTATES> 5
<STATE> 2
<MEAN> 39
 -7.011446e+00 7.821470e-01 1.136410e+00 1.278594e+00 -6.141710e+00 -2.854191e+00 -6.604067e+00 -7.449580e+00 -2.711087e+00 -6.600740e+00 -1.713196e+00 -1.490375e+00 7.124902e+01 4.880359e-04 4.877954e-04 1.459050e-03 4.783983e-05 1.116492e-03 1.125381e-03 5.293054e-04 -3.146993e-04 -1.760828e-03 -1.530108e-03 -3.846369e-04 5.777073e-04 2.734654e-03 -8.511554e-04 -2.498951e-04 -4.012436e-04 -1.289275e-04 -1.409025e-04 -2.119464e-04 -1.971339e-05 1.079518e-04 1.935347e-04 3.067801e-04 1.232817e-06 8.155217e-06 -3.234121e-03
<VARIANCE> 39
 1.155420e+02 4.314379e+01 6.459467e+01 7.894667e+01 1.016039e+02 7.560676e+01 8.266945e+01 6.783515e+01 5.984373e+01 6.206592e+01 5.267307e+01 5.820787e+01 2.871333e+02 6.246803e+00 3.001302e+00 3.752986e+00 3.991058e+00 5.991553e+00 4.214548e+00 4.492233e+00 4.544732e+00 4.154862e+00 4.084826e+00 3.330500e+00 2.815993e+00 5.912272e+00 8.553594e-01 5.373918e-01 6.650147e-01 6.622759e-01 9.903809e-01 7.431068e-01 7.878515e-01 8.097728e-01 7.774620e-01 7.281984e-01 6.159712e-01 5.123346e-01 9.486802e-01
<GCONST> 1.428165e+02
<STATE> 3
<MEAN> 39
 -7.011446e+00 7.821470e-01 1.136410e+00 1.278594e+00 -6.141710e+00 -2.854191e+00 -6.604067e+00 -7.449580e+00 -2.711087e+00 -6.600740e+00 -1.713196e+00 -1.490375e+00 7.124902e+01 4.880359e-04 4.877954e-04 1.459050e-03 4.783983e-05 1.116492e-03 1.125381e-03 5.293054e-04 -3.146993e-04 -1.760828e-03 -1.530108e-03 -3.846369e-04 5.777073e-04 2.734654e-03 -8.511554e-04 -2.498951e-04 -4.012436e-04 -1.289275e-04 -1.409025e-04 -2.119464e-04 -1.971339e-05 1.079518e-04 1.935347e-04 3.067801e-04 1.232817e-06 8.155217e-06 -3.234121e-03
<VARIANCE> 39
 1.155420e+02 4.314379e+01 6.459467e+01 7.894667e+01 1.016039e+02 7.560676e+01 8.266945e+01 6.783515e+01 5.984373e+01 6.206592e+01 5.267307e+01 5.820787e+01 2.871333e+02 6.246803e+00 3.001302e+00 3.752986e+00 3.991058e+00 5.991553e+00 4.214548e+00 4.492233e+00 4.544732e+00 4.154862e+00 4.084826e+00 3.330500e+00 2.815993e+00 5.912272e+00 8.553594e-01 5.373918e-01 6.650147e-01 6.622759e-01 9.903809e-01 7.431068e-01 7.878515e-01 8.097728e-01 7.774620e-01 7.281984e-01 6.159712e-01 5.123346e-01 9.486802e-01
<GCONST> 1.428165e+02
<STATE> 4
<MEAN> 39
 -7.011446e+00 7.821470e-01 1.136410e+00 1.278594e+00 -6.141710e+00 -2.854191e+00 -6.604067e+00 -7.449580e+00 -2.711087e+00 -6.600740e+00 -1.713196e+00 -1.490375e+00 7.124902e+01 4.880359e-04 4.877954e-04 1.459050e-03 4.783983e-05 1.116492e-03 1.125381e-03 5.293054e-04 -3.146993e-04 -1.760828e-03 -1.530108e-03 -3.846369e-04 5.777073e-04 2.734654e-03 -8.511554e-04 -2.498951e-04 -4.012436e-04 -1.289275e-04 -1.409025e-04 -2.119464e-04 -1.971339e-05 1.079518e-04 1.935347e-04 3.067801e-04 1.232817e-06 8.155217e-06 -3.234121e-03
<VARIANCE> 39
 1.155420e+02 4.314379e+01 6.459467e+01 7.894667e+01 1.016039e+02 7.560676e+01 8.266945e+01 6.783515e+01 5.984373e+01 6.206592e+01 5.267307e+01 5.820787e+01 2.871333e+02 6.246803e+00 3.001302e+00 3.752986e+00 3.991058e+00 5.991553e+00 4.214548e+00 4.492233e+00 4.544732e+00 4.154862e+00 4.084826e+00 3.330500e+00 2.815993e+00 5.912272e+00 8.553594e-01 5.373918e-01 6.650147e-01 6.622759e-01 9.903809e-01 7.431068e-01 7.878515e-01 8.097728e-01 7.774620e-01 7.281984e-01 6.159712e-01 5.123346e-01 9.486802e-01
<GCONST> 1.428165e+02
<TRANSP> 5
 0.000000e+00 1.000000e+00 0.000000e+00 0.000000e+00 0.000000e+00
 0.000000e+00 6.000000e-01 4.000000e-01 0.000000e+00 0.000000e+00
 0.000000e+00 0.000000e+00 6.000000e-01 4.000000e-01 0.000000e+00
 0.000000e+00 0.000000e+00 0.000000e+00 6.000000e-01 4.000000e-01
 0.000000e+00 0.000000e+00 0.000000e+00 0.000000e+00 0.000000e+00
<ENDHMM>
~h "dZ"
<BEGINHMM>
<NUMSTATES> 5
<STATE> 2
<MEAN> 39
 -7.011446e+00 7.821470e-01 1.136410e+00 1.278594e+00 -6.141710e+00 -2.854191e+00 -6.604067e+00 -7.449580e+00 -2.711087e+00 -6.600740e+00 -1.713196e+00 -1.490375e+00 7.124902e+01 4.880359e-04 4.877954e-04 1.459050e-03 4.783983e-05 1.116492e-03 1.125381e-03 5.293054e-04 -3.146993e-04 -1.760828e-03 -1.530108e-03 -3.846369e-04 5.777073e-04 2.734654e-03 -8.511554e-04 -2.498951e-04 -4.012436e-04 -1.289275e-04 -1.409025e-04 -2.119464e-04 -1.971339e-05 1.079518e-04 1.935347e-04 3.067801e-04 1.232817e-06 8.155217e-06 -3.234121e-03
<VARIANCE> 39
 1.155420e+02 4.314379e+01 6.459467e+01 7.894667e+01 1.016039e+02 7.560676e+01 8.266945e+01 6.783515e+01 5.984373e+01 6.206592e+01 5.267307e+01 5.820787e+01 2.871333e+02 6.246803e+00 3.001302e+00 3.752986e+00 3.991058e+00 5.991553e+00 4.214548e+00 4.492233e+00 4.544732e+00 4.154862e+00 4.084826e+00 3.330500e+00 2.815993e+00 5.912272e+00 8.553594e-01 5.373918e-01 6.650147e-01 6.622759e-01 9.903809e-01 7.431068e-01 7.878515e-01 8.097728e-01 7.774620e-01 7.281984e-01 6.159712e-01 5.123346e-01 9.486802e-01
<GCONST> 1.428165e+02
<STATE> 3
<MEAN> 39
 -7.011446e+00 7.821470e-01 1.136410e+00 1.278594e+00 -6.141710e+00 -2.854191e+00 -6.604067e+00 -7.449580e+00 -2.711087e+00 -6.600740e+00 -1.713196e+00 -1.490375e+00 7.124902e+01 4.880359e-04 4.877954e-04 1.459050e-03 4.783983e-05 1.116492e-03 1.125381e-03 5.293054e-04 -3.146993e-04 -1.760828e-03 -1.530108e-03 -3.846369e-04 5.777073e-04 2.734654e-03 -8.511554e-04 -2.498951e-04 -4.012436e-04 -1.289275e-04 -1.409025e-04 -2.119464e-04 -1.971339e-05 1.079518e-04 1.935347e-04 3.067801e-04 1.232817e-06 8.155217e-06 -3.234121e-03
<VARIANCE> 39
 1.155420e+02 4.314379e+01 6.459467e+01 7.894667e+01 1.016039e+02 7.560676e+01 8.266945e+01 6.783515e+01 5.984373e+01 6.206592e+01 5.267307e+01 5.820787e+01 2.871333e+02 6.246803e+00 3.001302e+00 3.752986e+00 3.991058e+00 5.991553e+00 4.214548e+00 4.492233e+00 4.544732e+00 4.154862e+00 4.084826e+00 3.330500e+00 2.815993e+00 5.912272e+00 8.553594e-01 5.373918e-01 6.650147e-01 6.622759e-01 9.903809e-01 7.431068e-01 7.878515e-01 8.097728e-01 7.774620e-01 7.281984e-01 6.159712e-01 5.123346e-01 9.486802e-01
<GCONST> 1.428165e+02
<STATE> 4
<MEAN> 39
 -7.011446e+00 7.821470e-01 1.136410e+00 1.278594e+00 -6.141710e+00 -2.854191e+00 -6.604067e+00 -7.449580e+00 -2.711087e+00 -6.600740e+00 -1.713196e+00 -1.490375e+00 7.124902e+01 4.880359e-04 4.877954e-04 1.459050e-03 4.783983e-05 1.116492e-03 1.125381e-03 5.293054e-04 -3.146993e-04 -1.760828e-03 -1.530108e-03 -3.846369e-04 5.777073e-04 2.734654e-03 -8.511554e-04 -2.498951e-04 -4.012436e-04 -1.289275e-04 -1.409025e-04 -2.119464e-04 -1.971339e-05 1.079518e-04 1.935347e-04 3.067801e-04 1.232817e-06 8.155217e-06 -3.234121e-03
<VARIANCE> 39
 1.155420e+02 4.314379e+01 6.459467e+01 7.894667e+01 1.016039e+02 7.560676e+01 8.266945e+01 6.783515e+01 5.984373e+01 6.206592e+01 5.267307e+01 5.820787e+01 2.871333e+02 6.246803e+00 3.001302e+00 3.752986e+00 3.991058e+00 5.991553e+00 4.214548e+00 4.492233e+00 4.544732e+00 4.154862e+00 4.084826e+00 3.330500e+00 2.815993e+00 5.912272e+00 8.553594e-01 5.373918e-01 6.650147e-01 6.622759e-01 9.903809e-01 7.431068e-01 7.878515e-01 8.097728e-01 7.774620e-01 7.281984e-01 6.159712e-01 5.123346e-01 9.486802e-01
<GCONST> 1.428165e+02
<TRANSP> 5
 0.000000e+00 1.000000e+00 0.000000e+00 0.000000e+00 0.000000e+00
 0.000000e+00 6.000000e-01 4.000000e-01 0.000000e+00 0.000000e+00
 0.000000e+00 0.000000e+00 6.000000e-01 4.000000e-01 0.000000e+00
 0.000000e+00 0.000000e+00 0.000000e+00 6.000000e-01 4.000000e-01
 0.000000e+00 0.000000e+00 0.000000e+00 0.000000e+00 0.000000e+00
<ENDHMM>
~h "dZ_pal"
<BEGINHMM>
<NUMSTATES> 5
<STATE> 2
<MEAN> 39
 -7.011446e+00 7.821470e-01 1.136410e+00 1.278594e+00 -6.141710e+00 -2.854191e+00 -6.604067e+00 -7.449580e+00 -2.711087e+00 -6.600740e+00 -1.713196e+00 -1.490375e+00 7.124902e+01 4.880359e-04 4.877954e-04 1.459050e-03 4.783983e-05 1.116492e-03 1.125381e-03 5.293054e-04 -3.146993e-04 -1.760828e-03 -1.530108e-03 -3.846369e-04 5.777073e-04 2.734654e-03 -8.511554e-04 -2.498951e-04 -4.012436e-04 -1.289275e-04 -1.409025e-04 -2.119464e-04 -1.971339e-05 1.079518e-04 1.935347e-04 3.067801e-04 1.232817e-06 8.155217e-06 -3.234121e-03
<VARIANCE> 39
 1.155420e+02 4.314379e+01 6.459467e+01 7.894667e+01 1.016039e+02 7.560676e+01 8.266945e+01 6.783515e+01 5.984373e+01 6.206592e+01 5.267307e+01 5.820787e+01 2.871333e+02 6.246803e+00 3.001302e+00 3.752986e+00 3.991058e+00 5.991553e+00 4.214548e+00 4.492233e+00 4.544732e+00 4.154862e+00 4.084826e+00 3.330500e+00 2.815993e+00 5.912272e+00 8.553594e-01 5.373918e-01 6.650147e-01 6.622759e-01 9.903809e-01 7.431068e-01 7.878515e-01 8.097728e-01 7.774620e-01 7.281984e-01 6.159712e-01 5.123346e-01 9.486802e-01
<GCONST> 1.428165e+02
<STATE> 3
<MEAN> 39
 -7.011446e+00 7.821470e-01 1.136410e+00 1.278594e+00 -6.141710e+00 -2.854191e+00 -6.604067e+00 -7.449580e+00 -2.711087e+00 -6.600740e+00 -1.713196e+00 -1.490375e+00 7.124902e+01 4.880359e-04 4.877954e-04 1.459050e-03 4.783983e-05 1.116492e-03 1.125381e-03 5.293054e-04 -3.146993e-04 -1.760828e-03 -1.530108e-03 -3.846369e-04 5.777073e-04 2.734654e-03 -8.511554e-04 -2.498951e-04 -4.012436e-04 -1.289275e-04 -1.409025e-04 -2.119464e-04 -1.971339e-05 1.079518e-04 1.935347e-04 3.067801e-04 1.232817e-06 8.155217e-06 -3.234121e-03
<VARIANCE> 39
 1.155420e+02 4.314379e+01 6.459467e+01 7.894667e+01 1.016039e+02 7.560676e+01 8.266945e+01 6.783515e+01 5.984373e+01 6.206592e+01 5.267307e+01 5.820787e+01 2.871333e+02 6.246803e+00 3.001302e+00 3.752986e+00 3.991058e+00 5.991553e+00 4.214548e+00 4.492233e+00 4.544732e+00 4.154862e+00 4.084826e+00 3.330500e+00 2.815993e+00 5.912272e+00 8.553594e-01 5.373918e-01 6.650147e-01 6.622759e-01 9.903809e-01 7.431068e-01 7.878515e-01 8.097728e-01 7.774620e-01 7.281984e-01 6.159712e-01 5.123346e-01 9.486802e-01
<GCONST> 1.428165e+02
<STATE> 4
<MEAN> 39
 -7.011446e+00 7.821470e-01 1.136410e+00 1.278594e+00 -6.141710e+00 -2.854191e+00 -6.604067e+00 -7.449580e+00 -2.711087e+00 -6.600740e+00 -1.713196e+00 -1.490375e+00 7.124902e+01 4.880359e-04 4.877954e-04 1.459050e-03 4.783983e-05 1.116492e-03 1.125381e-03 5.293054e-04 -3.146993e-04 -1.760828e-03 -1.530108e-03 -3.846369e-04 5.777073e-04 2.734654e-03 -8.511554e-04 -2.498951e-04 -4.012436e-04 -1.289275e-04 -1.409025e-04 -2.119464e-04 -1.971339e-05 1.079518e-04 1.935347e-04 3.067801e-04 1.232817e-06 8.155217e-06 -3.234121e-03
<VARIANCE> 39
 1.155420e+02 4.314379e+01 6.459467e+01 7.894667e+01 1.016039e+02 7.560676e+01 8.266945e+01 6.783515e+01 5.984373e+01 6.206592e+01 5.267307e+01 5.820787e+01 2.871333e+02 6.246803e+00 3.001302e+00 3.752986e+00 3.991058e+00 5.991553e+00 4.214548e+00 4.492233e+00 4.544732e+00 4.154862e+00 4.084826e+00 3.330500e+00 2.815993e+00 5.912272e+00 8.553594e-01 5.373918e-01 6.650147e-01 6.622759e-01 9.903809e-01 7.431068e-01 7.878515e-01 8.097728e-01 7.774620e-01 7.281984e-01 6.159712e-01 5.123346e-01 9.486802e-01
<GCONST> 1.428165e+02
<TRANSP> 5
 0.000000e+00 1.000000e+00 0.000000e+00 0.000000e+00 0.000000e+00
 0.000000e+00 6.000000e-01 4.000000e-01 0.000000e+00 0.000000e+00
 0.000000e+00 0.000000e+00 6.000000e-01 4.000000e-01 0.000000e+00
 0.000000e+00 0.000000e+00 0.000000e+00 6.000000e-01 4.000000e-01
 0.000000e+00 0.000000e+00 0.000000e+00 0.000000e+00 0.000000e+00
<ENDHMM>
~h "d_pal"
<BEGINHMM>
<NUMSTATES> 5
<STATE> 2
<MEAN> 39
 -7.011446e+00 7.821470e-01 1.136410e+00 1.278594e+00 -6.141710e+00 -2.854191e+00 -6.604067e+00 -7.449580e+00 -2.711087e+00 -6.600740e+00 -1.713196e+00 -1.490375e+00 7.124902e+01 4.880359e-04 4.877954e-04 1.459050e-03 4.783983e-05 1.116492e-03 1.125381e-03 5.293054e-04 -3.146993e-04 -1.760828e-03 -1.530108e-03 -3.846369e-04 5.777073e-04 2.734654e-03 -8.511554e-04 -2.498951e-04 -4.012436e-04 -1.289275e-04 -1.409025e-04 -2.119464e-04 -1.971339e-05 1.079518e-04 1.935347e-04 3.067801e-04 1.232817e-06 8.155217e-06 -3.234121e-03
<VARIANCE> 39
 1.155420e+02 4.314379e+01 6.459467e+01 7.894667e+01 1.016039e+02 7.560676e+01 8.266945e+01 6.783515e+01 5.984373e+01 6.206592e+01 5.267307e+01 5.820787e+01 2.871333e+02 6.246803e+00 3.001302e+00 3.752986e+00 3.991058e+00 5.991553e+00 4.214548e+00 4.492233e+00 4.544732e+00 4.154862e+00 4.084826e+00 3.330500e+00 2.815993e+00 5.912272e+00 8.553594e-01 5.373918e-01 6.650147e-01 6.622759e-01 9.903809e-01 7.431068e-01 7.878515e-01 8.097728e-01 7.774620e-01 7.281984e-01 6.159712e-01 5.123346e-01 9.486802e-01
<GCONST> 1.428165e+02
<STATE> 3
<MEAN> 39
 -7.011446e+00 7.821470e-01 1.136410e+00 1.278594e+00 -6.141710e+00 -2.854191e+00 -6.604067e+00 -7.449580e+00 -2.711087e+00 -6.600740e+00 -1.713196e+00 -1.490375e+00 7.124902e+01 4.880359e-04 4.877954e-04 1.459050e-03 4.783983e-05 1.116492e-03 1.125381e-03 5.293054e-04 -3.146993e-04 -1.760828e-03 -1.530108e-03 -3.846369e-04 5.777073e-04 2.734654e-03 -8.511554e-04 -2.498951e-04 -4.012436e-04 -1.289275e-04 -1.409025e-04 -2.119464e-04 -1.971339e-05 1.079518e-04 1.935347e-04 3.067801e-04 1.232817e-06 8.155217e-06 -3.234121e-03
<VARIANCE> 39
 1.155420e+02 4.314379e+01 6.459467e+01 7.894667e+01 1.016039e+02 7.560676e+01 8.266945e+01 6.783515e+01 5.984373e+01 6.206592e+01 5.267307e+01 5.820787e+01 2.871333e+02 6.246803e+00 3.001302e+00 3.752986e+00 3.991058e+00 5.991553e+00 4.214548e+00 4.492233e+00 4.544732e+00 4.154862e+00 4.084826e+00 3.330500e+00 2.815993e+00 5.912272e+00 8.553594e-01 5.373918e-01 6.650147e-01 6.622759e-01 9.903809e-01 7.431068e-01 7.878515e-01 8.097728e-01 7.774620e-01 7.281984e-01 6.159712e-01 5.123346e-01 9.486802e-01
<GCONST> 1.428165e+02
<STATE> 4
<MEAN> 39
 -7.011446e+00 7.821470e-01 1.136410e+00 1.278594e+00 -6.141710e+00 -2.854191e+00 -6.604067e+00 -7.449580e+00 -2.711087e+00 -6.600740e+00 -1.713196e+00 -1.490375e+00 7.124902e+01 4.880359e-04 4.877954e-04 1.459050e-03 4.783983e-05 1.116492e-03 1.125381e-03 5.293054e-04 -3.146993e-04 -1.760828e-03 -1.530108e-03 -3.846369e-04 5.777073e-04 2.734654e-03 -8.511554e-04 -2.498951e-04 -4.012436e-04 -1.289275e-04 -1.409025e-04 -2.119464e-04 -1.971339e-05 1.079518e-04 1.935347e-04 3.067801e-04 1.232817e-06 8.155217e-06 -3.234121e-03
<VARIANCE> 39
 1.155420e+02 4.314379e+01 6.459467e+01 7.894667e+01 1.016039e+02 7.560676e+01 8.266945e+01 6.783515e+01 5.984373e+01 6.206592e+01 5.267307e+01 5.820787e+01 2.871333e+02 6.246803e+00 3.001302e+00 3.752986e+00 3.991058e+00 5.991553e+00 4.214548e+00 4.492233e+00 4.544732e+00 4.154862e+00 4.084826e+00 3.330500e+00 2.815993e+00 5.912272e+00 8.553594e-01 5.373918e-01 6.650147e-01 6.622759e-01 9.903809e-01 7.431068e-01 7.878515e-01 8.097728e-01 7.774620e-01 7.281984e-01 6.159712e-01 5.123346e-01 9.486802e-01
<GCONST> 1.428165e+02
<TRANSP> 5
 0.000000e+00 1.000000e+00 0.000000e+00 0.000000e+00 0.000000e+00
 0.000000e+00 6.000000e-01 4.000000e-01 0.000000e+00 0.000000e+00
 0.000000e+00 0.000000e+00 6.000000e-01 4.000000e-01 0.000000e+00
 0.000000e+00 0.000000e+00 0.000000e+00 6.000000e-01 4.000000e-01
 0.000000e+00 0.000000e+00 0.000000e+00 0.000000e+00 0.000000e+00
<ENDHMM>
~h "dz"
<BEGINHMM>
<NUMSTATES> 5
<STATE> 2
<MEAN> 39
 -7.011446e+00 7.821470e-01 1.136410e+00 1.278594e+00 -6.141710e+00 -2.854191e+00 -6.604067e+00 -7.449580e+00 -2.711087e+00 -6.600740e+00 -1.713196e+00 -1.490375e+00 7.124902e+01 4.880359e-04 4.877954e-04 1.459050e-03 4.783983e-05 1.116492e-03 1.125381e-03 5.293054e-04 -3.146993e-04 -1.760828e-03 -1.530108e-03 -3.846369e-04 5.777073e-04 2.734654e-03 -8.511554e-04 -2.498951e-04 -4.012436e-04 -1.289275e-04 -1.409025e-04 -2.119464e-04 -1.971339e-05 1.079518e-04 1.935347e-04 3.067801e-04 1.232817e-06 8.155217e-06 -3.234121e-03
<VARIANCE> 39
 1.155420e+02 4.314379e+01 6.459467e+01 7.894667e+01 1.016039e+02 7.560676e+01 8.266945e+01 6.783515e+01 5.984373e+01 6.206592e+01 5.267307e+01 5.820787e+01 2.871333e+02 6.246803e+00 3.001302e+00 3.752986e+00 3.991058e+00 5.991553e+00 4.214548e+00 4.492233e+00 4.544732e+00 4.154862e+00 4.084826e+00 3.330500e+00 2.815993e+00 5.912272e+00 8.553594e-01 5.373918e-01 6.650147e-01 6.622759e-01 9.903809e-01 7.431068e-01 7.878515e-01 8.097728e-01 7.774620e-01 7.281984e-01 6.159712e-01 5.123346e-01 9.486802e-01
<GCONST> 1.428165e+02
<STATE> 3
<MEAN> 39
 -7.011446e+00 7.821470e-01 1.136410e+00 1.278594e+00 -6.141710e+00 -2.854191e+00 -6.604067e+00 -7.449580e+00 -2.711087e+00 -6.600740e+00 -1.713196e+00 -1.490375e+00 7.124902e+01 4.880359e-04 4.877954e-04 1.459050e-03 4.783983e-05 1.116492e-03 1.125381e-03 5.293054e-04 -3.146993e-04 -1.760828e-03 -1.530108e-03 -3.846369e-04 5.777073e-04 2.734654e-03 -8.511554e-04 -2.498951e-04 -4.012436e-04 -1.289275e-04 -1.409025e-04 -2.119464e-04 -1.971339e-05 1.079518e-04 1.935347e-04 3.067801e-04 1.232817e-06 8.155217e-06 -3.234121e-03
<VARIANCE> 39
 1.155420e+02 4.314379e+01 6.459467e+01 7.894667e+01 1.016039e+02 7.560676e+01 8.266945e+01 6.783515e+01 5.984373e+01 6.206592e+01 5.267307e+01 5.820787e+01 2.871333e+02 6.246803e+00 3.001302e+00 3.752986e+00 3.991058e+00 5.991553e+00 4.214548e+00 4.492233e+00 4.544732e+00 4.154862e+00 4.084826e+00 3.330500e+00 2.815993e+00 5.912272e+00 8.553594e-01 5.373918e-01 6.650147e-01 6.622759e-01 9.903809e-01 7.431068e-01 7.878515e-01 8.097728e-01 7.774620e-01 7.281984e-01 6.159712e-01 5.123346e-01 9.486802e-01
<GCONST> 1.428165e+02
<STATE> 4
<MEAN> 39
 -7.011446e+00 7.821470e-01 1.136410e+00 1.278594e+00 -6.141710e+00 -2.854191e+00 -6.604067e+00 -7.449580e+00 -2.711087e+00 -6.600740e+00 -1.713196e+00 -1.490375e+00 7.124902e+01 4.880359e-04 4.877954e-04 1.459050e-03 4.783983e-05 1.116492e-03 1.125381e-03 5.293054e-04 -3.146993e-04 -1.760828e-03 -1.530108e-03 -3.846369e-04 5.777073e-04 2.734654e-03 -8.511554e-04 -2.498951e-04 -4.012436e-04 -1.289275e-04 -1.409025e-04 -2.119464e-04 -1.971339e-05 1.079518e-04 1.935347e-04 3.067801e-04 1.232817e-06 8.155217e-06 -3.234121e-03
<VARIANCE> 39
 1.155420e+02 4.314379e+01 6.459467e+01 7.894667e+01 1.016039e+02 7.560676e+01 8.266945e+01 6.783515e+01 5.984373e+01 6.206592e+01 5.267307e+01 5.820787e+01 2.871333e+02 6.246803e+00 3.001302e+00 3.752986e+00 3.991058e+00 5.991553e+00 4.214548e+00 4.492233e+00 4.544732e+00 4.154862e+00 4.084826e+00 3.330500e+00 2.815993e+00 5.912272e+00 8.553594e-01 5.373918e-01 6.650147e-01 6.622759e-01 9.903809e-01 7.431068e-01 7.878515e-01 8.097728e-01 7.774620e-01 7.281984e-01 6.159712e-01 5.123346e-01 9.486802e-01
<GCONST> 1.428165e+02
<TRANSP> 5
 0.000000e+00 1.000000e+00 0.000000e+00 0.000000e+00 0.000000e+00
 0.000000e+00 6.000000e-01 4.000000e-01 0.000000e+00 0.000000e+00
 0.000000e+00 0.000000e+00 6.000000e-01 4.000000e-01 0.000000e+00
 0.000000e+00 0.000000e+00 0.000000e+00 6.000000e-01 4.000000e-01
 0.000000e+00 0.000000e+00 0.000000e+00 0.000000e+00 0.000000e+00
<ENDHMM>
~h "dz_pal"
<BEGINHMM>
<NUMSTATES> 5
<STATE> 2
<MEAN> 39
 -7.011446e+00 7.821470e-01 1.136410e+00 1.278594e+00 -6.141710e+00 -2.854191e+00 -6.604067e+00 -7.449580e+00 -2.711087e+00 -6.600740e+00 -1.713196e+00 -1.490375e+00 7.124902e+01 4.880359e-04 4.877954e-04 1.459050e-03 4.783983e-05 1.116492e-03 1.125381e-03 5.293054e-04 -3.146993e-04 -1.760828e-03 -1.530108e-03 -3.846369e-04 5.777073e-04 2.734654e-03 -8.511554e-04 -2.498951e-04 -4.012436e-04 -1.289275e-04 -1.409025e-04 -2.119464e-04 -1.971339e-05 1.079518e-04 1.935347e-04 3.067801e-04 1.232817e-06 8.155217e-06 -3.234121e-03
<VARIANCE> 39
 1.155420e+02 4.314379e+01 6.459467e+01 7.894667e+01 1.016039e+02 7.560676e+01 8.266945e+01 6.783515e+01 5.984373e+01 6.206592e+01 5.267307e+01 5.820787e+01 2.871333e+02 6.246803e+00 3.001302e+00 3.752986e+00 3.991058e+00 5.991553e+00 4.214548e+00 4.492233e+00 4.544732e+00 4.154862e+00 4.084826e+00 3.330500e+00 2.815993e+00 5.912272e+00 8.553594e-01 5.373918e-01 6.650147e-01 6.622759e-01 9.903809e-01 7.431068e-01 7.878515e-01 8.097728e-01 7.774620e-01 7.281984e-01 6.159712e-01 5.123346e-01 9.486802e-01
<GCONST> 1.428165e+02
<STATE> 3
<MEAN> 39
 -7.011446e+00 7.821470e-01 1.136410e+00 1.278594e+00 -6.141710e+00 -2.854191e+00 -6.604067e+00 -7.449580e+00 -2.711087e+00 -6.600740e+00 -1.713196e+00 -1.490375e+00 7.124902e+01 4.880359e-04 4.877954e-04 1.459050e-03 4.783983e-05 1.116492e-03 1.125381e-03 5.293054e-04 -3.146993e-04 -1.760828e-03 -1.530108e-03 -3.846369e-04 5.777073e-04 2.734654e-03 -8.511554e-04 -2.498951e-04 -4.012436e-04 -1.289275e-04 -1.409025e-04 -2.119464e-04 -1.971339e-05 1.079518e-04 1.935347e-04 3.067801e-04 1.232817e-06 8.155217e-06 -3.234121e-03
<VARIANCE> 39
 1.155420e+02 4.314379e+01 6.459467e+01 7.894667e+01 1.016039e+02 7.560676e+01 8.266945e+01 6.783515e+01 5.984373e+01 6.206592e+01 5.267307e+01 5.820787e+01 2.871333e+02 6.246803e+00 3.001302e+00 3.752986e+00 3.991058e+00 5.991553e+00 4.214548e+00 4.492233e+00 4.544732e+00 4.154862e+00 4.084826e+00 3.330500e+00 2.815993e+00 5.912272e+00 8.553594e-01 5.373918e-01 6.650147e-01 6.622759e-01 9.903809e-01 7.431068e-01 7.878515e-01 8.097728e-01 7.774620e-01 7.281984e-01 6.159712e-01 5.123346e-01 9.486802e-01
<GCONST> 1.428165e+02
<STATE> 4
<MEAN> 39
 -7.011446e+00 7.821470e-01 1.136410e+00 1.278594e+00 -6.141710e+00 -2.854191e+00 -6.604067e+00 -7.449580e+00 -2.711087e+00 -6.600740e+00 -1.713196e+00 -1.490375e+00 7.124902e+01 4.880359e-04 4.877954e-04 1.459050e-03 4.783983e-05 1.116492e-03 1.125381e-03 5.293054e-04 -3.146993e-04 -1.760828e-03 -1.530108e-03 -3.846369e-04 5.777073e-04 2.734654e-03 -8.511554e-04 -2.498951e-04 -4.012436e-04 -1.289275e-04 -1.409025e-04 -2.119464e-04 -1.971339e-05 1.079518e-04 1.935347e-04 3.067801e-04 1.232817e-06 8.155217e-06 -3.234121e-03
<VARIANCE> 39
 1.155420e+02 4.314379e+01 6.459467e+01 7.894667e+01 1.016039e+02 7.560676e+01 8.266945e+01 6.783515e+01 5.984373e+01 6.206592e+01 5.267307e+01 5.820787e+01 2.871333e+02 6.246803e+00 3.001302e+00 3.752986e+00 3.991058e+00 5.991553e+00 4.214548e+00 4.492233e+00 4.544732e+00 4.154862e+00 4.084826e+00 3.330500e+00 2.815993e+00 5.912272e+00 8.553594e-01 5.373918e-01 6.650147e-01 6.622759e-01 9.903809e-01 7.431068e-01 7.878515e-01 8.097728e-01 7.774620e-01 7.281984e-01 6.159712e-01 5.123346e-01 9.486802e-01
<GCONST> 1.428165e+02
<TRANSP> 5
 0.000000e+00 1.000000e+00 0.000000e+00 0.000000e+00 0.000000e+00
 0.000000e+00 6.000000e-01 4.000000e-01 0.000000e+00 0.000000e+00
 0.000000e+00 0.000000e+00 6.000000e-01 4.000000e-01 0.000000e+00
 0.000000e+00 0.000000e+00 0.000000e+00 6.000000e-01 4.000000e-01
 0.000000e+00 0.000000e+00 0.000000e+00 0.000000e+00 0.000000e+00
<ENDHMM>
~h "e"
<BEGINHMM>
<NUMSTATES> 5
<STATE> 2
<MEAN> 39
 -7.011446e+00 7.821470e-01 1.136410e+00 1.278594e+00 -6.141710e+00 -2.854191e+00 -6.604067e+00 -7.449580e+00 -2.711087e+00 -6.600740e+00 -1.713196e+00 -1.490375e+00 7.124902e+01 4.880359e-04 4.877954e-04 1.459050e-03 4.783983e-05 1.116492e-03 1.125381e-03 5.293054e-04 -3.146993e-04 -1.760828e-03 -1.530108e-03 -3.846369e-04 5.777073e-04 2.734654e-03 -8.511554e-04 -2.498951e-04 -4.012436e-04 -1.289275e-04 -1.409025e-04 -2.119464e-04 -1.971339e-05 1.079518e-04 1.935347e-04 3.067801e-04 1.232817e-06 8.155217e-06 -3.234121e-03
<VARIANCE> 39
 1.155420e+02 4.314379e+01 6.459467e+01 7.894667e+01 1.016039e+02 7.560676e+01 8.266945e+01 6.783515e+01 5.984373e+01 6.206592e+01 5.267307e+01 5.820787e+01 2.871333e+02 6.246803e+00 3.001302e+00 3.752986e+00 3.991058e+00 5.991553e+00 4.214548e+00 4.492233e+00 4.544732e+00 4.154862e+00 4.084826e+00 3.330500e+00 2.815993e+00 5.912272e+00 8.553594e-01 5.373918e-01 6.650147e-01 6.622759e-01 9.903809e-01 7.431068e-01 7.878515e-01 8.097728e-01 7.774620e-01 7.281984e-01 6.159712e-01 5.123346e-01 9.486802e-01
<GCONST> 1.428165e+02
<STATE> 3
<MEAN> 39
 -7.011446e+00 7.821470e-01 1.136410e+00 1.278594e+00 -6.141710e+00 -2.854191e+00 -6.604067e+00 -7.449580e+00 -2.711087e+00 -6.600740e+00 -1.713196e+00 -1.490375e+00 7.124902e+01 4.880359e-04 4.877954e-04 1.459050e-03 4.783983e-05 1.116492e-03 1.125381e-03 5.293054e-04 -3.146993e-04 -1.760828e-03 -1.530108e-03 -3.846369e-04 5.777073e-04 2.734654e-03 -8.511554e-04 -2.498951e-04 -4.012436e-04 -1.289275e-04 -1.409025e-04 -2.119464e-04 -1.971339e-05 1.079518e-04 1.935347e-04 3.067801e-04 1.232817e-06 8.155217e-06 -3.234121e-03
<VARIANCE> 39
 1.155420e+02 4.314379e+01 6.459467e+01 7.894667e+01 1.016039e+02 7.560676e+01 8.266945e+01 6.783515e+01 5.984373e+01 6.206592e+01 5.267307e+01 5.820787e+01 2.871333e+02 6.246803e+00 3.001302e+00 3.752986e+00 3.991058e+00 5.991553e+00 4.214548e+00 4.492233e+00 4.544732e+00 4.154862e+00 4.084826e+00 3.330500e+00 2.815993e+00 5.912272e+00 8.553594e-01 5.373918e-01 6.650147e-01 6.622759e-01 9.903809e-01 7.431068e-01 7.878515e-01 8.097728e-01 7.774620e-01 7.281984e-01 6.159712e-01 5.123346e-01 9.486802e-01
<GCONST> 1.428165e+02
<STATE> 4
<MEAN> 39
 -7.011446e+00 7.821470e-01 1.136410e+00 1.278594e+00 -6.141710e+00 -2.854191e+00 -6.604067e+00 -7.449580e+00 -2.711087e+00 -6.600740e+00 -1.713196e+00 -1.490375e+00 7.124902e+01 4.880359e-04 4.877954e-04 1.459050e-03 4.783983e-05 1.116492e-03 1.125381e-03 5.293054e-04 -3.146993e-04 -1.760828e-03 -1.530108e-03 -3.846369e-04 5.777073e-04 2.734654e-03 -8.511554e-04 -2.498951e-04 -4.012436e-04 -1.289275e-04 -1.409025e-04 -2.119464e-04 -1.971339e-05 1.079518e-04 1.935347e-04 3.067801e-04 1.232817e-06 8.155217e-06 -3.234121e-03
<VARIANCE> 39
 1.155420e+02 4.314379e+01 6.459467e+01 7.894667e+01 1.016039e+02 7.560676e+01 8.266945e+01 6.783515e+01 5.984373e+01 6.206592e+01 5.267307e+01 5.820787e+01 2.871333e+02 6.246803e+00 3.001302e+00 3.752986e+00 3.991058e+00 5.991553e+00 4.214548e+00 4.492233e+00 4.544732e+00 4.154862e+00 4.084826e+00 3.330500e+00 2.815993e+00 5.912272e+00 8.553594e-01 5.373918e-01 6.650147e-01 6.622759e-01 9.903809e-01 7.431068e-01 7.878515e-01 8.097728e-01 7.774620e-01 7.281984e-01 6.159712e-01 5.123346e-01 9.486802e-01
<GCONST> 1.428165e+02
<TRANSP> 5
 0.000000e+00 1.000000e+00 0.000000e+00 0.000000e+00 0.000000e+00
 0.000000e+00 6.000000e-01 4.000000e-01 0.000000e+00 0.000000e+00
 0.000000e+00 0.000000e+00 6.000000e-01 4.000000e-01 0.000000e+00
 0.000000e+00 0.000000e+00 0.000000e+00 6.000000e-01 4.000000e-01
 0.000000e+00 0.000000e+00 0.000000e+00 0.000000e+00 0.000000e+00
<ENDHMM>
~h "eA"
<BEGINHMM>
<NUMSTATES> 5
<STATE> 2
<MEAN> 39
 -7.011446e+00 7.821470e-01 1.136410e+00 1.278594e+00 -6.141710e+00 -2.854191e+00 -6.604067e+00 -7.449580e+00 -2.711087e+00 -6.600740e+00 -1.713196e+00 -1.490375e+00 7.124902e+01 4.880359e-04 4.877954e-04 1.459050e-03 4.783983e-05 1.116492e-03 1.125381e-03 5.293054e-04 -3.146993e-04 -1.760828e-03 -1.530108e-03 -3.846369e-04 5.777073e-04 2.734654e-03 -8.511554e-04 -2.498951e-04 -4.012436e-04 -1.289275e-04 -1.409025e-04 -2.119464e-04 -1.971339e-05 1.079518e-04 1.935347e-04 3.067801e-04 1.232817e-06 8.155217e-06 -3.234121e-03
<VARIANCE> 39
 1.155420e+02 4.314379e+01 6.459467e+01 7.894667e+01 1.016039e+02 7.560676e+01 8.266945e+01 6.783515e+01 5.984373e+01 6.206592e+01 5.267307e+01 5.820787e+01 2.871333e+02 6.246803e+00 3.001302e+00 3.752986e+00 3.991058e+00 5.991553e+00 4.214548e+00 4.492233e+00 4.544732e+00 4.154862e+00 4.084826e+00 3.330500e+00 2.815993e+00 5.912272e+00 8.553594e-01 5.373918e-01 6.650147e-01 6.622759e-01 9.903809e-01 7.431068e-01 7.878515e-01 8.097728e-01 7.774620e-01 7.281984e-01 6.159712e-01 5.123346e-01 9.486802e-01
<GCONST> 1.428165e+02
<STATE> 3
<MEAN> 39
 -7.011446e+00 7.821470e-01 1.136410e+00 1.278594e+00 -6.141710e+00 -2.854191e+00 -6.604067e+00 -7.449580e+00 -2.711087e+00 -6.600740e+00 -1.713196e+00 -1.490375e+00 7.124902e+01 4.880359e-04 4.877954e-04 1.459050e-03 4.783983e-05 1.116492e-03 1.125381e-03 5.293054e-04 -3.146993e-04 -1.760828e-03 -1.530108e-03 -3.846369e-04 5.777073e-04 2.734654e-03 -8.511554e-04 -2.498951e-04 -4.012436e-04 -1.289275e-04 -1.409025e-04 -2.119464e-04 -1.971339e-05 1.079518e-04 1.935347e-04 3.067801e-04 1.232817e-06 8.155217e-06 -3.234121e-03
<VARIANCE> 39
 1.155420e+02 4.314379e+01 6.459467e+01 7.894667e+01 1.016039e+02 7.560676e+01 8.266945e+01 6.783515e+01 5.984373e+01 6.206592e+01 5.267307e+01 5.820787e+01 2.871333e+02 6.246803e+00 3.001302e+00 3.752986e+00 3.991058e+00 5.991553e+00 4.214548e+00 4.492233e+00 4.544732e+00 4.154862e+00 4.084826e+00 3.330500e+00 2.815993e+00 5.912272e+00 8.553594e-01 5.373918e-01 6.650147e-01 6.622759e-01 9.903809e-01 7.431068e-01 7.878515e-01 8.097728e-01 7.774620e-01 7.281984e-01 6.159712e-01 5.123346e-01 9.486802e-01
<GCONST> 1.428165e+02
<STATE> 4
<MEAN> 39
 -7.011446e+00 7.821470e-01 1.136410e+00 1.278594e+00 -6.141710e+00 -2.854191e+00 -6.604067e+00 -7.449580e+00 -2.711087e+00 -6.600740e+00 -1.713196e+00 -1.490375e+00 7.124902e+01 4.880359e-04 4.877954e-04 1.459050e-03 4.783983e-05 1.116492e-03 1.125381e-03 5.293054e-04 -3.146993e-04 -1.760828e-03 -1.530108e-03 -3.846369e-04 5.777073e-04 2.734654e-03 -8.511554e-04 -2.498951e-04 -4.012436e-04 -1.289275e-04 -1.409025e-04 -2.119464e-04 -1.971339e-05 1.079518e-04 1.935347e-04 3.067801e-04 1.232817e-06 8.155217e-06 -3.234121e-03
<VARIANCE> 39
 1.155420e+02 4.314379e+01 6.459467e+01 7.894667e+01 1.016039e+02 7.560676e+01 8.266945e+01 6.783515e+01 5.984373e+01 6.206592e+01 5.267307e+01 5.820787e+01 2.871333e+02 6.246803e+00 3.001302e+00 3.752986e+00 3.991058e+00 5.991553e+00 4.214548e+00 4.492233e+00 4.544732e+00 4.154862e+00 4.084826e+00 3.330500e+00 2.815993e+00 5.912272e+00 8.553594e-01 5.373918e-01 6.650147e-01 6.622759e-01 9.903809e-01 7.431068e-01 7.878515e-01 8.097728e-01 7.774620e-01 7.281984e-01 6.159712e-01 5.123346e-01 9.486802e-01
<GCONST> 1.428165e+02
<TRANSP> 5
 0.000000e+00 1.000000e+00 0.000000e+00 0.000000e+00 0.000000e+00
 0.000000e+00 6.000000e-01 4.000000e-01 0.000000e+00 0.000000e+00
 0.000000e+00 0.000000e+00 6.000000e-01 4.000000e-01 0.000000e+00
 0.000000e+00 0.000000e+00 0.000000e+00 6.000000e-01 4.000000e-01
 0.000000e+00 0.000000e+00 0.000000e+00 0.000000e+00 0.000000e+00
<ENDHMM>
~h "eE"
<BEGINHMM>
<NUMSTATES> 5
<STATE> 2
<MEAN> 39
 -7.011446e+00 7.821470e-01 1.136410e+00 1.278594e+00 -6.141710e+00 -2.854191e+00 -6.604067e+00 -7.449580e+00 -2.711087e+00 -6.600740e+00 -1.713196e+00 -1.490375e+00 7.124902e+01 4.880359e-04 4.877954e-04 1.459050e-03 4.783983e-05 1.116492e-03 1.125381e-03 5.293054e-04 -3.146993e-04 -1.760828e-03 -1.530108e-03 -3.846369e-04 5.777073e-04 2.734654e-03 -8.511554e-04 -2.498951e-04 -4.012436e-04 -1.289275e-04 -1.409025e-04 -2.119464e-04 -1.971339e-05 1.079518e-04 1.935347e-04 3.067801e-04 1.232817e-06 8.155217e-06 -3.234121e-03
<VARIANCE> 39
 1.155420e+02 4.314379e+01 6.459467e+01 7.894667e+01 1.016039e+02 7.560676e+01 8.266945e+01 6.783515e+01 5.984373e+01 6.206592e+01 5.267307e+01 5.820787e+01 2.871333e+02 6.246803e+00 3.001302e+00 3.752986e+00 3.991058e+00 5.991553e+00 4.214548e+00 4.492233e+00 4.544732e+00 4.154862e+00 4.084826e+00 3.330500e+00 2.815993e+00 5.912272e+00 8.553594e-01 5.373918e-01 6.650147e-01 6.622759e-01 9.903809e-01 7.431068e-01 7.878515e-01 8.097728e-01 7.774620e-01 7.281984e-01 6.159712e-01 5.123346e-01 9.486802e-01
<GCONST> 1.428165e+02
<STATE> 3
<MEAN> 39
 -7.011446e+00 7.821470e-01 1.136410e+00 1.278594e+00 -6.141710e+00 -2.854191e+00 -6.604067e+00 -7.449580e+00 -2.711087e+00 -6.600740e+00 -1.713196e+00 -1.490375e+00 7.124902e+01 4.880359e-04 4.877954e-04 1.459050e-03 4.783983e-05 1.116492e-03 1.125381e-03 5.293054e-04 -3.146993e-04 -1.760828e-03 -1.530108e-03 -3.846369e-04 5.777073e-04 2.734654e-03 -8.511554e-04 -2.498951e-04 -4.012436e-04 -1.289275e-04 -1.409025e-04 -2.119464e-04 -1.971339e-05 1.079518e-04 1.935347e-04 3.067801e-04 1.232817e-06 8.155217e-06 -3.234121e-03
<VARIANCE> 39
 1.155420e+02 4.314379e+01 6.459467e+01 7.894667e+01 1.016039e+02 7.560676e+01 8.266945e+01 6.783515e+01 5.984373e+01 6.206592e+01 5.267307e+01 5.820787e+01 2.871333e+02 6.246803e+00 3.001302e+00 3.752986e+00 3.991058e+00 5.991553e+00 4.214548e+00 4.492233e+00 4.544732e+00 4.154862e+00 4.084826e+00 3.330500e+00 2.815993e+00 5.912272e+00 8.553594e-01 5.373918e-01 6.650147e-01 6.622759e-01 9.903809e-01 7.431068e-01 7.878515e-01 8.097728e-01 7.774620e-01 7.281984e-01 6.159712e-01 5.123346e-01 9.486802e-01
<GCONST> 1.428165e+02
<STATE> 4
<MEAN> 39
 -7.011446e+00 7.821470e-01 1.136410e+00 1.278594e+00 -6.141710e+00 -2.854191e+00 -6.604067e+00 -7.449580e+00 -2.711087e+00 -6.600740e+00 -1.713196e+00 -1.490375e+00 7.124902e+01 4.880359e-04 4.877954e-04 1.459050e-03 4.783983e-05 1.116492e-03 1.125381e-03 5.293054e-04 -3.146993e-04 -1.760828e-03 -1.530108e-03 -3.846369e-04 5.777073e-04 2.734654e-03 -8.511554e-04 -2.498951e-04 -4.012436e-04 -1.289275e-04 -1.409025e-04 -2.119464e-04 -1.971339e-05 1.079518e-04 1.935347e-04 3.067801e-04 1.232817e-06 8.155217e-06 -3.234121e-03
<VARIANCE> 39
 1.155420e+02 4.314379e+01 6.459467e+01 7.894667e+01 1.016039e+02 7.560676e+01 8.266945e+01 6.783515e+01 5.984373e+01 6.206592e+01 5.267307e+01 5.820787e+01 2.871333e+02 6.246803e+00 3.001302e+00 3.752986e+00 3.991058e+00 5.991553e+00 4.214548e+00 4.492233e+00 4.544732e+00 4.154862e+00 4.084826e+00 3.330500e+00 2.815993e+00 5.912272e+00 8.553594e-01 5.373918e-01 6.650147e-01 6.622759e-01 9.903809e-01 7.431068e-01 7.878515e-01 8.097728e-01 7.774620e-01 7.281984e-01 6.159712e-01 5.123346e-01 9.486802e-01
<GCONST> 1.428165e+02
<TRANSP> 5
 0.000000e+00 1.000000e+00 0.000000e+00 0.000000e+00 0.000000e+00
 0.000000e+00 6.000000e-01 4.000000e-01 0.000000e+00 0.000000e+00
 0.000000e+00 0.000000e+00 6.000000e-01 4.000000e-01 0.000000e+00
 0.000000e+00 0.000000e+00 0.000000e+00 6.000000e-01 4.000000e-01
 0.000000e+00 0.000000e+00 0.000000e+00 0.000000e+00 0.000000e+00
<ENDHMM>
~h "ea"
<BEGINHMM>
<NUMSTATES> 5
<STATE> 2
<MEAN> 39
 -7.011446e+00 7.821470e-01 1.136410e+00 1.278594e+00 -6.141710e+00 -2.854191e+00 -6.604067e+00 -7.449580e+00 -2.711087e+00 -6.600740e+00 -1.713196e+00 -1.490375e+00 7.124902e+01 4.880359e-04 4.877954e-04 1.459050e-03 4.783983e-05 1.116492e-03 1.125381e-03 5.293054e-04 -3.146993e-04 -1.760828e-03 -1.530108e-03 -3.846369e-04 5.777073e-04 2.734654e-03 -8.511554e-04 -2.498951e-04 -4.012436e-04 -1.289275e-04 -1.409025e-04 -2.119464e-04 -1.971339e-05 1.079518e-04 1.935347e-04 3.067801e-04 1.232817e-06 8.155217e-06 -3.234121e-03
<VARIANCE> 39
 1.155420e+02 4.314379e+01 6.459467e+01 7.894667e+01 1.016039e+02 7.560676e+01 8.266945e+01 6.783515e+01 5.984373e+01 6.206592e+01 5.267307e+01 5.820787e+01 2.871333e+02 6.246803e+00 3.001302e+00 3.752986e+00 3.991058e+00 5.991553e+00 4.214548e+00 4.492233e+00 4.544732e+00 4.154862e+00 4.084826e+00 3.330500e+00 2.815993e+00 5.912272e+00 8.553594e-01 5.373918e-01 6.650147e-01 6.622759e-01 9.903809e-01 7.431068e-01 7.878515e-01 8.097728e-01 7.774620e-01 7.281984e-01 6.159712e-01 5.123346e-01 9.486802e-01
<GCONST> 1.428165e+02
<STATE> 3
<MEAN> 39
 -7.011446e+00 7.821470e-01 1.136410e+00 1.278594e+00 -6.141710e+00 -2.854191e+00 -6.604067e+00 -7.449580e+00 -2.711087e+00 -6.600740e+00 -1.713196e+00 -1.490375e+00 7.124902e+01 4.880359e-04 4.877954e-04 1.459050e-03 4.783983e-05 1.116492e-03 1.125381e-03 5.293054e-04 -3.146993e-04 -1.760828e-03 -1.530108e-03 -3.846369e-04 5.777073e-04 2.734654e-03 -8.511554e-04 -2.498951e-04 -4.012436e-04 -1.289275e-04 -1.409025e-04 -2.119464e-04 -1.971339e-05 1.079518e-04 1.935347e-04 3.067801e-04 1.232817e-06 8.155217e-06 -3.234121e-03
<VARIANCE> 39
 1.155420e+02 4.314379e+01 6.459467e+01 7.894667e+01 1.016039e+02 7.560676e+01 8.266945e+01 6.783515e+01 5.984373e+01 6.206592e+01 5.267307e+01 5.820787e+01 2.871333e+02 6.246803e+00 3.001302e+00 3.752986e+00 3.991058e+00 5.991553e+00 4.214548e+00 4.492233e+00 4.544732e+00 4.154862e+00 4.084826e+00 3.330500e+00 2.815993e+00 5.912272e+00 8.553594e-01 5.373918e-01 6.650147e-01 6.622759e-01 9.903809e-01 7.431068e-01 7.878515e-01 8.097728e-01 7.774620e-01 7.281984e-01 6.159712e-01 5.123346e-01 9.486802e-01
<GCONST> 1.428165e+02
<STATE> 4
<MEAN> 39
 -7.011446e+00 7.821470e-01 1.136410e+00 1.278594e+00 -6.141710e+00 -2.854191e+00 -6.604067e+00 -7.449580e+00 -2.711087e+00 -6.600740e+00 -1.713196e+00 -1.490375e+00 7.124902e+01 4.880359e-04 4.877954e-04 1.459050e-03 4.783983e-05 1.116492e-03 1.125381e-03 5.293054e-04 -3.146993e-04 -1.760828e-03 -1.530108e-03 -3.846369e-04 5.777073e-04 2.734654e-03 -8.511554e-04 -2.498951e-04 -4.012436e-04 -1.289275e-04 -1.409025e-04 -2.119464e-04 -1.971339e-05 1.079518e-04 1.935347e-04 3.067801e-04 1.232817e-06 8.155217e-06 -3.234121e-03
<VARIANCE> 39
 1.155420e+02 4.314379e+01 6.459467e+01 7.894667e+01 1.016039e+02 7.560676e+01 8.266945e+01 6.783515e+01 5.984373e+01 6.206592e+01 5.267307e+01 5.820787e+01 2.871333e+02 6.246803e+00 3.001302e+00 3.752986e+00 3.991058e+00 5.991553e+00 4.214548e+00 4.492233e+00 4.544732e+00 4.154862e+00 4.084826e+00 3.330500e+00 2.815993e+00 5.912272e+00 8.553594e-01 5.373918e-01 6.650147e-01 6.622759e-01 9.903809e-01 7.431068e-01 7.878515e-01 8.097728e-01 7.774620e-01 7.281984e-01 6.159712e-01 5.123346e-01 9.486802e-01
<GCONST> 1.428165e+02
<TRANSP> 5
 0.000000e+00 1.000000e+00 0.000000e+00 0.000000e+00 0.000000e+00
 0.000000e+00 6.000000e-01 4.000000e-01 0.000000e+00 0.000000e+00
 0.000000e+00 0.000000e+00 6.000000e-01 4.000000e-01 0.000000e+00
 0.000000e+00 0.000000e+00 0.000000e+00 6.000000e-01 4.000000e-01
 0.000000e+00 0.000000e+00 0.000000e+00 0.000000e+00 0.000000e+00
<ENDHMM>
~h "ee"
<BEGINHMM>
<NUMSTATES> 5
<STATE> 2
<MEAN> 39
 -7.011446e+00 7.821470e-01 1.136410e+00 1.278594e+00 -6.141710e+00 -2.854191e+00 -6.604067e+00 -7.449580e+00 -2.711087e+00 -6.600740e+00 -1.713196e+00 -1.490375e+00 7.124902e+01 4.880359e-04 4.877954e-04 1.459050e-03 4.783983e-05 1.116492e-03 1.125381e-03 5.293054e-04 -3.146993e-04 -1.760828e-03 -1.530108e-03 -3.846369e-04 5.777073e-04 2.734654e-03 -8.511554e-04 -2.498951e-04 -4.012436e-04 -1.289275e-04 -1.409025e-04 -2.119464e-04 -1.971339e-05 1.079518e-04 1.935347e-04 3.067801e-04 1.232817e-06 8.155217e-06 -3.234121e-03
<VARIANCE> 39
 1.155420e+02 4.314379e+01 6.459467e+01 7.894667e+01 1.016039e+02 7.560676e+01 8.266945e+01 6.783515e+01 5.984373e+01 6.206592e+01 5.267307e+01 5.820787e+01 2.871333e+02 6.246803e+00 3.001302e+00 3.752986e+00 3.991058e+00 5.991553e+00 4.214548e+00 4.492233e+00 4.544732e+00 4.154862e+00 4.084826e+00 3.330500e+00 2.815993e+00 5.912272e+00 8.553594e-01 5.373918e-01 6.650147e-01 6.622759e-01 9.903809e-01 7.431068e-01 7.878515e-01 8.097728e-01 7.774620e-01 7.281984e-01 6.159712e-01 5.123346e-01 9.486802e-01
<GCONST> 1.428165e+02
<STATE> 3
<MEAN> 39
 -7.011446e+00 7.821470e-01 1.136410e+00 1.278594e+00 -6.141710e+00 -2.854191e+00 -6.604067e+00 -7.449580e+00 -2.711087e+00 -6.600740e+00 -1.713196e+00 -1.490375e+00 7.124902e+01 4.880359e-04 4.877954e-04 1.459050e-03 4.783983e-05 1.116492e-03 1.125381e-03 5.293054e-04 -3.146993e-04 -1.760828e-03 -1.530108e-03 -3.846369e-04 5.777073e-04 2.734654e-03 -8.511554e-04 -2.498951e-04 -4.012436e-04 -1.289275e-04 -1.409025e-04 -2.119464e-04 -1.971339e-05 1.079518e-04 1.935347e-04 3.067801e-04 1.232817e-06 8.155217e-06 -3.234121e-03
<VARIANCE> 39
 1.155420e+02 4.314379e+01 6.459467e+01 7.894667e+01 1.016039e+02 7.560676e+01 8.266945e+01 6.783515e+01 5.984373e+01 6.206592e+01 5.267307e+01 5.820787e+01 2.871333e+02 6.246803e+00 3.001302e+00 3.752986e+00 3.991058e+00 5.991553e+00 4.214548e+00 4.492233e+00 4.544732e+00 4.154862e+00 4.084826e+00 3.330500e+00 2.815993e+00 5.912272e+00 8.553594e-01 5.373918e-01 6.650147e-01 6.622759e-01 9.903809e-01 7.431068e-01 7.878515e-01 8.097728e-01 7.774620e-01 7.281984e-01 6.159712e-01 5.123346e-01 9.486802e-01
<GCONST> 1.428165e+02
<STATE> 4
<MEAN> 39
 -7.011446e+00 7.821470e-01 1.136410e+00 1.278594e+00 -6.141710e+00 -2.854191e+00 -6.604067e+00 -7.449580e+00 -2.711087e+00 -6.600740e+00 -1.713196e+00 -1.490375e+00 7.124902e+01 4.880359e-04 4.877954e-04 1.459050e-03 4.783983e-05 1.116492e-03 1.125381e-03 5.293054e-04 -3.146993e-04 -1.760828e-03 -1.530108e-03 -3.846369e-04 5.777073e-04 2.734654e-03 -8.511554e-04 -2.498951e-04 -4.012436e-04 -1.289275e-04 -1.409025e-04 -2.119464e-04 -1.971339e-05 1.079518e-04 1.935347e-04 3.067801e-04 1.232817e-06 8.155217e-06 -3.234121e-03
<VARIANCE> 39
 1.155420e+02 4.314379e+01 6.459467e+01 7.894667e+01 1.016039e+02 7.560676e+01 8.266945e+01 6.783515e+01 5.984373e+01 6.206592e+01 5.267307e+01 5.820787e+01 2.871333e+02 6.246803e+00 3.001302e+00 3.752986e+00 3.991058e+00 5.991553e+00 4.214548e+00 4.492233e+00 4.544732e+00 4.154862e+00 4.084826e+00 3.330500e+00 2.815993e+00 5.912272e+00 8.553594e-01 5.373918e-01 6.650147e-01 6.622759e-01 9.903809e-01 7.431068e-01 7.878515e-01 8.097728e-01 7.774620e-01 7.281984e-01 6.159712e-01 5.123346e-01 9.486802e-01
<GCONST> 1.428165e+02
<TRANSP> 5
 0.000000e+00 1.000000e+00 0.000000e+00 0.000000e+00 0.000000e+00
 0.000000e+00 6.000000e-01 4.000000e-01 0.000000e+00 0.000000e+00
 0.000000e+00 0.000000e+00 6.000000e-01 4.000000e-01 0.000000e+00
 0.000000e+00 0.000000e+00 0.000000e+00 6.000000e-01 4.000000e-01
 0.000000e+00 0.000000e+00 0.000000e+00 0.000000e+00 0.000000e+00
<ENDHMM>
~h "f"
<BEGINHMM>
<NUMSTATES> 5
<STATE> 2
<MEAN> 39
 -7.011446e+00 7.821470e-01 1.136410e+00 1.278594e+00 -6.141710e+00 -2.854191e+00 -6.604067e+00 -7.449580e+00 -2.711087e+00 -6.600740e+00 -1.713196e+00 -1.490375e+00 7.124902e+01 4.880359e-04 4.877954e-04 1.459050e-03 4.783983e-05 1.116492e-03 1.125381e-03 5.293054e-04 -3.146993e-04 -1.760828e-03 -1.530108e-03 -3.846369e-04 5.777073e-04 2.734654e-03 -8.511554e-04 -2.498951e-04 -4.012436e-04 -1.289275e-04 -1.409025e-04 -2.119464e-04 -1.971339e-05 1.079518e-04 1.935347e-04 3.067801e-04 1.232817e-06 8.155217e-06 -3.234121e-03
<VARIANCE> 39
 1.155420e+02 4.314379e+01 6.459467e+01 7.894667e+01 1.016039e+02 7.560676e+01 8.266945e+01 6.783515e+01 5.984373e+01 6.206592e+01 5.267307e+01 5.820787e+01 2.871333e+02 6.246803e+00 3.001302e+00 3.752986e+00 3.991058e+00 5.991553e+00 4.214548e+00 4.492233e+00 4.544732e+00 4.154862e+00 4.084826e+00 3.330500e+00 2.815993e+00 5.912272e+00 8.553594e-01 5.373918e-01 6.650147e-01 6.622759e-01 9.903809e-01 7.431068e-01 7.878515e-01 8.097728e-01 7.774620e-01 7.281984e-01 6.159712e-01 5.123346e-01 9.486802e-01
<GCONST> 1.428165e+02
<STATE> 3
<MEAN> 39
 -7.011446e+00 7.821470e-01 1.136410e+00 1.278594e+00 -6.141710e+00 -2.854191e+00 -6.604067e+00 -7.449580e+00 -2.711087e+00 -6.600740e+00 -1.713196e+00 -1.490375e+00 7.124902e+01 4.880359e-04 4.877954e-04 1.459050e-03 4.783983e-05 1.116492e-03 1.125381e-03 5.293054e-04 -3.146993e-04 -1.760828e-03 -1.530108e-03 -3.846369e-04 5.777073e-04 2.734654e-03 -8.511554e-04 -2.498951e-04 -4.012436e-04 -1.289275e-04 -1.409025e-04 -2.119464e-04 -1.971339e-05 1.079518e-04 1.935347e-04 3.067801e-04 1.232817e-06 8.155217e-06 -3.234121e-03
<VARIANCE> 39
 1.155420e+02 4.314379e+01 6.459467e+01 7.894667e+01 1.016039e+02 7.560676e+01 8.266945e+01 6.783515e+01 5.984373e+01 6.206592e+01 5.267307e+01 5.820787e+01 2.871333e+02 6.246803e+00 3.001302e+00 3.752986e+00 3.991058e+00 5.991553e+00 4.214548e+00 4.492233e+00 4.544732e+00 4.154862e+00 4.084826e+00 3.330500e+00 2.815993e+00 5.912272e+00 8.553594e-01 5.373918e-01 6.650147e-01 6.622759e-01 9.903809e-01 7.431068e-01 7.878515e-01 8.097728e-01 7.774620e-01 7.281984e-01 6.159712e-01 5.123346e-01 9.486802e-01
<GCONST> 1.428165e+02
<STATE> 4
<MEAN> 39
 -7.011446e+00 7.821470e-01 1.136410e+00 1.278594e+00 -6.141710e+00 -2.854191e+00 -6.604067e+00 -7.449580e+00 -2.711087e+00 -6.600740e+00 -1.713196e+00 -1.490375e+00 7.124902e+01 4.880359e-04 4.877954e-04 1.459050e-03 4.783983e-05 1.116492e-03 1.125381e-03 5.293054e-04 -3.146993e-04 -1.760828e-03 -1.530108e-03 -3.846369e-04 5.777073e-04 2.734654e-03 -8.511554e-04 -2.498951e-04 -4.012436e-04 -1.289275e-04 -1.409025e-04 -2.119464e-04 -1.971339e-05 1.079518e-04 1.935347e-04 3.067801e-04 1.232817e-06 8.155217e-06 -3.234121e-03
<VARIANCE> 39
 1.155420e+02 4.314379e+01 6.459467e+01 7.894667e+01 1.016039e+02 7.560676e+01 8.266945e+01 6.783515e+01 5.984373e+01 6.206592e+01 5.267307e+01 5.820787e+01 2.871333e+02 6.246803e+00 3.001302e+00 3.752986e+00 3.991058e+00 5.991553e+00 4.214548e+00 4.492233e+00 4.544732e+00 4.154862e+00 4.084826e+00 3.330500e+00 2.815993e+00 5.912272e+00 8.553594e-01 5.373918e-01 6.650147e-01 6.622759e-01 9.903809e-01 7.431068e-01 7.878515e-01 8.097728e-01 7.774620e-01 7.281984e-01 6.159712e-01 5.123346e-01 9.486802e-01
<GCONST> 1.428165e+02
<TRANSP> 5
 0.000000e+00 1.000000e+00 0.000000e+00 0.000000e+00 0.000000e+00
 0.000000e+00 6.000000e-01 4.000000e-01 0.000000e+00 0.000000e+00
 0.000000e+00 0.000000e+00 6.000000e-01 4.000000e-01 0.000000e+00
 0.000000e+00 0.000000e+00 0.000000e+00 6.000000e-01 4.000000e-01
 0.000000e+00 0.000000e+00 0.000000e+00 0.000000e+00 0.000000e+00
<ENDHMM>
~h "f_pal"
<BEGINHMM>
<NUMSTATES> 5
<STATE> 2
<MEAN> 39
 -7.011446e+00 7.821470e-01 1.136410e+00 1.278594e+00 -6.141710e+00 -2.854191e+00 -6.604067e+00 -7.449580e+00 -2.711087e+00 -6.600740e+00 -1.713196e+00 -1.490375e+00 7.124902e+01 4.880359e-04 4.877954e-04 1.459050e-03 4.783983e-05 1.116492e-03 1.125381e-03 5.293054e-04 -3.146993e-04 -1.760828e-03 -1.530108e-03 -3.846369e-04 5.777073e-04 2.734654e-03 -8.511554e-04 -2.498951e-04 -4.012436e-04 -1.289275e-04 -1.409025e-04 -2.119464e-04 -1.971339e-05 1.079518e-04 1.935347e-04 3.067801e-04 1.232817e-06 8.155217e-06 -3.234121e-03
<VARIANCE> 39
 1.155420e+02 4.314379e+01 6.459467e+01 7.894667e+01 1.016039e+02 7.560676e+01 8.266945e+01 6.783515e+01 5.984373e+01 6.206592e+01 5.267307e+01 5.820787e+01 2.871333e+02 6.246803e+00 3.001302e+00 3.752986e+00 3.991058e+00 5.991553e+00 4.214548e+00 4.492233e+00 4.544732e+00 4.154862e+00 4.084826e+00 3.330500e+00 2.815993e+00 5.912272e+00 8.553594e-01 5.373918e-01 6.650147e-01 6.622759e-01 9.903809e-01 7.431068e-01 7.878515e-01 8.097728e-01 7.774620e-01 7.281984e-01 6.159712e-01 5.123346e-01 9.486802e-01
<GCONST> 1.428165e+02
<STATE> 3
<MEAN> 39
 -7.011446e+00 7.821470e-01 1.136410e+00 1.278594e+00 -6.141710e+00 -2.854191e+00 -6.604067e+00 -7.449580e+00 -2.711087e+00 -6.600740e+00 -1.713196e+00 -1.490375e+00 7.124902e+01 4.880359e-04 4.877954e-04 1.459050e-03 4.783983e-05 1.116492e-03 1.125381e-03 5.293054e-04 -3.146993e-04 -1.760828e-03 -1.530108e-03 -3.846369e-04 5.777073e-04 2.734654e-03 -8.511554e-04 -2.498951e-04 -4.012436e-04 -1.289275e-04 -1.409025e-04 -2.119464e-04 -1.971339e-05 1.079518e-04 1.935347e-04 3.067801e-04 1.232817e-06 8.155217e-06 -3.234121e-03
<VARIANCE> 39
 1.155420e+02 4.314379e+01 6.459467e+01 7.894667e+01 1.016039e+02 7.560676e+01 8.266945e+01 6.783515e+01 5.984373e+01 6.206592e+01 5.267307e+01 5.820787e+01 2.871333e+02 6.246803e+00 3.001302e+00 3.752986e+00 3.991058e+00 5.991553e+00 4.214548e+00 4.492233e+00 4.544732e+00 4.154862e+00 4.084826e+00 3.330500e+00 2.815993e+00 5.912272e+00 8.553594e-01 5.373918e-01 6.650147e-01 6.622759e-01 9.903809e-01 7.431068e-01 7.878515e-01 8.097728e-01 7.774620e-01 7.281984e-01 6.159712e-01 5.123346e-01 9.486802e-01
<GCONST> 1.428165e+02
<STATE> 4
<MEAN> 39
 -7.011446e+00 7.821470e-01 1.136410e+00 1.278594e+00 -6.141710e+00 -2.854191e+00 -6.604067e+00 -7.449580e+00 -2.711087e+00 -6.600740e+00 -1.713196e+00 -1.490375e+00 7.124902e+01 4.880359e-04 4.877954e-04 1.459050e-03 4.783983e-05 1.116492e-03 1.125381e-03 5.293054e-04 -3.146993e-04 -1.760828e-03 -1.530108e-03 -3.846369e-04 5.777073e-04 2.734654e-03 -8.511554e-04 -2.498951e-04 -4.012436e-04 -1.289275e-04 -1.409025e-04 -2.119464e-04 -1.971339e-05 1.079518e-04 1.935347e-04 3.067801e-04 1.232817e-06 8.155217e-06 -3.234121e-03
<VARIANCE> 39
 1.155420e+02 4.314379e+01 6.459467e+01 7.894667e+01 1.016039e+02 7.560676e+01 8.266945e+01 6.783515e+01 5.984373e+01 6.206592e+01 5.267307e+01 5.820787e+01 2.871333e+02 6.246803e+00 3.001302e+00 3.752986e+00 3.991058e+00 5.991553e+00 4.214548e+00 4.492233e+00 4.544732e+00 4.154862e+00 4.084826e+00 3.330500e+00 2.815993e+00 5.912272e+00 8.553594e-01 5.373918e-01 6.650147e-01 6.622759e-01 9.903809e-01 7.431068e-01 7.878515e-01 8.097728e-01 7.774620e-01 7.281984e-01 6.159712e-01 5.123346e-01 9.486802e-01
<GCONST> 1.428165e+02
<TRANSP> 5
 0.000000e+00 1.000000e+00 0.000000e+00 0.000000e+00 0.000000e+00
 0.000000e+00 6.000000e-01 4.000000e-01 0.000000e+00 0.000000e+00
 0.000000e+00 0.000000e+00 6.000000e-01 4.000000e-01 0.000000e+00
 0.000000e+00 0.000000e+00 0.000000e+00 6.000000e-01 4.000000e-01
 0.000000e+00 0.000000e+00 0.000000e+00 0.000000e+00 0.000000e+00
<ENDHMM>
~h "g"
<BEGINHMM>
<NUMSTATES> 5
<STATE> 2
<MEAN> 39
 -7.011446e+00 7.821470e-01 1.136410e+00 1.278594e+00 -6.141710e+00 -2.854191e+00 -6.604067e+00 -7.449580e+00 -2.711087e+00 -6.600740e+00 -1.713196e+00 -1.490375e+00 7.124902e+01 4.880359e-04 4.877954e-04 1.459050e-03 4.783983e-05 1.116492e-03 1.125381e-03 5.293054e-04 -3.146993e-04 -1.760828e-03 -1.530108e-03 -3.846369e-04 5.777073e-04 2.734654e-03 -8.511554e-04 -2.498951e-04 -4.012436e-04 -1.289275e-04 -1.409025e-04 -2.119464e-04 -1.971339e-05 1.079518e-04 1.935347e-04 3.067801e-04 1.232817e-06 8.155217e-06 -3.234121e-03
<VARIANCE> 39
 1.155420e+02 4.314379e+01 6.459467e+01 7.894667e+01 1.016039e+02 7.560676e+01 8.266945e+01 6.783515e+01 5.984373e+01 6.206592e+01 5.267307e+01 5.820787e+01 2.871333e+02 6.246803e+00 3.001302e+00 3.752986e+00 3.991058e+00 5.991553e+00 4.214548e+00 4.492233e+00 4.544732e+00 4.154862e+00 4.084826e+00 3.330500e+00 2.815993e+00 5.912272e+00 8.553594e-01 5.373918e-01 6.650147e-01 6.622759e-01 9.903809e-01 7.431068e-01 7.878515e-01 8.097728e-01 7.774620e-01 7.281984e-01 6.159712e-01 5.123346e-01 9.486802e-01
<GCONST> 1.428165e+02
<STATE> 3
<MEAN> 39
 -7.011446e+00 7.821470e-01 1.136410e+00 1.278594e+00 -6.141710e+00 -2.854191e+00 -6.604067e+00 -7.449580e+00 -2.711087e+00 -6.600740e+00 -1.713196e+00 -1.490375e+00 7.124902e+01 4.880359e-04 4.877954e-04 1.459050e-03 4.783983e-05 1.116492e-03 1.125381e-03 5.293054e-04 -3.146993e-04 -1.760828e-03 -1.530108e-03 -3.846369e-04 5.777073e-04 2.734654e-03 -8.511554e-04 -2.498951e-04 -4.012436e-04 -1.289275e-04 -1.409025e-04 -2.119464e-04 -1.971339e-05 1.079518e-04 1.935347e-04 3.067801e-04 1.232817e-06 8.155217e-06 -3.234121e-03
<VARIANCE> 39
 1.155420e+02 4.314379e+01 6.459467e+01 7.894667e+01 1.016039e+02 7.560676e+01 8.266945e+01 6.783515e+01 5.984373e+01 6.206592e+01 5.267307e+01 5.820787e+01 2.871333e+02 6.246803e+00 3.001302e+00 3.752986e+00 3.991058e+00 5.991553e+00 4.214548e+00 4.492233e+00 4.544732e+00 4.154862e+00 4.084826e+00 3.330500e+00 2.815993e+00 5.912272e+00 8.553594e-01 5.373918e-01 6.650147e-01 6.622759e-01 9.903809e-01 7.431068e-01 7.878515e-01 8.097728e-01 7.774620e-01 7.281984e-01 6.159712e-01 5.123346e-01 9.486802e-01
<GCONST> 1.428165e+02
<STATE> 4
<MEAN> 39
 -7.011446e+00 7.821470e-01 1.136410e+00 1.278594e+00 -6.141710e+00 -2.854191e+00 -6.604067e+00 -7.449580e+00 -2.711087e+00 -6.600740e+00 -1.713196e+00 -1.490375e+00 7.124902e+01 4.880359e-04 4.877954e-04 1.459050e-03 4.783983e-05 1.116492e-03 1.125381e-03 5.293054e-04 -3.146993e-04 -1.760828e-03 -1.530108e-03 -3.846369e-04 5.777073e-04 2.734654e-03 -8.511554e-04 -2.498951e-04 -4.012436e-04 -1.289275e-04 -1.409025e-04 -2.119464e-04 -1.971339e-05 1.079518e-04 1.935347e-04 3.067801e-04 1.232817e-06 8.155217e-06 -3.234121e-03
<VARIANCE> 39
 1.155420e+02 4.314379e+01 6.459467e+01 7.894667e+01 1.016039e+02 7.560676e+01 8.266945e+01 6.783515e+01 5.984373e+01 6.206592e+01 5.267307e+01 5.820787e+01 2.871333e+02 6.246803e+00 3.001302e+00 3.752986e+00 3.991058e+00 5.991553e+00 4.214548e+00 4.492233e+00 4.544732e+00 4.154862e+00 4.084826e+00 3.330500e+00 2.815993e+00 5.912272e+00 8.553594e-01 5.373918e-01 6.650147e-01 6.622759e-01 9.903809e-01 7.431068e-01 7.878515e-01 8.097728e-01 7.774620e-01 7.281984e-01 6.159712e-01 5.123346e-01 9.486802e-01
<GCONST> 1.428165e+02
<TRANSP> 5
 0.000000e+00 1.000000e+00 0.000000e+00 0.000000e+00 0.000000e+00
 0.000000e+00 6.000000e-01 4.000000e-01 0.000000e+00 0.000000e+00
 0.000000e+00 0.000000e+00 6.000000e-01 4.000000e-01 0.000000e+00
 0.000000e+00 0.000000e+00 0.000000e+00 6.000000e-01 4.000000e-01
 0.000000e+00 0.000000e+00 0.000000e+00 0.000000e+00 0.000000e+00
<ENDHMM>
~h "g_pal"
<BEGINHMM>
<NUMSTATES> 5
<STATE> 2
<MEAN> 39
 -7.011446e+00 7.821470e-01 1.136410e+00 1.278594e+00 -6.141710e+00 -2.854191e+00 -6.604067e+00 -7.449580e+00 -2.711087e+00 -6.600740e+00 -1.713196e+00 -1.490375e+00 7.124902e+01 4.880359e-04 4.877954e-04 1.459050e-03 4.783983e-05 1.116492e-03 1.125381e-03 5.293054e-04 -3.146993e-04 -1.760828e-03 -1.530108e-03 -3.846369e-04 5.777073e-04 2.734654e-03 -8.511554e-04 -2.498951e-04 -4.012436e-04 -1.289275e-04 -1.409025e-04 -2.119464e-04 -1.971339e-05 1.079518e-04 1.935347e-04 3.067801e-04 1.232817e-06 8.155217e-06 -3.234121e-03
<VARIANCE> 39
 1.155420e+02 4.314379e+01 6.459467e+01 7.894667e+01 1.016039e+02 7.560676e+01 8.266945e+01 6.783515e+01 5.984373e+01 6.206592e+01 5.267307e+01 5.820787e+01 2.871333e+02 6.246803e+00 3.001302e+00 3.752986e+00 3.991058e+00 5.991553e+00 4.214548e+00 4.492233e+00 4.544732e+00 4.154862e+00 4.084826e+00 3.330500e+00 2.815993e+00 5.912272e+00 8.553594e-01 5.373918e-01 6.650147e-01 6.622759e-01 9.903809e-01 7.431068e-01 7.878515e-01 8.097728e-01 7.774620e-01 7.281984e-01 6.159712e-01 5.123346e-01 9.486802e-01
<GCONST> 1.428165e+02
<STATE> 3
<MEAN> 39
 -7.011446e+00 7.821470e-01 1.136410e+00 1.278594e+00 -6.141710e+00 -2.854191e+00 -6.604067e+00 -7.449580e+00 -2.711087e+00 -6.600740e+00 -1.713196e+00 -1.490375e+00 7.124902e+01 4.880359e-04 4.877954e-04 1.459050e-03 4.783983e-05 1.116492e-03 1.125381e-03 5.293054e-04 -3.146993e-04 -1.760828e-03 -1.530108e-03 -3.846369e-04 5.777073e-04 2.734654e-03 -8.511554e-04 -2.498951e-04 -4.012436e-04 -1.289275e-04 -1.409025e-04 -2.119464e-04 -1.971339e-05 1.079518e-04 1.935347e-04 3.067801e-04 1.232817e-06 8.155217e-06 -3.234121e-03
<VARIANCE> 39
 1.155420e+02 4.314379e+01 6.459467e+01 7.894667e+01 1.016039e+02 7.560676e+01 8.266945e+01 6.783515e+01 5.984373e+01 6.206592e+01 5.267307e+01 5.820787e+01 2.871333e+02 6.246803e+00 3.001302e+00 3.752986e+00 3.991058e+00 5.991553e+00 4.214548e+00 4.492233e+00 4.544732e+00 4.154862e+00 4.084826e+00 3.330500e+00 2.815993e+00 5.912272e+00 8.553594e-01 5.373918e-01 6.650147e-01 6.622759e-01 9.903809e-01 7.431068e-01 7.878515e-01 8.097728e-01 7.774620e-01 7.281984e-01 6.159712e-01 5.123346e-01 9.486802e-01
<GCONST> 1.428165e+02
<STATE> 4
<MEAN> 39
 -7.011446e+00 7.821470e-01 1.136410e+00 1.278594e+00 -6.141710e+00 -2.854191e+00 -6.604067e+00 -7.449580e+00 -2.711087e+00 -6.600740e+00 -1.713196e+00 -1.490375e+00 7.124902e+01 4.880359e-04 4.877954e-04 1.459050e-03 4.783983e-05 1.116492e-03 1.125381e-03 5.293054e-04 -3.146993e-04 -1.760828e-03 -1.530108e-03 -3.846369e-04 5.777073e-04 2.734654e-03 -8.511554e-04 -2.498951e-04 -4.012436e-04 -1.289275e-04 -1.409025e-04 -2.119464e-04 -1.971339e-05 1.079518e-04 1.935347e-04 3.067801e-04 1.232817e-06 8.155217e-06 -3.234121e-03
<VARIANCE> 39
 1.155420e+02 4.314379e+01 6.459467e+01 7.894667e+01 1.016039e+02 7.560676e+01 8.266945e+01 6.783515e+01 5.984373e+01 6.206592e+01 5.267307e+01 5.820787e+01 2.871333e+02 6.246803e+00 3.001302e+00 3.752986e+00 3.991058e+00 5.991553e+00 4.214548e+00 4.492233e+00 4.544732e+00 4.154862e+00 4.084826e+00 3.330500e+00 2.815993e+00 5.912272e+00 8.553594e-01 5.373918e-01 6.650147e-01 6.622759e-01 9.903809e-01 7.431068e-01 7.878515e-01 8.097728e-01 7.774620e-01 7.281984e-01 6.159712e-01 5.123346e-01 9.486802e-01
<GCONST> 1.428165e+02
<TRANSP> 5
 0.000000e+00 1.000000e+00 0.000000e+00 0.000000e+00 0.000000e+00
 0.000000e+00 6.000000e-01 4.000000e-01 0.000000e+00 0.000000e+00
 0.000000e+00 0.000000e+00 6.000000e-01 4.000000e-01 0.000000e+00
 0.000000e+00 0.000000e+00 0.000000e+00 6.000000e-01 4.000000e-01
 0.000000e+00 0.000000e+00 0.000000e+00 0.000000e+00 0.000000e+00
<ENDHMM>
~h "h"
<BEGINHMM>
<NUMSTATES> 5
<STATE> 2
<MEAN> 39
 -7.011446e+00 7.821470e-01 1.136410e+00 1.278594e+00 -6.141710e+00 -2.854191e+00 -6.604067e+00 -7.449580e+00 -2.711087e+00 -6.600740e+00 -1.713196e+00 -1.490375e+00 7.124902e+01 4.880359e-04 4.877954e-04 1.459050e-03 4.783983e-05 1.116492e-03 1.125381e-03 5.293054e-04 -3.146993e-04 -1.760828e-03 -1.530108e-03 -3.846369e-04 5.777073e-04 2.734654e-03 -8.511554e-04 -2.498951e-04 -4.012436e-04 -1.289275e-04 -1.409025e-04 -2.119464e-04 -1.971339e-05 1.079518e-04 1.935347e-04 3.067801e-04 1.232817e-06 8.155217e-06 -3.234121e-03
<VARIANCE> 39
 1.155420e+02 4.314379e+01 6.459467e+01 7.894667e+01 1.016039e+02 7.560676e+01 8.266945e+01 6.783515e+01 5.984373e+01 6.206592e+01 5.267307e+01 5.820787e+01 2.871333e+02 6.246803e+00 3.001302e+00 3.752986e+00 3.991058e+00 5.991553e+00 4.214548e+00 4.492233e+00 4.544732e+00 4.154862e+00 4.084826e+00 3.330500e+00 2.815993e+00 5.912272e+00 8.553594e-01 5.373918e-01 6.650147e-01 6.622759e-01 9.903809e-01 7.431068e-01 7.878515e-01 8.097728e-01 7.774620e-01 7.281984e-01 6.159712e-01 5.123346e-01 9.486802e-01
<GCONST> 1.428165e+02
<STATE> 3
<MEAN> 39
 -7.011446e+00 7.821470e-01 1.136410e+00 1.278594e+00 -6.141710e+00 -2.854191e+00 -6.604067e+00 -7.449580e+00 -2.711087e+00 -6.600740e+00 -1.713196e+00 -1.490375e+00 7.124902e+01 4.880359e-04 4.877954e-04 1.459050e-03 4.783983e-05 1.116492e-03 1.125381e-03 5.293054e-04 -3.146993e-04 -1.760828e-03 -1.530108e-03 -3.846369e-04 5.777073e-04 2.734654e-03 -8.511554e-04 -2.498951e-04 -4.012436e-04 -1.289275e-04 -1.409025e-04 -2.119464e-04 -1.971339e-05 1.079518e-04 1.935347e-04 3.067801e-04 1.232817e-06 8.155217e-06 -3.234121e-03
<VARIANCE> 39
 1.155420e+02 4.314379e+01 6.459467e+01 7.894667e+01 1.016039e+02 7.560676e+01 8.266945e+01 6.783515e+01 5.984373e+01 6.206592e+01 5.267307e+01 5.820787e+01 2.871333e+02 6.246803e+00 3.001302e+00 3.752986e+00 3.991058e+00 5.991553e+00 4.214548e+00 4.492233e+00 4.544732e+00 4.154862e+00 4.084826e+00 3.330500e+00 2.815993e+00 5.912272e+00 8.553594e-01 5.373918e-01 6.650147e-01 6.622759e-01 9.903809e-01 7.431068e-01 7.878515e-01 8.097728e-01 7.774620e-01 7.281984e-01 6.159712e-01 5.123346e-01 9.486802e-01
<GCONST> 1.428165e+02
<STATE> 4
<MEAN> 39
 -7.011446e+00 7.821470e-01 1.136410e+00 1.278594e+00 -6.141710e+00 -2.854191e+00 -6.604067e+00 -7.449580e+00 -2.711087e+00 -6.600740e+00 -1.713196e+00 -1.490375e+00 7.124902e+01 4.880359e-04 4.877954e-04 1.459050e-03 4.783983e-05 1.116492e-03 1.125381e-03 5.293054e-04 -3.146993e-04 -1.760828e-03 -1.530108e-03 -3.846369e-04 5.777073e-04 2.734654e-03 -8.511554e-04 -2.498951e-04 -4.012436e-04 -1.289275e-04 -1.409025e-04 -2.119464e-04 -1.971339e-05 1.079518e-04 1.935347e-04 3.067801e-04 1.232817e-06 8.155217e-06 -3.234121e-03
<VARIANCE> 39
 1.155420e+02 4.314379e+01 6.459467e+01 7.894667e+01 1.016039e+02 7.560676e+01 8.266945e+01 6.783515e+01 5.984373e+01 6.206592e+01 5.267307e+01 5.820787e+01 2.871333e+02 6.246803e+00 3.001302e+00 3.752986e+00 3.991058e+00 5.991553e+00 4.214548e+00 4.492233e+00 4.544732e+00 4.154862e+00 4.084826e+00 3.330500e+00 2.815993e+00 5.912272e+00 8.553594e-01 5.373918e-01 6.650147e-01 6.622759e-01 9.903809e-01 7.431068e-01 7.878515e-01 8.097728e-01 7.774620e-01 7.281984e-01 6.159712e-01 5.123346e-01 9.486802e-01
<GCONST> 1.428165e+02
<TRANSP> 5
 0.000000e+00 1.000000e+00 0.000000e+00 0.000000e+00 0.000000e+00
 0.000000e+00 6.000000e-01 4.000000e-01 0.000000e+00 0.000000e+00
 0.000000e+00 0.000000e+00 6.000000e-01 4.000000e-01 0.000000e+00
 0.000000e+00 0.000000e+00 0.000000e+00 6.000000e-01 4.000000e-01
 0.000000e+00 0.000000e+00 0.000000e+00 0.000000e+00 0.000000e+00
<ENDHMM>
~h "h_pal"
<BEGINHMM>
<NUMSTATES> 5
<STATE> 2
<MEAN> 39
 -7.011446e+00 7.821470e-01 1.136410e+00 1.278594e+00 -6.141710e+00 -2.854191e+00 -6.604067e+00 -7.449580e+00 -2.711087e+00 -6.600740e+00 -1.713196e+00 -1.490375e+00 7.124902e+01 4.880359e-04 4.877954e-04 1.459050e-03 4.783983e-05 1.116492e-03 1.125381e-03 5.293054e-04 -3.146993e-04 -1.760828e-03 -1.530108e-03 -3.846369e-04 5.777073e-04 2.734654e-03 -8.511554e-04 -2.498951e-04 -4.012436e-04 -1.289275e-04 -1.409025e-04 -2.119464e-04 -1.971339e-05 1.079518e-04 1.935347e-04 3.067801e-04 1.232817e-06 8.155217e-06 -3.234121e-03
<VARIANCE> 39
 1.155420e+02 4.314379e+01 6.459467e+01 7.894667e+01 1.016039e+02 7.560676e+01 8.266945e+01 6.783515e+01 5.984373e+01 6.206592e+01 5.267307e+01 5.820787e+01 2.871333e+02 6.246803e+00 3.001302e+00 3.752986e+00 3.991058e+00 5.991553e+00 4.214548e+00 4.492233e+00 4.544732e+00 4.154862e+00 4.084826e+00 3.330500e+00 2.815993e+00 5.912272e+00 8.553594e-01 5.373918e-01 6.650147e-01 6.622759e-01 9.903809e-01 7.431068e-01 7.878515e-01 8.097728e-01 7.774620e-01 7.281984e-01 6.159712e-01 5.123346e-01 9.486802e-01
<GCONST> 1.428165e+02
<STATE> 3
<MEAN> 39
 -7.011446e+00 7.821470e-01 1.136410e+00 1.278594e+00 -6.141710e+00 -2.854191e+00 -6.604067e+00 -7.449580e+00 -2.711087e+00 -6.600740e+00 -1.713196e+00 -1.490375e+00 7.124902e+01 4.880359e-04 4.877954e-04 1.459050e-03 4.783983e-05 1.116492e-03 1.125381e-03 5.293054e-04 -3.146993e-04 -1.760828e-03 -1.530108e-03 -3.846369e-04 5.777073e-04 2.734654e-03 -8.511554e-04 -2.498951e-04 -4.012436e-04 -1.289275e-04 -1.409025e-04 -2.119464e-04 -1.971339e-05 1.079518e-04 1.935347e-04 3.067801e-04 1.232817e-06 8.155217e-06 -3.234121e-03
<VARIANCE> 39
 1.155420e+02 4.314379e+01 6.459467e+01 7.894667e+01 1.016039e+02 7.560676e+01 8.266945e+01 6.783515e+01 5.984373e+01 6.206592e+01 5.267307e+01 5.820787e+01 2.871333e+02 6.246803e+00 3.001302e+00 3.752986e+00 3.991058e+00 5.991553e+00 4.214548e+00 4.492233e+00 4.544732e+00 4.154862e+00 4.084826e+00 3.330500e+00 2.815993e+00 5.912272e+00 8.553594e-01 5.373918e-01 6.650147e-01 6.622759e-01 9.903809e-01 7.431068e-01 7.878515e-01 8.097728e-01 7.774620e-01 7.281984e-01 6.159712e-01 5.123346e-01 9.486802e-01
<GCONST> 1.428165e+02
<STATE> 4
<MEAN> 39
 -7.011446e+00 7.821470e-01 1.136410e+00 1.278594e+00 -6.141710e+00 -2.854191e+00 -6.604067e+00 -7.449580e+00 -2.711087e+00 -6.600740e+00 -1.713196e+00 -1.490375e+00 7.124902e+01 4.880359e-04 4.877954e-04 1.459050e-03 4.783983e-05 1.116492e-03 1.125381e-03 5.293054e-04 -3.146993e-04 -1.760828e-03 -1.530108e-03 -3.846369e-04 5.777073e-04 2.734654e-03 -8.511554e-04 -2.498951e-04 -4.012436e-04 -1.289275e-04 -1.409025e-04 -2.119464e-04 -1.971339e-05 1.079518e-04 1.935347e-04 3.067801e-04 1.232817e-06 8.155217e-06 -3.234121e-03
<VARIANCE> 39
 1.155420e+02 4.314379e+01 6.459467e+01 7.894667e+01 1.016039e+02 7.560676e+01 8.266945e+01 6.783515e+01 5.984373e+01 6.206592e+01 5.267307e+01 5.820787e+01 2.871333e+02 6.246803e+00 3.001302e+00 3.752986e+00 3.991058e+00 5.991553e+00 4.214548e+00 4.492233e+00 4.544732e+00 4.154862e+00 4.084826e+00 3.330500e+00 2.815993e+00 5.912272e+00 8.553594e-01 5.373918e-01 6.650147e-01 6.622759e-01 9.903809e-01 7.431068e-01 7.878515e-01 8.097728e-01 7.774620e-01 7.281984e-01 6.159712e-01 5.123346e-01 9.486802e-01
<GCONST> 1.428165e+02
<TRANSP> 5
 0.000000e+00 1.000000e+00 0.000000e+00 0.000000e+00 0.000000e+00
 0.000000e+00 6.000000e-01 4.000000e-01 0.000000e+00 0.000000e+00
 0.000000e+00 0.000000e+00 6.000000e-01 4.000000e-01 0.000000e+00
 0.000000e+00 0.000000e+00 0.000000e+00 6.000000e-01 4.000000e-01
 0.000000e+00 0.000000e+00 0.000000e+00 0.000000e+00 0.000000e+00
<ENDHMM>
~h "i"
<BEGINHMM>
<NUMSTATES> 5
<STATE> 2
<MEAN> 39
 -7.011446e+00 7.821470e-01 1.136410e+00 1.278594e+00 -6.141710e+00 -2.854191e+00 -6.604067e+00 -7.449580e+00 -2.711087e+00 -6.600740e+00 -1.713196e+00 -1.490375e+00 7.124902e+01 4.880359e-04 4.877954e-04 1.459050e-03 4.783983e-05 1.116492e-03 1.125381e-03 5.293054e-04 -3.146993e-04 -1.760828e-03 -1.530108e-03 -3.846369e-04 5.777073e-04 2.734654e-03 -8.511554e-04 -2.498951e-04 -4.012436e-04 -1.289275e-04 -1.409025e-04 -2.119464e-04 -1.971339e-05 1.079518e-04 1.935347e-04 3.067801e-04 1.232817e-06 8.155217e-06 -3.234121e-03
<VARIANCE> 39
 1.155420e+02 4.314379e+01 6.459467e+01 7.894667e+01 1.016039e+02 7.560676e+01 8.266945e+01 6.783515e+01 5.984373e+01 6.206592e+01 5.267307e+01 5.820787e+01 2.871333e+02 6.246803e+00 3.001302e+00 3.752986e+00 3.991058e+00 5.991553e+00 4.214548e+00 4.492233e+00 4.544732e+00 4.154862e+00 4.084826e+00 3.330500e+00 2.815993e+00 5.912272e+00 8.553594e-01 5.373918e-01 6.650147e-01 6.622759e-01 9.903809e-01 7.431068e-01 7.878515e-01 8.097728e-01 7.774620e-01 7.281984e-01 6.159712e-01 5.123346e-01 9.486802e-01
<GCONST> 1.428165e+02
<STATE> 3
<MEAN> 39
 -7.011446e+00 7.821470e-01 1.136410e+00 1.278594e+00 -6.141710e+00 -2.854191e+00 -6.604067e+00 -7.449580e+00 -2.711087e+00 -6.600740e+00 -1.713196e+00 -1.490375e+00 7.124902e+01 4.880359e-04 4.877954e-04 1.459050e-03 4.783983e-05 1.116492e-03 1.125381e-03 5.293054e-04 -3.146993e-04 -1.760828e-03 -1.530108e-03 -3.846369e-04 5.777073e-04 2.734654e-03 -8.511554e-04 -2.498951e-04 -4.012436e-04 -1.289275e-04 -1.409025e-04 -2.119464e-04 -1.971339e-05 1.079518e-04 1.935347e-04 3.067801e-04 1.232817e-06 8.155217e-06 -3.234121e-03
<VARIANCE> 39
 1.155420e+02 4.314379e+01 6.459467e+01 7.894667e+01 1.016039e+02 7.560676e+01 8.266945e+01 6.783515e+01 5.984373e+01 6.206592e+01 5.267307e+01 5.820787e+01 2.871333e+02 6.246803e+00 3.001302e+00 3.752986e+00 3.991058e+00 5.991553e+00 4.214548e+00 4.492233e+00 4.544732e+00 4.154862e+00 4.084826e+00 3.330500e+00 2.815993e+00 5.912272e+00 8.553594e-01 5.373918e-01 6.650147e-01 6.622759e-01 9.903809e-01 7.431068e-01 7.878515e-01 8.097728e-01 7.774620e-01 7.281984e-01 6.159712e-01 5.123346e-01 9.486802e-01
<GCONST> 1.428165e+02
<STATE> 4
<MEAN> 39
 -7.011446e+00 7.821470e-01 1.136410e+00 1.278594e+00 -6.141710e+00 -2.854191e+00 -6.604067e+00 -7.449580e+00 -2.711087e+00 -6.600740e+00 -1.713196e+00 -1.490375e+00 7.124902e+01 4.880359e-04 4.877954e-04 1.459050e-03 4.783983e-05 1.116492e-03 1.125381e-03 5.293054e-04 -3.146993e-04 -1.760828e-03 -1.530108e-03 -3.846369e-04 5.777073e-04 2.734654e-03 -8.511554e-04 -2.498951e-04 -4.012436e-04 -1.289275e-04 -1.409025e-04 -2.119464e-04 -1.971339e-05 1.079518e-04 1.935347e-04 3.067801e-04 1.232817e-06 8.155217e-06 -3.234121e-03
<VARIANCE> 39
 1.155420e+02 4.314379e+01 6.459467e+01 7.894667e+01 1.016039e+02 7.560676e+01 8.266945e+01 6.783515e+01 5.984373e+01 6.206592e+01 5.267307e+01 5.820787e+01 2.871333e+02 6.246803e+00 3.001302e+00 3.752986e+00 3.991058e+00 5.991553e+00 4.214548e+00 4.492233e+00 4.544732e+00 4.154862e+00 4.084826e+00 3.330500e+00 2.815993e+00 5.912272e+00 8.553594e-01 5.373918e-01 6.650147e-01 6.622759e-01 9.903809e-01 7.431068e-01 7.878515e-01 8.097728e-01 7.774620e-01 7.281984e-01 6.159712e-01 5.123346e-01 9.486802e-01
<GCONST> 1.428165e+02
<TRANSP> 5
 0.000000e+00 1.000000e+00 0.000000e+00 0.000000e+00 0.000000e+00
 0.000000e+00 6.000000e-01 4.000000e-01 0.000000e+00 0.000000e+00
 0.000000e+00 0.000000e+00 6.000000e-01 4.000000e-01 0.000000e+00
 0.000000e+00 0.000000e+00 0.000000e+00 6.000000e-01 4.000000e-01
 0.000000e+00 0.000000e+00 0.000000e+00 0.000000e+00 0.000000e+00
<ENDHMM>
~h "iE"
<BEGINHMM>
<NUMSTATES> 5
<STATE> 2
<MEAN> 39
 -7.011446e+00 7.821470e-01 1.136410e+00 1.278594e+00 -6.141710e+00 -2.854191e+00 -6.604067e+00 -7.449580e+00 -2.711087e+00 -6.600740e+00 -1.713196e+00 -1.490375e+00 7.124902e+01 4.880359e-04 4.877954e-04 1.459050e-03 4.783983e-05 1.116492e-03 1.125381e-03 5.293054e-04 -3.146993e-04 -1.760828e-03 -1.530108e-03 -3.846369e-04 5.777073e-04 2.734654e-03 -8.511554e-04 -2.498951e-04 -4.012436e-04 -1.289275e-04 -1.409025e-04 -2.119464e-04 -1.971339e-05 1.079518e-04 1.935347e-04 3.067801e-04 1.232817e-06 8.155217e-06 -3.234121e-03
<VARIANCE> 39
 1.155420e+02 4.314379e+01 6.459467e+01 7.894667e+01 1.016039e+02 7.560676e+01 8.266945e+01 6.783515e+01 5.984373e+01 6.206592e+01 5.267307e+01 5.820787e+01 2.871333e+02 6.246803e+00 3.001302e+00 3.752986e+00 3.991058e+00 5.991553e+00 4.214548e+00 4.492233e+00 4.544732e+00 4.154862e+00 4.084826e+00 3.330500e+00 2.815993e+00 5.912272e+00 8.553594e-01 5.373918e-01 6.650147e-01 6.622759e-01 9.903809e-01 7.431068e-01 7.878515e-01 8.097728e-01 7.774620e-01 7.281984e-01 6.159712e-01 5.123346e-01 9.486802e-01
<GCONST> 1.428165e+02
<STATE> 3
<MEAN> 39
 -7.011446e+00 7.821470e-01 1.136410e+00 1.278594e+00 -6.141710e+00 -2.854191e+00 -6.604067e+00 -7.449580e+00 -2.711087e+00 -6.600740e+00 -1.713196e+00 -1.490375e+00 7.124902e+01 4.880359e-04 4.877954e-04 1.459050e-03 4.783983e-05 1.116492e-03 1.125381e-03 5.293054e-04 -3.146993e-04 -1.760828e-03 -1.530108e-03 -3.846369e-04 5.777073e-04 2.734654e-03 -8.511554e-04 -2.498951e-04 -4.012436e-04 -1.289275e-04 -1.409025e-04 -2.119464e-04 -1.971339e-05 1.079518e-04 1.935347e-04 3.067801e-04 1.232817e-06 8.155217e-06 -3.234121e-03
<VARIANCE> 39
 1.155420e+02 4.314379e+01 6.459467e+01 7.894667e+01 1.016039e+02 7.560676e+01 8.266945e+01 6.783515e+01 5.984373e+01 6.206592e+01 5.267307e+01 5.820787e+01 2.871333e+02 6.246803e+00 3.001302e+00 3.752986e+00 3.991058e+00 5.991553e+00 4.214548e+00 4.492233e+00 4.544732e+00 4.154862e+00 4.084826e+00 3.330500e+00 2.815993e+00 5.912272e+00 8.553594e-01 5.373918e-01 6.650147e-01 6.622759e-01 9.903809e-01 7.431068e-01 7.878515e-01 8.097728e-01 7.774620e-01 7.281984e-01 6.159712e-01 5.123346e-01 9.486802e-01
<GCONST> 1.428165e+02
<STATE> 4
<MEAN> 39
 -7.011446e+00 7.821470e-01 1.136410e+00 1.278594e+00 -6.141710e+00 -2.854191e+00 -6.604067e+00 -7.449580e+00 -2.711087e+00 -6.600740e+00 -1.713196e+00 -1.490375e+00 7.124902e+01 4.880359e-04 4.877954e-04 1.459050e-03 4.783983e-05 1.116492e-03 1.125381e-03 5.293054e-04 -3.146993e-04 -1.760828e-03 -1.530108e-03 -3.846369e-04 5.777073e-04 2.734654e-03 -8.511554e-04 -2.498951e-04 -4.012436e-04 -1.289275e-04 -1.409025e-04 -2.119464e-04 -1.971339e-05 1.079518e-04 1.935347e-04 3.067801e-04 1.232817e-06 8.155217e-06 -3.234121e-03
<VARIANCE> 39
 1.155420e+02 4.314379e+01 6.459467e+01 7.894667e+01 1.016039e+02 7.560676e+01 8.266945e+01 6.783515e+01 5.984373e+01 6.206592e+01 5.267307e+01 5.820787e+01 2.871333e+02 6.246803e+00 3.001302e+00 3.752986e+00 3.991058e+00 5.991553e+00 4.214548e+00 4.492233e+00 4.544732e+00 4.154862e+00 4.084826e+00 3.330500e+00 2.815993e+00 5.912272e+00 8.553594e-01 5.373918e-01 6.650147e-01 6.622759e-01 9.903809e-01 7.431068e-01 7.878515e-01 8.097728e-01 7.774620e-01 7.281984e-01 6.159712e-01 5.123346e-01 9.486802e-01
<GCONST> 1.428165e+02
<TRANSP> 5
 0.000000e+00 1.000000e+00 0.000000e+00 0.000000e+00 0.000000e+00
 0.000000e+00 6.000000e-01 4.000000e-01 0.000000e+00 0.000000e+00
 0.000000e+00 0.000000e+00 6.000000e-01 4.000000e-01 0.000000e+00
 0.000000e+00 0.000000e+00 0.000000e+00 6.000000e-01 4.000000e-01
 0.000000e+00 0.000000e+00 0.000000e+00 0.000000e+00 0.000000e+00
<ENDHMM>
~h "iI"
<BEGINHMM>
<NUMSTATES> 5
<STATE> 2
<MEAN> 39
 -7.011446e+00 7.821470e-01 1.136410e+00 1.278594e+00 -6.141710e+00 -2.854191e+00 -6.604067e+00 -7.449580e+00 -2.711087e+00 -6.600740e+00 -1.713196e+00 -1.490375e+00 7.124902e+01 4.880359e-04 4.877954e-04 1.459050e-03 4.783983e-05 1.116492e-03 1.125381e-03 5.293054e-04 -3.146993e-04 -1.760828e-03 -1.530108e-03 -3.846369e-04 5.777073e-04 2.734654e-03 -8.511554e-04 -2.498951e-04 -4.012436e-04 -1.289275e-04 -1.409025e-04 -2.119464e-04 -1.971339e-05 1.079518e-04 1.935347e-04 3.067801e-04 1.232817e-06 8.155217e-06 -3.234121e-03
<VARIANCE> 39
 1.155420e+02 4.314379e+01 6.459467e+01 7.894667e+01 1.016039e+02 7.560676e+01 8.266945e+01 6.783515e+01 5.984373e+01 6.206592e+01 5.267307e+01 5.820787e+01 2.871333e+02 6.246803e+00 3.001302e+00 3.752986e+00 3.991058e+00 5.991553e+00 4.214548e+00 4.492233e+00 4.544732e+00 4.154862e+00 4.084826e+00 3.330500e+00 2.815993e+00 5.912272e+00 8.553594e-01 5.373918e-01 6.650147e-01 6.622759e-01 9.903809e-01 7.431068e-01 7.878515e-01 8.097728e-01 7.774620e-01 7.281984e-01 6.159712e-01 5.123346e-01 9.486802e-01
<GCONST> 1.428165e+02
<STATE> 3
<MEAN> 39
 -7.011446e+00 7.821470e-01 1.136410e+00 1.278594e+00 -6.141710e+00 -2.854191e+00 -6.604067e+00 -7.449580e+00 -2.711087e+00 -6.600740e+00 -1.713196e+00 -1.490375e+00 7.124902e+01 4.880359e-04 4.877954e-04 1.459050e-03 4.783983e-05 1.116492e-03 1.125381e-03 5.293054e-04 -3.146993e-04 -1.760828e-03 -1.530108e-03 -3.846369e-04 5.777073e-04 2.734654e-03 -8.511554e-04 -2.498951e-04 -4.012436e-04 -1.289275e-04 -1.409025e-04 -2.119464e-04 -1.971339e-05 1.079518e-04 1.935347e-04 3.067801e-04 1.232817e-06 8.155217e-06 -3.234121e-03
<VARIANCE> 39
 1.155420e+02 4.314379e+01 6.459467e+01 7.894667e+01 1.016039e+02 7.560676e+01 8.266945e+01 6.783515e+01 5.984373e+01 6.206592e+01 5.267307e+01 5.820787e+01 2.871333e+02 6.246803e+00 3.001302e+00 3.752986e+00 3.991058e+00 5.991553e+00 4.214548e+00 4.492233e+00 4.544732e+00 4.154862e+00 4.084826e+00 3.330500e+00 2.815993e+00 5.912272e+00 8.553594e-01 5.373918e-01 6.650147e-01 6.622759e-01 9.903809e-01 7.431068e-01 7.878515e-01 8.097728e-01 7.774620e-01 7.281984e-01 6.159712e-01 5.123346e-01 9.486802e-01
<GCONST> 1.428165e+02
<STATE> 4
<MEAN> 39
 -7.011446e+00 7.821470e-01 1.136410e+00 1.278594e+00 -6.141710e+00 -2.854191e+00 -6.604067e+00 -7.449580e+00 -2.711087e+00 -6.600740e+00 -1.713196e+00 -1.490375e+00 7.124902e+01 4.880359e-04 4.877954e-04 1.459050e-03 4.783983e-05 1.116492e-03 1.125381e-03 5.293054e-04 -3.146993e-04 -1.760828e-03 -1.530108e-03 -3.846369e-04 5.777073e-04 2.734654e-03 -8.511554e-04 -2.498951e-04 -4.012436e-04 -1.289275e-04 -1.409025e-04 -2.119464e-04 -1.971339e-05 1.079518e-04 1.935347e-04 3.067801e-04 1.232817e-06 8.155217e-06 -3.234121e-03
<VARIANCE> 39
 1.155420e+02 4.314379e+01 6.459467e+01 7.894667e+01 1.016039e+02 7.560676e+01 8.266945e+01 6.783515e+01 5.984373e+01 6.206592e+01 5.267307e+01 5.820787e+01 2.871333e+02 6.246803e+00 3.001302e+00 3.752986e+00 3.991058e+00 5.991553e+00 4.214548e+00 4.492233e+00 4.544732e+00 4.154862e+00 4.084826e+00 3.330500e+00 2.815993e+00 5.912272e+00 8.553594e-01 5.373918e-01 6.650147e-01 6.622759e-01 9.903809e-01 7.431068e-01 7.878515e-01 8.097728e-01 7.774620e-01 7.281984e-01 6.159712e-01 5.123346e-01 9.486802e-01
<GCONST> 1.428165e+02
<TRANSP> 5
 0.000000e+00 1.000000e+00 0.000000e+00 0.000000e+00 0.000000e+00
 0.000000e+00 6.000000e-01 4.000000e-01 0.000000e+00 0.000000e+00
 0.000000e+00 0.000000e+00 6.000000e-01 4.000000e-01 0.000000e+00
 0.000000e+00 0.000000e+00 0.000000e+00 6.000000e-01 4.000000e-01
 0.000000e+00 0.000000e+00 0.000000e+00 0.000000e+00 0.000000e+00
<ENDHMM>
~h "ie"
<BEGINHMM>
<NUMSTATES> 5
<STATE> 2
<MEAN> 39
 -7.011446e+00 7.821470e-01 1.136410e+00 1.278594e+00 -6.141710e+00 -2.854191e+00 -6.604067e+00 -7.449580e+00 -2.711087e+00 -6.600740e+00 -1.713196e+00 -1.490375e+00 7.124902e+01 4.880359e-04 4.877954e-04 1.459050e-03 4.783983e-05 1.116492e-03 1.125381e-03 5.293054e-04 -3.146993e-04 -1.760828e-03 -1.530108e-03 -3.846369e-04 5.777073e-04 2.734654e-03 -8.511554e-04 -2.498951e-04 -4.012436e-04 -1.289275e-04 -1.409025e-04 -2.119464e-04 -1.971339e-05 1.079518e-04 1.935347e-04 3.067801e-04 1.232817e-06 8.155217e-06 -3.234121e-03
<VARIANCE> 39
 1.155420e+02 4.314379e+01 6.459467e+01 7.894667e+01 1.016039e+02 7.560676e+01 8.266945e+01 6.783515e+01 5.984373e+01 6.206592e+01 5.267307e+01 5.820787e+01 2.871333e+02 6.246803e+00 3.001302e+00 3.752986e+00 3.991058e+00 5.991553e+00 4.214548e+00 4.492233e+00 4.544732e+00 4.154862e+00 4.084826e+00 3.330500e+00 2.815993e+00 5.912272e+00 8.553594e-01 5.373918e-01 6.650147e-01 6.622759e-01 9.903809e-01 7.431068e-01 7.878515e-01 8.097728e-01 7.774620e-01 7.281984e-01 6.159712e-01 5.123346e-01 9.486802e-01
<GCONST> 1.428165e+02
<STATE> 3
<MEAN> 39
 -7.011446e+00 7.821470e-01 1.136410e+00 1.278594e+00 -6.141710e+00 -2.854191e+00 -6.604067e+00 -7.449580e+00 -2.711087e+00 -6.600740e+00 -1.713196e+00 -1.490375e+00 7.124902e+01 4.880359e-04 4.877954e-04 1.459050e-03 4.783983e-05 1.116492e-03 1.125381e-03 5.293054e-04 -3.146993e-04 -1.760828e-03 -1.530108e-03 -3.846369e-04 5.777073e-04 2.734654e-03 -8.511554e-04 -2.498951e-04 -4.012436e-04 -1.289275e-04 -1.409025e-04 -2.119464e-04 -1.971339e-05 1.079518e-04 1.935347e-04 3.067801e-04 1.232817e-06 8.155217e-06 -3.234121e-03
<VARIANCE> 39
 1.155420e+02 4.314379e+01 6.459467e+01 7.894667e+01 1.016039e+02 7.560676e+01 8.266945e+01 6.783515e+01 5.984373e+01 6.206592e+01 5.267307e+01 5.820787e+01 2.871333e+02 6.246803e+00 3.001302e+00 3.752986e+00 3.991058e+00 5.991553e+00 4.214548e+00 4.492233e+00 4.544732e+00 4.154862e+00 4.084826e+00 3.330500e+00 2.815993e+00 5.912272e+00 8.553594e-01 5.373918e-01 6.650147e-01 6.622759e-01 9.903809e-01 7.431068e-01 7.878515e-01 8.097728e-01 7.774620e-01 7.281984e-01 6.159712e-01 5.123346e-01 9.486802e-01
<GCONST> 1.428165e+02
<STATE> 4
<MEAN> 39
 -7.011446e+00 7.821470e-01 1.136410e+00 1.278594e+00 -6.141710e+00 -2.854191e+00 -6.604067e+00 -7.449580e+00 -2.711087e+00 -6.600740e+00 -1.713196e+00 -1.490375e+00 7.124902e+01 4.880359e-04 4.877954e-04 1.459050e-03 4.783983e-05 1.116492e-03 1.125381e-03 5.293054e-04 -3.146993e-04 -1.760828e-03 -1.530108e-03 -3.846369e-04 5.777073e-04 2.734654e-03 -8.511554e-04 -2.498951e-04 -4.012436e-04 -1.289275e-04 -1.409025e-04 -2.119464e-04 -1.971339e-05 1.079518e-04 1.935347e-04 3.067801e-04 1.232817e-06 8.155217e-06 -3.234121e-03
<VARIANCE> 39
 1.155420e+02 4.314379e+01 6.459467e+01 7.894667e+01 1.016039e+02 7.560676e+01 8.266945e+01 6.783515e+01 5.984373e+01 6.206592e+01 5.267307e+01 5.820787e+01 2.871333e+02 6.246803e+00 3.001302e+00 3.752986e+00 3.991058e+00 5.991553e+00 4.214548e+00 4.492233e+00 4.544732e+00 4.154862e+00 4.084826e+00 3.330500e+00 2.815993e+00 5.912272e+00 8.553594e-01 5.373918e-01 6.650147e-01 6.622759e-01 9.903809e-01 7.431068e-01 7.878515e-01 8.097728e-01 7.774620e-01 7.281984e-01 6.159712e-01 5.123346e-01 9.486802e-01
<GCONST> 1.428165e+02
<TRANSP> 5
 0.000000e+00 1.000000e+00 0.000000e+00 0.000000e+00 0.000000e+00
 0.000000e+00 6.000000e-01 4.000000e-01 0.000000e+00 0.000000e+00
 0.000000e+00 0.000000e+00 6.000000e-01 4.000000e-01 0.000000e+00
 0.000000e+00 0.000000e+00 0.000000e+00 6.000000e-01 4.000000e-01
 0.000000e+00 0.000000e+00 0.000000e+00 0.000000e+00 0.000000e+00
<ENDHMM>
~h "ii"
<BEGINHMM>
<NUMSTATES> 5
<STATE> 2
<MEAN> 39
 -7.011446e+00 7.821470e-01 1.136410e+00 1.278594e+00 -6.141710e+00 -2.854191e+00 -6.604067e+00 -7.449580e+00 -2.711087e+00 -6.600740e+00 -1.713196e+00 -1.490375e+00 7.124902e+01 4.880359e-04 4.877954e-04 1.459050e-03 4.783983e-05 1.116492e-03 1.125381e-03 5.293054e-04 -3.146993e-04 -1.760828e-03 -1.530108e-03 -3.846369e-04 5.777073e-04 2.734654e-03 -8.511554e-04 -2.498951e-04 -4.012436e-04 -1.289275e-04 -1.409025e-04 -2.119464e-04 -1.971339e-05 1.079518e-04 1.935347e-04 3.067801e-04 1.232817e-06 8.155217e-06 -3.234121e-03
<VARIANCE> 39
 1.155420e+02 4.314379e+01 6.459467e+01 7.894667e+01 1.016039e+02 7.560676e+01 8.266945e+01 6.783515e+01 5.984373e+01 6.206592e+01 5.267307e+01 5.820787e+01 2.871333e+02 6.246803e+00 3.001302e+00 3.752986e+00 3.991058e+00 5.991553e+00 4.214548e+00 4.492233e+00 4.544732e+00 4.154862e+00 4.084826e+00 3.330500e+00 2.815993e+00 5.912272e+00 8.553594e-01 5.373918e-01 6.650147e-01 6.622759e-01 9.903809e-01 7.431068e-01 7.878515e-01 8.097728e-01 7.774620e-01 7.281984e-01 6.159712e-01 5.123346e-01 9.486802e-01
<GCONST> 1.428165e+02
<STATE> 3
<MEAN> 39
 -7.011446e+00 7.821470e-01 1.136410e+00 1.278594e+00 -6.141710e+00 -2.854191e+00 -6.604067e+00 -7.449580e+00 -2.711087e+00 -6.600740e+00 -1.713196e+00 -1.490375e+00 7.124902e+01 4.880359e-04 4.877954e-04 1.459050e-03 4.783983e-05 1.116492e-03 1.125381e-03 5.293054e-04 -3.146993e-04 -1.760828e-03 -1.530108e-03 -3.846369e-04 5.777073e-04 2.734654e-03 -8.511554e-04 -2.498951e-04 -4.012436e-04 -1.289275e-04 -1.409025e-04 -2.119464e-04 -1.971339e-05 1.079518e-04 1.935347e-04 3.067801e-04 1.232817e-06 8.155217e-06 -3.234121e-03
<VARIANCE> 39
 1.155420e+02 4.314379e+01 6.459467e+01 7.894667e+01 1.016039e+02 7.560676e+01 8.266945e+01 6.783515e+01 5.984373e+01 6.206592e+01 5.267307e+01 5.820787e+01 2.871333e+02 6.246803e+00 3.001302e+00 3.752986e+00 3.991058e+00 5.991553e+00 4.214548e+00 4.492233e+00 4.544732e+00 4.154862e+00 4.084826e+00 3.330500e+00 2.815993e+00 5.912272e+00 8.553594e-01 5.373918e-01 6.650147e-01 6.622759e-01 9.903809e-01 7.431068e-01 7.878515e-01 8.097728e-01 7.774620e-01 7.281984e-01 6.159712e-01 5.123346e-01 9.486802e-01
<GCONST> 1.428165e+02
<STATE> 4
<MEAN> 39
 -7.011446e+00 7.821470e-01 1.136410e+00 1.278594e+00 -6.141710e+00 -2.854191e+00 -6.604067e+00 -7.449580e+00 -2.711087e+00 -6.600740e+00 -1.713196e+00 -1.490375e+00 7.124902e+01 4.880359e-04 4.877954e-04 1.459050e-03 4.783983e-05 1.116492e-03 1.125381e-03 5.293054e-04 -3.146993e-04 -1.760828e-03 -1.530108e-03 -3.846369e-04 5.777073e-04 2.734654e-03 -8.511554e-04 -2.498951e-04 -4.012436e-04 -1.289275e-04 -1.409025e-04 -2.119464e-04 -1.971339e-05 1.079518e-04 1.935347e-04 3.067801e-04 1.232817e-06 8.155217e-06 -3.234121e-03
<VARIANCE> 39
 1.155420e+02 4.314379e+01 6.459467e+01 7.894667e+01 1.016039e+02 7.560676e+01 8.266945e+01 6.783515e+01 5.984373e+01 6.206592e+01 5.267307e+01 5.820787e+01 2.871333e+02 6.246803e+00 3.001302e+00 3.752986e+00 3.991058e+00 5.991553e+00 4.214548e+00 4.492233e+00 4.544732e+00 4.154862e+00 4.084826e+00 3.330500e+00 2.815993e+00 5.912272e+00 8.553594e-01 5.373918e-01 6.650147e-01 6.622759e-01 9.903809e-01 7.431068e-01 7.878515e-01 8.097728e-01 7.774620e-01 7.281984e-01 6.159712e-01 5.123346e-01 9.486802e-01
<GCONST> 1.428165e+02
<TRANSP> 5
 0.000000e+00 1.000000e+00 0.000000e+00 0.000000e+00 0.000000e+00
 0.000000e+00 6.000000e-01 4.000000e-01 0.000000e+00 0.000000e+00
 0.000000e+00 0.000000e+00 6.000000e-01 4.000000e-01 0.000000e+00
 0.000000e+00 0.000000e+00 0.000000e+00 6.000000e-01 4.000000e-01
 0.000000e+00 0.000000e+00 0.000000e+00 0.000000e+00 0.000000e+00
<ENDHMM>
~h "j"
<BEGINHMM>
<NUMSTATES> 5
<STATE> 2
<MEAN> 39
 -7.011446e+00 7.821470e-01 1.136410e+00 1.278594e+00 -6.141710e+00 -2.854191e+00 -6.604067e+00 -7.449580e+00 -2.711087e+00 -6.600740e+00 -1.713196e+00 -1.490375e+00 7.124902e+01 4.880359e-04 4.877954e-04 1.459050e-03 4.783983e-05 1.116492e-03 1.125381e-03 5.293054e-04 -3.146993e-04 -1.760828e-03 -1.530108e-03 -3.846369e-04 5.777073e-04 2.734654e-03 -8.511554e-04 -2.498951e-04 -4.012436e-04 -1.289275e-04 -1.409025e-04 -2.119464e-04 -1.971339e-05 1.079518e-04 1.935347e-04 3.067801e-04 1.232817e-06 8.155217e-06 -3.234121e-03
<VARIANCE> 39
 1.155420e+02 4.314379e+01 6.459467e+01 7.894667e+01 1.016039e+02 7.560676e+01 8.266945e+01 6.783515e+01 5.984373e+01 6.206592e+01 5.267307e+01 5.820787e+01 2.871333e+02 6.246803e+00 3.001302e+00 3.752986e+00 3.991058e+00 5.991553e+00 4.214548e+00 4.492233e+00 4.544732e+00 4.154862e+00 4.084826e+00 3.330500e+00 2.815993e+00 5.912272e+00 8.553594e-01 5.373918e-01 6.650147e-01 6.622759e-01 9.903809e-01 7.431068e-01 7.878515e-01 8.097728e-01 7.774620e-01 7.281984e-01 6.159712e-01 5.123346e-01 9.486802e-01
<GCONST> 1.428165e+02
<STATE> 3
<MEAN> 39
 -7.011446e+00 7.821470e-01 1.136410e+00 1.278594e+00 -6.141710e+00 -2.854191e+00 -6.604067e+00 -7.449580e+00 -2.711087e+00 -6.600740e+00 -1.713196e+00 -1.490375e+00 7.124902e+01 4.880359e-04 4.877954e-04 1.459050e-03 4.783983e-05 1.116492e-03 1.125381e-03 5.293054e-04 -3.146993e-04 -1.760828e-03 -1.530108e-03 -3.846369e-04 5.777073e-04 2.734654e-03 -8.511554e-04 -2.498951e-04 -4.012436e-04 -1.289275e-04 -1.409025e-04 -2.119464e-04 -1.971339e-05 1.079518e-04 1.935347e-04 3.067801e-04 1.232817e-06 8.155217e-06 -3.234121e-03
<VARIANCE> 39
 1.155420e+02 4.314379e+01 6.459467e+01 7.894667e+01 1.016039e+02 7.560676e+01 8.266945e+01 6.783515e+01 5.984373e+01 6.206592e+01 5.267307e+01 5.820787e+01 2.871333e+02 6.246803e+00 3.001302e+00 3.752986e+00 3.991058e+00 5.991553e+00 4.214548e+00 4.492233e+00 4.544732e+00 4.154862e+00 4.084826e+00 3.330500e+00 2.815993e+00 5.912272e+00 8.553594e-01 5.373918e-01 6.650147e-01 6.622759e-01 9.903809e-01 7.431068e-01 7.878515e-01 8.097728e-01 7.774620e-01 7.281984e-01 6.159712e-01 5.123346e-01 9.486802e-01
<GCONST> 1.428165e+02
<STATE> 4
<MEAN> 39
 -7.011446e+00 7.821470e-01 1.136410e+00 1.278594e+00 -6.141710e+00 -2.854191e+00 -6.604067e+00 -7.449580e+00 -2.711087e+00 -6.600740e+00 -1.713196e+00 -1.490375e+00 7.124902e+01 4.880359e-04 4.877954e-04 1.459050e-03 4.783983e-05 1.116492e-03 1.125381e-03 5.293054e-04 -3.146993e-04 -1.760828e-03 -1.530108e-03 -3.846369e-04 5.777073e-04 2.734654e-03 -8.511554e-04 -2.498951e-04 -4.012436e-04 -1.289275e-04 -1.409025e-04 -2.119464e-04 -1.971339e-05 1.079518e-04 1.935347e-04 3.067801e-04 1.232817e-06 8.155217e-06 -3.234121e-03
<VARIANCE> 39
 1.155420e+02 4.314379e+01 6.459467e+01 7.894667e+01 1.016039e+02 7.560676e+01 8.266945e+01 6.783515e+01 5.984373e+01 6.206592e+01 5.267307e+01 5.820787e+01 2.871333e+02 6.246803e+00 3.001302e+00 3.752986e+00 3.991058e+00 5.991553e+00 4.214548e+00 4.492233e+00 4.544732e+00 4.154862e+00 4.084826e+00 3.330500e+00 2.815993e+00 5.912272e+00 8.553594e-01 5.373918e-01 6.650147e-01 6.622759e-01 9.903809e-01 7.431068e-01 7.878515e-01 8.097728e-01 7.774620e-01 7.281984e-01 6.159712e-01 5.123346e-01 9.486802e-01
<GCONST> 1.428165e+02
<TRANSP> 5
 0.000000e+00 1.000000e+00 0.000000e+00 0.000000e+00 0.000000e+00
 0.000000e+00 6.000000e-01 4.000000e-01 0.000000e+00 0.000000e+00
 0.000000e+00 0.000000e+00 6.000000e-01 4.000000e-01 0.000000e+00
 0.000000e+00 0.000000e+00 0.000000e+00 6.000000e-01 4.000000e-01
 0.000000e+00 0.000000e+00 0.000000e+00 0.000000e+00 0.000000e+00
<ENDHMM>
~h "j_pal"
<BEGINHMM>
<NUMSTATES> 5
<STATE> 2
<MEAN> 39
 -7.011446e+00 7.821470e-01 1.136410e+00 1.278594e+00 -6.141710e+00 -2.854191e+00 -6.604067e+00 -7.449580e+00 -2.711087e+00 -6.600740e+00 -1.713196e+00 -1.490375e+00 7.124902e+01 4.880359e-04 4.877954e-04 1.459050e-03 4.783983e-05 1.116492e-03 1.125381e-03 5.293054e-04 -3.146993e-04 -1.760828e-03 -1.530108e-03 -3.846369e-04 5.777073e-04 2.734654e-03 -8.511554e-04 -2.498951e-04 -4.012436e-04 -1.289275e-04 -1.409025e-04 -2.119464e-04 -1.971339e-05 1.079518e-04 1.935347e-04 3.067801e-04 1.232817e-06 8.155217e-06 -3.234121e-03
<VARIANCE> 39
 1.155420e+02 4.314379e+01 6.459467e+01 7.894667e+01 1.016039e+02 7.560676e+01 8.266945e+01 6.783515e+01 5.984373e+01 6.206592e+01 5.267307e+01 5.820787e+01 2.871333e+02 6.246803e+00 3.001302e+00 3.752986e+00 3.991058e+00 5.991553e+00 4.214548e+00 4.492233e+00 4.544732e+00 4.154862e+00 4.084826e+00 3.330500e+00 2.815993e+00 5.912272e+00 8.553594e-01 5.373918e-01 6.650147e-01 6.622759e-01 9.903809e-01 7.431068e-01 7.878515e-01 8.097728e-01 7.774620e-01 7.281984e-01 6.159712e-01 5.123346e-01 9.486802e-01
<GCONST> 1.428165e+02
<STATE> 3
<MEAN> 39
 -7.011446e+00 7.821470e-01 1.136410e+00 1.278594e+00 -6.141710e+00 -2.854191e+00 -6.604067e+00 -7.449580e+00 -2.711087e+00 -6.600740e+00 -1.713196e+00 -1.490375e+00 7.124902e+01 4.880359e-04 4.877954e-04 1.459050e-03 4.783983e-05 1.116492e-03 1.125381e-03 5.293054e-04 -3.146993e-04 -1.760828e-03 -1.530108e-03 -3.846369e-04 5.777073e-04 2.734654e-03 -8.511554e-04 -2.498951e-04 -4.012436e-04 -1.289275e-04 -1.409025e-04 -2.119464e-04 -1.971339e-05 1.079518e-04 1.935347e-04 3.067801e-04 1.232817e-06 8.155217e-06 -3.234121e-03
<VARIANCE> 39
 1.155420e+02 4.314379e+01 6.459467e+01 7.894667e+01 1.016039e+02 7.560676e+01 8.266945e+01 6.783515e+01 5.984373e+01 6.206592e+01 5.267307e+01 5.820787e+01 2.871333e+02 6.246803e+00 3.001302e+00 3.752986e+00 3.991058e+00 5.991553e+00 4.214548e+00 4.492233e+00 4.544732e+00 4.154862e+00 4.084826e+00 3.330500e+00 2.815993e+00 5.912272e+00 8.553594e-01 5.373918e-01 6.650147e-01 6.622759e-01 9.903809e-01 7.431068e-01 7.878515e-01 8.097728e-01 7.774620e-01 7.281984e-01 6.159712e-01 5.123346e-01 9.486802e-01
<GCONST> 1.428165e+02
<STATE> 4
<MEAN> 39
 -7.011446e+00 7.821470e-01 1.136410e+00 1.278594e+00 -6.141710e+00 -2.854191e+00 -6.604067e+00 -7.449580e+00 -2.711087e+00 -6.600740e+00 -1.713196e+00 -1.490375e+00 7.124902e+01 4.880359e-04 4.877954e-04 1.459050e-03 4.783983e-05 1.116492e-03 1.125381e-03 5.293054e-04 -3.146993e-04 -1.760828e-03 -1.530108e-03 -3.846369e-04 5.777073e-04 2.734654e-03 -8.511554e-04 -2.498951e-04 -4.012436e-04 -1.289275e-04 -1.409025e-04 -2.119464e-04 -1.971339e-05 1.079518e-04 1.935347e-04 3.067801e-04 1.232817e-06 8.155217e-06 -3.234121e-03
<VARIANCE> 39
 1.155420e+02 4.314379e+01 6.459467e+01 7.894667e+01 1.016039e+02 7.560676e+01 8.266945e+01 6.783515e+01 5.984373e+01 6.206592e+01 5.267307e+01 5.820787e+01 2.871333e+02 6.246803e+00 3.001302e+00 3.752986e+00 3.991058e+00 5.991553e+00 4.214548e+00 4.492233e+00 4.544732e+00 4.154862e+00 4.084826e+00 3.330500e+00 2.815993e+00 5.912272e+00 8.553594e-01 5.373918e-01 6.650147e-01 6.622759e-01 9.903809e-01 7.431068e-01 7.878515e-01 8.097728e-01 7.774620e-01 7.281984e-01 6.159712e-01 5.123346e-01 9.486802e-01
<GCONST> 1.428165e+02
<TRANSP> 5
 0.000000e+00 1.000000e+00 0.000000e+00 0.000000e+00 0.000000e+00
 0.000000e+00 6.000000e-01 4.000000e-01 0.000000e+00 0.000000e+00
 0.000000e+00 0.000000e+00 6.000000e-01 4.000000e-01 0.000000e+00
 0.000000e+00 0.000000e+00 0.000000e+00 6.000000e-01 4.000000e-01
 0.000000e+00 0.000000e+00 0.000000e+00 0.000000e+00 0.000000e+00
<ENDHMM>
~h "k"
<BEGINHMM>
<NUMSTATES> 5
<STATE> 2
<MEAN> 39
 -7.011446e+00 7.821470e-01 1.136410e+00 1.278594e+00 -6.141710e+00 -2.854191e+00 -6.604067e+00 -7.449580e+00 -2.711087e+00 -6.600740e+00 -1.713196e+00 -1.490375e+00 7.124902e+01 4.880359e-04 4.877954e-04 1.459050e-03 4.783983e-05 1.116492e-03 1.125381e-03 5.293054e-04 -3.146993e-04 -1.760828e-03 -1.530108e-03 -3.846369e-04 5.777073e-04 2.734654e-03 -8.511554e-04 -2.498951e-04 -4.012436e-04 -1.289275e-04 -1.409025e-04 -2.119464e-04 -1.971339e-05 1.079518e-04 1.935347e-04 3.067801e-04 1.232817e-06 8.155217e-06 -3.234121e-03
<VARIANCE> 39
 1.155420e+02 4.314379e+01 6.459467e+01 7.894667e+01 1.016039e+02 7.560676e+01 8.266945e+01 6.783515e+01 5.984373e+01 6.206592e+01 5.267307e+01 5.820787e+01 2.871333e+02 6.246803e+00 3.001302e+00 3.752986e+00 3.991058e+00 5.991553e+00 4.214548e+00 4.492233e+00 4.544732e+00 4.154862e+00 4.084826e+00 3.330500e+00 2.815993e+00 5.912272e+00 8.553594e-01 5.373918e-01 6.650147e-01 6.622759e-01 9.903809e-01 7.431068e-01 7.878515e-01 8.097728e-01 7.774620e-01 7.281984e-01 6.159712e-01 5.123346e-01 9.486802e-01
<GCONST> 1.428165e+02
<STATE> 3
<MEAN> 39
 -7.011446e+00 7.821470e-01 1.136410e+00 1.278594e+00 -6.141710e+00 -2.854191e+00 -6.604067e+00 -7.449580e+00 -2.711087e+00 -6.600740e+00 -1.713196e+00 -1.490375e+00 7.124902e+01 4.880359e-04 4.877954e-04 1.459050e-03 4.783983e-05 1.116492e-03 1.125381e-03 5.293054e-04 -3.146993e-04 -1.760828e-03 -1.530108e-03 -3.846369e-04 5.777073e-04 2.734654e-03 -8.511554e-04 -2.498951e-04 -4.012436e-04 -1.289275e-04 -1.409025e-04 -2.119464e-04 -1.971339e-05 1.079518e-04 1.935347e-04 3.067801e-04 1.232817e-06 8.155217e-06 -3.234121e-03
<VARIANCE> 39
 1.155420e+02 4.314379e+01 6.459467e+01 7.894667e+01 1.016039e+02 7.560676e+01 8.266945e+01 6.783515e+01 5.984373e+01 6.206592e+01 5.267307e+01 5.820787e+01 2.871333e+02 6.246803e+00 3.001302e+00 3.752986e+00 3.991058e+00 5.991553e+00 4.214548e+00 4.492233e+00 4.544732e+00 4.154862e+00 4.084826e+00 3.330500e+00 2.815993e+00 5.912272e+00 8.553594e-01 5.373918e-01 6.650147e-01 6.622759e-01 9.903809e-01 7.431068e-01 7.878515e-01 8.097728e-01 7.774620e-01 7.281984e-01 6.159712e-01 5.123346e-01 9.486802e-01
<GCONST> 1.428165e+02
<STATE> 4
<MEAN> 39
 -7.011446e+00 7.821470e-01 1.136410e+00 1.278594e+00 -6.141710e+00 -2.854191e+00 -6.604067e+00 -7.449580e+00 -2.711087e+00 -6.600740e+00 -1.713196e+00 -1.490375e+00 7.124902e+01 4.880359e-04 4.877954e-04 1.459050e-03 4.783983e-05 1.116492e-03 1.125381e-03 5.293054e-04 -3.146993e-04 -1.760828e-03 -1.530108e-03 -3.846369e-04 5.777073e-04 2.734654e-03 -8.511554e-04 -2.498951e-04 -4.012436e-04 -1.289275e-04 -1.409025e-04 -2.119464e-04 -1.971339e-05 1.079518e-04 1.935347e-04 3.067801e-04 1.232817e-06 8.155217e-06 -3.234121e-03
<VARIANCE> 39
 1.155420e+02 4.314379e+01 6.459467e+01 7.894667e+01 1.016039e+02 7.560676e+01 8.266945e+01 6.783515e+01 5.984373e+01 6.206592e+01 5.267307e+01 5.820787e+01 2.871333e+02 6.246803e+00 3.001302e+00 3.752986e+00 3.991058e+00 5.991553e+00 4.214548e+00 4.492233e+00 4.544732e+00 4.154862e+00 4.084826e+00 3.330500e+00 2.815993e+00 5.912272e+00 8.553594e-01 5.373918e-01 6.650147e-01 6.622759e-01 9.903809e-01 7.431068e-01 7.878515e-01 8.097728e-01 7.774620e-01 7.281984e-01 6.159712e-01 5.123346e-01 9.486802e-01
<GCONST> 1.428165e+02
<TRANSP> 5
 0.000000e+00 1.000000e+00 0.000000e+00 0.000000e+00 0.000000e+00
 0.000000e+00 6.000000e-01 4.000000e-01 0.000000e+00 0.000000e+00
 0.000000e+00 0.000000e+00 6.000000e-01 4.000000e-01 0.000000e+00
 0.000000e+00 0.000000e+00 0.000000e+00 6.000000e-01 4.000000e-01
 0.000000e+00 0.000000e+00 0.000000e+00 0.000000e+00 0.000000e+00
<ENDHMM>
~h "k_pal"
<BEGINHMM>
<NUMSTATES> 5
<STATE> 2
<MEAN> 39
 -7.011446e+00 7.821470e-01 1.136410e+00 1.278594e+00 -6.141710e+00 -2.854191e+00 -6.604067e+00 -7.449580e+00 -2.711087e+00 -6.600740e+00 -1.713196e+00 -1.490375e+00 7.124902e+01 4.880359e-04 4.877954e-04 1.459050e-03 4.783983e-05 1.116492e-03 1.125381e-03 5.293054e-04 -3.146993e-04 -1.760828e-03 -1.530108e-03 -3.846369e-04 5.777073e-04 2.734654e-03 -8.511554e-04 -2.498951e-04 -4.012436e-04 -1.289275e-04 -1.409025e-04 -2.119464e-04 -1.971339e-05 1.079518e-04 1.935347e-04 3.067801e-04 1.232817e-06 8.155217e-06 -3.234121e-03
<VARIANCE> 39
 1.155420e+02 4.314379e+01 6.459467e+01 7.894667e+01 1.016039e+02 7.560676e+01 8.266945e+01 6.783515e+01 5.984373e+01 6.206592e+01 5.267307e+01 5.820787e+01 2.871333e+02 6.246803e+00 3.001302e+00 3.752986e+00 3.991058e+00 5.991553e+00 4.214548e+00 4.492233e+00 4.544732e+00 4.154862e+00 4.084826e+00 3.330500e+00 2.815993e+00 5.912272e+00 8.553594e-01 5.373918e-01 6.650147e-01 6.622759e-01 9.903809e-01 7.431068e-01 7.878515e-01 8.097728e-01 7.774620e-01 7.281984e-01 6.159712e-01 5.123346e-01 9.486802e-01
<GCONST> 1.428165e+02
<STATE> 3
<MEAN> 39
 -7.011446e+00 7.821470e-01 1.136410e+00 1.278594e+00 -6.141710e+00 -2.854191e+00 -6.604067e+00 -7.449580e+00 -2.711087e+00 -6.600740e+00 -1.713196e+00 -1.490375e+00 7.124902e+01 4.880359e-04 4.877954e-04 1.459050e-03 4.783983e-05 1.116492e-03 1.125381e-03 5.293054e-04 -3.146993e-04 -1.760828e-03 -1.530108e-03 -3.846369e-04 5.777073e-04 2.734654e-03 -8.511554e-04 -2.498951e-04 -4.012436e-04 -1.289275e-04 -1.409025e-04 -2.119464e-04 -1.971339e-05 1.079518e-04 1.935347e-04 3.067801e-04 1.232817e-06 8.155217e-06 -3.234121e-03
<VARIANCE> 39
 1.155420e+02 4.314379e+01 6.459467e+01 7.894667e+01 1.016039e+02 7.560676e+01 8.266945e+01 6.783515e+01 5.984373e+01 6.206592e+01 5.267307e+01 5.820787e+01 2.871333e+02 6.246803e+00 3.001302e+00 3.752986e+00 3.991058e+00 5.991553e+00 4.214548e+00 4.492233e+00 4.544732e+00 4.154862e+00 4.084826e+00 3.330500e+00 2.815993e+00 5.912272e+00 8.553594e-01 5.373918e-01 6.650147e-01 6.622759e-01 9.903809e-01 7.431068e-01 7.878515e-01 8.097728e-01 7.774620e-01 7.281984e-01 6.159712e-01 5.123346e-01 9.486802e-01
<GCONST> 1.428165e+02
<STATE> 4
<MEAN> 39
 -7.011446e+00 7.821470e-01 1.136410e+00 1.278594e+00 -6.141710e+00 -2.854191e+00 -6.604067e+00 -7.449580e+00 -2.711087e+00 -6.600740e+00 -1.713196e+00 -1.490375e+00 7.124902e+01 4.880359e-04 4.877954e-04 1.459050e-03 4.783983e-05 1.116492e-03 1.125381e-03 5.293054e-04 -3.146993e-04 -1.760828e-03 -1.530108e-03 -3.846369e-04 5.777073e-04 2.734654e-03 -8.511554e-04 -2.498951e-04 -4.012436e-04 -1.289275e-04 -1.409025e-04 -2.119464e-04 -1.971339e-05 1.079518e-04 1.935347e-04 3.067801e-04 1.232817e-06 8.155217e-06 -3.234121e-03
<VARIANCE> 39
 1.155420e+02 4.314379e+01 6.459467e+01 7.894667e+01 1.016039e+02 7.560676e+01 8.266945e+01 6.783515e+01 5.984373e+01 6.206592e+01 5.267307e+01 5.820787e+01 2.871333e+02 6.246803e+00 3.001302e+00 3.752986e+00 3.991058e+00 5.991553e+00 4.214548e+00 4.492233e+00 4.544732e+00 4.154862e+00 4.084826e+00 3.330500e+00 2.815993e+00 5.912272e+00 8.553594e-01 5.373918e-01 6.650147e-01 6.622759e-01 9.903809e-01 7.431068e-01 7.878515e-01 8.097728e-01 7.774620e-01 7.281984e-01 6.159712e-01 5.123346e-01 9.486802e-01
<GCONST> 1.428165e+02
<TRANSP> 5
 0.000000e+00 1.000000e+00 0.000000e+00 0.000000e+00 0.000000e+00
 0.000000e+00 6.000000e-01 4.000000e-01 0.000000e+00 0.000000e+00
 0.000000e+00 0.000000e+00 6.000000e-01 4.000000e-01 0.000000e+00
 0.000000e+00 0.000000e+00 0.000000e+00 6.000000e-01 4.000000e-01
 0.000000e+00 0.000000e+00 0.000000e+00 0.000000e+00 0.000000e+00
<ENDHMM>
~h "l"
<BEGINHMM>
<NUMSTATES> 5
<STATE> 2
<MEAN> 39
 -7.011446e+00 7.821470e-01 1.136410e+00 1.278594e+00 -6.141710e+00 -2.854191e+00 -6.604067e+00 -7.449580e+00 -2.711087e+00 -6.600740e+00 -1.713196e+00 -1.490375e+00 7.124902e+01 4.880359e-04 4.877954e-04 1.459050e-03 4.783983e-05 1.116492e-03 1.125381e-03 5.293054e-04 -3.146993e-04 -1.760828e-03 -1.530108e-03 -3.846369e-04 5.777073e-04 2.734654e-03 -8.511554e-04 -2.498951e-04 -4.012436e-04 -1.289275e-04 -1.409025e-04 -2.119464e-04 -1.971339e-05 1.079518e-04 1.935347e-04 3.067801e-04 1.232817e-06 8.155217e-06 -3.234121e-03
<VARIANCE> 39
 1.155420e+02 4.314379e+01 6.459467e+01 7.894667e+01 1.016039e+02 7.560676e+01 8.266945e+01 6.783515e+01 5.984373e+01 6.206592e+01 5.267307e+01 5.820787e+01 2.871333e+02 6.246803e+00 3.001302e+00 3.752986e+00 3.991058e+00 5.991553e+00 4.214548e+00 4.492233e+00 4.544732e+00 4.154862e+00 4.084826e+00 3.330500e+00 2.815993e+00 5.912272e+00 8.553594e-01 5.373918e-01 6.650147e-01 6.622759e-01 9.903809e-01 7.431068e-01 7.878515e-01 8.097728e-01 7.774620e-01 7.281984e-01 6.159712e-01 5.123346e-01 9.486802e-01
<GCONST> 1.428165e+02
<STATE> 3
<MEAN> 39
 -7.011446e+00 7.821470e-01 1.136410e+00 1.278594e+00 -6.141710e+00 -2.854191e+00 -6.604067e+00 -7.449580e+00 -2.711087e+00 -6.600740e+00 -1.713196e+00 -1.490375e+00 7.124902e+01 4.880359e-04 4.877954e-04 1.459050e-03 4.783983e-05 1.116492e-03 1.125381e-03 5.293054e-04 -3.146993e-04 -1.760828e-03 -1.530108e-03 -3.846369e-04 5.777073e-04 2.734654e-03 -8.511554e-04 -2.498951e-04 -4.012436e-04 -1.289275e-04 -1.409025e-04 -2.119464e-04 -1.971339e-05 1.079518e-04 1.935347e-04 3.067801e-04 1.232817e-06 8.155217e-06 -3.234121e-03
<VARIANCE> 39
 1.155420e+02 4.314379e+01 6.459467e+01 7.894667e+01 1.016039e+02 7.560676e+01 8.266945e+01 6.783515e+01 5.984373e+01 6.206592e+01 5.267307e+01 5.820787e+01 2.871333e+02 6.246803e+00 3.001302e+00 3.752986e+00 3.991058e+00 5.991553e+00 4.214548e+00 4.492233e+00 4.544732e+00 4.154862e+00 4.084826e+00 3.330500e+00 2.815993e+00 5.912272e+00 8.553594e-01 5.373918e-01 6.650147e-01 6.622759e-01 9.903809e-01 7.431068e-01 7.878515e-01 8.097728e-01 7.774620e-01 7.281984e-01 6.159712e-01 5.123346e-01 9.486802e-01
<GCONST> 1.428165e+02
<STATE> 4
<MEAN> 39
 -7.011446e+00 7.821470e-01 1.136410e+00 1.278594e+00 -6.141710e+00 -2.854191e+00 -6.604067e+00 -7.449580e+00 -2.711087e+00 -6.600740e+00 -1.713196e+00 -1.490375e+00 7.124902e+01 4.880359e-04 4.877954e-04 1.459050e-03 4.783983e-05 1.116492e-03 1.125381e-03 5.293054e-04 -3.146993e-04 -1.760828e-03 -1.530108e-03 -3.846369e-04 5.777073e-04 2.734654e-03 -8.511554e-04 -2.498951e-04 -4.012436e-04 -1.289275e-04 -1.409025e-04 -2.119464e-04 -1.971339e-05 1.079518e-04 1.935347e-04 3.067801e-04 1.232817e-06 8.155217e-06 -3.234121e-03
<VARIANCE> 39
 1.155420e+02 4.314379e+01 6.459467e+01 7.894667e+01 1.016039e+02 7.560676e+01 8.266945e+01 6.783515e+01 5.984373e+01 6.206592e+01 5.267307e+01 5.820787e+01 2.871333e+02 6.246803e+00 3.001302e+00 3.752986e+00 3.991058e+00 5.991553e+00 4.214548e+00 4.492233e+00 4.544732e+00 4.154862e+00 4.084826e+00 3.330500e+00 2.815993e+00 5.912272e+00 8.553594e-01 5.373918e-01 6.650147e-01 6.622759e-01 9.903809e-01 7.431068e-01 7.878515e-01 8.097728e-01 7.774620e-01 7.281984e-01 6.159712e-01 5.123346e-01 9.486802e-01
<GCONST> 1.428165e+02
<TRANSP> 5
 0.000000e+00 1.000000e+00 0.000000e+00 0.000000e+00 0.000000e+00
 0.000000e+00 6.000000e-01 4.000000e-01 0.000000e+00 0.000000e+00
 0.000000e+00 0.000000e+00 6.000000e-01 4.000000e-01 0.000000e+00
 0.000000e+00 0.000000e+00 0.000000e+00 6.000000e-01 4.000000e-01
 0.000000e+00 0.000000e+00 0.000000e+00 0.000000e+00 0.000000e+00
<ENDHMM>
~h "l_pal"
<BEGINHMM>
<NUMSTATES> 5
<STATE> 2
<MEAN> 39
 -7.011446e+00 7.821470e-01 1.136410e+00 1.278594e+00 -6.141710e+00 -2.854191e+00 -6.604067e+00 -7.449580e+00 -2.711087e+00 -6.600740e+00 -1.713196e+00 -1.490375e+00 7.124902e+01 4.880359e-04 4.877954e-04 1.459050e-03 4.783983e-05 1.116492e-03 1.125381e-03 5.293054e-04 -3.146993e-04 -1.760828e-03 -1.530108e-03 -3.846369e-04 5.777073e-04 2.734654e-03 -8.511554e-04 -2.498951e-04 -4.012436e-04 -1.289275e-04 -1.409025e-04 -2.119464e-04 -1.971339e-05 1.079518e-04 1.935347e-04 3.067801e-04 1.232817e-06 8.155217e-06 -3.234121e-03
<VARIANCE> 39
 1.155420e+02 4.314379e+01 6.459467e+01 7.894667e+01 1.016039e+02 7.560676e+01 8.266945e+01 6.783515e+01 5.984373e+01 6.206592e+01 5.267307e+01 5.820787e+01 2.871333e+02 6.246803e+00 3.001302e+00 3.752986e+00 3.991058e+00 5.991553e+00 4.214548e+00 4.492233e+00 4.544732e+00 4.154862e+00 4.084826e+00 3.330500e+00 2.815993e+00 5.912272e+00 8.553594e-01 5.373918e-01 6.650147e-01 6.622759e-01 9.903809e-01 7.431068e-01 7.878515e-01 8.097728e-01 7.774620e-01 7.281984e-01 6.159712e-01 5.123346e-01 9.486802e-01
<GCONST> 1.428165e+02
<STATE> 3
<MEAN> 39
 -7.011446e+00 7.821470e-01 1.136410e+00 1.278594e+00 -6.141710e+00 -2.854191e+00 -6.604067e+00 -7.449580e+00 -2.711087e+00 -6.600740e+00 -1.713196e+00 -1.490375e+00 7.124902e+01 4.880359e-04 4.877954e-04 1.459050e-03 4.783983e-05 1.116492e-03 1.125381e-03 5.293054e-04 -3.146993e-04 -1.760828e-03 -1.530108e-03 -3.846369e-04 5.777073e-04 2.734654e-03 -8.511554e-04 -2.498951e-04 -4.012436e-04 -1.289275e-04 -1.409025e-04 -2.119464e-04 -1.971339e-05 1.079518e-04 1.935347e-04 3.067801e-04 1.232817e-06 8.155217e-06 -3.234121e-03
<VARIANCE> 39
 1.155420e+02 4.314379e+01 6.459467e+01 7.894667e+01 1.016039e+02 7.560676e+01 8.266945e+01 6.783515e+01 5.984373e+01 6.206592e+01 5.267307e+01 5.820787e+01 2.871333e+02 6.246803e+00 3.001302e+00 3.752986e+00 3.991058e+00 5.991553e+00 4.214548e+00 4.492233e+00 4.544732e+00 4.154862e+00 4.084826e+00 3.330500e+00 2.815993e+00 5.912272e+00 8.553594e-01 5.373918e-01 6.650147e-01 6.622759e-01 9.903809e-01 7.431068e-01 7.878515e-01 8.097728e-01 7.774620e-01 7.281984e-01 6.159712e-01 5.123346e-01 9.486802e-01
<GCONST> 1.428165e+02
<STATE> 4
<MEAN> 39
 -7.011446e+00 7.821470e-01 1.136410e+00 1.278594e+00 -6.141710e+00 -2.854191e+00 -6.604067e+00 -7.449580e+00 -2.711087e+00 -6.600740e+00 -1.713196e+00 -1.490375e+00 7.124902e+01 4.880359e-04 4.877954e-04 1.459050e-03 4.783983e-05 1.116492e-03 1.125381e-03 5.293054e-04 -3.146993e-04 -1.760828e-03 -1.530108e-03 -3.846369e-04 5.777073e-04 2.734654e-03 -8.511554e-04 -2.498951e-04 -4.012436e-04 -1.289275e-04 -1.409025e-04 -2.119464e-04 -1.971339e-05 1.079518e-04 1.935347e-04 3.067801e-04 1.232817e-06 8.155217e-06 -3.234121e-03
<VARIANCE> 39
 1.155420e+02 4.314379e+01 6.459467e+01 7.894667e+01 1.016039e+02 7.560676e+01 8.266945e+01 6.783515e+01 5.984373e+01 6.206592e+01 5.267307e+01 5.820787e+01 2.871333e+02 6.246803e+00 3.001302e+00 3.752986e+00 3.991058e+00 5.991553e+00 4.214548e+00 4.492233e+00 4.544732e+00 4.154862e+00 4.084826e+00 3.330500e+00 2.815993e+00 5.912272e+00 8.553594e-01 5.373918e-01 6.650147e-01 6.622759e-01 9.903809e-01 7.431068e-01 7.878515e-01 8.097728e-01 7.774620e-01 7.281984e-01 6.159712e-01 5.123346e-01 9.486802e-01
<GCONST> 1.428165e+02
<TRANSP> 5
 0.000000e+00 1.000000e+00 0.000000e+00 0.000000e+00 0.000000e+00
 0.000000e+00 6.000000e-01 4.000000e-01 0.000000e+00 0.000000e+00
 0.000000e+00 0.000000e+00 6.000000e-01 4.000000e-01 0.000000e+00
 0.000000e+00 0.000000e+00 0.000000e+00 6.000000e-01 4.000000e-01
 0.000000e+00 0.000000e+00 0.000000e+00 0.000000e+00 0.000000e+00
<ENDHMM>
~h "m"
<BEGINHMM>
<NUMSTATES> 5
<STATE> 2
<MEAN> 39
 -7.011446e+00 7.821470e-01 1.136410e+00 1.278594e+00 -6.141710e+00 -2.854191e+00 -6.604067e+00 -7.449580e+00 -2.711087e+00 -6.600740e+00 -1.713196e+00 -1.490375e+00 7.124902e+01 4.880359e-04 4.877954e-04 1.459050e-03 4.783983e-05 1.116492e-03 1.125381e-03 5.293054e-04 -3.146993e-04 -1.760828e-03 -1.530108e-03 -3.846369e-04 5.777073e-04 2.734654e-03 -8.511554e-04 -2.498951e-04 -4.012436e-04 -1.289275e-04 -1.409025e-04 -2.119464e-04 -1.971339e-05 1.079518e-04 1.935347e-04 3.067801e-04 1.232817e-06 8.155217e-06 -3.234121e-03
<VARIANCE> 39
 1.155420e+02 4.314379e+01 6.459467e+01 7.894667e+01 1.016039e+02 7.560676e+01 8.266945e+01 6.783515e+01 5.984373e+01 6.206592e+01 5.267307e+01 5.820787e+01 2.871333e+02 6.246803e+00 3.001302e+00 3.752986e+00 3.991058e+00 5.991553e+00 4.214548e+00 4.492233e+00 4.544732e+00 4.154862e+00 4.084826e+00 3.330500e+00 2.815993e+00 5.912272e+00 8.553594e-01 5.373918e-01 6.650147e-01 6.622759e-01 9.903809e-01 7.431068e-01 7.878515e-01 8.097728e-01 7.774620e-01 7.281984e-01 6.159712e-01 5.123346e-01 9.486802e-01
<GCONST> 1.428165e+02
<STATE> 3
<MEAN> 39
 -7.011446e+00 7.821470e-01 1.136410e+00 1.278594e+00 -6.141710e+00 -2.854191e+00 -6.604067e+00 -7.449580e+00 -2.711087e+00 -6.600740e+00 -1.713196e+00 -1.490375e+00 7.124902e+01 4.880359e-04 4.877954e-04 1.459050e-03 4.783983e-05 1.116492e-03 1.125381e-03 5.293054e-04 -3.146993e-04 -1.760828e-03 -1.530108e-03 -3.846369e-04 5.777073e-04 2.734654e-03 -8.511554e-04 -2.498951e-04 -4.012436e-04 -1.289275e-04 -1.409025e-04 -2.119464e-04 -1.971339e-05 1.079518e-04 1.935347e-04 3.067801e-04 1.232817e-06 8.155217e-06 -3.234121e-03
<VARIANCE> 39
 1.155420e+02 4.314379e+01 6.459467e+01 7.894667e+01 1.016039e+02 7.560676e+01 8.266945e+01 6.783515e+01 5.984373e+01 6.206592e+01 5.267307e+01 5.820787e+01 2.871333e+02 6.246803e+00 3.001302e+00 3.752986e+00 3.991058e+00 5.991553e+00 4.214548e+00 4.492233e+00 4.544732e+00 4.154862e+00 4.084826e+00 3.330500e+00 2.815993e+00 5.912272e+00 8.553594e-01 5.373918e-01 6.650147e-01 6.622759e-01 9.903809e-01 7.431068e-01 7.878515e-01 8.097728e-01 7.774620e-01 7.281984e-01 6.159712e-01 5.123346e-01 9.486802e-01
<GCONST> 1.428165e+02
<STATE> 4
<MEAN> 39
 -7.011446e+00 7.821470e-01 1.136410e+00 1.278594e+00 -6.141710e+00 -2.854191e+00 -6.604067e+00 -7.449580e+00 -2.711087e+00 -6.600740e+00 -1.713196e+00 -1.490375e+00 7.124902e+01 4.880359e-04 4.877954e-04 1.459050e-03 4.783983e-05 1.116492e-03 1.125381e-03 5.293054e-04 -3.146993e-04 -1.760828e-03 -1.530108e-03 -3.846369e-04 5.777073e-04 2.734654e-03 -8.511554e-04 -2.498951e-04 -4.012436e-04 -1.289275e-04 -1.409025e-04 -2.119464e-04 -1.971339e-05 1.079518e-04 1.935347e-04 3.067801e-04 1.232817e-06 8.155217e-06 -3.234121e-03
<VARIANCE> 39
 1.155420e+02 4.314379e+01 6.459467e+01 7.894667e+01 1.016039e+02 7.560676e+01 8.266945e+01 6.783515e+01 5.984373e+01 6.206592e+01 5.267307e+01 5.820787e+01 2.871333e+02 6.246803e+00 3.001302e+00 3.752986e+00 3.991058e+00 5.991553e+00 4.214548e+00 4.492233e+00 4.544732e+00 4.154862e+00 4.084826e+00 3.330500e+00 2.815993e+00 5.912272e+00 8.553594e-01 5.373918e-01 6.650147e-01 6.622759e-01 9.903809e-01 7.431068e-01 7.878515e-01 8.097728e-01 7.774620e-01 7.281984e-01 6.159712e-01 5.123346e-01 9.486802e-01
<GCONST> 1.428165e+02
<TRANSP> 5
 0.000000e+00 1.000000e+00 0.000000e+00 0.000000e+00 0.000000e+00
 0.000000e+00 6.000000e-01 4.000000e-01 0.000000e+00 0.000000e+00
 0.000000e+00 0.000000e+00 6.000000e-01 4.000000e-01 0.000000e+00
 0.000000e+00 0.000000e+00 0.000000e+00 6.000000e-01 4.000000e-01
 0.000000e+00 0.000000e+00 0.000000e+00 0.000000e+00 0.000000e+00
<ENDHMM>
~h "m_pal"
<BEGINHMM>
<NUMSTATES> 5
<STATE> 2
<MEAN> 39
 -7.011446e+00 7.821470e-01 1.136410e+00 1.278594e+00 -6.141710e+00 -2.854191e+00 -6.604067e+00 -7.449580e+00 -2.711087e+00 -6.600740e+00 -1.713196e+00 -1.490375e+00 7.124902e+01 4.880359e-04 4.877954e-04 1.459050e-03 4.783983e-05 1.116492e-03 1.125381e-03 5.293054e-04 -3.146993e-04 -1.760828e-03 -1.530108e-03 -3.846369e-04 5.777073e-04 2.734654e-03 -8.511554e-04 -2.498951e-04 -4.012436e-04 -1.289275e-04 -1.409025e-04 -2.119464e-04 -1.971339e-05 1.079518e-04 1.935347e-04 3.067801e-04 1.232817e-06 8.155217e-06 -3.234121e-03
<VARIANCE> 39
 1.155420e+02 4.314379e+01 6.459467e+01 7.894667e+01 1.016039e+02 7.560676e+01 8.266945e+01 6.783515e+01 5.984373e+01 6.206592e+01 5.267307e+01 5.820787e+01 2.871333e+02 6.246803e+00 3.001302e+00 3.752986e+00 3.991058e+00 5.991553e+00 4.214548e+00 4.492233e+00 4.544732e+00 4.154862e+00 4.084826e+00 3.330500e+00 2.815993e+00 5.912272e+00 8.553594e-01 5.373918e-01 6.650147e-01 6.622759e-01 9.903809e-01 7.431068e-01 7.878515e-01 8.097728e-01 7.774620e-01 7.281984e-01 6.159712e-01 5.123346e-01 9.486802e-01
<GCONST> 1.428165e+02
<STATE> 3
<MEAN> 39
 -7.011446e+00 7.821470e-01 1.136410e+00 1.278594e+00 -6.141710e+00 -2.854191e+00 -6.604067e+00 -7.449580e+00 -2.711087e+00 -6.600740e+00 -1.713196e+00 -1.490375e+00 7.124902e+01 4.880359e-04 4.877954e-04 1.459050e-03 4.783983e-05 1.116492e-03 1.125381e-03 5.293054e-04 -3.146993e-04 -1.760828e-03 -1.530108e-03 -3.846369e-04 5.777073e-04 2.734654e-03 -8.511554e-04 -2.498951e-04 -4.012436e-04 -1.289275e-04 -1.409025e-04 -2.119464e-04 -1.971339e-05 1.079518e-04 1.935347e-04 3.067801e-04 1.232817e-06 8.155217e-06 -3.234121e-03
<VARIANCE> 39
 1.155420e+02 4.314379e+01 6.459467e+01 7.894667e+01 1.016039e+02 7.560676e+01 8.266945e+01 6.783515e+01 5.984373e+01 6.206592e+01 5.267307e+01 5.820787e+01 2.871333e+02 6.246803e+00 3.001302e+00 3.752986e+00 3.991058e+00 5.991553e+00 4.214548e+00 4.492233e+00 4.544732e+00 4.154862e+00 4.084826e+00 3.330500e+00 2.815993e+00 5.912272e+00 8.553594e-01 5.373918e-01 6.650147e-01 6.622759e-01 9.903809e-01 7.431068e-01 7.878515e-01 8.097728e-01 7.774620e-01 7.281984e-01 6.159712e-01 5.123346e-01 9.486802e-01
<GCONST> 1.428165e+02
<STATE> 4
<MEAN> 39
 -7.011446e+00 7.821470e-01 1.136410e+00 1.278594e+00 -6.141710e+00 -2.854191e+00 -6.604067e+00 -7.449580e+00 -2.711087e+00 -6.600740e+00 -1.713196e+00 -1.490375e+00 7.124902e+01 4.880359e-04 4.877954e-04 1.459050e-03 4.783983e-05 1.116492e-03 1.125381e-03 5.293054e-04 -3.146993e-04 -1.760828e-03 -1.530108e-03 -3.846369e-04 5.777073e-04 2.734654e-03 -8.511554e-04 -2.498951e-04 -4.012436e-04 -1.289275e-04 -1.409025e-04 -2.119464e-04 -1.971339e-05 1.079518e-04 1.935347e-04 3.067801e-04 1.232817e-06 8.155217e-06 -3.234121e-03
<VARIANCE> 39
 1.155420e+02 4.314379e+01 6.459467e+01 7.894667e+01 1.016039e+02 7.560676e+01 8.266945e+01 6.783515e+01 5.984373e+01 6.206592e+01 5.267307e+01 5.820787e+01 2.871333e+02 6.246803e+00 3.001302e+00 3.752986e+00 3.991058e+00 5.991553e+00 4.214548e+00 4.492233e+00 4.544732e+00 4.154862e+00 4.084826e+00 3.330500e+00 2.815993e+00 5.912272e+00 8.553594e-01 5.373918e-01 6.650147e-01 6.622759e-01 9.903809e-01 7.431068e-01 7.878515e-01 8.097728e-01 7.774620e-01 7.281984e-01 6.159712e-01 5.123346e-01 9.486802e-01
<GCONST> 1.428165e+02
<TRANSP> 5
 0.000000e+00 1.000000e+00 0.000000e+00 0.000000e+00 0.000000e+00
 0.000000e+00 6.000000e-01 4.000000e-01 0.000000e+00 0.000000e+00
 0.000000e+00 0.000000e+00 6.000000e-01 4.000000e-01 0.000000e+00
 0.000000e+00 0.000000e+00 0.000000e+00 6.000000e-01 4.000000e-01
 0.000000e+00 0.000000e+00 0.000000e+00 0.000000e+00 0.000000e+00
<ENDHMM>
~h "n"
<BEGINHMM>
<NUMSTATES> 5
<STATE> 2
<MEAN> 39
 -7.011446e+00 7.821470e-01 1.136410e+00 1.278594e+00 -6.141710e+00 -2.854191e+00 -6.604067e+00 -7.449580e+00 -2.711087e+00 -6.600740e+00 -1.713196e+00 -1.490375e+00 7.124902e+01 4.880359e-04 4.877954e-04 1.459050e-03 4.783983e-05 1.116492e-03 1.125381e-03 5.293054e-04 -3.146993e-04 -1.760828e-03 -1.530108e-03 -3.846369e-04 5.777073e-04 2.734654e-03 -8.511554e-04 -2.498951e-04 -4.012436e-04 -1.289275e-04 -1.409025e-04 -2.119464e-04 -1.971339e-05 1.079518e-04 1.935347e-04 3.067801e-04 1.232817e-06 8.155217e-06 -3.234121e-03
<VARIANCE> 39
 1.155420e+02 4.314379e+01 6.459467e+01 7.894667e+01 1.016039e+02 7.560676e+01 8.266945e+01 6.783515e+01 5.984373e+01 6.206592e+01 5.267307e+01 5.820787e+01 2.871333e+02 6.246803e+00 3.001302e+00 3.752986e+00 3.991058e+00 5.991553e+00 4.214548e+00 4.492233e+00 4.544732e+00 4.154862e+00 4.084826e+00 3.330500e+00 2.815993e+00 5.912272e+00 8.553594e-01 5.373918e-01 6.650147e-01 6.622759e-01 9.903809e-01 7.431068e-01 7.878515e-01 8.097728e-01 7.774620e-01 7.281984e-01 6.159712e-01 5.123346e-01 9.486802e-01
<GCONST> 1.428165e+02
<STATE> 3
<MEAN> 39
 -7.011446e+00 7.821470e-01 1.136410e+00 1.278594e+00 -6.141710e+00 -2.854191e+00 -6.604067e+00 -7.449580e+00 -2.711087e+00 -6.600740e+00 -1.713196e+00 -1.490375e+00 7.124902e+01 4.880359e-04 4.877954e-04 1.459050e-03 4.783983e-05 1.116492e-03 1.125381e-03 5.293054e-04 -3.146993e-04 -1.760828e-03 -1.530108e-03 -3.846369e-04 5.777073e-04 2.734654e-03 -8.511554e-04 -2.498951e-04 -4.012436e-04 -1.289275e-04 -1.409025e-04 -2.119464e-04 -1.971339e-05 1.079518e-04 1.935347e-04 3.067801e-04 1.232817e-06 8.155217e-06 -3.234121e-03
<VARIANCE> 39
 1.155420e+02 4.314379e+01 6.459467e+01 7.894667e+01 1.016039e+02 7.560676e+01 8.266945e+01 6.783515e+01 5.984373e+01 6.206592e+01 5.267307e+01 5.820787e+01 2.871333e+02 6.246803e+00 3.001302e+00 3.752986e+00 3.991058e+00 5.991553e+00 4.214548e+00 4.492233e+00 4.544732e+00 4.154862e+00 4.084826e+00 3.330500e+00 2.815993e+00 5.912272e+00 8.553594e-01 5.373918e-01 6.650147e-01 6.622759e-01 9.903809e-01 7.431068e-01 7.878515e-01 8.097728e-01 7.774620e-01 7.281984e-01 6.159712e-01 5.123346e-01 9.486802e-01
<GCONST> 1.428165e+02
<STATE> 4
<MEAN> 39
 -7.011446e+00 7.821470e-01 1.136410e+00 1.278594e+00 -6.141710e+00 -2.854191e+00 -6.604067e+00 -7.449580e+00 -2.711087e+00 -6.600740e+00 -1.713196e+00 -1.490375e+00 7.124902e+01 4.880359e-04 4.877954e-04 1.459050e-03 4.783983e-05 1.116492e-03 1.125381e-03 5.293054e-04 -3.146993e-04 -1.760828e-03 -1.530108e-03 -3.846369e-04 5.777073e-04 2.734654e-03 -8.511554e-04 -2.498951e-04 -4.012436e-04 -1.289275e-04 -1.409025e-04 -2.119464e-04 -1.971339e-05 1.079518e-04 1.935347e-04 3.067801e-04 1.232817e-06 8.155217e-06 -3.234121e-03
<VARIANCE> 39
 1.155420e+02 4.314379e+01 6.459467e+01 7.894667e+01 1.016039e+02 7.560676e+01 8.266945e+01 6.783515e+01 5.984373e+01 6.206592e+01 5.267307e+01 5.820787e+01 2.871333e+02 6.246803e+00 3.001302e+00 3.752986e+00 3.991058e+00 5.991553e+00 4.214548e+00 4.492233e+00 4.544732e+00 4.154862e+00 4.084826e+00 3.330500e+00 2.815993e+00 5.912272e+00 8.553594e-01 5.373918e-01 6.650147e-01 6.622759e-01 9.903809e-01 7.431068e-01 7.878515e-01 8.097728e-01 7.774620e-01 7.281984e-01 6.159712e-01 5.123346e-01 9.486802e-01
<GCONST> 1.428165e+02
<TRANSP> 5
 0.000000e+00 1.000000e+00 0.000000e+00 0.000000e+00 0.000000e+00
 0.000000e+00 6.000000e-01 4.000000e-01 0.000000e+00 0.000000e+00
 0.000000e+00 0.000000e+00 6.000000e-01 4.000000e-01 0.000000e+00
 0.000000e+00 0.000000e+00 0.000000e+00 6.000000e-01 4.000000e-01
 0.000000e+00 0.000000e+00 0.000000e+00 0.000000e+00 0.000000e+00
<ENDHMM>
~h "n_pal"
<BEGINHMM>
<NUMSTATES> 5
<STATE> 2
<MEAN> 39
 -7.011446e+00 7.821470e-01 1.136410e+00 1.278594e+00 -6.141710e+00 -2.854191e+00 -6.604067e+00 -7.449580e+00 -2.711087e+00 -6.600740e+00 -1.713196e+00 -1.490375e+00 7.124902e+01 4.880359e-04 4.877954e-04 1.459050e-03 4.783983e-05 1.116492e-03 1.125381e-03 5.293054e-04 -3.146993e-04 -1.760828e-03 -1.530108e-03 -3.846369e-04 5.777073e-04 2.734654e-03 -8.511554e-04 -2.498951e-04 -4.012436e-04 -1.289275e-04 -1.409025e-04 -2.119464e-04 -1.971339e-05 1.079518e-04 1.935347e-04 3.067801e-04 1.232817e-06 8.155217e-06 -3.234121e-03
<VARIANCE> 39
 1.155420e+02 4.314379e+01 6.459467e+01 7.894667e+01 1.016039e+02 7.560676e+01 8.266945e+01 6.783515e+01 5.984373e+01 6.206592e+01 5.267307e+01 5.820787e+01 2.871333e+02 6.246803e+00 3.001302e+00 3.752986e+00 3.991058e+00 5.991553e+00 4.214548e+00 4.492233e+00 4.544732e+00 4.154862e+00 4.084826e+00 3.330500e+00 2.815993e+00 5.912272e+00 8.553594e-01 5.373918e-01 6.650147e-01 6.622759e-01 9.903809e-01 7.431068e-01 7.878515e-01 8.097728e-01 7.774620e-01 7.281984e-01 6.159712e-01 5.123346e-01 9.486802e-01
<GCONST> 1.428165e+02
<STATE> 3
<MEAN> 39
 -7.011446e+00 7.821470e-01 1.136410e+00 1.278594e+00 -6.141710e+00 -2.854191e+00 -6.604067e+00 -7.449580e+00 -2.711087e+00 -6.600740e+00 -1.713196e+00 -1.490375e+00 7.124902e+01 4.880359e-04 4.877954e-04 1.459050e-03 4.783983e-05 1.116492e-03 1.125381e-03 5.293054e-04 -3.146993e-04 -1.760828e-03 -1.530108e-03 -3.846369e-04 5.777073e-04 2.734654e-03 -8.511554e-04 -2.498951e-04 -4.012436e-04 -1.289275e-04 -1.409025e-04 -2.119464e-04 -1.971339e-05 1.079518e-04 1.935347e-04 3.067801e-04 1.232817e-06 8.155217e-06 -3.234121e-03
<VARIANCE> 39
 1.155420e+02 4.314379e+01 6.459467e+01 7.894667e+01 1.016039e+02 7.560676e+01 8.266945e+01 6.783515e+01 5.984373e+01 6.206592e+01 5.267307e+01 5.820787e+01 2.871333e+02 6.246803e+00 3.001302e+00 3.752986e+00 3.991058e+00 5.991553e+00 4.214548e+00 4.492233e+00 4.544732e+00 4.154862e+00 4.084826e+00 3.330500e+00 2.815993e+00 5.912272e+00 8.553594e-01 5.373918e-01 6.650147e-01 6.622759e-01 9.903809e-01 7.431068e-01 7.878515e-01 8.097728e-01 7.774620e-01 7.281984e-01 6.159712e-01 5.123346e-01 9.486802e-01
<GCONST> 1.428165e+02
<STATE> 4
<MEAN> 39
 -7.011446e+00 7.821470e-01 1.136410e+00 1.278594e+00 -6.141710e+00 -2.854191e+00 -6.604067e+00 -7.449580e+00 -2.711087e+00 -6.600740e+00 -1.713196e+00 -1.490375e+00 7.124902e+01 4.880359e-04 4.877954e-04 1.459050e-03 4.783983e-05 1.116492e-03 1.125381e-03 5.293054e-04 -3.146993e-04 -1.760828e-03 -1.530108e-03 -3.846369e-04 5.777073e-04 2.734654e-03 -8.511554e-04 -2.498951e-04 -4.012436e-04 -1.289275e-04 -1.409025e-04 -2.119464e-04 -1.971339e-05 1.079518e-04 1.935347e-04 3.067801e-04 1.232817e-06 8.155217e-06 -3.234121e-03
<VARIANCE> 39
 1.155420e+02 4.314379e+01 6.459467e+01 7.894667e+01 1.016039e+02 7.560676e+01 8.266945e+01 6.783515e+01 5.984373e+01 6.206592e+01 5.267307e+01 5.820787e+01 2.871333e+02 6.246803e+00 3.001302e+00 3.752986e+00 3.991058e+00 5.991553e+00 4.214548e+00 4.492233e+00 4.544732e+00 4.154862e+00 4.084826e+00 3.330500e+00 2.815993e+00 5.912272e+00 8.553594e-01 5.373918e-01 6.650147e-01 6.622759e-01 9.903809e-01 7.431068e-01 7.878515e-01 8.097728e-01 7.774620e-01 7.281984e-01 6.159712e-01 5.123346e-01 9.486802e-01
<GCONST> 1.428165e+02
<TRANSP> 5
 0.000000e+00 1.000000e+00 0.000000e+00 0.000000e+00 0.000000e+00
 0.000000e+00 6.000000e-01 4.000000e-01 0.000000e+00 0.000000e+00
 0.000000e+00 0.000000e+00 6.000000e-01 4.000000e-01 0.000000e+00
 0.000000e+00 0.000000e+00 0.000000e+00 6.000000e-01 4.000000e-01
 0.000000e+00 0.000000e+00 0.000000e+00 0.000000e+00 0.000000e+00
<ENDHMM>
~h "o"
<BEGINHMM>
<NUMSTATES> 5
<STATE> 2
<MEAN> 39
 -7.011446e+00 7.821470e-01 1.136410e+00 1.278594e+00 -6.141710e+00 -2.854191e+00 -6.604067e+00 -7.449580e+00 -2.711087e+00 -6.600740e+00 -1.713196e+00 -1.490375e+00 7.124902e+01 4.880359e-04 4.877954e-04 1.459050e-03 4.783983e-05 1.116492e-03 1.125381e-03 5.293054e-04 -3.146993e-04 -1.760828e-03 -1.530108e-03 -3.846369e-04 5.777073e-04 2.734654e-03 -8.511554e-04 -2.498951e-04 -4.012436e-04 -1.289275e-04 -1.409025e-04 -2.119464e-04 -1.971339e-05 1.079518e-04 1.935347e-04 3.067801e-04 1.232817e-06 8.155217e-06 -3.234121e-03
<VARIANCE> 39
 1.155420e+02 4.314379e+01 6.459467e+01 7.894667e+01 1.016039e+02 7.560676e+01 8.266945e+01 6.783515e+01 5.984373e+01 6.206592e+01 5.267307e+01 5.820787e+01 2.871333e+02 6.246803e+00 3.001302e+00 3.752986e+00 3.991058e+00 5.991553e+00 4.214548e+00 4.492233e+00 4.544732e+00 4.154862e+00 4.084826e+00 3.330500e+00 2.815993e+00 5.912272e+00 8.553594e-01 5.373918e-01 6.650147e-01 6.622759e-01 9.903809e-01 7.431068e-01 7.878515e-01 8.097728e-01 7.774620e-01 7.281984e-01 6.159712e-01 5.123346e-01 9.486802e-01
<GCONST> 1.428165e+02
<STATE> 3
<MEAN> 39
 -7.011446e+00 7.821470e-01 1.136410e+00 1.278594e+00 -6.141710e+00 -2.854191e+00 -6.604067e+00 -7.449580e+00 -2.711087e+00 -6.600740e+00 -1.713196e+00 -1.490375e+00 7.124902e+01 4.880359e-04 4.877954e-04 1.459050e-03 4.783983e-05 1.116492e-03 1.125381e-03 5.293054e-04 -3.146993e-04 -1.760828e-03 -1.530108e-03 -3.846369e-04 5.777073e-04 2.734654e-03 -8.511554e-04 -2.498951e-04 -4.012436e-04 -1.289275e-04 -1.409025e-04 -2.119464e-04 -1.971339e-05 1.079518e-04 1.935347e-04 3.067801e-04 1.232817e-06 8.155217e-06 -3.234121e-03
<VARIANCE> 39
 1.155420e+02 4.314379e+01 6.459467e+01 7.894667e+01 1.016039e+02 7.560676e+01 8.266945e+01 6.783515e+01 5.984373e+01 6.206592e+01 5.267307e+01 5.820787e+01 2.871333e+02 6.246803e+00 3.001302e+00 3.752986e+00 3.991058e+00 5.991553e+00 4.214548e+00 4.492233e+00 4.544732e+00 4.154862e+00 4.084826e+00 3.330500e+00 2.815993e+00 5.912272e+00 8.553594e-01 5.373918e-01 6.650147e-01 6.622759e-01 9.903809e-01 7.431068e-01 7.878515e-01 8.097728e-01 7.774620e-01 7.281984e-01 6.159712e-01 5.123346e-01 9.486802e-01
<GCONST> 1.428165e+02
<STATE> 4
<MEAN> 39
 -7.011446e+00 7.821470e-01 1.136410e+00 1.278594e+00 -6.141710e+00 -2.854191e+00 -6.604067e+00 -7.449580e+00 -2.711087e+00 -6.600740e+00 -1.713196e+00 -1.490375e+00 7.124902e+01 4.880359e-04 4.877954e-04 1.459050e-03 4.783983e-05 1.116492e-03 1.125381e-03 5.293054e-04 -3.146993e-04 -1.760828e-03 -1.530108e-03 -3.846369e-04 5.777073e-04 2.734654e-03 -8.511554e-04 -2.498951e-04 -4.012436e-04 -1.289275e-04 -1.409025e-04 -2.119464e-04 -1.971339e-05 1.079518e-04 1.935347e-04 3.067801e-04 1.232817e-06 8.155217e-06 -3.234121e-03
<VARIANCE> 39
 1.155420e+02 4.314379e+01 6.459467e+01 7.894667e+01 1.016039e+02 7.560676e+01 8.266945e+01 6.783515e+01 5.984373e+01 6.206592e+01 5.267307e+01 5.820787e+01 2.871333e+02 6.246803e+00 3.001302e+00 3.752986e+00 3.991058e+00 5.991553e+00 4.214548e+00 4.492233e+00 4.544732e+00 4.154862e+00 4.084826e+00 3.330500e+00 2.815993e+00 5.912272e+00 8.553594e-01 5.373918e-01 6.650147e-01 6.622759e-01 9.903809e-01 7.431068e-01 7.878515e-01 8.097728e-01 7.774620e-01 7.281984e-01 6.159712e-01 5.123346e-01 9.486802e-01
<GCONST> 1.428165e+02
<TRANSP> 5
 0.000000e+00 1.000000e+00 0.000000e+00 0.000000e+00 0.000000e+00
 0.000000e+00 6.000000e-01 4.000000e-01 0.000000e+00 0.000000e+00
 0.000000e+00 0.000000e+00 6.000000e-01 4.000000e-01 0.000000e+00
 0.000000e+00 0.000000e+00 0.000000e+00 6.000000e-01 4.000000e-01
 0.000000e+00 0.000000e+00 0.000000e+00 0.000000e+00 0.000000e+00
<ENDHMM>
~h "oO"
<BEGINHMM>
<NUMSTATES> 5
<STATE> 2
<MEAN> 39
 -7.011446e+00 7.821470e-01 1.136410e+00 1.278594e+00 -6.141710e+00 -2.854191e+00 -6.604067e+00 -7.449580e+00 -2.711087e+00 -6.600740e+00 -1.713196e+00 -1.490375e+00 7.124902e+01 4.880359e-04 4.877954e-04 1.459050e-03 4.783983e-05 1.116492e-03 1.125381e-03 5.293054e-04 -3.146993e-04 -1.760828e-03 -1.530108e-03 -3.846369e-04 5.777073e-04 2.734654e-03 -8.511554e-04 -2.498951e-04 -4.012436e-04 -1.289275e-04 -1.409025e-04 -2.119464e-04 -1.971339e-05 1.079518e-04 1.935347e-04 3.067801e-04 1.232817e-06 8.155217e-06 -3.234121e-03
<VARIANCE> 39
 1.155420e+02 4.314379e+01 6.459467e+01 7.894667e+01 1.016039e+02 7.560676e+01 8.266945e+01 6.783515e+01 5.984373e+01 6.206592e+01 5.267307e+01 5.820787e+01 2.871333e+02 6.246803e+00 3.001302e+00 3.752986e+00 3.991058e+00 5.991553e+00 4.214548e+00 4.492233e+00 4.544732e+00 4.154862e+00 4.084826e+00 3.330500e+00 2.815993e+00 5.912272e+00 8.553594e-01 5.373918e-01 6.650147e-01 6.622759e-01 9.903809e-01 7.431068e-01 7.878515e-01 8.097728e-01 7.774620e-01 7.281984e-01 6.159712e-01 5.123346e-01 9.486802e-01
<GCONST> 1.428165e+02
<STATE> 3
<MEAN> 39
 -7.011446e+00 7.821470e-01 1.136410e+00 1.278594e+00 -6.141710e+00 -2.854191e+00 -6.604067e+00 -7.449580e+00 -2.711087e+00 -6.600740e+00 -1.713196e+00 -1.490375e+00 7.124902e+01 4.880359e-04 4.877954e-04 1.459050e-03 4.783983e-05 1.116492e-03 1.125381e-03 5.293054e-04 -3.146993e-04 -1.760828e-03 -1.530108e-03 -3.846369e-04 5.777073e-04 2.734654e-03 -8.511554e-04 -2.498951e-04 -4.012436e-04 -1.289275e-04 -1.409025e-04 -2.119464e-04 -1.971339e-05 1.079518e-04 1.935347e-04 3.067801e-04 1.232817e-06 8.155217e-06 -3.234121e-03
<VARIANCE> 39
 1.155420e+02 4.314379e+01 6.459467e+01 7.894667e+01 1.016039e+02 7.560676e+01 8.266945e+01 6.783515e+01 5.984373e+01 6.206592e+01 5.267307e+01 5.820787e+01 2.871333e+02 6.246803e+00 3.001302e+00 3.752986e+00 3.991058e+00 5.991553e+00 4.214548e+00 4.492233e+00 4.544732e+00 4.154862e+00 4.084826e+00 3.330500e+00 2.815993e+00 5.912272e+00 8.553594e-01 5.373918e-01 6.650147e-01 6.622759e-01 9.903809e-01 7.431068e-01 7.878515e-01 8.097728e-01 7.774620e-01 7.281984e-01 6.159712e-01 5.123346e-01 9.486802e-01
<GCONST> 1.428165e+02
<STATE> 4
<MEAN> 39
 -7.011446e+00 7.821470e-01 1.136410e+00 1.278594e+00 -6.141710e+00 -2.854191e+00 -6.604067e+00 -7.449580e+00 -2.711087e+00 -6.600740e+00 -1.713196e+00 -1.490375e+00 7.124902e+01 4.880359e-04 4.877954e-04 1.459050e-03 4.783983e-05 1.116492e-03 1.125381e-03 5.293054e-04 -3.146993e-04 -1.760828e-03 -1.530108e-03 -3.846369e-04 5.777073e-04 2.734654e-03 -8.511554e-04 -2.498951e-04 -4.012436e-04 -1.289275e-04 -1.409025e-04 -2.119464e-04 -1.971339e-05 1.079518e-04 1.935347e-04 3.067801e-04 1.232817e-06 8.155217e-06 -3.234121e-03
<VARIANCE> 39
 1.155420e+02 4.314379e+01 6.459467e+01 7.894667e+01 1.016039e+02 7.560676e+01 8.266945e+01 6.783515e+01 5.984373e+01 6.206592e+01 5.267307e+01 5.820787e+01 2.871333e+02 6.246803e+00 3.001302e+00 3.752986e+00 3.991058e+00 5.991553e+00 4.214548e+00 4.492233e+00 4.544732e+00 4.154862e+00 4.084826e+00 3.330500e+00 2.815993e+00 5.912272e+00 8.553594e-01 5.373918e-01 6.650147e-01 6.622759e-01 9.903809e-01 7.431068e-01 7.878515e-01 8.097728e-01 7.774620e-01 7.281984e-01 6.159712e-01 5.123346e-01 9.486802e-01
<GCONST> 1.428165e+02
<TRANSP> 5
 0.000000e+00 1.000000e+00 0.000000e+00 0.000000e+00 0.000000e+00
 0.000000e+00 6.000000e-01 4.000000e-01 0.000000e+00 0.000000e+00
 0.000000e+00 0.000000e+00 6.000000e-01 4.000000e-01 0.000000e+00
 0.000000e+00 0.000000e+00 0.000000e+00 6.000000e-01 4.000000e-01
 0.000000e+00 0.000000e+00 0.000000e+00 0.000000e+00 0.000000e+00
<ENDHMM>
~h "oo"
<BEGINHMM>
<NUMSTATES> 5
<STATE> 2
<MEAN> 39
 -7.011446e+00 7.821470e-01 1.136410e+00 1.278594e+00 -6.141710e+00 -2.854191e+00 -6.604067e+00 -7.449580e+00 -2.711087e+00 -6.600740e+00 -1.713196e+00 -1.490375e+00 7.124902e+01 4.880359e-04 4.877954e-04 1.459050e-03 4.783983e-05 1.116492e-03 1.125381e-03 5.293054e-04 -3.146993e-04 -1.760828e-03 -1.530108e-03 -3.846369e-04 5.777073e-04 2.734654e-03 -8.511554e-04 -2.498951e-04 -4.012436e-04 -1.289275e-04 -1.409025e-04 -2.119464e-04 -1.971339e-05 1.079518e-04 1.935347e-04 3.067801e-04 1.232817e-06 8.155217e-06 -3.234121e-03
<VARIANCE> 39
 1.155420e+02 4.314379e+01 6.459467e+01 7.894667e+01 1.016039e+02 7.560676e+01 8.266945e+01 6.783515e+01 5.984373e+01 6.206592e+01 5.267307e+01 5.820787e+01 2.871333e+02 6.246803e+00 3.001302e+00 3.752986e+00 3.991058e+00 5.991553e+00 4.214548e+00 4.492233e+00 4.544732e+00 4.154862e+00 4.084826e+00 3.330500e+00 2.815993e+00 5.912272e+00 8.553594e-01 5.373918e-01 6.650147e-01 6.622759e-01 9.903809e-01 7.431068e-01 7.878515e-01 8.097728e-01 7.774620e-01 7.281984e-01 6.159712e-01 5.123346e-01 9.486802e-01
<GCONST> 1.428165e+02
<STATE> 3
<MEAN> 39
 -7.011446e+00 7.821470e-01 1.136410e+00 1.278594e+00 -6.141710e+00 -2.854191e+00 -6.604067e+00 -7.449580e+00 -2.711087e+00 -6.600740e+00 -1.713196e+00 -1.490375e+00 7.124902e+01 4.880359e-04 4.877954e-04 1.459050e-03 4.783983e-05 1.116492e-03 1.125381e-03 5.293054e-04 -3.146993e-04 -1.760828e-03 -1.530108e-03 -3.846369e-04 5.777073e-04 2.734654e-03 -8.511554e-04 -2.498951e-04 -4.012436e-04 -1.289275e-04 -1.409025e-04 -2.119464e-04 -1.971339e-05 1.079518e-04 1.935347e-04 3.067801e-04 1.232817e-06 8.155217e-06 -3.234121e-03
<VARIANCE> 39
 1.155420e+02 4.314379e+01 6.459467e+01 7.894667e+01 1.016039e+02 7.560676e+01 8.266945e+01 6.783515e+01 5.984373e+01 6.206592e+01 5.267307e+01 5.820787e+01 2.871333e+02 6.246803e+00 3.001302e+00 3.752986e+00 3.991058e+00 5.991553e+00 4.214548e+00 4.492233e+00 4.544732e+00 4.154862e+00 4.084826e+00 3.330500e+00 2.815993e+00 5.912272e+00 8.553594e-01 5.373918e-01 6.650147e-01 6.622759e-01 9.903809e-01 7.431068e-01 7.878515e-01 8.097728e-01 7.774620e-01 7.281984e-01 6.159712e-01 5.123346e-01 9.486802e-01
<GCONST> 1.428165e+02
<STATE> 4
<MEAN> 39
 -7.011446e+00 7.821470e-01 1.136410e+00 1.278594e+00 -6.141710e+00 -2.854191e+00 -6.604067e+00 -7.449580e+00 -2.711087e+00 -6.600740e+00 -1.713196e+00 -1.490375e+00 7.124902e+01 4.880359e-04 4.877954e-04 1.459050e-03 4.783983e-05 1.116492e-03 1.125381e-03 5.293054e-04 -3.146993e-04 -1.760828e-03 -1.530108e-03 -3.846369e-04 5.777073e-04 2.734654e-03 -8.511554e-04 -2.498951e-04 -4.012436e-04 -1.289275e-04 -1.409025e-04 -2.119464e-04 -1.971339e-05 1.079518e-04 1.935347e-04 3.067801e-04 1.232817e-06 8.155217e-06 -3.234121e-03
<VARIANCE> 39
 1.155420e+02 4.314379e+01 6.459467e+01 7.894667e+01 1.016039e+02 7.560676e+01 8.266945e+01 6.783515e+01 5.984373e+01 6.206592e+01 5.267307e+01 5.820787e+01 2.871333e+02 6.246803e+00 3.001302e+00 3.752986e+00 3.991058e+00 5.991553e+00 4.214548e+00 4.492233e+00 4.544732e+00 4.154862e+00 4.084826e+00 3.330500e+00 2.815993e+00 5.912272e+00 8.553594e-01 5.373918e-01 6.650147e-01 6.622759e-01 9.903809e-01 7.431068e-01 7.878515e-01 8.097728e-01 7.774620e-01 7.281984e-01 6.159712e-01 5.123346e-01 9.486802e-01
<GCONST> 1.428165e+02
<TRANSP> 5
 0.000000e+00 1.000000e+00 0.000000e+00 0.000000e+00 0.000000e+00
 0.000000e+00 6.000000e-01 4.000000e-01 0.000000e+00 0.000000e+00
 0.000000e+00 0.000000e+00 6.000000e-01 4.000000e-01 0.000000e+00
 0.000000e+00 0.000000e+00 0.000000e+00 6.000000e-01 4.000000e-01
 0.000000e+00 0.000000e+00 0.000000e+00 0.000000e+00 0.000000e+00
<ENDHMM>
~h "p"
<BEGINHMM>
<NUMSTATES> 5
<STATE> 2
<MEAN> 39
 -7.011446e+00 7.821470e-01 1.136410e+00 1.278594e+00 -6.141710e+00 -2.854191e+00 -6.604067e+00 -7.449580e+00 -2.711087e+00 -6.600740e+00 -1.713196e+00 -1.490375e+00 7.124902e+01 4.880359e-04 4.877954e-04 1.459050e-03 4.783983e-05 1.116492e-03 1.125381e-03 5.293054e-04 -3.146993e-04 -1.760828e-03 -1.530108e-03 -3.846369e-04 5.777073e-04 2.734654e-03 -8.511554e-04 -2.498951e-04 -4.012436e-04 -1.289275e-04 -1.409025e-04 -2.119464e-04 -1.971339e-05 1.079518e-04 1.935347e-04 3.067801e-04 1.232817e-06 8.155217e-06 -3.234121e-03
<VARIANCE> 39
 1.155420e+02 4.314379e+01 6.459467e+01 7.894667e+01 1.016039e+02 7.560676e+01 8.266945e+01 6.783515e+01 5.984373e+01 6.206592e+01 5.267307e+01 5.820787e+01 2.871333e+02 6.246803e+00 3.001302e+00 3.752986e+00 3.991058e+00 5.991553e+00 4.214548e+00 4.492233e+00 4.544732e+00 4.154862e+00 4.084826e+00 3.330500e+00 2.815993e+00 5.912272e+00 8.553594e-01 5.373918e-01 6.650147e-01 6.622759e-01 9.903809e-01 7.431068e-01 7.878515e-01 8.097728e-01 7.774620e-01 7.281984e-01 6.159712e-01 5.123346e-01 9.486802e-01
<GCONST> 1.428165e+02
<STATE> 3
<MEAN> 39
 -7.011446e+00 7.821470e-01 1.136410e+00 1.278594e+00 -6.141710e+00 -2.854191e+00 -6.604067e+00 -7.449580e+00 -2.711087e+00 -6.600740e+00 -1.713196e+00 -1.490375e+00 7.124902e+01 4.880359e-04 4.877954e-04 1.459050e-03 4.783983e-05 1.116492e-03 1.125381e-03 5.293054e-04 -3.146993e-04 -1.760828e-03 -1.530108e-03 -3.846369e-04 5.777073e-04 2.734654e-03 -8.511554e-04 -2.498951e-04 -4.012436e-04 -1.289275e-04 -1.409025e-04 -2.119464e-04 -1.971339e-05 1.079518e-04 1.935347e-04 3.067801e-04 1.232817e-06 8.155217e-06 -3.234121e-03
<VARIANCE> 39
 1.155420e+02 4.314379e+01 6.459467e+01 7.894667e+01 1.016039e+02 7.560676e+01 8.266945e+01 6.783515e+01 5.984373e+01 6.206592e+01 5.267307e+01 5.820787e+01 2.871333e+02 6.246803e+00 3.001302e+00 3.752986e+00 3.991058e+00 5.991553e+00 4.214548e+00 4.492233e+00 4.544732e+00 4.154862e+00 4.084826e+00 3.330500e+00 2.815993e+00 5.912272e+00 8.553594e-01 5.373918e-01 6.650147e-01 6.622759e-01 9.903809e-01 7.431068e-01 7.878515e-01 8.097728e-01 7.774620e-01 7.281984e-01 6.159712e-01 5.123346e-01 9.486802e-01
<GCONST> 1.428165e+02
<STATE> 4
<MEAN> 39
 -7.011446e+00 7.821470e-01 1.136410e+00 1.278594e+00 -6.141710e+00 -2.854191e+00 -6.604067e+00 -7.449580e+00 -2.711087e+00 -6.600740e+00 -1.713196e+00 -1.490375e+00 7.124902e+01 4.880359e-04 4.877954e-04 1.459050e-03 4.783983e-05 1.116492e-03 1.125381e-03 5.293054e-04 -3.146993e-04 -1.760828e-03 -1.530108e-03 -3.846369e-04 5.777073e-04 2.734654e-03 -8.511554e-04 -2.498951e-04 -4.012436e-04 -1.289275e-04 -1.409025e-04 -2.119464e-04 -1.971339e-05 1.079518e-04 1.935347e-04 3.067801e-04 1.232817e-06 8.155217e-06 -3.234121e-03
<VARIANCE> 39
 1.155420e+02 4.314379e+01 6.459467e+01 7.894667e+01 1.016039e+02 7.560676e+01 8.266945e+01 6.783515e+01 5.984373e+01 6.206592e+01 5.267307e+01 5.820787e+01 2.871333e+02 6.246803e+00 3.001302e+00 3.752986e+00 3.991058e+00 5.991553e+00 4.214548e+00 4.492233e+00 4.544732e+00 4.154862e+00 4.084826e+00 3.330500e+00 2.815993e+00 5.912272e+00 8.553594e-01 5.373918e-01 6.650147e-01 6.622759e-01 9.903809e-01 7.431068e-01 7.878515e-01 8.097728e-01 7.774620e-01 7.281984e-01 6.159712e-01 5.123346e-01 9.486802e-01
<GCONST> 1.428165e+02
<TRANSP> 5
 0.000000e+00 1.000000e+00 0.000000e+00 0.000000e+00 0.000000e+00
 0.000000e+00 6.000000e-01 4.000000e-01 0.000000e+00 0.000000e+00
 0.000000e+00 0.000000e+00 6.000000e-01 4.000000e-01 0.000000e+00
 0.000000e+00 0.000000e+00 0.000000e+00 6.000000e-01 4.000000e-01
 0.000000e+00 0.000000e+00 0.000000e+00 0.000000e+00 0.000000e+00
<ENDHMM>
~h "p_pal"
<BEGINHMM>
<NUMSTATES> 5
<STATE> 2
<MEAN> 39
 -7.011446e+00 7.821470e-01 1.136410e+00 1.278594e+00 -6.141710e+00 -2.854191e+00 -6.604067e+00 -7.449580e+00 -2.711087e+00 -6.600740e+00 -1.713196e+00 -1.490375e+00 7.124902e+01 4.880359e-04 4.877954e-04 1.459050e-03 4.783983e-05 1.116492e-03 1.125381e-03 5.293054e-04 -3.146993e-04 -1.760828e-03 -1.530108e-03 -3.846369e-04 5.777073e-04 2.734654e-03 -8.511554e-04 -2.498951e-04 -4.012436e-04 -1.289275e-04 -1.409025e-04 -2.119464e-04 -1.971339e-05 1.079518e-04 1.935347e-04 3.067801e-04 1.232817e-06 8.155217e-06 -3.234121e-03
<VARIANCE> 39
 1.155420e+02 4.314379e+01 6.459467e+01 7.894667e+01 1.016039e+02 7.560676e+01 8.266945e+01 6.783515e+01 5.984373e+01 6.206592e+01 5.267307e+01 5.820787e+01 2.871333e+02 6.246803e+00 3.001302e+00 3.752986e+00 3.991058e+00 5.991553e+00 4.214548e+00 4.492233e+00 4.544732e+00 4.154862e+00 4.084826e+00 3.330500e+00 2.815993e+00 5.912272e+00 8.553594e-01 5.373918e-01 6.650147e-01 6.622759e-01 9.903809e-01 7.431068e-01 7.878515e-01 8.097728e-01 7.774620e-01 7.281984e-01 6.159712e-01 5.123346e-01 9.486802e-01
<GCONST> 1.428165e+02
<STATE> 3
<MEAN> 39
 -7.011446e+00 7.821470e-01 1.136410e+00 1.278594e+00 -6.141710e+00 -2.854191e+00 -6.604067e+00 -7.449580e+00 -2.711087e+00 -6.600740e+00 -1.713196e+00 -1.490375e+00 7.124902e+01 4.880359e-04 4.877954e-04 1.459050e-03 4.783983e-05 1.116492e-03 1.125381e-03 5.293054e-04 -3.146993e-04 -1.760828e-03 -1.530108e-03 -3.846369e-04 5.777073e-04 2.734654e-03 -8.511554e-04 -2.498951e-04 -4.012436e-04 -1.289275e-04 -1.409025e-04 -2.119464e-04 -1.971339e-05 1.079518e-04 1.935347e-04 3.067801e-04 1.232817e-06 8.155217e-06 -3.234121e-03
<VARIANCE> 39
 1.155420e+02 4.314379e+01 6.459467e+01 7.894667e+01 1.016039e+02 7.560676e+01 8.266945e+01 6.783515e+01 5.984373e+01 6.206592e+01 5.267307e+01 5.820787e+01 2.871333e+02 6.246803e+00 3.001302e+00 3.752986e+00 3.991058e+00 5.991553e+00 4.214548e+00 4.492233e+00 4.544732e+00 4.154862e+00 4.084826e+00 3.330500e+00 2.815993e+00 5.912272e+00 8.553594e-01 5.373918e-01 6.650147e-01 6.622759e-01 9.903809e-01 7.431068e-01 7.878515e-01 8.097728e-01 7.774620e-01 7.281984e-01 6.159712e-01 5.123346e-01 9.486802e-01
<GCONST> 1.428165e+02
<STATE> 4
<MEAN> 39
 -7.011446e+00 7.821470e-01 1.136410e+00 1.278594e+00 -6.141710e+00 -2.854191e+00 -6.604067e+00 -7.449580e+00 -2.711087e+00 -6.600740e+00 -1.713196e+00 -1.490375e+00 7.124902e+01 4.880359e-04 4.877954e-04 1.459050e-03 4.783983e-05 1.116492e-03 1.125381e-03 5.293054e-04 -3.146993e-04 -1.760828e-03 -1.530108e-03 -3.846369e-04 5.777073e-04 2.734654e-03 -8.511554e-04 -2.498951e-04 -4.012436e-04 -1.289275e-04 -1.409025e-04 -2.119464e-04 -1.971339e-05 1.079518e-04 1.935347e-04 3.067801e-04 1.232817e-06 8.155217e-06 -3.234121e-03
<VARIANCE> 39
 1.155420e+02 4.314379e+01 6.459467e+01 7.894667e+01 1.016039e+02 7.560676e+01 8.266945e+01 6.783515e+01 5.984373e+01 6.206592e+01 5.267307e+01 5.820787e+01 2.871333e+02 6.246803e+00 3.001302e+00 3.752986e+00 3.991058e+00 5.991553e+00 4.214548e+00 4.492233e+00 4.544732e+00 4.154862e+00 4.084826e+00 3.330500e+00 2.815993e+00 5.912272e+00 8.553594e-01 5.373918e-01 6.650147e-01 6.622759e-01 9.903809e-01 7.431068e-01 7.878515e-01 8.097728e-01 7.774620e-01 7.281984e-01 6.159712e-01 5.123346e-01 9.486802e-01
<GCONST> 1.428165e+02
<TRANSP> 5
 0.000000e+00 1.000000e+00 0.000000e+00 0.000000e+00 0.000000e+00
 0.000000e+00 6.000000e-01 4.000000e-01 0.000000e+00 0.000000e+00
 0.000000e+00 0.000000e+00 6.000000e-01 4.000000e-01 0.000000e+00
 0.000000e+00 0.000000e+00 0.000000e+00 6.000000e-01 4.000000e-01
 0.000000e+00 0.000000e+00 0.000000e+00 0.000000e+00 0.000000e+00
<ENDHMM>
~h "r"
<BEGINHMM>
<NUMSTATES> 5
<STATE> 2
<MEAN> 39
 -7.011446e+00 7.821470e-01 1.136410e+00 1.278594e+00 -6.141710e+00 -2.854191e+00 -6.604067e+00 -7.449580e+00 -2.711087e+00 -6.600740e+00 -1.713196e+00 -1.490375e+00 7.124902e+01 4.880359e-04 4.877954e-04 1.459050e-03 4.783983e-05 1.116492e-03 1.125381e-03 5.293054e-04 -3.146993e-04 -1.760828e-03 -1.530108e-03 -3.846369e-04 5.777073e-04 2.734654e-03 -8.511554e-04 -2.498951e-04 -4.012436e-04 -1.289275e-04 -1.409025e-04 -2.119464e-04 -1.971339e-05 1.079518e-04 1.935347e-04 3.067801e-04 1.232817e-06 8.155217e-06 -3.234121e-03
<VARIANCE> 39
 1.155420e+02 4.314379e+01 6.459467e+01 7.894667e+01 1.016039e+02 7.560676e+01 8.266945e+01 6.783515e+01 5.984373e+01 6.206592e+01 5.267307e+01 5.820787e+01 2.871333e+02 6.246803e+00 3.001302e+00 3.752986e+00 3.991058e+00 5.991553e+00 4.214548e+00 4.492233e+00 4.544732e+00 4.154862e+00 4.084826e+00 3.330500e+00 2.815993e+00 5.912272e+00 8.553594e-01 5.373918e-01 6.650147e-01 6.622759e-01 9.903809e-01 7.431068e-01 7.878515e-01 8.097728e-01 7.774620e-01 7.281984e-01 6.159712e-01 5.123346e-01 9.486802e-01
<GCONST> 1.428165e+02
<STATE> 3
<MEAN> 39
 -7.011446e+00 7.821470e-01 1.136410e+00 1.278594e+00 -6.141710e+00 -2.854191e+00 -6.604067e+00 -7.449580e+00 -2.711087e+00 -6.600740e+00 -1.713196e+00 -1.490375e+00 7.124902e+01 4.880359e-04 4.877954e-04 1.459050e-03 4.783983e-05 1.116492e-03 1.125381e-03 5.293054e-04 -3.146993e-04 -1.760828e-03 -1.530108e-03 -3.846369e-04 5.777073e-04 2.734654e-03 -8.511554e-04 -2.498951e-04 -4.012436e-04 -1.289275e-04 -1.409025e-04 -2.119464e-04 -1.971339e-05 1.079518e-04 1.935347e-04 3.067801e-04 1.232817e-06 8.155217e-06 -3.234121e-03
<VARIANCE> 39
 1.155420e+02 4.314379e+01 6.459467e+01 7.894667e+01 1.016039e+02 7.560676e+01 8.266945e+01 6.783515e+01 5.984373e+01 6.206592e+01 5.267307e+01 5.820787e+01 2.871333e+02 6.246803e+00 3.001302e+00 3.752986e+00 3.991058e+00 5.991553e+00 4.214548e+00 4.492233e+00 4.544732e+00 4.154862e+00 4.084826e+00 3.330500e+00 2.815993e+00 5.912272e+00 8.553594e-01 5.373918e-01 6.650147e-01 6.622759e-01 9.903809e-01 7.431068e-01 7.878515e-01 8.097728e-01 7.774620e-01 7.281984e-01 6.159712e-01 5.123346e-01 9.486802e-01
<GCONST> 1.428165e+02
<STATE> 4
<MEAN> 39
 -7.011446e+00 7.821470e-01 1.136410e+00 1.278594e+00 -6.141710e+00 -2.854191e+00 -6.604067e+00 -7.449580e+00 -2.711087e+00 -6.600740e+00 -1.713196e+00 -1.490375e+00 7.124902e+01 4.880359e-04 4.877954e-04 1.459050e-03 4.783983e-05 1.116492e-03 1.125381e-03 5.293054e-04 -3.146993e-04 -1.760828e-03 -1.530108e-03 -3.846369e-04 5.777073e-04 2.734654e-03 -8.511554e-04 -2.498951e-04 -4.012436e-04 -1.289275e-04 -1.409025e-04 -2.119464e-04 -1.971339e-05 1.079518e-04 1.935347e-04 3.067801e-04 1.232817e-06 8.155217e-06 -3.234121e-03
<VARIANCE> 39
 1.155420e+02 4.314379e+01 6.459467e+01 7.894667e+01 1.016039e+02 7.560676e+01 8.266945e+01 6.783515e+01 5.984373e+01 6.206592e+01 5.267307e+01 5.820787e+01 2.871333e+02 6.246803e+00 3.001302e+00 3.752986e+00 3.991058e+00 5.991553e+00 4.214548e+00 4.492233e+00 4.544732e+00 4.154862e+00 4.084826e+00 3.330500e+00 2.815993e+00 5.912272e+00 8.553594e-01 5.373918e-01 6.650147e-01 6.622759e-01 9.903809e-01 7.431068e-01 7.878515e-01 8.097728e-01 7.774620e-01 7.281984e-01 6.159712e-01 5.123346e-01 9.486802e-01
<GCONST> 1.428165e+02
<TRANSP> 5
 0.000000e+00 1.000000e+00 0.000000e+00 0.000000e+00 0.000000e+00
 0.000000e+00 6.000000e-01 4.000000e-01 0.000000e+00 0.000000e+00
 0.000000e+00 0.000000e+00 6.000000e-01 4.000000e-01 0.000000e+00
 0.000000e+00 0.000000e+00 0.000000e+00 6.000000e-01 4.000000e-01
 0.000000e+00 0.000000e+00 0.000000e+00 0.000000e+00 0.000000e+00
<ENDHMM>
~h "r_pal"
<BEGINHMM>
<NUMSTATES> 5
<STATE> 2
<MEAN> 39
 -7.011446e+00 7.821470e-01 1.136410e+00 1.278594e+00 -6.141710e+00 -2.854191e+00 -6.604067e+00 -7.449580e+00 -2.711087e+00 -6.600740e+00 -1.713196e+00 -1.490375e+00 7.124902e+01 4.880359e-04 4.877954e-04 1.459050e-03 4.783983e-05 1.116492e-03 1.125381e-03 5.293054e-04 -3.146993e-04 -1.760828e-03 -1.530108e-03 -3.846369e-04 5.777073e-04 2.734654e-03 -8.511554e-04 -2.498951e-04 -4.012436e-04 -1.289275e-04 -1.409025e-04 -2.119464e-04 -1.971339e-05 1.079518e-04 1.935347e-04 3.067801e-04 1.232817e-06 8.155217e-06 -3.234121e-03
<VARIANCE> 39
 1.155420e+02 4.314379e+01 6.459467e+01 7.894667e+01 1.016039e+02 7.560676e+01 8.266945e+01 6.783515e+01 5.984373e+01 6.206592e+01 5.267307e+01 5.820787e+01 2.871333e+02 6.246803e+00 3.001302e+00 3.752986e+00 3.991058e+00 5.991553e+00 4.214548e+00 4.492233e+00 4.544732e+00 4.154862e+00 4.084826e+00 3.330500e+00 2.815993e+00 5.912272e+00 8.553594e-01 5.373918e-01 6.650147e-01 6.622759e-01 9.903809e-01 7.431068e-01 7.878515e-01 8.097728e-01 7.774620e-01 7.281984e-01 6.159712e-01 5.123346e-01 9.486802e-01
<GCONST> 1.428165e+02
<STATE> 3
<MEAN> 39
 -7.011446e+00 7.821470e-01 1.136410e+00 1.278594e+00 -6.141710e+00 -2.854191e+00 -6.604067e+00 -7.449580e+00 -2.711087e+00 -6.600740e+00 -1.713196e+00 -1.490375e+00 7.124902e+01 4.880359e-04 4.877954e-04 1.459050e-03 4.783983e-05 1.116492e-03 1.125381e-03 5.293054e-04 -3.146993e-04 -1.760828e-03 -1.530108e-03 -3.846369e-04 5.777073e-04 2.734654e-03 -8.511554e-04 -2.498951e-04 -4.012436e-04 -1.289275e-04 -1.409025e-04 -2.119464e-04 -1.971339e-05 1.079518e-04 1.935347e-04 3.067801e-04 1.232817e-06 8.155217e-06 -3.234121e-03
<VARIANCE> 39
 1.155420e+02 4.314379e+01 6.459467e+01 7.894667e+01 1.016039e+02 7.560676e+01 8.266945e+01 6.783515e+01 5.984373e+01 6.206592e+01 5.267307e+01 5.820787e+01 2.871333e+02 6.246803e+00 3.001302e+00 3.752986e+00 3.991058e+00 5.991553e+00 4.214548e+00 4.492233e+00 4.544732e+00 4.154862e+00 4.084826e+00 3.330500e+00 2.815993e+00 5.912272e+00 8.553594e-01 5.373918e-01 6.650147e-01 6.622759e-01 9.903809e-01 7.431068e-01 7.878515e-01 8.097728e-01 7.774620e-01 7.281984e-01 6.159712e-01 5.123346e-01 9.486802e-01
<GCONST> 1.428165e+02
<STATE> 4
<MEAN> 39
 -7.011446e+00 7.821470e-01 1.136410e+00 1.278594e+00 -6.141710e+00 -2.854191e+00 -6.604067e+00 -7.449580e+00 -2.711087e+00 -6.600740e+00 -1.713196e+00 -1.490375e+00 7.124902e+01 4.880359e-04 4.877954e-04 1.459050e-03 4.783983e-05 1.116492e-03 1.125381e-03 5.293054e-04 -3.146993e-04 -1.760828e-03 -1.530108e-03 -3.846369e-04 5.777073e-04 2.734654e-03 -8.511554e-04 -2.498951e-04 -4.012436e-04 -1.289275e-04 -1.409025e-04 -2.119464e-04 -1.971339e-05 1.079518e-04 1.935347e-04 3.067801e-04 1.232817e-06 8.155217e-06 -3.234121e-03
<VARIANCE> 39
 1.155420e+02 4.314379e+01 6.459467e+01 7.894667e+01 1.016039e+02 7.560676e+01 8.266945e+01 6.783515e+01 5.984373e+01 6.206592e+01 5.267307e+01 5.820787e+01 2.871333e+02 6.246803e+00 3.001302e+00 3.752986e+00 3.991058e+00 5.991553e+00 4.214548e+00 4.492233e+00 4.544732e+00 4.154862e+00 4.084826e+00 3.330500e+00 2.815993e+00 5.912272e+00 8.553594e-01 5.373918e-01 6.650147e-01 6.622759e-01 9.903809e-01 7.431068e-01 7.878515e-01 8.097728e-01 7.774620e-01 7.281984e-01 6.159712e-01 5.123346e-01 9.486802e-01
<GCONST> 1.428165e+02
<TRANSP> 5
 0.000000e+00 1.000000e+00 0.000000e+00 0.000000e+00 0.000000e+00
 0.000000e+00 6.000000e-01 4.000000e-01 0.000000e+00 0.000000e+00
 0.000000e+00 0.000000e+00 6.000000e-01 4.000000e-01 0.000000e+00
 0.000000e+00 0.000000e+00 0.000000e+00 6.000000e-01 4.000000e-01
 0.000000e+00 0.000000e+00 0.000000e+00 0.000000e+00 0.000000e+00
<ENDHMM>
~h "s"
<BEGINHMM>
<NUMSTATES> 5
<STATE> 2
<MEAN> 39
 -7.011446e+00 7.821470e-01 1.136410e+00 1.278594e+00 -6.141710e+00 -2.854191e+00 -6.604067e+00 -7.449580e+00 -2.711087e+00 -6.600740e+00 -1.713196e+00 -1.490375e+00 7.124902e+01 4.880359e-04 4.877954e-04 1.459050e-03 4.783983e-05 1.116492e-03 1.125381e-03 5.293054e-04 -3.146993e-04 -1.760828e-03 -1.530108e-03 -3.846369e-04 5.777073e-04 2.734654e-03 -8.511554e-04 -2.498951e-04 -4.012436e-04 -1.289275e-04 -1.409025e-04 -2.119464e-04 -1.971339e-05 1.079518e-04 1.935347e-04 3.067801e-04 1.232817e-06 8.155217e-06 -3.234121e-03
<VARIANCE> 39
 1.155420e+02 4.314379e+01 6.459467e+01 7.894667e+01 1.016039e+02 7.560676e+01 8.266945e+01 6.783515e+01 5.984373e+01 6.206592e+01 5.267307e+01 5.820787e+01 2.871333e+02 6.246803e+00 3.001302e+00 3.752986e+00 3.991058e+00 5.991553e+00 4.214548e+00 4.492233e+00 4.544732e+00 4.154862e+00 4.084826e+00 3.330500e+00 2.815993e+00 5.912272e+00 8.553594e-01 5.373918e-01 6.650147e-01 6.622759e-01 9.903809e-01 7.431068e-01 7.878515e-01 8.097728e-01 7.774620e-01 7.281984e-01 6.159712e-01 5.123346e-01 9.486802e-01
<GCONST> 1.428165e+02
<STATE> 3
<MEAN> 39
 -7.011446e+00 7.821470e-01 1.136410e+00 1.278594e+00 -6.141710e+00 -2.854191e+00 -6.604067e+00 -7.449580e+00 -2.711087e+00 -6.600740e+00 -1.713196e+00 -1.490375e+00 7.124902e+01 4.880359e-04 4.877954e-04 1.459050e-03 4.783983e-05 1.116492e-03 1.125381e-03 5.293054e-04 -3.146993e-04 -1.760828e-03 -1.530108e-03 -3.846369e-04 5.777073e-04 2.734654e-03 -8.511554e-04 -2.498951e-04 -4.012436e-04 -1.289275e-04 -1.409025e-04 -2.119464e-04 -1.971339e-05 1.079518e-04 1.935347e-04 3.067801e-04 1.232817e-06 8.155217e-06 -3.234121e-03
<VARIANCE> 39
 1.155420e+02 4.314379e+01 6.459467e+01 7.894667e+01 1.016039e+02 7.560676e+01 8.266945e+01 6.783515e+01 5.984373e+01 6.206592e+01 5.267307e+01 5.820787e+01 2.871333e+02 6.246803e+00 3.001302e+00 3.752986e+00 3.991058e+00 5.991553e+00 4.214548e+00 4.492233e+00 4.544732e+00 4.154862e+00 4.084826e+00 3.330500e+00 2.815993e+00 5.912272e+00 8.553594e-01 5.373918e-01 6.650147e-01 6.622759e-01 9.903809e-01 7.431068e-01 7.878515e-01 8.097728e-01 7.774620e-01 7.281984e-01 6.159712e-01 5.123346e-01 9.486802e-01
<GCONST> 1.428165e+02
<STATE> 4
<MEAN> 39
 -7.011446e+00 7.821470e-01 1.136410e+00 1.278594e+00 -6.141710e+00 -2.854191e+00 -6.604067e+00 -7.449580e+00 -2.711087e+00 -6.600740e+00 -1.713196e+00 -1.490375e+00 7.124902e+01 4.880359e-04 4.877954e-04 1.459050e-03 4.783983e-05 1.116492e-03 1.125381e-03 5.293054e-04 -3.146993e-04 -1.760828e-03 -1.530108e-03 -3.846369e-04 5.777073e-04 2.734654e-03 -8.511554e-04 -2.498951e-04 -4.012436e-04 -1.289275e-04 -1.409025e-04 -2.119464e-04 -1.971339e-05 1.079518e-04 1.935347e-04 3.067801e-04 1.232817e-06 8.155217e-06 -3.234121e-03
<VARIANCE> 39
 1.155420e+02 4.314379e+01 6.459467e+01 7.894667e+01 1.016039e+02 7.560676e+01 8.266945e+01 6.783515e+01 5.984373e+01 6.206592e+01 5.267307e+01 5.820787e+01 2.871333e+02 6.246803e+00 3.001302e+00 3.752986e+00 3.991058e+00 5.991553e+00 4.214548e+00 4.492233e+00 4.544732e+00 4.154862e+00 4.084826e+00 3.330500e+00 2.815993e+00 5.912272e+00 8.553594e-01 5.373918e-01 6.650147e-01 6.622759e-01 9.903809e-01 7.431068e-01 7.878515e-01 8.097728e-01 7.774620e-01 7.281984e-01 6.159712e-01 5.123346e-01 9.486802e-01
<GCONST> 1.428165e+02
<TRANSP> 5
 0.000000e+00 1.000000e+00 0.000000e+00 0.000000e+00 0.000000e+00
 0.000000e+00 6.000000e-01 4.000000e-01 0.000000e+00 0.000000e+00
 0.000000e+00 0.000000e+00 6.000000e-01 4.000000e-01 0.000000e+00
 0.000000e+00 0.000000e+00 0.000000e+00 6.000000e-01 4.000000e-01
 0.000000e+00 0.000000e+00 0.000000e+00 0.000000e+00 0.000000e+00
<ENDHMM>
~h "s_pal"
<BEGINHMM>
<NUMSTATES> 5
<STATE> 2
<MEAN> 39
 -7.011446e+00 7.821470e-01 1.136410e+00 1.278594e+00 -6.141710e+00 -2.854191e+00 -6.604067e+00 -7.449580e+00 -2.711087e+00 -6.600740e+00 -1.713196e+00 -1.490375e+00 7.124902e+01 4.880359e-04 4.877954e-04 1.459050e-03 4.783983e-05 1.116492e-03 1.125381e-03 5.293054e-04 -3.146993e-04 -1.760828e-03 -1.530108e-03 -3.846369e-04 5.777073e-04 2.734654e-03 -8.511554e-04 -2.498951e-04 -4.012436e-04 -1.289275e-04 -1.409025e-04 -2.119464e-04 -1.971339e-05 1.079518e-04 1.935347e-04 3.067801e-04 1.232817e-06 8.155217e-06 -3.234121e-03
<VARIANCE> 39
 1.155420e+02 4.314379e+01 6.459467e+01 7.894667e+01 1.016039e+02 7.560676e+01 8.266945e+01 6.783515e+01 5.984373e+01 6.206592e+01 5.267307e+01 5.820787e+01 2.871333e+02 6.246803e+00 3.001302e+00 3.752986e+00 3.991058e+00 5.991553e+00 4.214548e+00 4.492233e+00 4.544732e+00 4.154862e+00 4.084826e+00 3.330500e+00 2.815993e+00 5.912272e+00 8.553594e-01 5.373918e-01 6.650147e-01 6.622759e-01 9.903809e-01 7.431068e-01 7.878515e-01 8.097728e-01 7.774620e-01 7.281984e-01 6.159712e-01 5.123346e-01 9.486802e-01
<GCONST> 1.428165e+02
<STATE> 3
<MEAN> 39
 -7.011446e+00 7.821470e-01 1.136410e+00 1.278594e+00 -6.141710e+00 -2.854191e+00 -6.604067e+00 -7.449580e+00 -2.711087e+00 -6.600740e+00 -1.713196e+00 -1.490375e+00 7.124902e+01 4.880359e-04 4.877954e-04 1.459050e-03 4.783983e-05 1.116492e-03 1.125381e-03 5.293054e-04 -3.146993e-04 -1.760828e-03 -1.530108e-03 -3.846369e-04 5.777073e-04 2.734654e-03 -8.511554e-04 -2.498951e-04 -4.012436e-04 -1.289275e-04 -1.409025e-04 -2.119464e-04 -1.971339e-05 1.079518e-04 1.935347e-04 3.067801e-04 1.232817e-06 8.155217e-06 -3.234121e-03
<VARIANCE> 39
 1.155420e+02 4.314379e+01 6.459467e+01 7.894667e+01 1.016039e+02 7.560676e+01 8.266945e+01 6.783515e+01 5.984373e+01 6.206592e+01 5.267307e+01 5.820787e+01 2.871333e+02 6.246803e+00 3.001302e+00 3.752986e+00 3.991058e+00 5.991553e+00 4.214548e+00 4.492233e+00 4.544732e+00 4.154862e+00 4.084826e+00 3.330500e+00 2.815993e+00 5.912272e+00 8.553594e-01 5.373918e-01 6.650147e-01 6.622759e-01 9.903809e-01 7.431068e-01 7.878515e-01 8.097728e-01 7.774620e-01 7.281984e-01 6.159712e-01 5.123346e-01 9.486802e-01
<GCONST> 1.428165e+02
<STATE> 4
<MEAN> 39
 -7.011446e+00 7.821470e-01 1.136410e+00 1.278594e+00 -6.141710e+00 -2.854191e+00 -6.604067e+00 -7.449580e+00 -2.711087e+00 -6.600740e+00 -1.713196e+00 -1.490375e+00 7.124902e+01 4.880359e-04 4.877954e-04 1.459050e-03 4.783983e-05 1.116492e-03 1.125381e-03 5.293054e-04 -3.146993e-04 -1.760828e-03 -1.530108e-03 -3.846369e-04 5.777073e-04 2.734654e-03 -8.511554e-04 -2.498951e-04 -4.012436e-04 -1.289275e-04 -1.409025e-04 -2.119464e-04 -1.971339e-05 1.079518e-04 1.935347e-04 3.067801e-04 1.232817e-06 8.155217e-06 -3.234121e-03
<VARIANCE> 39
 1.155420e+02 4.314379e+01 6.459467e+01 7.894667e+01 1.016039e+02 7.560676e+01 8.266945e+01 6.783515e+01 5.984373e+01 6.206592e+01 5.267307e+01 5.820787e+01 2.871333e+02 6.246803e+00 3.001302e+00 3.752986e+00 3.991058e+00 5.991553e+00 4.214548e+00 4.492233e+00 4.544732e+00 4.154862e+00 4.084826e+00 3.330500e+00 2.815993e+00 5.912272e+00 8.553594e-01 5.373918e-01 6.650147e-01 6.622759e-01 9.903809e-01 7.431068e-01 7.878515e-01 8.097728e-01 7.774620e-01 7.281984e-01 6.159712e-01 5.123346e-01 9.486802e-01
<GCONST> 1.428165e+02
<TRANSP> 5
 0.000000e+00 1.000000e+00 0.000000e+00 0.000000e+00 0.000000e+00
 0.000000e+00 6.000000e-01 4.000000e-01 0.000000e+00 0.000000e+00
 0.000000e+00 0.000000e+00 6.000000e-01 4.000000e-01 0.000000e+00
 0.000000e+00 0.000000e+00 0.000000e+00 6.000000e-01 4.000000e-01
 0.000000e+00 0.000000e+00 0.000000e+00 0.000000e+00 0.000000e+00
<ENDHMM>
~h "sil"
<BEGINHMM>
<NUMSTATES> 5
<STATE> 2
<MEAN> 39
 -7.011446e+00 7.821470e-01 1.136410e+00 1.278594e+00 -6.141710e+00 -2.854191e+00 -6.604067e+00 -7.449580e+00 -2.711087e+00 -6.600740e+00 -1.713196e+00 -1.490375e+00 7.124902e+01 4.880359e-04 4.877954e-04 1.459050e-03 4.783983e-05 1.116492e-03 1.125381e-03 5.293054e-04 -3.146993e-04 -1.760828e-03 -1.530108e-03 -3.846369e-04 5.777073e-04 2.734654e-03 -8.511554e-04 -2.498951e-04 -4.012436e-04 -1.289275e-04 -1.409025e-04 -2.119464e-04 -1.971339e-05 1.079518e-04 1.935347e-04 3.067801e-04 1.232817e-06 8.155217e-06 -3.234121e-03
<VARIANCE> 39
 1.155420e+02 4.314379e+01 6.459467e+01 7.894667e+01 1.016039e+02 7.560676e+01 8.266945e+01 6.783515e+01 5.984373e+01 6.206592e+01 5.267307e+01 5.820787e+01 2.871333e+02 6.246803e+00 3.001302e+00 3.752986e+00 3.991058e+00 5.991553e+00 4.214548e+00 4.492233e+00 4.544732e+00 4.154862e+00 4.084826e+00 3.330500e+00 2.815993e+00 5.912272e+00 8.553594e-01 5.373918e-01 6.650147e-01 6.622759e-01 9.903809e-01 7.431068e-01 7.878515e-01 8.097728e-01 7.774620e-01 7.281984e-01 6.159712e-01 5.123346e-01 9.486802e-01
<GCONST> 1.428165e+02
<STATE> 3
<MEAN> 39
 -7.011446e+00 7.821470e-01 1.136410e+00 1.278594e+00 -6.141710e+00 -2.854191e+00 -6.604067e+00 -7.449580e+00 -2.711087e+00 -6.600740e+00 -1.713196e+00 -1.490375e+00 7.124902e+01 4.880359e-04 4.877954e-04 1.459050e-03 4.783983e-05 1.116492e-03 1.125381e-03 5.293054e-04 -3.146993e-04 -1.760828e-03 -1.530108e-03 -3.846369e-04 5.777073e-04 2.734654e-03 -8.511554e-04 -2.498951e-04 -4.012436e-04 -1.289275e-04 -1.409025e-04 -2.119464e-04 -1.971339e-05 1.079518e-04 1.935347e-04 3.067801e-04 1.232817e-06 8.155217e-06 -3.234121e-03
<VARIANCE> 39
 1.155420e+02 4.314379e+01 6.459467e+01 7.894667e+01 1.016039e+02 7.560676e+01 8.266945e+01 6.783515e+01 5.984373e+01 6.206592e+01 5.267307e+01 5.820787e+01 2.871333e+02 6.246803e+00 3.001302e+00 3.752986e+00 3.991058e+00 5.991553e+00 4.214548e+00 4.492233e+00 4.544732e+00 4.154862e+00 4.084826e+00 3.330500e+00 2.815993e+00 5.912272e+00 8.553594e-01 5.373918e-01 6.650147e-01 6.622759e-01 9.903809e-01 7.431068e-01 7.878515e-01 8.097728e-01 7.774620e-01 7.281984e-01 6.159712e-01 5.123346e-01 9.486802e-01
<GCONST> 1.428165e+02
<STATE> 4
<MEAN> 39
 -7.011446e+00 7.821470e-01 1.136410e+00 1.278594e+00 -6.141710e+00 -2.854191e+00 -6.604067e+00 -7.449580e+00 -2.711087e+00 -6.600740e+00 -1.713196e+00 -1.490375e+00 7.124902e+01 4.880359e-04 4.877954e-04 1.459050e-03 4.783983e-05 1.116492e-03 1.125381e-03 5.293054e-04 -3.146993e-04 -1.760828e-03 -1.530108e-03 -3.846369e-04 5.777073e-04 2.734654e-03 -8.511554e-04 -2.498951e-04 -4.012436e-04 -1.289275e-04 -1.409025e-04 -2.119464e-04 -1.971339e-05 1.079518e-04 1.935347e-04 3.067801e-04 1.232817e-06 8.155217e-06 -3.234121e-03
<VARIANCE> 39
 1.155420e+02 4.314379e+01 6.459467e+01 7.894667e+01 1.016039e+02 7.560676e+01 8.266945e+01 6.783515e+01 5.984373e+01 6.206592e+01 5.267307e+01 5.820787e+01 2.871333e+02 6.246803e+00 3.001302e+00 3.752986e+00 3.991058e+00 5.991553e+00 4.214548e+00 4.492233e+00 4.544732e+00 4.154862e+00 4.084826e+00 3.330500e+00 2.815993e+00 5.912272e+00 8.553594e-01 5.373918e-01 6.650147e-01 6.622759e-01 9.903809e-01 7.431068e-01 7.878515e-01 8.097728e-01 7.774620e-01 7.281984e-01 6.159712e-01 5.123346e-01 9.486802e-01
<GCONST> 1.428165e+02
<TRANSP> 5
 0.000000e+00 1.000000e+00 0.000000e+00 0.000000e+00 0.000000e+00
 0.000000e+00 6.000000e-01 4.000000e-01 0.000000e+00 0.000000e+00
 0.000000e+00 0.000000e+00 6.000000e-01 4.000000e-01 0.000000e+00
 0.000000e+00 0.000000e+00 0.000000e+00 6.000000e-01 4.000000e-01
 0.000000e+00 0.000000e+00 0.000000e+00 0.000000e+00 0.000000e+00
<ENDHMM>
~h "t"
<BEGINHMM>
<NUMSTATES> 5
<STATE> 2
<MEAN> 39
 -7.011446e+00 7.821470e-01 1.136410e+00 1.278594e+00 -6.141710e+00 -2.854191e+00 -6.604067e+00 -7.449580e+00 -2.711087e+00 -6.600740e+00 -1.713196e+00 -1.490375e+00 7.124902e+01 4.880359e-04 4.877954e-04 1.459050e-03 4.783983e-05 1.116492e-03 1.125381e-03 5.293054e-04 -3.146993e-04 -1.760828e-03 -1.530108e-03 -3.846369e-04 5.777073e-04 2.734654e-03 -8.511554e-04 -2.498951e-04 -4.012436e-04 -1.289275e-04 -1.409025e-04 -2.119464e-04 -1.971339e-05 1.079518e-04 1.935347e-04 3.067801e-04 1.232817e-06 8.155217e-06 -3.234121e-03
<VARIANCE> 39
 1.155420e+02 4.314379e+01 6.459467e+01 7.894667e+01 1.016039e+02 7.560676e+01 8.266945e+01 6.783515e+01 5.984373e+01 6.206592e+01 5.267307e+01 5.820787e+01 2.871333e+02 6.246803e+00 3.001302e+00 3.752986e+00 3.991058e+00 5.991553e+00 4.214548e+00 4.492233e+00 4.544732e+00 4.154862e+00 4.084826e+00 3.330500e+00 2.815993e+00 5.912272e+00 8.553594e-01 5.373918e-01 6.650147e-01 6.622759e-01 9.903809e-01 7.431068e-01 7.878515e-01 8.097728e-01 7.774620e-01 7.281984e-01 6.159712e-01 5.123346e-01 9.486802e-01
<GCONST> 1.428165e+02
<STATE> 3
<MEAN> 39
 -7.011446e+00 7.821470e-01 1.136410e+00 1.278594e+00 -6.141710e+00 -2.854191e+00 -6.604067e+00 -7.449580e+00 -2.711087e+00 -6.600740e+00 -1.713196e+00 -1.490375e+00 7.124902e+01 4.880359e-04 4.877954e-04 1.459050e-03 4.783983e-05 1.116492e-03 1.125381e-03 5.293054e-04 -3.146993e-04 -1.760828e-03 -1.530108e-03 -3.846369e-04 5.777073e-04 2.734654e-03 -8.511554e-04 -2.498951e-04 -4.012436e-04 -1.289275e-04 -1.409025e-04 -2.119464e-04 -1.971339e-05 1.079518e-04 1.935347e-04 3.067801e-04 1.232817e-06 8.155217e-06 -3.234121e-03
<VARIANCE> 39
 1.155420e+02 4.314379e+01 6.459467e+01 7.894667e+01 1.016039e+02 7.560676e+01 8.266945e+01 6.783515e+01 5.984373e+01 6.206592e+01 5.267307e+01 5.820787e+01 2.871333e+02 6.246803e+00 3.001302e+00 3.752986e+00 3.991058e+00 5.991553e+00 4.214548e+00 4.492233e+00 4.544732e+00 4.154862e+00 4.084826e+00 3.330500e+00 2.815993e+00 5.912272e+00 8.553594e-01 5.373918e-01 6.650147e-01 6.622759e-01 9.903809e-01 7.431068e-01 7.878515e-01 8.097728e-01 7.774620e-01 7.281984e-01 6.159712e-01 5.123346e-01 9.486802e-01
<GCONST> 1.428165e+02
<STATE> 4
<MEAN> 39
 -7.011446e+00 7.821470e-01 1.136410e+00 1.278594e+00 -6.141710e+00 -2.854191e+00 -6.604067e+00 -7.449580e+00 -2.711087e+00 -6.600740e+00 -1.713196e+00 -1.490375e+00 7.124902e+01 4.880359e-04 4.877954e-04 1.459050e-03 4.783983e-05 1.116492e-03 1.125381e-03 5.293054e-04 -3.146993e-04 -1.760828e-03 -1.530108e-03 -3.846369e-04 5.777073e-04 2.734654e-03 -8.511554e-04 -2.498951e-04 -4.012436e-04 -1.289275e-04 -1.409025e-04 -2.119464e-04 -1.971339e-05 1.079518e-04 1.935347e-04 3.067801e-04 1.232817e-06 8.155217e-06 -3.234121e-03
<VARIANCE> 39
 1.155420e+02 4.314379e+01 6.459467e+01 7.894667e+01 1.016039e+02 7.560676e+01 8.266945e+01 6.783515e+01 5.984373e+01 6.206592e+01 5.267307e+01 5.820787e+01 2.871333e+02 6.246803e+00 3.001302e+00 3.752986e+00 3.991058e+00 5.991553e+00 4.214548e+00 4.492233e+00 4.544732e+00 4.154862e+00 4.084826e+00 3.330500e+00 2.815993e+00 5.912272e+00 8.553594e-01 5.373918e-01 6.650147e-01 6.622759e-01 9.903809e-01 7.431068e-01 7.878515e-01 8.097728e-01 7.774620e-01 7.281984e-01 6.159712e-01 5.123346e-01 9.486802e-01
<GCONST> 1.428165e+02
<TRANSP> 5
 0.000000e+00 1.000000e+00 0.000000e+00 0.000000e+00 0.000000e+00
 0.000000e+00 6.000000e-01 4.000000e-01 0.000000e+00 0.000000e+00
 0.000000e+00 0.000000e+00 6.000000e-01 4.000000e-01 0.000000e+00
 0.000000e+00 0.000000e+00 0.000000e+00 6.000000e-01 4.000000e-01
 0.000000e+00 0.000000e+00 0.000000e+00 0.000000e+00 0.000000e+00
<ENDHMM>
~h "tS"
<BEGINHMM>
<NUMSTATES> 5
<STATE> 2
<MEAN> 39
 -7.011446e+00 7.821470e-01 1.136410e+00 1.278594e+00 -6.141710e+00 -2.854191e+00 -6.604067e+00 -7.449580e+00 -2.711087e+00 -6.600740e+00 -1.713196e+00 -1.490375e+00 7.124902e+01 4.880359e-04 4.877954e-04 1.459050e-03 4.783983e-05 1.116492e-03 1.125381e-03 5.293054e-04 -3.146993e-04 -1.760828e-03 -1.530108e-03 -3.846369e-04 5.777073e-04 2.734654e-03 -8.511554e-04 -2.498951e-04 -4.012436e-04 -1.289275e-04 -1.409025e-04 -2.119464e-04 -1.971339e-05 1.079518e-04 1.935347e-04 3.067801e-04 1.232817e-06 8.155217e-06 -3.234121e-03
<VARIANCE> 39
 1.155420e+02 4.314379e+01 6.459467e+01 7.894667e+01 1.016039e+02 7.560676e+01 8.266945e+01 6.783515e+01 5.984373e+01 6.206592e+01 5.267307e+01 5.820787e+01 2.871333e+02 6.246803e+00 3.001302e+00 3.752986e+00 3.991058e+00 5.991553e+00 4.214548e+00 4.492233e+00 4.544732e+00 4.154862e+00 4.084826e+00 3.330500e+00 2.815993e+00 5.912272e+00 8.553594e-01 5.373918e-01 6.650147e-01 6.622759e-01 9.903809e-01 7.431068e-01 7.878515e-01 8.097728e-01 7.774620e-01 7.281984e-01 6.159712e-01 5.123346e-01 9.486802e-01
<GCONST> 1.428165e+02
<STATE> 3
<MEAN> 39
 -7.011446e+00 7.821470e-01 1.136410e+00 1.278594e+00 -6.141710e+00 -2.854191e+00 -6.604067e+00 -7.449580e+00 -2.711087e+00 -6.600740e+00 -1.713196e+00 -1.490375e+00 7.124902e+01 4.880359e-04 4.877954e-04 1.459050e-03 4.783983e-05 1.116492e-03 1.125381e-03 5.293054e-04 -3.146993e-04 -1.760828e-03 -1.530108e-03 -3.846369e-04 5.777073e-04 2.734654e-03 -8.511554e-04 -2.498951e-04 -4.012436e-04 -1.289275e-04 -1.409025e-04 -2.119464e-04 -1.971339e-05 1.079518e-04 1.935347e-04 3.067801e-04 1.232817e-06 8.155217e-06 -3.234121e-03
<VARIANCE> 39
 1.155420e+02 4.314379e+01 6.459467e+01 7.894667e+01 1.016039e+02 7.560676e+01 8.266945e+01 6.783515e+01 5.984373e+01 6.206592e+01 5.267307e+01 5.820787e+01 2.871333e+02 6.246803e+00 3.001302e+00 3.752986e+00 3.991058e+00 5.991553e+00 4.214548e+00 4.492233e+00 4.544732e+00 4.154862e+00 4.084826e+00 3.330500e+00 2.815993e+00 5.912272e+00 8.553594e-01 5.373918e-01 6.650147e-01 6.622759e-01 9.903809e-01 7.431068e-01 7.878515e-01 8.097728e-01 7.774620e-01 7.281984e-01 6.159712e-01 5.123346e-01 9.486802e-01
<GCONST> 1.428165e+02
<STATE> 4
<MEAN> 39
 -7.011446e+00 7.821470e-01 1.136410e+00 1.278594e+00 -6.141710e+00 -2.854191e+00 -6.604067e+00 -7.449580e+00 -2.711087e+00 -6.600740e+00 -1.713196e+00 -1.490375e+00 7.124902e+01 4.880359e-04 4.877954e-04 1.459050e-03 4.783983e-05 1.116492e-03 1.125381e-03 5.293054e-04 -3.146993e-04 -1.760828e-03 -1.530108e-03 -3.846369e-04 5.777073e-04 2.734654e-03 -8.511554e-04 -2.498951e-04 -4.012436e-04 -1.289275e-04 -1.409025e-04 -2.119464e-04 -1.971339e-05 1.079518e-04 1.935347e-04 3.067801e-04 1.232817e-06 8.155217e-06 -3.234121e-03
<VARIANCE> 39
 1.155420e+02 4.314379e+01 6.459467e+01 7.894667e+01 1.016039e+02 7.560676e+01 8.266945e+01 6.783515e+01 5.984373e+01 6.206592e+01 5.267307e+01 5.820787e+01 2.871333e+02 6.246803e+00 3.001302e+00 3.752986e+00 3.991058e+00 5.991553e+00 4.214548e+00 4.492233e+00 4.544732e+00 4.154862e+00 4.084826e+00 3.330500e+00 2.815993e+00 5.912272e+00 8.553594e-01 5.373918e-01 6.650147e-01 6.622759e-01 9.903809e-01 7.431068e-01 7.878515e-01 8.097728e-01 7.774620e-01 7.281984e-01 6.159712e-01 5.123346e-01 9.486802e-01
<GCONST> 1.428165e+02
<TRANSP> 5
 0.000000e+00 1.000000e+00 0.000000e+00 0.000000e+00 0.000000e+00
 0.000000e+00 6.000000e-01 4.000000e-01 0.000000e+00 0.000000e+00
 0.000000e+00 0.000000e+00 6.000000e-01 4.000000e-01 0.000000e+00
 0.000000e+00 0.000000e+00 0.000000e+00 6.000000e-01 4.000000e-01
 0.000000e+00 0.000000e+00 0.000000e+00 0.000000e+00 0.000000e+00
<ENDHMM>
~h "tS_pal"
<BEGINHMM>
<NUMSTATES> 5
<STATE> 2
<MEAN> 39
 -7.011446e+00 7.821470e-01 1.136410e+00 1.278594e+00 -6.141710e+00 -2.854191e+00 -6.604067e+00 -7.449580e+00 -2.711087e+00 -6.600740e+00 -1.713196e+00 -1.490375e+00 7.124902e+01 4.880359e-04 4.877954e-04 1.459050e-03 4.783983e-05 1.116492e-03 1.125381e-03 5.293054e-04 -3.146993e-04 -1.760828e-03 -1.530108e-03 -3.846369e-04 5.777073e-04 2.734654e-03 -8.511554e-04 -2.498951e-04 -4.012436e-04 -1.289275e-04 -1.409025e-04 -2.119464e-04 -1.971339e-05 1.079518e-04 1.935347e-04 3.067801e-04 1.232817e-06 8.155217e-06 -3.234121e-03
<VARIANCE> 39
 1.155420e+02 4.314379e+01 6.459467e+01 7.894667e+01 1.016039e+02 7.560676e+01 8.266945e+01 6.783515e+01 5.984373e+01 6.206592e+01 5.267307e+01 5.820787e+01 2.871333e+02 6.246803e+00 3.001302e+00 3.752986e+00 3.991058e+00 5.991553e+00 4.214548e+00 4.492233e+00 4.544732e+00 4.154862e+00 4.084826e+00 3.330500e+00 2.815993e+00 5.912272e+00 8.553594e-01 5.373918e-01 6.650147e-01 6.622759e-01 9.903809e-01 7.431068e-01 7.878515e-01 8.097728e-01 7.774620e-01 7.281984e-01 6.159712e-01 5.123346e-01 9.486802e-01
<GCONST> 1.428165e+02
<STATE> 3
<MEAN> 39
 -7.011446e+00 7.821470e-01 1.136410e+00 1.278594e+00 -6.141710e+00 -2.854191e+00 -6.604067e+00 -7.449580e+00 -2.711087e+00 -6.600740e+00 -1.713196e+00 -1.490375e+00 7.124902e+01 4.880359e-04 4.877954e-04 1.459050e-03 4.783983e-05 1.116492e-03 1.125381e-03 5.293054e-04 -3.146993e-04 -1.760828e-03 -1.530108e-03 -3.846369e-04 5.777073e-04 2.734654e-03 -8.511554e-04 -2.498951e-04 -4.012436e-04 -1.289275e-04 -1.409025e-04 -2.119464e-04 -1.971339e-05 1.079518e-04 1.935347e-04 3.067801e-04 1.232817e-06 8.155217e-06 -3.234121e-03
<VARIANCE> 39
 1.155420e+02 4.314379e+01 6.459467e+01 7.894667e+01 1.016039e+02 7.560676e+01 8.266945e+01 6.783515e+01 5.984373e+01 6.206592e+01 5.267307e+01 5.820787e+01 2.871333e+02 6.246803e+00 3.001302e+00 3.752986e+00 3.991058e+00 5.991553e+00 4.214548e+00 4.492233e+00 4.544732e+00 4.154862e+00 4.084826e+00 3.330500e+00 2.815993e+00 5.912272e+00 8.553594e-01 5.373918e-01 6.650147e-01 6.622759e-01 9.903809e-01 7.431068e-01 7.878515e-01 8.097728e-01 7.774620e-01 7.281984e-01 6.159712e-01 5.123346e-01 9.486802e-01
<GCONST> 1.428165e+02
<STATE> 4
<MEAN> 39
 -7.011446e+00 7.821470e-01 1.136410e+00 1.278594e+00 -6.141710e+00 -2.854191e+00 -6.604067e+00 -7.449580e+00 -2.711087e+00 -6.600740e+00 -1.713196e+00 -1.490375e+00 7.124902e+01 4.880359e-04 4.877954e-04 1.459050e-03 4.783983e-05 1.116492e-03 1.125381e-03 5.293054e-04 -3.146993e-04 -1.760828e-03 -1.530108e-03 -3.846369e-04 5.777073e-04 2.734654e-03 -8.511554e-04 -2.498951e-04 -4.012436e-04 -1.289275e-04 -1.409025e-04 -2.119464e-04 -1.971339e-05 1.079518e-04 1.935347e-04 3.067801e-04 1.232817e-06 8.155217e-06 -3.234121e-03
<VARIANCE> 39
 1.155420e+02 4.314379e+01 6.459467e+01 7.894667e+01 1.016039e+02 7.560676e+01 8.266945e+01 6.783515e+01 5.984373e+01 6.206592e+01 5.267307e+01 5.820787e+01 2.871333e+02 6.246803e+00 3.001302e+00 3.752986e+00 3.991058e+00 5.991553e+00 4.214548e+00 4.492233e+00 4.544732e+00 4.154862e+00 4.084826e+00 3.330500e+00 2.815993e+00 5.912272e+00 8.553594e-01 5.373918e-01 6.650147e-01 6.622759e-01 9.903809e-01 7.431068e-01 7.878515e-01 8.097728e-01 7.774620e-01 7.281984e-01 6.159712e-01 5.123346e-01 9.486802e-01
<GCONST> 1.428165e+02
<TRANSP> 5
 0.000000e+00 1.000000e+00 0.000000e+00 0.000000e+00 0.000000e+00
 0.000000e+00 6.000000e-01 4.000000e-01 0.000000e+00 0.000000e+00
 0.000000e+00 0.000000e+00 6.000000e-01 4.000000e-01 0.000000e+00
 0.000000e+00 0.000000e+00 0.000000e+00 6.000000e-01 4.000000e-01
 0.000000e+00 0.000000e+00 0.000000e+00 0.000000e+00 0.000000e+00
<ENDHMM>
~h "t_pal"
<BEGINHMM>
<NUMSTATES> 5
<STATE> 2
<MEAN> 39
 -7.011446e+00 7.821470e-01 1.136410e+00 1.278594e+00 -6.141710e+00 -2.854191e+00 -6.604067e+00 -7.449580e+00 -2.711087e+00 -6.600740e+00 -1.713196e+00 -1.490375e+00 7.124902e+01 4.880359e-04 4.877954e-04 1.459050e-03 4.783983e-05 1.116492e-03 1.125381e-03 5.293054e-04 -3.146993e-04 -1.760828e-03 -1.530108e-03 -3.846369e-04 5.777073e-04 2.734654e-03 -8.511554e-04 -2.498951e-04 -4.012436e-04 -1.289275e-04 -1.409025e-04 -2.119464e-04 -1.971339e-05 1.079518e-04 1.935347e-04 3.067801e-04 1.232817e-06 8.155217e-06 -3.234121e-03
<VARIANCE> 39
 1.155420e+02 4.314379e+01 6.459467e+01 7.894667e+01 1.016039e+02 7.560676e+01 8.266945e+01 6.783515e+01 5.984373e+01 6.206592e+01 5.267307e+01 5.820787e+01 2.871333e+02 6.246803e+00 3.001302e+00 3.752986e+00 3.991058e+00 5.991553e+00 4.214548e+00 4.492233e+00 4.544732e+00 4.154862e+00 4.084826e+00 3.330500e+00 2.815993e+00 5.912272e+00 8.553594e-01 5.373918e-01 6.650147e-01 6.622759e-01 9.903809e-01 7.431068e-01 7.878515e-01 8.097728e-01 7.774620e-01 7.281984e-01 6.159712e-01 5.123346e-01 9.486802e-01
<GCONST> 1.428165e+02
<STATE> 3
<MEAN> 39
 -7.011446e+00 7.821470e-01 1.136410e+00 1.278594e+00 -6.141710e+00 -2.854191e+00 -6.604067e+00 -7.449580e+00 -2.711087e+00 -6.600740e+00 -1.713196e+00 -1.490375e+00 7.124902e+01 4.880359e-04 4.877954e-04 1.459050e-03 4.783983e-05 1.116492e-03 1.125381e-03 5.293054e-04 -3.146993e-04 -1.760828e-03 -1.530108e-03 -3.846369e-04 5.777073e-04 2.734654e-03 -8.511554e-04 -2.498951e-04 -4.012436e-04 -1.289275e-04 -1.409025e-04 -2.119464e-04 -1.971339e-05 1.079518e-04 1.935347e-04 3.067801e-04 1.232817e-06 8.155217e-06 -3.234121e-03
<VARIANCE> 39
 1.155420e+02 4.314379e+01 6.459467e+01 7.894667e+01 1.016039e+02 7.560676e+01 8.266945e+01 6.783515e+01 5.984373e+01 6.206592e+01 5.267307e+01 5.820787e+01 2.871333e+02 6.246803e+00 3.001302e+00 3.752986e+00 3.991058e+00 5.991553e+00 4.214548e+00 4.492233e+00 4.544732e+00 4.154862e+00 4.084826e+00 3.330500e+00 2.815993e+00 5.912272e+00 8.553594e-01 5.373918e-01 6.650147e-01 6.622759e-01 9.903809e-01 7.431068e-01 7.878515e-01 8.097728e-01 7.774620e-01 7.281984e-01 6.159712e-01 5.123346e-01 9.486802e-01
<GCONST> 1.428165e+02
<STATE> 4
<MEAN> 39
 -7.011446e+00 7.821470e-01 1.136410e+00 1.278594e+00 -6.141710e+00 -2.854191e+00 -6.604067e+00 -7.449580e+00 -2.711087e+00 -6.600740e+00 -1.713196e+00 -1.490375e+00 7.124902e+01 4.880359e-04 4.877954e-04 1.459050e-03 4.783983e-05 1.116492e-03 1.125381e-03 5.293054e-04 -3.146993e-04 -1.760828e-03 -1.530108e-03 -3.846369e-04 5.777073e-04 2.734654e-03 -8.511554e-04 -2.498951e-04 -4.012436e-04 -1.289275e-04 -1.409025e-04 -2.119464e-04 -1.971339e-05 1.079518e-04 1.935347e-04 3.067801e-04 1.232817e-06 8.155217e-06 -3.234121e-03
<VARIANCE> 39
 1.155420e+02 4.314379e+01 6.459467e+01 7.894667e+01 1.016039e+02 7.560676e+01 8.266945e+01 6.783515e+01 5.984373e+01 6.206592e+01 5.267307e+01 5.820787e+01 2.871333e+02 6.246803e+00 3.001302e+00 3.752986e+00 3.991058e+00 5.991553e+00 4.214548e+00 4.492233e+00 4.544732e+00 4.154862e+00 4.084826e+00 3.330500e+00 2.815993e+00 5.912272e+00 8.553594e-01 5.373918e-01 6.650147e-01 6.622759e-01 9.903809e-01 7.431068e-01 7.878515e-01 8.097728e-01 7.774620e-01 7.281984e-01 6.159712e-01 5.123346e-01 9.486802e-01
<GCONST> 1.428165e+02
<TRANSP> 5
 0.000000e+00 1.000000e+00 0.000000e+00 0.000000e+00 0.000000e+00
 0.000000e+00 6.000000e-01 4.000000e-01 0.000000e+00 0.000000e+00
 0.000000e+00 0.000000e+00 6.000000e-01 4.000000e-01 0.000000e+00
 0.000000e+00 0.000000e+00 0.000000e+00 6.000000e-01 4.000000e-01
 0.000000e+00 0.000000e+00 0.000000e+00 0.000000e+00 0.000000e+00
<ENDHMM>
~h "ts"
<BEGINHMM>
<NUMSTATES> 5
<STATE> 2
<MEAN> 39
 -7.011446e+00 7.821470e-01 1.136410e+00 1.278594e+00 -6.141710e+00 -2.854191e+00 -6.604067e+00 -7.449580e+00 -2.711087e+00 -6.600740e+00 -1.713196e+00 -1.490375e+00 7.124902e+01 4.880359e-04 4.877954e-04 1.459050e-03 4.783983e-05 1.116492e-03 1.125381e-03 5.293054e-04 -3.146993e-04 -1.760828e-03 -1.530108e-03 -3.846369e-04 5.777073e-04 2.734654e-03 -8.511554e-04 -2.498951e-04 -4.012436e-04 -1.289275e-04 -1.409025e-04 -2.119464e-04 -1.971339e-05 1.079518e-04 1.935347e-04 3.067801e-04 1.232817e-06 8.155217e-06 -3.234121e-03
<VARIANCE> 39
 1.155420e+02 4.314379e+01 6.459467e+01 7.894667e+01 1.016039e+02 7.560676e+01 8.266945e+01 6.783515e+01 5.984373e+01 6.206592e+01 5.267307e+01 5.820787e+01 2.871333e+02 6.246803e+00 3.001302e+00 3.752986e+00 3.991058e+00 5.991553e+00 4.214548e+00 4.492233e+00 4.544732e+00 4.154862e+00 4.084826e+00 3.330500e+00 2.815993e+00 5.912272e+00 8.553594e-01 5.373918e-01 6.650147e-01 6.622759e-01 9.903809e-01 7.431068e-01 7.878515e-01 8.097728e-01 7.774620e-01 7.281984e-01 6.159712e-01 5.123346e-01 9.486802e-01
<GCONST> 1.428165e+02
<STATE> 3
<MEAN> 39
 -7.011446e+00 7.821470e-01 1.136410e+00 1.278594e+00 -6.141710e+00 -2.854191e+00 -6.604067e+00 -7.449580e+00 -2.711087e+00 -6.600740e+00 -1.713196e+00 -1.490375e+00 7.124902e+01 4.880359e-04 4.877954e-04 1.459050e-03 4.783983e-05 1.116492e-03 1.125381e-03 5.293054e-04 -3.146993e-04 -1.760828e-03 -1.530108e-03 -3.846369e-04 5.777073e-04 2.734654e-03 -8.511554e-04 -2.498951e-04 -4.012436e-04 -1.289275e-04 -1.409025e-04 -2.119464e-04 -1.971339e-05 1.079518e-04 1.935347e-04 3.067801e-04 1.232817e-06 8.155217e-06 -3.234121e-03
<VARIANCE> 39
 1.155420e+02 4.314379e+01 6.459467e+01 7.894667e+01 1.016039e+02 7.560676e+01 8.266945e+01 6.783515e+01 5.984373e+01 6.206592e+01 5.267307e+01 5.820787e+01 2.871333e+02 6.246803e+00 3.001302e+00 3.752986e+00 3.991058e+00 5.991553e+00 4.214548e+00 4.492233e+00 4.544732e+00 4.154862e+00 4.084826e+00 3.330500e+00 2.815993e+00 5.912272e+00 8.553594e-01 5.373918e-01 6.650147e-01 6.622759e-01 9.903809e-01 7.431068e-01 7.878515e-01 8.097728e-01 7.774620e-01 7.281984e-01 6.159712e-01 5.123346e-01 9.486802e-01
<GCONST> 1.428165e+02
<STATE> 4
<MEAN> 39
 -7.011446e+00 7.821470e-01 1.136410e+00 1.278594e+00 -6.141710e+00 -2.854191e+00 -6.604067e+00 -7.449580e+00 -2.711087e+00 -6.600740e+00 -1.713196e+00 -1.490375e+00 7.124902e+01 4.880359e-04 4.877954e-04 1.459050e-03 4.783983e-05 1.116492e-03 1.125381e-03 5.293054e-04 -3.146993e-04 -1.760828e-03 -1.530108e-03 -3.846369e-04 5.777073e-04 2.734654e-03 -8.511554e-04 -2.498951e-04 -4.012436e-04 -1.289275e-04 -1.409025e-04 -2.119464e-04 -1.971339e-05 1.079518e-04 1.935347e-04 3.067801e-04 1.232817e-06 8.155217e-06 -3.234121e-03
<VARIANCE> 39
 1.155420e+02 4.314379e+01 6.459467e+01 7.894667e+01 1.016039e+02 7.560676e+01 8.266945e+01 6.783515e+01 5.984373e+01 6.206592e+01 5.267307e+01 5.820787e+01 2.871333e+02 6.246803e+00 3.001302e+00 3.752986e+00 3.991058e+00 5.991553e+00 4.214548e+00 4.492233e+00 4.544732e+00 4.154862e+00 4.084826e+00 3.330500e+00 2.815993e+00 5.912272e+00 8.553594e-01 5.373918e-01 6.650147e-01 6.622759e-01 9.903809e-01 7.431068e-01 7.878515e-01 8.097728e-01 7.774620e-01 7.281984e-01 6.159712e-01 5.123346e-01 9.486802e-01
<GCONST> 1.428165e+02
<TRANSP> 5
 0.000000e+00 1.000000e+00 0.000000e+00 0.000000e+00 0.000000e+00
 0.000000e+00 6.000000e-01 4.000000e-01 0.000000e+00 0.000000e+00
 0.000000e+00 0.000000e+00 6.000000e-01 4.000000e-01 0.000000e+00
 0.000000e+00 0.000000e+00 0.000000e+00 6.000000e-01 4.000000e-01
 0.000000e+00 0.000000e+00 0.000000e+00 0.000000e+00 0.000000e+00
<ENDHMM>
~h "ts_pal"
<BEGINHMM>
<NUMSTATES> 5
<STATE> 2
<MEAN> 39
 -7.011446e+00 7.821470e-01 1.136410e+00 1.278594e+00 -6.141710e+00 -2.854191e+00 -6.604067e+00 -7.449580e+00 -2.711087e+00 -6.600740e+00 -1.713196e+00 -1.490375e+00 7.124902e+01 4.880359e-04 4.877954e-04 1.459050e-03 4.783983e-05 1.116492e-03 1.125381e-03 5.293054e-04 -3.146993e-04 -1.760828e-03 -1.530108e-03 -3.846369e-04 5.777073e-04 2.734654e-03 -8.511554e-04 -2.498951e-04 -4.012436e-04 -1.289275e-04 -1.409025e-04 -2.119464e-04 -1.971339e-05 1.079518e-04 1.935347e-04 3.067801e-04 1.232817e-06 8.155217e-06 -3.234121e-03
<VARIANCE> 39
 1.155420e+02 4.314379e+01 6.459467e+01 7.894667e+01 1.016039e+02 7.560676e+01 8.266945e+01 6.783515e+01 5.984373e+01 6.206592e+01 5.267307e+01 5.820787e+01 2.871333e+02 6.246803e+00 3.001302e+00 3.752986e+00 3.991058e+00 5.991553e+00 4.214548e+00 4.492233e+00 4.544732e+00 4.154862e+00 4.084826e+00 3.330500e+00 2.815993e+00 5.912272e+00 8.553594e-01 5.373918e-01 6.650147e-01 6.622759e-01 9.903809e-01 7.431068e-01 7.878515e-01 8.097728e-01 7.774620e-01 7.281984e-01 6.159712e-01 5.123346e-01 9.486802e-01
<GCONST> 1.428165e+02
<STATE> 3
<MEAN> 39
 -7.011446e+00 7.821470e-01 1.136410e+00 1.278594e+00 -6.141710e+00 -2.854191e+00 -6.604067e+00 -7.449580e+00 -2.711087e+00 -6.600740e+00 -1.713196e+00 -1.490375e+00 7.124902e+01 4.880359e-04 4.877954e-04 1.459050e-03 4.783983e-05 1.116492e-03 1.125381e-03 5.293054e-04 -3.146993e-04 -1.760828e-03 -1.530108e-03 -3.846369e-04 5.777073e-04 2.734654e-03 -8.511554e-04 -2.498951e-04 -4.012436e-04 -1.289275e-04 -1.409025e-04 -2.119464e-04 -1.971339e-05 1.079518e-04 1.935347e-04 3.067801e-04 1.232817e-06 8.155217e-06 -3.234121e-03
<VARIANCE> 39
 1.155420e+02 4.314379e+01 6.459467e+01 7.894667e+01 1.016039e+02 7.560676e+01 8.266945e+01 6.783515e+01 5.984373e+01 6.206592e+01 5.267307e+01 5.820787e+01 2.871333e+02 6.246803e+00 3.001302e+00 3.752986e+00 3.991058e+00 5.991553e+00 4.214548e+00 4.492233e+00 4.544732e+00 4.154862e+00 4.084826e+00 3.330500e+00 2.815993e+00 5.912272e+00 8.553594e-01 5.373918e-01 6.650147e-01 6.622759e-01 9.903809e-01 7.431068e-01 7.878515e-01 8.097728e-01 7.774620e-01 7.281984e-01 6.159712e-01 5.123346e-01 9.486802e-01
<GCONST> 1.428165e+02
<STATE> 4
<MEAN> 39
 -7.011446e+00 7.821470e-01 1.136410e+00 1.278594e+00 -6.141710e+00 -2.854191e+00 -6.604067e+00 -7.449580e+00 -2.711087e+00 -6.600740e+00 -1.713196e+00 -1.490375e+00 7.124902e+01 4.880359e-04 4.877954e-04 1.459050e-03 4.783983e-05 1.116492e-03 1.125381e-03 5.293054e-04 -3.146993e-04 -1.760828e-03 -1.530108e-03 -3.846369e-04 5.777073e-04 2.734654e-03 -8.511554e-04 -2.498951e-04 -4.012436e-04 -1.289275e-04 -1.409025e-04 -2.119464e-04 -1.971339e-05 1.079518e-04 1.935347e-04 3.067801e-04 1.232817e-06 8.155217e-06 -3.234121e-03
<VARIANCE> 39
 1.155420e+02 4.314379e+01 6.459467e+01 7.894667e+01 1.016039e+02 7.560676e+01 8.266945e+01 6.783515e+01 5.984373e+01 6.206592e+01 5.267307e+01 5.820787e+01 2.871333e+02 6.246803e+00 3.001302e+00 3.752986e+00 3.991058e+00 5.991553e+00 4.214548e+00 4.492233e+00 4.544732e+00 4.154862e+00 4.084826e+00 3.330500e+00 2.815993e+00 5.912272e+00 8.553594e-01 5.373918e-01 6.650147e-01 6.622759e-01 9.903809e-01 7.431068e-01 7.878515e-01 8.097728e-01 7.774620e-01 7.281984e-01 6.159712e-01 5.123346e-01 9.486802e-01
<GCONST> 1.428165e+02
<TRANSP> 5
 0.000000e+00 1.000000e+00 0.000000e+00 0.000000e+00 0.000000e+00
 0.000000e+00 6.000000e-01 4.000000e-01 0.000000e+00 0.000000e+00
 0.000000e+00 0.000000e+00 6.000000e-01 4.000000e-01 0.000000e+00
 0.000000e+00 0.000000e+00 0.000000e+00 6.000000e-01 4.000000e-01
 0.000000e+00 0.000000e+00 0.000000e+00 0.000000e+00 0.000000e+00
<ENDHMM>
~h "u"
<BEGINHMM>
<NUMSTATES> 5
<STATE> 2
<MEAN> 39
 -7.011446e+00 7.821470e-01 1.136410e+00 1.278594e+00 -6.141710e+00 -2.854191e+00 -6.604067e+00 -7.449580e+00 -2.711087e+00 -6.600740e+00 -1.713196e+00 -1.490375e+00 7.124902e+01 4.880359e-04 4.877954e-04 1.459050e-03 4.783983e-05 1.116492e-03 1.125381e-03 5.293054e-04 -3.146993e-04 -1.760828e-03 -1.530108e-03 -3.846369e-04 5.777073e-04 2.734654e-03 -8.511554e-04 -2.498951e-04 -4.012436e-04 -1.289275e-04 -1.409025e-04 -2.119464e-04 -1.971339e-05 1.079518e-04 1.935347e-04 3.067801e-04 1.232817e-06 8.155217e-06 -3.234121e-03
<VARIANCE> 39
 1.155420e+02 4.314379e+01 6.459467e+01 7.894667e+01 1.016039e+02 7.560676e+01 8.266945e+01 6.783515e+01 5.984373e+01 6.206592e+01 5.267307e+01 5.820787e+01 2.871333e+02 6.246803e+00 3.001302e+00 3.752986e+00 3.991058e+00 5.991553e+00 4.214548e+00 4.492233e+00 4.544732e+00 4.154862e+00 4.084826e+00 3.330500e+00 2.815993e+00 5.912272e+00 8.553594e-01 5.373918e-01 6.650147e-01 6.622759e-01 9.903809e-01 7.431068e-01 7.878515e-01 8.097728e-01 7.774620e-01 7.281984e-01 6.159712e-01 5.123346e-01 9.486802e-01
<GCONST> 1.428165e+02
<STATE> 3
<MEAN> 39
 -7.011446e+00 7.821470e-01 1.136410e+00 1.278594e+00 -6.141710e+00 -2.854191e+00 -6.604067e+00 -7.449580e+00 -2.711087e+00 -6.600740e+00 -1.713196e+00 -1.490375e+00 7.124902e+01 4.880359e-04 4.877954e-04 1.459050e-03 4.783983e-05 1.116492e-03 1.125381e-03 5.293054e-04 -3.146993e-04 -1.760828e-03 -1.530108e-03 -3.846369e-04 5.777073e-04 2.734654e-03 -8.511554e-04 -2.498951e-04 -4.012436e-04 -1.289275e-04 -1.409025e-04 -2.119464e-04 -1.971339e-05 1.079518e-04 1.935347e-04 3.067801e-04 1.232817e-06 8.155217e-06 -3.234121e-03
<VARIANCE> 39
 1.155420e+02 4.314379e+01 6.459467e+01 7.894667e+01 1.016039e+02 7.560676e+01 8.266945e+01 6.783515e+01 5.984373e+01 6.206592e+01 5.267307e+01 5.820787e+01 2.871333e+02 6.246803e+00 3.001302e+00 3.752986e+00 3.991058e+00 5.991553e+00 4.214548e+00 4.492233e+00 4.544732e+00 4.154862e+00 4.084826e+00 3.330500e+00 2.815993e+00 5.912272e+00 8.553594e-01 5.373918e-01 6.650147e-01 6.622759e-01 9.903809e-01 7.431068e-01 7.878515e-01 8.097728e-01 7.774620e-01 7.281984e-01 6.159712e-01 5.123346e-01 9.486802e-01
<GCONST> 1.428165e+02
<STATE> 4
<MEAN> 39
 -7.011446e+00 7.821470e-01 1.136410e+00 1.278594e+00 -6.141710e+00 -2.854191e+00 -6.604067e+00 -7.449580e+00 -2.711087e+00 -6.600740e+00 -1.713196e+00 -1.490375e+00 7.124902e+01 4.880359e-04 4.877954e-04 1.459050e-03 4.783983e-05 1.116492e-03 1.125381e-03 5.293054e-04 -3.146993e-04 -1.760828e-03 -1.530108e-03 -3.846369e-04 5.777073e-04 2.734654e-03 -8.511554e-04 -2.498951e-04 -4.012436e-04 -1.289275e-04 -1.409025e-04 -2.119464e-04 -1.971339e-05 1.079518e-04 1.935347e-04 3.067801e-04 1.232817e-06 8.155217e-06 -3.234121e-03
<VARIANCE> 39
 1.155420e+02 4.314379e+01 6.459467e+01 7.894667e+01 1.016039e+02 7.560676e+01 8.266945e+01 6.783515e+01 5.984373e+01 6.206592e+01 5.267307e+01 5.820787e+01 2.871333e+02 6.246803e+00 3.001302e+00 3.752986e+00 3.991058e+00 5.991553e+00 4.214548e+00 4.492233e+00 4.544732e+00 4.154862e+00 4.084826e+00 3.330500e+00 2.815993e+00 5.912272e+00 8.553594e-01 5.373918e-01 6.650147e-01 6.622759e-01 9.903809e-01 7.431068e-01 7.878515e-01 8.097728e-01 7.774620e-01 7.281984e-01 6.159712e-01 5.123346e-01 9.486802e-01
<GCONST> 1.428165e+02
<TRANSP> 5
 0.000000e+00 1.000000e+00 0.000000e+00 0.000000e+00 0.000000e+00
 0.000000e+00 6.000000e-01 4.000000e-01 0.000000e+00 0.000000e+00
 0.000000e+00 0.000000e+00 6.000000e-01 4.000000e-01 0.000000e+00
 0.000000e+00 0.000000e+00 0.000000e+00 6.000000e-01 4.000000e-01
 0.000000e+00 0.000000e+00 0.000000e+00 0.000000e+00 0.000000e+00
<ENDHMM>
~h "uO"
<BEGINHMM>
<NUMSTATES> 5
<STATE> 2
<MEAN> 39
 -7.011446e+00 7.821470e-01 1.136410e+00 1.278594e+00 -6.141710e+00 -2.854191e+00 -6.604067e+00 -7.449580e+00 -2.711087e+00 -6.600740e+00 -1.713196e+00 -1.490375e+00 7.124902e+01 4.880359e-04 4.877954e-04 1.459050e-03 4.783983e-05 1.116492e-03 1.125381e-03 5.293054e-04 -3.146993e-04 -1.760828e-03 -1.530108e-03 -3.846369e-04 5.777073e-04 2.734654e-03 -8.511554e-04 -2.498951e-04 -4.012436e-04 -1.289275e-04 -1.409025e-04 -2.119464e-04 -1.971339e-05 1.079518e-04 1.935347e-04 3.067801e-04 1.232817e-06 8.155217e-06 -3.234121e-03
<VARIANCE> 39
 1.155420e+02 4.314379e+01 6.459467e+01 7.894667e+01 1.016039e+02 7.560676e+01 8.266945e+01 6.783515e+01 5.984373e+01 6.206592e+01 5.267307e+01 5.820787e+01 2.871333e+02 6.246803e+00 3.001302e+00 3.752986e+00 3.991058e+00 5.991553e+00 4.214548e+00 4.492233e+00 4.544732e+00 4.154862e+00 4.084826e+00 3.330500e+00 2.815993e+00 5.912272e+00 8.553594e-01 5.373918e-01 6.650147e-01 6.622759e-01 9.903809e-01 7.431068e-01 7.878515e-01 8.097728e-01 7.774620e-01 7.281984e-01 6.159712e-01 5.123346e-01 9.486802e-01
<GCONST> 1.428165e+02
<STATE> 3
<MEAN> 39
 -7.011446e+00 7.821470e-01 1.136410e+00 1.278594e+00 -6.141710e+00 -2.854191e+00 -6.604067e+00 -7.449580e+00 -2.711087e+00 -6.600740e+00 -1.713196e+00 -1.490375e+00 7.124902e+01 4.880359e-04 4.877954e-04 1.459050e-03 4.783983e-05 1.116492e-03 1.125381e-03 5.293054e-04 -3.146993e-04 -1.760828e-03 -1.530108e-03 -3.846369e-04 5.777073e-04 2.734654e-03 -8.511554e-04 -2.498951e-04 -4.012436e-04 -1.289275e-04 -1.409025e-04 -2.119464e-04 -1.971339e-05 1.079518e-04 1.935347e-04 3.067801e-04 1.232817e-06 8.155217e-06 -3.234121e-03
<VARIANCE> 39
 1.155420e+02 4.314379e+01 6.459467e+01 7.894667e+01 1.016039e+02 7.560676e+01 8.266945e+01 6.783515e+01 5.984373e+01 6.206592e+01 5.267307e+01 5.820787e+01 2.871333e+02 6.246803e+00 3.001302e+00 3.752986e+00 3.991058e+00 5.991553e+00 4.214548e+00 4.492233e+00 4.544732e+00 4.154862e+00 4.084826e+00 3.330500e+00 2.815993e+00 5.912272e+00 8.553594e-01 5.373918e-01 6.650147e-01 6.622759e-01 9.903809e-01 7.431068e-01 7.878515e-01 8.097728e-01 7.774620e-01 7.281984e-01 6.159712e-01 5.123346e-01 9.486802e-01
<GCONST> 1.428165e+02
<STATE> 4
<MEAN> 39
 -7.011446e+00 7.821470e-01 1.136410e+00 1.278594e+00 -6.141710e+00 -2.854191e+00 -6.604067e+00 -7.449580e+00 -2.711087e+00 -6.600740e+00 -1.713196e+00 -1.490375e+00 7.124902e+01 4.880359e-04 4.877954e-04 1.459050e-03 4.783983e-05 1.116492e-03 1.125381e-03 5.293054e-04 -3.146993e-04 -1.760828e-03 -1.530108e-03 -3.846369e-04 5.777073e-04 2.734654e-03 -8.511554e-04 -2.498951e-04 -4.012436e-04 -1.289275e-04 -1.409025e-04 -2.119464e-04 -1.971339e-05 1.079518e-04 1.935347e-04 3.067801e-04 1.232817e-06 8.155217e-06 -3.234121e-03
<VARIANCE> 39
 1.155420e+02 4.314379e+01 6.459467e+01 7.894667e+01 1.016039e+02 7.560676e+01 8.266945e+01 6.783515e+01 5.984373e+01 6.206592e+01 5.267307e+01 5.820787e+01 2.871333e+02 6.246803e+00 3.001302e+00 3.752986e+00 3.991058e+00 5.991553e+00 4.214548e+00 4.492233e+00 4.544732e+00 4.154862e+00 4.084826e+00 3.330500e+00 2.815993e+00 5.912272e+00 8.553594e-01 5.373918e-01 6.650147e-01 6.622759e-01 9.903809e-01 7.431068e-01 7.878515e-01 8.097728e-01 7.774620e-01 7.281984e-01 6.159712e-01 5.123346e-01 9.486802e-01
<GCONST> 1.428165e+02
<TRANSP> 5
 0.000000e+00 1.000000e+00 0.000000e+00 0.000000e+00 0.000000e+00
 0.000000e+00 6.000000e-01 4.000000e-01 0.000000e+00 0.000000e+00
 0.000000e+00 0.000000e+00 6.000000e-01 4.000000e-01 0.000000e+00
 0.000000e+00 0.000000e+00 0.000000e+00 6.000000e-01 4.000000e-01
 0.000000e+00 0.000000e+00 0.000000e+00 0.000000e+00 0.000000e+00
<ENDHMM>
~h "uU"
<BEGINHMM>
<NUMSTATES> 5
<STATE> 2
<MEAN> 39
 -7.011446e+00 7.821470e-01 1.136410e+00 1.278594e+00 -6.141710e+00 -2.854191e+00 -6.604067e+00 -7.449580e+00 -2.711087e+00 -6.600740e+00 -1.713196e+00 -1.490375e+00 7.124902e+01 4.880359e-04 4.877954e-04 1.459050e-03 4.783983e-05 1.116492e-03 1.125381e-03 5.293054e-04 -3.146993e-04 -1.760828e-03 -1.530108e-03 -3.846369e-04 5.777073e-04 2.734654e-03 -8.511554e-04 -2.498951e-04 -4.012436e-04 -1.289275e-04 -1.409025e-04 -2.119464e-04 -1.971339e-05 1.079518e-04 1.935347e-04 3.067801e-04 1.232817e-06 8.155217e-06 -3.234121e-03
<VARIANCE> 39
 1.155420e+02 4.314379e+01 6.459467e+01 7.894667e+01 1.016039e+02 7.560676e+01 8.266945e+01 6.783515e+01 5.984373e+01 6.206592e+01 5.267307e+01 5.820787e+01 2.871333e+02 6.246803e+00 3.001302e+00 3.752986e+00 3.991058e+00 5.991553e+00 4.214548e+00 4.492233e+00 4.544732e+00 4.154862e+00 4.084826e+00 3.330500e+00 2.815993e+00 5.912272e+00 8.553594e-01 5.373918e-01 6.650147e-01 6.622759e-01 9.903809e-01 7.431068e-01 7.878515e-01 8.097728e-01 7.774620e-01 7.281984e-01 6.159712e-01 5.123346e-01 9.486802e-01
<GCONST> 1.428165e+02
<STATE> 3
<MEAN> 39
 -7.011446e+00 7.821470e-01 1.136410e+00 1.278594e+00 -6.141710e+00 -2.854191e+00 -6.604067e+00 -7.449580e+00 -2.711087e+00 -6.600740e+00 -1.713196e+00 -1.490375e+00 7.124902e+01 4.880359e-04 4.877954e-04 1.459050e-03 4.783983e-05 1.116492e-03 1.125381e-03 5.293054e-04 -3.146993e-04 -1.760828e-03 -1.530108e-03 -3.846369e-04 5.777073e-04 2.734654e-03 -8.511554e-04 -2.498951e-04 -4.012436e-04 -1.289275e-04 -1.409025e-04 -2.119464e-04 -1.971339e-05 1.079518e-04 1.935347e-04 3.067801e-04 1.232817e-06 8.155217e-06 -3.234121e-03
<VARIANCE> 39
 1.155420e+02 4.314379e+01 6.459467e+01 7.894667e+01 1.016039e+02 7.560676e+01 8.266945e+01 6.783515e+01 5.984373e+01 6.206592e+01 5.267307e+01 5.820787e+01 2.871333e+02 6.246803e+00 3.001302e+00 3.752986e+00 3.991058e+00 5.991553e+00 4.214548e+00 4.492233e+00 4.544732e+00 4.154862e+00 4.084826e+00 3.330500e+00 2.815993e+00 5.912272e+00 8.553594e-01 5.373918e-01 6.650147e-01 6.622759e-01 9.903809e-01 7.431068e-01 7.878515e-01 8.097728e-01 7.774620e-01 7.281984e-01 6.159712e-01 5.123346e-01 9.486802e-01
<GCONST> 1.428165e+02
<STATE> 4
<MEAN> 39
 -7.011446e+00 7.821470e-01 1.136410e+00 1.278594e+00 -6.141710e+00 -2.854191e+00 -6.604067e+00 -7.449580e+00 -2.711087e+00 -6.600740e+00 -1.713196e+00 -1.490375e+00 7.124902e+01 4.880359e-04 4.877954e-04 1.459050e-03 4.783983e-05 1.116492e-03 1.125381e-03 5.293054e-04 -3.146993e-04 -1.760828e-03 -1.530108e-03 -3.846369e-04 5.777073e-04 2.734654e-03 -8.511554e-04 -2.498951e-04 -4.012436e-04 -1.289275e-04 -1.409025e-04 -2.119464e-04 -1.971339e-05 1.079518e-04 1.935347e-04 3.067801e-04 1.232817e-06 8.155217e-06 -3.234121e-03
<VARIANCE> 39
 1.155420e+02 4.314379e+01 6.459467e+01 7.894667e+01 1.016039e+02 7.560676e+01 8.266945e+01 6.783515e+01 5.984373e+01 6.206592e+01 5.267307e+01 5.820787e+01 2.871333e+02 6.246803e+00 3.001302e+00 3.752986e+00 3.991058e+00 5.991553e+00 4.214548e+00 4.492233e+00 4.544732e+00 4.154862e+00 4.084826e+00 3.330500e+00 2.815993e+00 5.912272e+00 8.553594e-01 5.373918e-01 6.650147e-01 6.622759e-01 9.903809e-01 7.431068e-01 7.878515e-01 8.097728e-01 7.774620e-01 7.281984e-01 6.159712e-01 5.123346e-01 9.486802e-01
<GCONST> 1.428165e+02
<TRANSP> 5
 0.000000e+00 1.000000e+00 0.000000e+00 0.000000e+00 0.000000e+00
 0.000000e+00 6.000000e-01 4.000000e-01 0.000000e+00 0.000000e+00
 0.000000e+00 0.000000e+00 6.000000e-01 4.000000e-01 0.000000e+00
 0.000000e+00 0.000000e+00 0.000000e+00 6.000000e-01 4.000000e-01
 0.000000e+00 0.000000e+00 0.000000e+00 0.000000e+00 0.000000e+00
<ENDHMM>
~h "uo"
<BEGINHMM>
<NUMSTATES> 5
<STATE> 2
<MEAN> 39
 -7.011446e+00 7.821470e-01 1.136410e+00 1.278594e+00 -6.141710e+00 -2.854191e+00 -6.604067e+00 -7.449580e+00 -2.711087e+00 -6.600740e+00 -1.713196e+00 -1.490375e+00 7.124902e+01 4.880359e-04 4.877954e-04 1.459050e-03 4.783983e-05 1.116492e-03 1.125381e-03 5.293054e-04 -3.146993e-04 -1.760828e-03 -1.530108e-03 -3.846369e-04 5.777073e-04 2.734654e-03 -8.511554e-04 -2.498951e-04 -4.012436e-04 -1.289275e-04 -1.409025e-04 -2.119464e-04 -1.971339e-05 1.079518e-04 1.935347e-04 3.067801e-04 1.232817e-06 8.155217e-06 -3.234121e-03
<VARIANCE> 39
 1.155420e+02 4.314379e+01 6.459467e+01 7.894667e+01 1.016039e+02 7.560676e+01 8.266945e+01 6.783515e+01 5.984373e+01 6.206592e+01 5.267307e+01 5.820787e+01 2.871333e+02 6.246803e+00 3.001302e+00 3.752986e+00 3.991058e+00 5.991553e+00 4.214548e+00 4.492233e+00 4.544732e+00 4.154862e+00 4.084826e+00 3.330500e+00 2.815993e+00 5.912272e+00 8.553594e-01 5.373918e-01 6.650147e-01 6.622759e-01 9.903809e-01 7.431068e-01 7.878515e-01 8.097728e-01 7.774620e-01 7.281984e-01 6.159712e-01 5.123346e-01 9.486802e-01
<GCONST> 1.428165e+02
<STATE> 3
<MEAN> 39
 -7.011446e+00 7.821470e-01 1.136410e+00 1.278594e+00 -6.141710e+00 -2.854191e+00 -6.604067e+00 -7.449580e+00 -2.711087e+00 -6.600740e+00 -1.713196e+00 -1.490375e+00 7.124902e+01 4.880359e-04 4.877954e-04 1.459050e-03 4.783983e-05 1.116492e-03 1.125381e-03 5.293054e-04 -3.146993e-04 -1.760828e-03 -1.530108e-03 -3.846369e-04 5.777073e-04 2.734654e-03 -8.511554e-04 -2.498951e-04 -4.012436e-04 -1.289275e-04 -1.409025e-04 -2.119464e-04 -1.971339e-05 1.079518e-04 1.935347e-04 3.067801e-04 1.232817e-06 8.155217e-06 -3.234121e-03
<VARIANCE> 39
 1.155420e+02 4.314379e+01 6.459467e+01 7.894667e+01 1.016039e+02 7.560676e+01 8.266945e+01 6.783515e+01 5.984373e+01 6.206592e+01 5.267307e+01 5.820787e+01 2.871333e+02 6.246803e+00 3.001302e+00 3.752986e+00 3.991058e+00 5.991553e+00 4.214548e+00 4.492233e+00 4.544732e+00 4.154862e+00 4.084826e+00 3.330500e+00 2.815993e+00 5.912272e+00 8.553594e-01 5.373918e-01 6.650147e-01 6.622759e-01 9.903809e-01 7.431068e-01 7.878515e-01 8.097728e-01 7.774620e-01 7.281984e-01 6.159712e-01 5.123346e-01 9.486802e-01
<GCONST> 1.428165e+02
<STATE> 4
<MEAN> 39
 -7.011446e+00 7.821470e-01 1.136410e+00 1.278594e+00 -6.141710e+00 -2.854191e+00 -6.604067e+00 -7.449580e+00 -2.711087e+00 -6.600740e+00 -1.713196e+00 -1.490375e+00 7.124902e+01 4.880359e-04 4.877954e-04 1.459050e-03 4.783983e-05 1.116492e-03 1.125381e-03 5.293054e-04 -3.146993e-04 -1.760828e-03 -1.530108e-03 -3.846369e-04 5.777073e-04 2.734654e-03 -8.511554e-04 -2.498951e-04 -4.012436e-04 -1.289275e-04 -1.409025e-04 -2.119464e-04 -1.971339e-05 1.079518e-04 1.935347e-04 3.067801e-04 1.232817e-06 8.155217e-06 -3.234121e-03
<VARIANCE> 39
 1.155420e+02 4.314379e+01 6.459467e+01 7.894667e+01 1.016039e+02 7.560676e+01 8.266945e+01 6.783515e+01 5.984373e+01 6.206592e+01 5.267307e+01 5.820787e+01 2.871333e+02 6.246803e+00 3.001302e+00 3.752986e+00 3.991058e+00 5.991553e+00 4.214548e+00 4.492233e+00 4.544732e+00 4.154862e+00 4.084826e+00 3.330500e+00 2.815993e+00 5.912272e+00 8.553594e-01 5.373918e-01 6.650147e-01 6.622759e-01 9.903809e-01 7.431068e-01 7.878515e-01 8.097728e-01 7.774620e-01 7.281984e-01 6.159712e-01 5.123346e-01 9.486802e-01
<GCONST> 1.428165e+02
<TRANSP> 5
 0.000000e+00 1.000000e+00 0.000000e+00 0.000000e+00 0.000000e+00
 0.000000e+00 6.000000e-01 4.000000e-01 0.000000e+00 0.000000e+00
 0.000000e+00 0.000000e+00 6.000000e-01 4.000000e-01 0.000000e+00
 0.000000e+00 0.000000e+00 0.000000e+00 6.000000e-01 4.000000e-01
 0.000000e+00 0.000000e+00 0.000000e+00 0.000000e+00 0.000000e+00
<ENDHMM>
~h "uu"
<BEGINHMM>
<NUMSTATES> 5
<STATE> 2
<MEAN> 39
 -7.011446e+00 7.821470e-01 1.136410e+00 1.278594e+00 -6.141710e+00 -2.854191e+00 -6.604067e+00 -7.449580e+00 -2.711087e+00 -6.600740e+00 -1.713196e+00 -1.490375e+00 7.124902e+01 4.880359e-04 4.877954e-04 1.459050e-03 4.783983e-05 1.116492e-03 1.125381e-03 5.293054e-04 -3.146993e-04 -1.760828e-03 -1.530108e-03 -3.846369e-04 5.777073e-04 2.734654e-03 -8.511554e-04 -2.498951e-04 -4.012436e-04 -1.289275e-04 -1.409025e-04 -2.119464e-04 -1.971339e-05 1.079518e-04 1.935347e-04 3.067801e-04 1.232817e-06 8.155217e-06 -3.234121e-03
<VARIANCE> 39
 1.155420e+02 4.314379e+01 6.459467e+01 7.894667e+01 1.016039e+02 7.560676e+01 8.266945e+01 6.783515e+01 5.984373e+01 6.206592e+01 5.267307e+01 5.820787e+01 2.871333e+02 6.246803e+00 3.001302e+00 3.752986e+00 3.991058e+00 5.991553e+00 4.214548e+00 4.492233e+00 4.544732e+00 4.154862e+00 4.084826e+00 3.330500e+00 2.815993e+00 5.912272e+00 8.553594e-01 5.373918e-01 6.650147e-01 6.622759e-01 9.903809e-01 7.431068e-01 7.878515e-01 8.097728e-01 7.774620e-01 7.281984e-01 6.159712e-01 5.123346e-01 9.486802e-01
<GCONST> 1.428165e+02
<STATE> 3
<MEAN> 39
 -7.011446e+00 7.821470e-01 1.136410e+00 1.278594e+00 -6.141710e+00 -2.854191e+00 -6.604067e+00 -7.449580e+00 -2.711087e+00 -6.600740e+00 -1.713196e+00 -1.490375e+00 7.124902e+01 4.880359e-04 4.877954e-04 1.459050e-03 4.783983e-05 1.116492e-03 1.125381e-03 5.293054e-04 -3.146993e-04 -1.760828e-03 -1.530108e-03 -3.846369e-04 5.777073e-04 2.734654e-03 -8.511554e-04 -2.498951e-04 -4.012436e-04 -1.289275e-04 -1.409025e-04 -2.119464e-04 -1.971339e-05 1.079518e-04 1.935347e-04 3.067801e-04 1.232817e-06 8.155217e-06 -3.234121e-03
<VARIANCE> 39
 1.155420e+02 4.314379e+01 6.459467e+01 7.894667e+01 1.016039e+02 7.560676e+01 8.266945e+01 6.783515e+01 5.984373e+01 6.206592e+01 5.267307e+01 5.820787e+01 2.871333e+02 6.246803e+00 3.001302e+00 3.752986e+00 3.991058e+00 5.991553e+00 4.214548e+00 4.492233e+00 4.544732e+00 4.154862e+00 4.084826e+00 3.330500e+00 2.815993e+00 5.912272e+00 8.553594e-01 5.373918e-01 6.650147e-01 6.622759e-01 9.903809e-01 7.431068e-01 7.878515e-01 8.097728e-01 7.774620e-01 7.281984e-01 6.159712e-01 5.123346e-01 9.486802e-01
<GCONST> 1.428165e+02
<STATE> 4
<MEAN> 39
 -7.011446e+00 7.821470e-01 1.136410e+00 1.278594e+00 -6.141710e+00 -2.854191e+00 -6.604067e+00 -7.449580e+00 -2.711087e+00 -6.600740e+00 -1.713196e+00 -1.490375e+00 7.124902e+01 4.880359e-04 4.877954e-04 1.459050e-03 4.783983e-05 1.116492e-03 1.125381e-03 5.293054e-04 -3.146993e-04 -1.760828e-03 -1.530108e-03 -3.846369e-04 5.777073e-04 2.734654e-03 -8.511554e-04 -2.498951e-04 -4.012436e-04 -1.289275e-04 -1.409025e-04 -2.119464e-04 -1.971339e-05 1.079518e-04 1.935347e-04 3.067801e-04 1.232817e-06 8.155217e-06 -3.234121e-03
<VARIANCE> 39
 1.155420e+02 4.314379e+01 6.459467e+01 7.894667e+01 1.016039e+02 7.560676e+01 8.266945e+01 6.783515e+01 5.984373e+01 6.206592e+01 5.267307e+01 5.820787e+01 2.871333e+02 6.246803e+00 3.001302e+00 3.752986e+00 3.991058e+00 5.991553e+00 4.214548e+00 4.492233e+00 4.544732e+00 4.154862e+00 4.084826e+00 3.330500e+00 2.815993e+00 5.912272e+00 8.553594e-01 5.373918e-01 6.650147e-01 6.622759e-01 9.903809e-01 7.431068e-01 7.878515e-01 8.097728e-01 7.774620e-01 7.281984e-01 6.159712e-01 5.123346e-01 9.486802e-01
<GCONST> 1.428165e+02
<TRANSP> 5
 0.000000e+00 1.000000e+00 0.000000e+00 0.000000e+00 0.000000e+00
 0.000000e+00 6.000000e-01 4.000000e-01 0.000000e+00 0.000000e+00
 0.000000e+00 0.000000e+00 6.000000e-01 4.000000e-01 0.000000e+00
 0.000000e+00 0.000000e+00 0.000000e+00 6.000000e-01 4.000000e-01
 0.000000e+00 0.000000e+00 0.000000e+00 0.000000e+00 0.000000e+00
<ENDHMM>
~h "v"
<BEGINHMM>
<NUMSTATES> 5
<STATE> 2
<MEAN> 39
 -7.011446e+00 7.821470e-01 1.136410e+00 1.278594e+00 -6.141710e+00 -2.854191e+00 -6.604067e+00 -7.449580e+00 -2.711087e+00 -6.600740e+00 -1.713196e+00 -1.490375e+00 7.124902e+01 4.880359e-04 4.877954e-04 1.459050e-03 4.783983e-05 1.116492e-03 1.125381e-03 5.293054e-04 -3.146993e-04 -1.760828e-03 -1.530108e-03 -3.846369e-04 5.777073e-04 2.734654e-03 -8.511554e-04 -2.498951e-04 -4.012436e-04 -1.289275e-04 -1.409025e-04 -2.119464e-04 -1.971339e-05 1.079518e-04 1.935347e-04 3.067801e-04 1.232817e-06 8.155217e-06 -3.234121e-03
<VARIANCE> 39
 1.155420e+02 4.314379e+01 6.459467e+01 7.894667e+01 1.016039e+02 7.560676e+01 8.266945e+01 6.783515e+01 5.984373e+01 6.206592e+01 5.267307e+01 5.820787e+01 2.871333e+02 6.246803e+00 3.001302e+00 3.752986e+00 3.991058e+00 5.991553e+00 4.214548e+00 4.492233e+00 4.544732e+00 4.154862e+00 4.084826e+00 3.330500e+00 2.815993e+00 5.912272e+00 8.553594e-01 5.373918e-01 6.650147e-01 6.622759e-01 9.903809e-01 7.431068e-01 7.878515e-01 8.097728e-01 7.774620e-01 7.281984e-01 6.159712e-01 5.123346e-01 9.486802e-01
<GCONST> 1.428165e+02
<STATE> 3
<MEAN> 39
 -7.011446e+00 7.821470e-01 1.136410e+00 1.278594e+00 -6.141710e+00 -2.854191e+00 -6.604067e+00 -7.449580e+00 -2.711087e+00 -6.600740e+00 -1.713196e+00 -1.490375e+00 7.124902e+01 4.880359e-04 4.877954e-04 1.459050e-03 4.783983e-05 1.116492e-03 1.125381e-03 5.293054e-04 -3.146993e-04 -1.760828e-03 -1.530108e-03 -3.846369e-04 5.777073e-04 2.734654e-03 -8.511554e-04 -2.498951e-04 -4.012436e-04 -1.289275e-04 -1.409025e-04 -2.119464e-04 -1.971339e-05 1.079518e-04 1.935347e-04 3.067801e-04 1.232817e-06 8.155217e-06 -3.234121e-03
<VARIANCE> 39
 1.155420e+02 4.314379e+01 6.459467e+01 7.894667e+01 1.016039e+02 7.560676e+01 8.266945e+01 6.783515e+01 5.984373e+01 6.206592e+01 5.267307e+01 5.820787e+01 2.871333e+02 6.246803e+00 3.001302e+00 3.752986e+00 3.991058e+00 5.991553e+00 4.214548e+00 4.492233e+00 4.544732e+00 4.154862e+00 4.084826e+00 3.330500e+00 2.815993e+00 5.912272e+00 8.553594e-01 5.373918e-01 6.650147e-01 6.622759e-01 9.903809e-01 7.431068e-01 7.878515e-01 8.097728e-01 7.774620e-01 7.281984e-01 6.159712e-01 5.123346e-01 9.486802e-01
<GCONST> 1.428165e+02
<STATE> 4
<MEAN> 39
 -7.011446e+00 7.821470e-01 1.136410e+00 1.278594e+00 -6.141710e+00 -2.854191e+00 -6.604067e+00 -7.449580e+00 -2.711087e+00 -6.600740e+00 -1.713196e+00 -1.490375e+00 7.124902e+01 4.880359e-04 4.877954e-04 1.459050e-03 4.783983e-05 1.116492e-03 1.125381e-03 5.293054e-04 -3.146993e-04 -1.760828e-03 -1.530108e-03 -3.846369e-04 5.777073e-04 2.734654e-03 -8.511554e-04 -2.498951e-04 -4.012436e-04 -1.289275e-04 -1.409025e-04 -2.119464e-04 -1.971339e-05 1.079518e-04 1.935347e-04 3.067801e-04 1.232817e-06 8.155217e-06 -3.234121e-03
<VARIANCE> 39
 1.155420e+02 4.314379e+01 6.459467e+01 7.894667e+01 1.016039e+02 7.560676e+01 8.266945e+01 6.783515e+01 5.984373e+01 6.206592e+01 5.267307e+01 5.820787e+01 2.871333e+02 6.246803e+00 3.001302e+00 3.752986e+00 3.991058e+00 5.991553e+00 4.214548e+00 4.492233e+00 4.544732e+00 4.154862e+00 4.084826e+00 3.330500e+00 2.815993e+00 5.912272e+00 8.553594e-01 5.373918e-01 6.650147e-01 6.622759e-01 9.903809e-01 7.431068e-01 7.878515e-01 8.097728e-01 7.774620e-01 7.281984e-01 6.159712e-01 5.123346e-01 9.486802e-01
<GCONST> 1.428165e+02
<TRANSP> 5
 0.000000e+00 1.000000e+00 0.000000e+00 0.000000e+00 0.000000e+00
 0.000000e+00 6.000000e-01 4.000000e-01 0.000000e+00 0.000000e+00
 0.000000e+00 0.000000e+00 6.000000e-01 4.000000e-01 0.000000e+00
 0.000000e+00 0.000000e+00 0.000000e+00 6.000000e-01 4.000000e-01
 0.000000e+00 0.000000e+00 0.000000e+00 0.000000e+00 0.000000e+00
<ENDHMM>
~h "v_pal"
<BEGINHMM>
<NUMSTATES> 5
<STATE> 2
<MEAN> 39
 -7.011446e+00 7.821470e-01 1.136410e+00 1.278594e+00 -6.141710e+00 -2.854191e+00 -6.604067e+00 -7.449580e+00 -2.711087e+00 -6.600740e+00 -1.713196e+00 -1.490375e+00 7.124902e+01 4.880359e-04 4.877954e-04 1.459050e-03 4.783983e-05 1.116492e-03 1.125381e-03 5.293054e-04 -3.146993e-04 -1.760828e-03 -1.530108e-03 -3.846369e-04 5.777073e-04 2.734654e-03 -8.511554e-04 -2.498951e-04 -4.012436e-04 -1.289275e-04 -1.409025e-04 -2.119464e-04 -1.971339e-05 1.079518e-04 1.935347e-04 3.067801e-04 1.232817e-06 8.155217e-06 -3.234121e-03
<VARIANCE> 39
 1.155420e+02 4.314379e+01 6.459467e+01 7.894667e+01 1.016039e+02 7.560676e+01 8.266945e+01 6.783515e+01 5.984373e+01 6.206592e+01 5.267307e+01 5.820787e+01 2.871333e+02 6.246803e+00 3.001302e+00 3.752986e+00 3.991058e+00 5.991553e+00 4.214548e+00 4.492233e+00 4.544732e+00 4.154862e+00 4.084826e+00 3.330500e+00 2.815993e+00 5.912272e+00 8.553594e-01 5.373918e-01 6.650147e-01 6.622759e-01 9.903809e-01 7.431068e-01 7.878515e-01 8.097728e-01 7.774620e-01 7.281984e-01 6.159712e-01 5.123346e-01 9.486802e-01
<GCONST> 1.428165e+02
<STATE> 3
<MEAN> 39
 -7.011446e+00 7.821470e-01 1.136410e+00 1.278594e+00 -6.141710e+00 -2.854191e+00 -6.604067e+00 -7.449580e+00 -2.711087e+00 -6.600740e+00 -1.713196e+00 -1.490375e+00 7.124902e+01 4.880359e-04 4.877954e-04 1.459050e-03 4.783983e-05 1.116492e-03 1.125381e-03 5.293054e-04 -3.146993e-04 -1.760828e-03 -1.530108e-03 -3.846369e-04 5.777073e-04 2.734654e-03 -8.511554e-04 -2.498951e-04 -4.012436e-04 -1.289275e-04 -1.409025e-04 -2.119464e-04 -1.971339e-05 1.079518e-04 1.935347e-04 3.067801e-04 1.232817e-06 8.155217e-06 -3.234121e-03
<VARIANCE> 39
 1.155420e+02 4.314379e+01 6.459467e+01 7.894667e+01 1.016039e+02 7.560676e+01 8.266945e+01 6.783515e+01 5.984373e+01 6.206592e+01 5.267307e+01 5.820787e+01 2.871333e+02 6.246803e+00 3.001302e+00 3.752986e+00 3.991058e+00 5.991553e+00 4.214548e+00 4.492233e+00 4.544732e+00 4.154862e+00 4.084826e+00 3.330500e+00 2.815993e+00 5.912272e+00 8.553594e-01 5.373918e-01 6.650147e-01 6.622759e-01 9.903809e-01 7.431068e-01 7.878515e-01 8.097728e-01 7.774620e-01 7.281984e-01 6.159712e-01 5.123346e-01 9.486802e-01
<GCONST> 1.428165e+02
<STATE> 4
<MEAN> 39
 -7.011446e+00 7.821470e-01 1.136410e+00 1.278594e+00 -6.141710e+00 -2.854191e+00 -6.604067e+00 -7.449580e+00 -2.711087e+00 -6.600740e+00 -1.713196e+00 -1.490375e+00 7.124902e+01 4.880359e-04 4.877954e-04 1.459050e-03 4.783983e-05 1.116492e-03 1.125381e-03 5.293054e-04 -3.146993e-04 -1.760828e-03 -1.530108e-03 -3.846369e-04 5.777073e-04 2.734654e-03 -8.511554e-04 -2.498951e-04 -4.012436e-04 -1.289275e-04 -1.409025e-04 -2.119464e-04 -1.971339e-05 1.079518e-04 1.935347e-04 3.067801e-04 1.232817e-06 8.155217e-06 -3.234121e-03
<VARIANCE> 39
 1.155420e+02 4.314379e+01 6.459467e+01 7.894667e+01 1.016039e+02 7.560676e+01 8.266945e+01 6.783515e+01 5.984373e+01 6.206592e+01 5.267307e+01 5.820787e+01 2.871333e+02 6.246803e+00 3.001302e+00 3.752986e+00 3.991058e+00 5.991553e+00 4.214548e+00 4.492233e+00 4.544732e+00 4.154862e+00 4.084826e+00 3.330500e+00 2.815993e+00 5.912272e+00 8.553594e-01 5.373918e-01 6.650147e-01 6.622759e-01 9.903809e-01 7.431068e-01 7.878515e-01 8.097728e-01 7.774620e-01 7.281984e-01 6.159712e-01 5.123346e-01 9.486802e-01
<GCONST> 1.428165e+02
<TRANSP> 5
 0.000000e+00 1.000000e+00 0.000000e+00 0.000000e+00 0.000000e+00
 0.000000e+00 6.000000e-01 4.000000e-01 0.000000e+00 0.000000e+00
 0.000000e+00 0.000000e+00 6.000000e-01 4.000000e-01 0.000000e+00
 0.000000e+00 0.000000e+00 0.000000e+00 6.000000e-01 4.000000e-01
 0.000000e+00 0.000000e+00 0.000000e+00 0.000000e+00 0.000000e+00
<ENDHMM>
~h "w"
<BEGINHMM>
<NUMSTATES> 5
<STATE> 2
<MEAN> 39
 -7.011446e+00 7.821470e-01 1.136410e+00 1.278594e+00 -6.141710e+00 -2.854191e+00 -6.604067e+00 -7.449580e+00 -2.711087e+00 -6.600740e+00 -1.713196e+00 -1.490375e+00 7.124902e+01 4.880359e-04 4.877954e-04 1.459050e-03 4.783983e-05 1.116492e-03 1.125381e-03 5.293054e-04 -3.146993e-04 -1.760828e-03 -1.530108e-03 -3.846369e-04 5.777073e-04 2.734654e-03 -8.511554e-04 -2.498951e-04 -4.012436e-04 -1.289275e-04 -1.409025e-04 -2.119464e-04 -1.971339e-05 1.079518e-04 1.935347e-04 3.067801e-04 1.232817e-06 8.155217e-06 -3.234121e-03
<VARIANCE> 39
 1.155420e+02 4.314379e+01 6.459467e+01 7.894667e+01 1.016039e+02 7.560676e+01 8.266945e+01 6.783515e+01 5.984373e+01 6.206592e+01 5.267307e+01 5.820787e+01 2.871333e+02 6.246803e+00 3.001302e+00 3.752986e+00 3.991058e+00 5.991553e+00 4.214548e+00 4.492233e+00 4.544732e+00 4.154862e+00 4.084826e+00 3.330500e+00 2.815993e+00 5.912272e+00 8.553594e-01 5.373918e-01 6.650147e-01 6.622759e-01 9.903809e-01 7.431068e-01 7.878515e-01 8.097728e-01 7.774620e-01 7.281984e-01 6.159712e-01 5.123346e-01 9.486802e-01
<GCONST> 1.428165e+02
<STATE> 3
<MEAN> 39
 -7.011446e+00 7.821470e-01 1.136410e+00 1.278594e+00 -6.141710e+00 -2.854191e+00 -6.604067e+00 -7.449580e+00 -2.711087e+00 -6.600740e+00 -1.713196e+00 -1.490375e+00 7.124902e+01 4.880359e-04 4.877954e-04 1.459050e-03 4.783983e-05 1.116492e-03 1.125381e-03 5.293054e-04 -3.146993e-04 -1.760828e-03 -1.530108e-03 -3.846369e-04 5.777073e-04 2.734654e-03 -8.511554e-04 -2.498951e-04 -4.012436e-04 -1.289275e-04 -1.409025e-04 -2.119464e-04 -1.971339e-05 1.079518e-04 1.935347e-04 3.067801e-04 1.232817e-06 8.155217e-06 -3.234121e-03
<VARIANCE> 39
 1.155420e+02 4.314379e+01 6.459467e+01 7.894667e+01 1.016039e+02 7.560676e+01 8.266945e+01 6.783515e+01 5.984373e+01 6.206592e+01 5.267307e+01 5.820787e+01 2.871333e+02 6.246803e+00 3.001302e+00 3.752986e+00 3.991058e+00 5.991553e+00 4.214548e+00 4.492233e+00 4.544732e+00 4.154862e+00 4.084826e+00 3.330500e+00 2.815993e+00 5.912272e+00 8.553594e-01 5.373918e-01 6.650147e-01 6.622759e-01 9.903809e-01 7.431068e-01 7.878515e-01 8.097728e-01 7.774620e-01 7.281984e-01 6.159712e-01 5.123346e-01 9.486802e-01
<GCONST> 1.428165e+02
<STATE> 4
<MEAN> 39
 -7.011446e+00 7.821470e-01 1.136410e+00 1.278594e+00 -6.141710e+00 -2.854191e+00 -6.604067e+00 -7.449580e+00 -2.711087e+00 -6.600740e+00 -1.713196e+00 -1.490375e+00 7.124902e+01 4.880359e-04 4.877954e-04 1.459050e-03 4.783983e-05 1.116492e-03 1.125381e-03 5.293054e-04 -3.146993e-04 -1.760828e-03 -1.530108e-03 -3.846369e-04 5.777073e-04 2.734654e-03 -8.511554e-04 -2.498951e-04 -4.012436e-04 -1.289275e-04 -1.409025e-04 -2.119464e-04 -1.971339e-05 1.079518e-04 1.935347e-04 3.067801e-04 1.232817e-06 8.155217e-06 -3.234121e-03
<VARIANCE> 39
 1.155420e+02 4.314379e+01 6.459467e+01 7.894667e+01 1.016039e+02 7.560676e+01 8.266945e+01 6.783515e+01 5.984373e+01 6.206592e+01 5.267307e+01 5.820787e+01 2.871333e+02 6.246803e+00 3.001302e+00 3.752986e+00 3.991058e+00 5.991553e+00 4.214548e+00 4.492233e+00 4.544732e+00 4.154862e+00 4.084826e+00 3.330500e+00 2.815993e+00 5.912272e+00 8.553594e-01 5.373918e-01 6.650147e-01 6.622759e-01 9.903809e-01 7.431068e-01 7.878515e-01 8.097728e-01 7.774620e-01 7.281984e-01 6.159712e-01 5.123346e-01 9.486802e-01
<GCONST> 1.428165e+02
<TRANSP> 5
 0.000000e+00 1.000000e+00 0.000000e+00 0.000000e+00 0.000000e+00
 0.000000e+00 6.000000e-01 4.000000e-01 0.000000e+00 0.000000e+00
 0.000000e+00 0.000000e+00 6.000000e-01 4.000000e-01 0.000000e+00
 0.000000e+00 0.000000e+00 0.000000e+00 6.000000e-01 4.000000e-01
 0.000000e+00 0.000000e+00 0.000000e+00 0.000000e+00 0.000000e+00
<ENDHMM>
~h "x"
<BEGINHMM>
<NUMSTATES> 5
<STATE> 2
<MEAN> 39
 -7.011446e+00 7.821470e-01 1.136410e+00 1.278594e+00 -6.141710e+00 -2.854191e+00 -6.604067e+00 -7.449580e+00 -2.711087e+00 -6.600740e+00 -1.713196e+00 -1.490375e+00 7.124902e+01 4.880359e-04 4.877954e-04 1.459050e-03 4.783983e-05 1.116492e-03 1.125381e-03 5.293054e-04 -3.146993e-04 -1.760828e-03 -1.530108e-03 -3.846369e-04 5.777073e-04 2.734654e-03 -8.511554e-04 -2.498951e-04 -4.012436e-04 -1.289275e-04 -1.409025e-04 -2.119464e-04 -1.971339e-05 1.079518e-04 1.935347e-04 3.067801e-04 1.232817e-06 8.155217e-06 -3.234121e-03
<VARIANCE> 39
 1.155420e+02 4.314379e+01 6.459467e+01 7.894667e+01 1.016039e+02 7.560676e+01 8.266945e+01 6.783515e+01 5.984373e+01 6.206592e+01 5.267307e+01 5.820787e+01 2.871333e+02 6.246803e+00 3.001302e+00 3.752986e+00 3.991058e+00 5.991553e+00 4.214548e+00 4.492233e+00 4.544732e+00 4.154862e+00 4.084826e+00 3.330500e+00 2.815993e+00 5.912272e+00 8.553594e-01 5.373918e-01 6.650147e-01 6.622759e-01 9.903809e-01 7.431068e-01 7.878515e-01 8.097728e-01 7.774620e-01 7.281984e-01 6.159712e-01 5.123346e-01 9.486802e-01
<GCONST> 1.428165e+02
<STATE> 3
<MEAN> 39
 -7.011446e+00 7.821470e-01 1.136410e+00 1.278594e+00 -6.141710e+00 -2.854191e+00 -6.604067e+00 -7.449580e+00 -2.711087e+00 -6.600740e+00 -1.713196e+00 -1.490375e+00 7.124902e+01 4.880359e-04 4.877954e-04 1.459050e-03 4.783983e-05 1.116492e-03 1.125381e-03 5.293054e-04 -3.146993e-04 -1.760828e-03 -1.530108e-03 -3.846369e-04 5.777073e-04 2.734654e-03 -8.511554e-04 -2.498951e-04 -4.012436e-04 -1.289275e-04 -1.409025e-04 -2.119464e-04 -1.971339e-05 1.079518e-04 1.935347e-04 3.067801e-04 1.232817e-06 8.155217e-06 -3.234121e-03
<VARIANCE> 39
 1.155420e+02 4.314379e+01 6.459467e+01 7.894667e+01 1.016039e+02 7.560676e+01 8.266945e+01 6.783515e+01 5.984373e+01 6.206592e+01 5.267307e+01 5.820787e+01 2.871333e+02 6.246803e+00 3.001302e+00 3.752986e+00 3.991058e+00 5.991553e+00 4.214548e+00 4.492233e+00 4.544732e+00 4.154862e+00 4.084826e+00 3.330500e+00 2.815993e+00 5.912272e+00 8.553594e-01 5.373918e-01 6.650147e-01 6.622759e-01 9.903809e-01 7.431068e-01 7.878515e-01 8.097728e-01 7.774620e-01 7.281984e-01 6.159712e-01 5.123346e-01 9.486802e-01
<GCONST> 1.428165e+02
<STATE> 4
<MEAN> 39
 -7.011446e+00 7.821470e-01 1.136410e+00 1.278594e+00 -6.141710e+00 -2.854191e+00 -6.604067e+00 -7.449580e+00 -2.711087e+00 -6.600740e+00 -1.713196e+00 -1.490375e+00 7.124902e+01 4.880359e-04 4.877954e-04 1.459050e-03 4.783983e-05 1.116492e-03 1.125381e-03 5.293054e-04 -3.146993e-04 -1.760828e-03 -1.530108e-03 -3.846369e-04 5.777073e-04 2.734654e-03 -8.511554e-04 -2.498951e-04 -4.012436e-04 -1.289275e-04 -1.409025e-04 -2.119464e-04 -1.971339e-05 1.079518e-04 1.935347e-04 3.067801e-04 1.232817e-06 8.155217e-06 -3.234121e-03
<VARIANCE> 39
 1.155420e+02 4.314379e+01 6.459467e+01 7.894667e+01 1.016039e+02 7.560676e+01 8.266945e+01 6.783515e+01 5.984373e+01 6.206592e+01 5.267307e+01 5.820787e+01 2.871333e+02 6.246803e+00 3.001302e+00 3.752986e+00 3.991058e+00 5.991553e+00 4.214548e+00 4.492233e+00 4.544732e+00 4.154862e+00 4.084826e+00 3.330500e+00 2.815993e+00 5.912272e+00 8.553594e-01 5.373918e-01 6.650147e-01 6.622759e-01 9.903809e-01 7.431068e-01 7.878515e-01 8.097728e-01 7.774620e-01 7.281984e-01 6.159712e-01 5.123346e-01 9.486802e-01
<GCONST> 1.428165e+02
<TRANSP> 5
 0.000000e+00 1.000000e+00 0.000000e+00 0.000000e+00 0.000000e+00
 0.000000e+00 6.000000e-01 4.000000e-01 0.000000e+00 0.000000e+00
 0.000000e+00 0.000000e+00 6.000000e-01 4.000000e-01 0.000000e+00
 0.000000e+00 0.000000e+00 0.000000e+00 6.000000e-01 4.000000e-01
 0.000000e+00 0.000000e+00 0.000000e+00 0.000000e+00 0.000000e+00
<ENDHMM>
~h "x_pal"
<BEGINHMM>
<NUMSTATES> 5
<STATE> 2
<MEAN> 39
 -7.011446e+00 7.821470e-01 1.136410e+00 1.278594e+00 -6.141710e+00 -2.854191e+00 -6.604067e+00 -7.449580e+00 -2.711087e+00 -6.600740e+00 -1.713196e+00 -1.490375e+00 7.124902e+01 4.880359e-04 4.877954e-04 1.459050e-03 4.783983e-05 1.116492e-03 1.125381e-03 5.293054e-04 -3.146993e-04 -1.760828e-03 -1.530108e-03 -3.846369e-04 5.777073e-04 2.734654e-03 -8.511554e-04 -2.498951e-04 -4.012436e-04 -1.289275e-04 -1.409025e-04 -2.119464e-04 -1.971339e-05 1.079518e-04 1.935347e-04 3.067801e-04 1.232817e-06 8.155217e-06 -3.234121e-03
<VARIANCE> 39
 1.155420e+02 4.314379e+01 6.459467e+01 7.894667e+01 1.016039e+02 7.560676e+01 8.266945e+01 6.783515e+01 5.984373e+01 6.206592e+01 5.267307e+01 5.820787e+01 2.871333e+02 6.246803e+00 3.001302e+00 3.752986e+00 3.991058e+00 5.991553e+00 4.214548e+00 4.492233e+00 4.544732e+00 4.154862e+00 4.084826e+00 3.330500e+00 2.815993e+00 5.912272e+00 8.553594e-01 5.373918e-01 6.650147e-01 6.622759e-01 9.903809e-01 7.431068e-01 7.878515e-01 8.097728e-01 7.774620e-01 7.281984e-01 6.159712e-01 5.123346e-01 9.486802e-01
<GCONST> 1.428165e+02
<STATE> 3
<MEAN> 39
 -7.011446e+00 7.821470e-01 1.136410e+00 1.278594e+00 -6.141710e+00 -2.854191e+00 -6.604067e+00 -7.449580e+00 -2.711087e+00 -6.600740e+00 -1.713196e+00 -1.490375e+00 7.124902e+01 4.880359e-04 4.877954e-04 1.459050e-03 4.783983e-05 1.116492e-03 1.125381e-03 5.293054e-04 -3.146993e-04 -1.760828e-03 -1.530108e-03 -3.846369e-04 5.777073e-04 2.734654e-03 -8.511554e-04 -2.498951e-04 -4.012436e-04 -1.289275e-04 -1.409025e-04 -2.119464e-04 -1.971339e-05 1.079518e-04 1.935347e-04 3.067801e-04 1.232817e-06 8.155217e-06 -3.234121e-03
<VARIANCE> 39
 1.155420e+02 4.314379e+01 6.459467e+01 7.894667e+01 1.016039e+02 7.560676e+01 8.266945e+01 6.783515e+01 5.984373e+01 6.206592e+01 5.267307e+01 5.820787e+01 2.871333e+02 6.246803e+00 3.001302e+00 3.752986e+00 3.991058e+00 5.991553e+00 4.214548e+00 4.492233e+00 4.544732e+00 4.154862e+00 4.084826e+00 3.330500e+00 2.815993e+00 5.912272e+00 8.553594e-01 5.373918e-01 6.650147e-01 6.622759e-01 9.903809e-01 7.431068e-01 7.878515e-01 8.097728e-01 7.774620e-01 7.281984e-01 6.159712e-01 5.123346e-01 9.486802e-01
<GCONST> 1.428165e+02
<STATE> 4
<MEAN> 39
 -7.011446e+00 7.821470e-01 1.136410e+00 1.278594e+00 -6.141710e+00 -2.854191e+00 -6.604067e+00 -7.449580e+00 -2.711087e+00 -6.600740e+00 -1.713196e+00 -1.490375e+00 7.124902e+01 4.880359e-04 4.877954e-04 1.459050e-03 4.783983e-05 1.116492e-03 1.125381e-03 5.293054e-04 -3.146993e-04 -1.760828e-03 -1.530108e-03 -3.846369e-04 5.777073e-04 2.734654e-03 -8.511554e-04 -2.498951e-04 -4.012436e-04 -1.289275e-04 -1.409025e-04 -2.119464e-04 -1.971339e-05 1.079518e-04 1.935347e-04 3.067801e-04 1.232817e-06 8.155217e-06 -3.234121e-03
<VARIANCE> 39
 1.155420e+02 4.314379e+01 6.459467e+01 7.894667e+01 1.016039e+02 7.560676e+01 8.266945e+01 6.783515e+01 5.984373e+01 6.206592e+01 5.267307e+01 5.820787e+01 2.871333e+02 6.246803e+00 3.001302e+00 3.752986e+00 3.991058e+00 5.991553e+00 4.214548e+00 4.492233e+00 4.544732e+00 4.154862e+00 4.084826e+00 3.330500e+00 2.815993e+00 5.912272e+00 8.553594e-01 5.373918e-01 6.650147e-01 6.622759e-01 9.903809e-01 7.431068e-01 7.878515e-01 8.097728e-01 7.774620e-01 7.281984e-01 6.159712e-01 5.123346e-01 9.486802e-01
<GCONST> 1.428165e+02
<TRANSP> 5
 0.000000e+00 1.000000e+00 0.000000e+00 0.000000e+00 0.000000e+00
 0.000000e+00 6.000000e-01 4.000000e-01 0.000000e+00 0.000000e+00
 0.000000e+00 0.000000e+00 6.000000e-01 4.000000e-01 0.000000e+00
 0.000000e+00 0.000000e+00 0.000000e+00 6.000000e-01 4.000000e-01
 0.000000e+00 0.000000e+00 0.000000e+00 0.000000e+00 0.000000e+00
<ENDHMM>
~h "z"
<BEGINHMM>
<NUMSTATES> 5
<STATE> 2
<MEAN> 39
 -7.011446e+00 7.821470e-01 1.136410e+00 1.278594e+00 -6.141710e+00 -2.854191e+00 -6.604067e+00 -7.449580e+00 -2.711087e+00 -6.600740e+00 -1.713196e+00 -1.490375e+00 7.124902e+01 4.880359e-04 4.877954e-04 1.459050e-03 4.783983e-05 1.116492e-03 1.125381e-03 5.293054e-04 -3.146993e-04 -1.760828e-03 -1.530108e-03 -3.846369e-04 5.777073e-04 2.734654e-03 -8.511554e-04 -2.498951e-04 -4.012436e-04 -1.289275e-04 -1.409025e-04 -2.119464e-04 -1.971339e-05 1.079518e-04 1.935347e-04 3.067801e-04 1.232817e-06 8.155217e-06 -3.234121e-03
<VARIANCE> 39
 1.155420e+02 4.314379e+01 6.459467e+01 7.894667e+01 1.016039e+02 7.560676e+01 8.266945e+01 6.783515e+01 5.984373e+01 6.206592e+01 5.267307e+01 5.820787e+01 2.871333e+02 6.246803e+00 3.001302e+00 3.752986e+00 3.991058e+00 5.991553e+00 4.214548e+00 4.492233e+00 4.544732e+00 4.154862e+00 4.084826e+00 3.330500e+00 2.815993e+00 5.912272e+00 8.553594e-01 5.373918e-01 6.650147e-01 6.622759e-01 9.903809e-01 7.431068e-01 7.878515e-01 8.097728e-01 7.774620e-01 7.281984e-01 6.159712e-01 5.123346e-01 9.486802e-01
<GCONST> 1.428165e+02
<STATE> 3
<MEAN> 39
 -7.011446e+00 7.821470e-01 1.136410e+00 1.278594e+00 -6.141710e+00 -2.854191e+00 -6.604067e+00 -7.449580e+00 -2.711087e+00 -6.600740e+00 -1.713196e+00 -1.490375e+00 7.124902e+01 4.880359e-04 4.877954e-04 1.459050e-03 4.783983e-05 1.116492e-03 1.125381e-03 5.293054e-04 -3.146993e-04 -1.760828e-03 -1.530108e-03 -3.846369e-04 5.777073e-04 2.734654e-03 -8.511554e-04 -2.498951e-04 -4.012436e-04 -1.289275e-04 -1.409025e-04 -2.119464e-04 -1.971339e-05 1.079518e-04 1.935347e-04 3.067801e-04 1.232817e-06 8.155217e-06 -3.234121e-03
<VARIANCE> 39
 1.155420e+02 4.314379e+01 6.459467e+01 7.894667e+01 1.016039e+02 7.560676e+01 8.266945e+01 6.783515e+01 5.984373e+01 6.206592e+01 5.267307e+01 5.820787e+01 2.871333e+02 6.246803e+00 3.001302e+00 3.752986e+00 3.991058e+00 5.991553e+00 4.214548e+00 4.492233e+00 4.544732e+00 4.154862e+00 4.084826e+00 3.330500e+00 2.815993e+00 5.912272e+00 8.553594e-01 5.373918e-01 6.650147e-01 6.622759e-01 9.903809e-01 7.431068e-01 7.878515e-01 8.097728e-01 7.774620e-01 7.281984e-01 6.159712e-01 5.123346e-01 9.486802e-01
<GCONST> 1.428165e+02
<STATE> 4
<MEAN> 39
 -7.011446e+00 7.821470e-01 1.136410e+00 1.278594e+00 -6.141710e+00 -2.854191e+00 -6.604067e+00 -7.449580e+00 -2.711087e+00 -6.600740e+00 -1.713196e+00 -1.490375e+00 7.124902e+01 4.880359e-04 4.877954e-04 1.459050e-03 4.783983e-05 1.116492e-03 1.125381e-03 5.293054e-04 -3.146993e-04 -1.760828e-03 -1.530108e-03 -3.846369e-04 5.777073e-04 2.734654e-03 -8.511554e-04 -2.498951e-04 -4.012436e-04 -1.289275e-04 -1.409025e-04 -2.119464e-04 -1.971339e-05 1.079518e-04 1.935347e-04 3.067801e-04 1.232817e-06 8.155217e-06 -3.234121e-03
<VARIANCE> 39
 1.155420e+02 4.314379e+01 6.459467e+01 7.894667e+01 1.016039e+02 7.560676e+01 8.266945e+01 6.783515e+01 5.984373e+01 6.206592e+01 5.267307e+01 5.820787e+01 2.871333e+02 6.246803e+00 3.001302e+00 3.752986e+00 3.991058e+00 5.991553e+00 4.214548e+00 4.492233e+00 4.544732e+00 4.154862e+00 4.084826e+00 3.330500e+00 2.815993e+00 5.912272e+00 8.553594e-01 5.373918e-01 6.650147e-01 6.622759e-01 9.903809e-01 7.431068e-01 7.878515e-01 8.097728e-01 7.774620e-01 7.281984e-01 6.159712e-01 5.123346e-01 9.486802e-01
<GCONST> 1.428165e+02
<TRANSP> 5
 0.000000e+00 1.000000e+00 0.000000e+00 0.000000e+00 0.000000e+00
 0.000000e+00 6.000000e-01 4.000000e-01 0.000000e+00 0.000000e+00
 0.000000e+00 0.000000e+00 6.000000e-01 4.000000e-01 0.000000e+00
 0.000000e+00 0.000000e+00 0.000000e+00 6.000000e-01 4.000000e-01
 0.000000e+00 0.000000e+00 0.000000e+00 0.000000e+00 0.000000e+00
<ENDHMM>
~h "z_pal"
<BEGINHMM>
<NUMSTATES> 5
<STATE> 2
<MEAN> 39
 -7.011446e+00 7.821470e-01 1.136410e+00 1.278594e+00 -6.141710e+00 -2.854191e+00 -6.604067e+00 -7.449580e+00 -2.711087e+00 -6.600740e+00 -1.713196e+00 -1.490375e+00 7.124902e+01 4.880359e-04 4.877954e-04 1.459050e-03 4.783983e-05 1.116492e-03 1.125381e-03 5.293054e-04 -3.146993e-04 -1.760828e-03 -1.530108e-03 -3.846369e-04 5.777073e-04 2.734654e-03 -8.511554e-04 -2.498951e-04 -4.012436e-04 -1.289275e-04 -1.409025e-04 -2.119464e-04 -1.971339e-05 1.079518e-04 1.935347e-04 3.067801e-04 1.232817e-06 8.155217e-06 -3.234121e-03
<VARIANCE> 39
 1.155420e+02 4.314379e+01 6.459467e+01 7.894667e+01 1.016039e+02 7.560676e+01 8.266945e+01 6.783515e+01 5.984373e+01 6.206592e+01 5.267307e+01 5.820787e+01 2.871333e+02 6.246803e+00 3.001302e+00 3.752986e+00 3.991058e+00 5.991553e+00 4.214548e+00 4.492233e+00 4.544732e+00 4.154862e+00 4.084826e+00 3.330500e+00 2.815993e+00 5.912272e+00 8.553594e-01 5.373918e-01 6.650147e-01 6.622759e-01 9.903809e-01 7.431068e-01 7.878515e-01 8.097728e-01 7.774620e-01 7.281984e-01 6.159712e-01 5.123346e-01 9.486802e-01
<GCONST> 1.428165e+02
<STATE> 3
<MEAN> 39
 -7.011446e+00 7.821470e-01 1.136410e+00 1.278594e+00 -6.141710e+00 -2.854191e+00 -6.604067e+00 -7.449580e+00 -2.711087e+00 -6.600740e+00 -1.713196e+00 -1.490375e+00 7.124902e+01 4.880359e-04 4.877954e-04 1.459050e-03 4.783983e-05 1.116492e-03 1.125381e-03 5.293054e-04 -3.146993e-04 -1.760828e-03 -1.530108e-03 -3.846369e-04 5.777073e-04 2.734654e-03 -8.511554e-04 -2.498951e-04 -4.012436e-04 -1.289275e-04 -1.409025e-04 -2.119464e-04 -1.971339e-05 1.079518e-04 1.935347e-04 3.067801e-04 1.232817e-06 8.155217e-06 -3.234121e-03
<VARIANCE> 39
 1.155420e+02 4.314379e+01 6.459467e+01 7.894667e+01 1.016039e+02 7.560676e+01 8.266945e+01 6.783515e+01 5.984373e+01 6.206592e+01 5.267307e+01 5.820787e+01 2.871333e+02 6.246803e+00 3.001302e+00 3.752986e+00 3.991058e+00 5.991553e+00 4.214548e+00 4.492233e+00 4.544732e+00 4.154862e+00 4.084826e+00 3.330500e+00 2.815993e+00 5.912272e+00 8.553594e-01 5.373918e-01 6.650147e-01 6.622759e-01 9.903809e-01 7.431068e-01 7.878515e-01 8.097728e-01 7.774620e-01 7.281984e-01 6.159712e-01 5.123346e-01 9.486802e-01
<GCONST> 1.428165e+02
<STATE> 4
<MEAN> 39
 -7.011446e+00 7.821470e-01 1.136410e+00 1.278594e+00 -6.141710e+00 -2.854191e+00 -6.604067e+00 -7.449580e+00 -2.711087e+00 -6.600740e+00 -1.713196e+00 -1.490375e+00 7.124902e+01 4.880359e-04 4.877954e-04 1.459050e-03 4.783983e-05 1.116492e-03 1.125381e-03 5.293054e-04 -3.146993e-04 -1.760828e-03 -1.530108e-03 -3.846369e-04 5.777073e-04 2.734654e-03 -8.511554e-04 -2.498951e-04 -4.012436e-04 -1.289275e-04 -1.409025e-04 -2.119464e-04 -1.971339e-05 1.079518e-04 1.935347e-04 3.067801e-04 1.232817e-06 8.155217e-06 -3.234121e-03
<VARIANCE> 39
 1.155420e+02 4.314379e+01 6.459467e+01 7.894667e+01 1.016039e+02 7.560676e+01 8.266945e+01 6.783515e+01 5.984373e+01 6.206592e+01 5.267307e+01 5.820787e+01 2.871333e+02 6.246803e+00 3.001302e+00 3.752986e+00 3.991058e+00 5.991553e+00 4.214548e+00 4.492233e+00 4.544732e+00 4.154862e+00 4.084826e+00 3.330500e+00 2.815993e+00 5.912272e+00 8.553594e-01 5.373918e-01 6.650147e-01 6.622759e-01 9.903809e-01 7.431068e-01 7.878515e-01 8.097728e-01 7.774620e-01 7.281984e-01 6.159712e-01 5.123346e-01 9.486802e-01
<GCONST> 1.428165e+02
<TRANSP> 5
 0.000000e+00 1.000000e+00 0.000000e+00 0.000000e+00 0.000000e+00
 0.000000e+00 6.000000e-01 4.000000e-01 0.000000e+00 0.000000e+00
 0.000000e+00 0.000000e+00 6.000000e-01 4.000000e-01 0.000000e+00
 0.000000e+00 0.000000e+00 0.000000e+00 6.000000e-01 4.000000e-01
 0.000000e+00 0.000000e+00 0.000000e+00 0.000000e+00 0.000000e+00
<ENDHMM>
